group,seed,comparator,historical_event_budget,comparator_event_budget,allocated_work_ratio,actual_work_ratio,historical_risk,comparator_risk,comparator_same_low_budget_risk,risk_difference,same_budget_risk_difference,historical_target_success,comparator_target_success,comparator_same_low_budget_success
indefinite_noisy_global,96100000,random_growth128,6400000,8000000,0.8,0.799998560673342,0.00673204831673864,0.00697137002205199,0.005055599922010809,-0.00023932170531335006,0.0016764483947278308,1,1,1
indefinite_noisy_global,96100001,random_growth128,6400000,8000000,0.8,0.799998560673342,0.00316036128365009,0.004884412518249545,0.00365573768641414,-0.0017240512345994552,-0.00049537640276405,1,1,1
indefinite_noisy_global,96100002,random_growth128,6400000,8000000,0.8,0.799998560673342,0.005247200355009529,0.006265857745233999,0.005472317751675573,-0.00101865739022447,-0.00022511739666604413,1,1,1
indefinite_noisy_global,96100003,random_growth128,6400000,8000000,0.8,0.799998560673342,0.004542141847993009,0.004859113370162385,0.004952682059055247,-0.0003169715221693764,-0.00041054021106223804,1,1,1
indefinite_noisy_global,96100004,random_growth128,6400000,8000000,0.8,0.799998560673342,0.006673180797023795,0.0058729955167621944,0.005849501646430624,0.0008001852802616005,0.0008236791505931707,1,1,1
indefinite_noisy_global,96100005,random_growth128,6400000,8000000,0.8,0.799998560673342,0.006563683520809868,0.006911953079900668,0.006762741839769895,-0.0003482695590907997,-0.00019905831896002701,1,1,1
indefinite_noisy_global,96100006,random_growth128,6400000,8000000,0.8,0.799998560673342,0.005337441058253706,0.005460761945488585,0.006108349169527197,-0.000123320887234879,-0.0007709081112734911,1,1,1
indefinite_noisy_global,96100007,random_growth128,6400000,8000000,0.8,0.799998560673342,0.004685189429757902,0.004749306739244424,0.005744689391725205,-6.411730948652217e-05,-0.001059499961967303,1,1,1
indefinite_noisy_global,96100008,random_growth128,6400000,8000000,0.8,0.799998560673342,0.006044825744302082,0.004445770669053953,0.0040613034645843454,0.0015990550752481292,0.0019835222797177365,1,1,1
indefinite_noisy_global,96100009,random_growth128,6400000,8000000,0.8,0.799998560673342,0.004502519151620685,0.006520466071833306,0.006288923004103525,-0.002017946920212621,-0.0017864038524828402,1,1,1
indefinite_noisy_global,96100010,random_growth128,6400000,8000000,0.8,0.799998560673342,0.003723888872276107,0.0055073091169107885,0.004153779630688456,-0.0017834202446346814,-0.00042989075841234903,1,1,1
indefinite_noisy_global,96100011,random_growth128,6400000,8000000,0.8,0.799998560673342,0.004694265960798194,0.005535764626173029,0.005823991241708737,-0.0008414986653748346,-0.001129725280910543,1,1,1
indefinite_noisy_global,96100012,random_growth128,6400000,8000000,0.8,0.799998560673342,0.005785063446060959,0.007173583521776675,0.006392840613625467,-0.0013885200757157157,-0.0006077771675645077,1,1,1
indefinite_noisy_global,96100013,random_growth128,6400000,8000000,0.8,0.799998560673342,0.0045110790051015315,0.0054062062500119384,0.005971485759132325,-0.000895127244910407,-0.0014604067540307936,1,1,1
indefinite_noisy_global,96100014,random_growth128,6400000,8000000,0.8,0.799998560673342,0.006146047960532683,0.007682800672987614,0.007904964631043315,-0.0015367527124549307,-0.0017589166705106324,1,1,1
indefinite_noisy_global,96100015,random_growth128,6400000,8000000,0.8,0.799998560673342,0.005768501227742584,0.006936783220417048,0.007068143435901314,-0.0011682819926744636,-0.00129964220815873,1,1,1
indefinite_noisy_global,96100016,random_growth128,6400000,8000000,0.8,0.799998560673342,0.004338185996355895,0.005639905438826476,0.004137463601748437,-0.0013017194424705808,0.00020072239460745822,1,1,1
indefinite_noisy_global,96100017,random_growth128,6400000,8000000,0.8,0.799998560673342,0.004728552439056469,0.005540140600213961,0.007423142774104191,-0.0008115881611574921,-0.0026945903350477224,1,1,1
indefinite_noisy_global,96100018,random_growth128,6400000,8000000,0.8,0.799998560673342,0.005308600337297395,0.004983245945731712,0.004306180141674706,0.0003253543915656826,0.0010024201956226886,1,1,1
indefinite_noisy_global,96100019,random_growth128,6400000,8000000,0.8,0.799998560673342,0.0056524031899305716,0.005110189887682415,0.0075286885581870855,0.0005422133022481568,-0.001876285368256514,1,1,1
indefinite_noisy_global,96100020,random_growth128,6400000,8000000,0.8,0.799998560673342,0.005115877241389052,0.006694503956039627,0.0073841127111550775,-0.0015786267146505745,-0.002268235469766025,1,1,1
indefinite_noisy_global,96100021,random_growth128,6400000,8000000,0.8,0.799998560673342,0.0053468254423088835,0.007390346517649804,0.005696604645310466,-0.0020435210753409205,-0.00034977920300158227,1,1,1
indefinite_noisy_global,96100022,random_growth128,6400000,8000000,0.8,0.799998560673342,0.008954381678636228,0.008162514467682555,0.007639679735051877,0.0007918672109536729,0.001314701943584351,1,1,1
indefinite_noisy_global,96100023,random_growth128,6400000,8000000,0.8,0.799998560673342,0.0052820479911079715,0.005834433326034685,0.004137441439173481,-0.0005523853349267138,0.0011446065519344906,1,1,1
indefinite_noisy_global,96100024,random_growth128,6400000,8000000,0.8,0.799998560673342,0.0048505992160462336,0.006372997356887206,0.005104961586789206,-0.001522398140840972,-0.0002543623707429721,1,1,1
indefinite_noisy_global,96100025,random_growth128,6400000,8000000,0.8,0.799998560673342,0.005316629465500156,0.009817489533803223,0.007620972373976728,-0.004500860068303067,-0.0023043429084765726,1,1,1
indefinite_noisy_global,96100026,random_growth128,6400000,8000000,0.8,0.799998560673342,0.005772058323134585,0.006990588438128928,0.009653227362262262,-0.0012185301149943428,-0.003881169039127677,1,1,1
indefinite_noisy_global,96100027,random_growth128,6400000,8000000,0.8,0.799998560673342,0.005007837068012944,0.004751357727195843,0.005082770487701477,0.00025647934081710067,-7.493341968853318e-05,1,1,1
indefinite_noisy_global,96100028,random_growth128,6400000,8000000,0.8,0.799998560673342,0.004954865105871453,0.007091931603145488,0.006805096056667181,-0.0021370664972740344,-0.0018502309507957282,1,1,1
indefinite_noisy_global,96100029,random_growth128,6400000,8000000,0.8,0.799998560673342,0.005218027245819851,0.00513467953864663,0.005922478253675728,8.334770717322026e-05,-0.0007044510078558774,1,1,1
indefinite_noisy_global,96100030,random_growth128,6400000,8000000,0.8,0.799998560673342,0.0056788242553818535,0.0051080969366675555,0.0065065795530521164,0.000570727318714298,-0.0008277552976702629,1,1,1
indefinite_noisy_global,96100031,random_growth128,6400000,8000000,0.8,0.799998560673342,0.0038559149073598142,0.0044215260380149335,0.004458750045487611,-0.0005656111306551193,-0.0006028351381277969,1,1,1
indefinite_noisy_global,96100032,random_growth128,6400000,8000000,0.8,0.799998560673342,0.008691306483295816,0.00904780461100091,0.00738302892360275,-0.00035649812770509326,0.0013082775596930662,1,1,1
indefinite_noisy_global,96100033,random_growth128,6400000,8000000,0.8,0.799998560673342,0.0042653344507836005,0.004899640394010613,0.005262113278295968,-0.0006343059432270121,-0.000996778827512368,1,1,1
indefinite_noisy_global,96100034,random_growth128,6400000,8000000,0.8,0.799998560673342,0.003576418563066827,0.004581536917601242,0.005450800226413907,-0.001005118354534415,-0.00187438166334708,1,1,1
indefinite_noisy_global,96100035,random_growth128,6400000,8000000,0.8,0.799998560673342,0.005258954051890571,0.006547295560901487,0.004555627617469443,-0.0012883415090109152,0.0007033264344211282,1,1,1
indefinite_noisy_global,96100036,random_growth128,6400000,8000000,0.8,0.799998560673342,0.004801093078446353,0.007573043367653548,0.005374738461675355,-0.002771950289207195,-0.0005736453832290017,1,1,1
indefinite_noisy_global,96100037,random_growth128,6400000,8000000,0.8,0.799998560673342,0.003061912605661063,0.0037816579520130733,0.0030489624401245363,-0.0007197453463520104,1.2950165536526614e-05,1,1,1
indefinite_noisy_global,96100038,random_growth128,6400000,8000000,0.8,0.799998560673342,0.005295744932960186,0.006475796573391535,0.004920888499717474,-0.0011800516404313482,0.00037485643324271234,1,1,1
indefinite_noisy_global,96100039,random_growth128,6400000,8000000,0.8,0.799998560673342,0.005483531124607019,0.005659354784689111,0.0093229387870645,-0.00017582366008209172,-0.0038394076624574808,1,1,1
indefinite_noisy_global,96100040,random_growth128,6400000,8000000,0.8,0.799998560673342,0.004907884987182115,0.005610972255427588,0.006593689309533551,-0.0007030872682454725,-0.0016858043223514363,1,1,1
indefinite_noisy_global,96100041,random_growth128,6400000,8000000,0.8,0.799998560673342,0.005146329147493411,0.004714218216259919,0.004879550005526534,0.00043211093123349253,0.00026677914196687746,1,1,1
indefinite_noisy_global,96100042,random_growth128,6400000,8000000,0.8,0.799998560673342,0.006529275859708722,0.0063341922449205584,0.006269455220002079,0.0001950836147881635,0.0002598206397066427,1,1,1
indefinite_noisy_global,96100043,random_growth128,6400000,8000000,0.8,0.799998560673342,0.0069742572745059295,0.005667885288797053,0.007626374626181542,0.0013063719857088762,-0.0006521173516756129,1,1,1
indefinite_noisy_global,96100044,random_growth128,6400000,8000000,0.8,0.799998560673342,0.00380866775723597,0.00734490134690928,0.006160615192182695,-0.00353623358967331,-0.0023519474349467245,1,1,1
indefinite_noisy_global,96100045,random_growth128,6400000,8000000,0.8,0.799998560673342,0.003789649730115169,0.005608858155796828,0.007108990136308474,-0.0018192084256816593,-0.003319340406193305,1,1,1
indefinite_noisy_global,96100046,random_growth128,6400000,8000000,0.8,0.799998560673342,0.006121179941432839,0.005443477816329367,0.0044989503326746255,0.0006777021251034715,0.0016222296087582133,1,1,1
indefinite_noisy_global,96100047,random_growth128,6400000,8000000,0.8,0.799998560673342,0.004545139365222314,0.00517625687975054,0.006012330589316592,-0.0006311175145282261,-0.0014671912240942775,1,1,1
indefinite_noisy_global,96100048,random_growth128,6400000,8000000,0.8,0.799998560673342,0.004885120496432402,0.005441829328879877,0.006300238787495707,-0.000556708832447475,-0.0014151182910633053,1,1,1
indefinite_noisy_global,96100049,random_growth128,6400000,8000000,0.8,0.799998560673342,0.005581534476708436,0.007350485834453482,0.005780492210240171,-0.0017689513577450466,-0.00019895773353173496,1,1,1
indefinite_noisy_global,96100050,random_growth128,6400000,8000000,0.8,0.799998560673342,0.004471386084072715,0.005377513659110628,0.0037874372969210063,-0.0009061275750379127,0.0006839487871517086,1,1,1
indefinite_noisy_global,96100051,random_growth128,6400000,8000000,0.8,0.799998560673342,0.00549913076837967,0.0049442102957633904,0.005431656349538211,0.0005549204726162799,6.747441884145944e-05,1,1,1
indefinite_noisy_global,96100052,random_growth128,6400000,8000000,0.8,0.799998560673342,0.005860812092178619,0.008051639201612615,0.008110575923560445,-0.002190827109433996,-0.0022497638313818263,1,1,1
indefinite_noisy_global,96100053,random_growth128,6400000,8000000,0.8,0.799998560673342,0.006249317812374311,0.0070957739716411145,0.006656123840194025,-0.0008464561592668035,-0.0004068060278197144,1,1,1
indefinite_noisy_global,96100054,random_growth128,6400000,8000000,0.8,0.799998560673342,0.0046582245931382354,0.007365182712143217,0.007849414563196752,-0.002706958119004982,-0.0031911899700585167,1,1,1
indefinite_noisy_global,96100055,random_growth128,6400000,8000000,0.8,0.799998560673342,0.0069883245805831,0.006458490743614348,0.009290210147951408,0.0005298338369687516,-0.0023018855673683086,1,1,1
indefinite_noisy_global,96100056,random_growth128,6400000,8000000,0.8,0.799998560673342,0.006231062825761552,0.008390833660900515,0.006761232672555045,-0.0021597708351389633,-0.0005301698467934934,1,1,1
indefinite_noisy_global,96100057,random_growth128,6400000,8000000,0.8,0.799998560673342,0.007398378058251789,0.006969616143117738,0.011431857429513456,0.0004287619151340516,-0.004033479371261667,1,1,0
indefinite_noisy_global,96100058,random_growth128,6400000,8000000,0.8,0.799998560673342,0.004707701905510245,0.006206141558362646,0.00451728395820479,-0.0014984396528524013,0.00019041794730545458,1,1,1
indefinite_noisy_global,96100059,random_growth128,6400000,8000000,0.8,0.799998560673342,0.004665007382129591,0.005918128025084499,0.008879481874466993,-0.001253120642954908,-0.004214474492337403,1,1,1
indefinite_noisy_global,96100060,random_growth128,6400000,8000000,0.8,0.799998560673342,0.005612636701310389,0.00610042897873099,0.007445403641924489,-0.00048779227742060116,-0.0018327669406141,1,1,1
indefinite_noisy_global,96100061,random_growth128,6400000,8000000,0.8,0.799998560673342,0.00800055578398405,0.0063283809733231805,0.007486212982043217,0.0016721748106608703,0.0005143428019408341,1,1,1
indefinite_noisy_global,96100062,random_growth128,6400000,8000000,0.8,0.799998560673342,0.006592599448822248,0.006913098466555703,0.010095699556190316,-0.00032049901773345546,-0.003503100107368068,1,1,0
indefinite_noisy_global,96100063,random_growth128,6400000,8000000,0.8,0.799998560673342,0.006141593860544248,0.006182015787586703,0.007613796371957457,-4.042192704245551e-05,-0.0014722025114132092,1,1,1
indefinite_noisy_global,96100064,random_growth128,6400000,8000000,0.8,0.799998560673342,0.005309947837725121,0.0036023313739180635,0.005159235029483719,0.0017076164638070573,0.00015071280824140165,1,1,1
indefinite_noisy_global,96100065,random_growth128,6400000,8000000,0.8,0.799998560673342,0.004632493870593779,0.005145575941566574,0.004585831999102716,-0.0005130820709727951,4.666187149106327e-05,1,1,1
indefinite_noisy_global,96100066,random_growth128,6400000,8000000,0.8,0.799998560673342,0.00479278319642043,0.005125205265960858,0.004335217254432588,-0.00033242206954042786,0.00045756594198784195,1,1,1
indefinite_noisy_global,96100067,random_growth128,6400000,8000000,0.8,0.799998560673342,0.0037619806379949605,0.0047928731501342275,0.0034797546577840927,-0.001030892512139267,0.00028222598021086787,1,1,1
indefinite_noisy_global,96100068,random_growth128,6400000,8000000,0.8,0.799998560673342,0.00450844738346802,0.005643966327975675,0.0064465239298504146,-0.0011355189445076547,-0.0019380765463823946,1,1,1
indefinite_noisy_global,96100069,random_growth128,6400000,8000000,0.8,0.799998560673342,0.005282212175878681,0.00600399329161673,0.00551029099872731,-0.0007217811157380488,-0.00022807882284862913,1,1,1
indefinite_noisy_global,96100070,random_growth128,6400000,8000000,0.8,0.799998560673342,0.007728973991900492,0.007937435944568888,0.0065344504630347605,-0.00020846195266839562,0.0011945235288657319,1,1,1
indefinite_noisy_global,96100071,random_growth128,6400000,8000000,0.8,0.799998560673342,0.0055585166878485,0.005259010838282133,0.0053191058647918815,0.00029950584956636717,0.00023941082305661832,1,1,1
indefinite_noisy_global,96100072,random_growth128,6400000,8000000,0.8,0.799998560673342,0.004926279721955723,0.006544972099839189,0.007353404969218366,-0.0016186923778834655,-0.002427125247262643,1,1,1
indefinite_noisy_global,96100073,random_growth128,6400000,8000000,0.8,0.799998560673342,0.003685109817371232,0.005440788066163035,0.008048257624203595,-0.0017556782487918032,-0.004363147806832363,1,1,1
indefinite_noisy_global,96100074,random_growth128,6400000,8000000,0.8,0.799998560673342,0.005728636527490061,0.0068795168941735985,0.008369071653439503,-0.0011508803666835377,-0.002640435125949442,1,1,1
indefinite_noisy_global,96100075,random_growth128,6400000,8000000,0.8,0.799998560673342,0.00353638135888798,0.004611077213706932,0.0052971610263742724,-0.0010746958548189522,-0.0017607796674862924,1,1,1
indefinite_noisy_global,96100076,random_growth128,6400000,8000000,0.8,0.799998560673342,0.004414082059143815,0.0057352465655683416,0.004678410749133194,-0.001321164506424527,-0.0002643286899893793,1,1,1
indefinite_noisy_global,96100077,random_growth128,6400000,8000000,0.8,0.799998560673342,0.004623386231583759,0.005791430707623016,0.006039053993504809,-0.0011680444760392567,-0.0014156677619210495,1,1,1
indefinite_noisy_global,96100078,random_growth128,6400000,8000000,0.8,0.799998560673342,0.006932063556020787,0.005309390610088838,0.006242452607420998,0.0016226729459319494,0.0006896109485997892,1,1,1
indefinite_noisy_global,96100079,random_growth128,6400000,8000000,0.8,0.799998560673342,0.004612165210859748,0.0052353373563201605,0.007524772077416336,-0.0006231721454604128,-0.0029126068665565885,1,1,1
indefinite_noisy_global,96100080,random_growth128,6400000,8000000,0.8,0.799998560673342,0.006702710717540833,0.007536595260060938,0.009159825844472322,-0.0008338845425201052,-0.002457115126931489,1,1,1
indefinite_noisy_global,96100081,random_growth128,6400000,8000000,0.8,0.799998560673342,0.0044506364196949255,0.005197395507917729,0.0037496142283099665,-0.0007467590882228037,0.000701022191384959,1,1,1
indefinite_noisy_global,96100082,random_growth128,6400000,8000000,0.8,0.799998560673342,0.005141833283876254,0.006567568578921629,0.005009791185194332,-0.0014257352950453744,0.00013204209868192263,1,1,1
indefinite_noisy_global,96100083,random_growth128,6400000,8000000,0.8,0.799998560673342,0.0057879283461536035,0.0070248574064954855,0.005798425026506238,-0.001236929060341882,-1.0496680352634069e-05,1,1,1
indefinite_noisy_global,96100084,random_growth128,6400000,8000000,0.8,0.799998560673342,0.006781143708097334,0.005843454204903939,0.007723348580557579,0.0009376895031933952,-0.000942204872460245,1,1,1
indefinite_noisy_global,96100085,random_growth128,6400000,8000000,0.8,0.799998560673342,0.0063842555628124825,0.007278108015821461,0.007345556881044268,-0.0008938524530089781,-0.0009613013182317859,1,1,1
indefinite_noisy_global,96100086,random_growth128,6400000,8000000,0.8,0.799998560673342,0.0036837200396527547,0.004211192034972014,0.00664773767666528,-0.0005274719953192591,-0.0029640176370125254,1,1,1
indefinite_noisy_global,96100087,random_growth128,6400000,8000000,0.8,0.799998560673342,0.006298161484576917,0.006561392784296738,0.008106691065077151,-0.00026323129971982107,-0.0018085295805002344,1,1,1
indefinite_noisy_global,96100088,random_growth128,6400000,8000000,0.8,0.799998560673342,0.003760350072993371,0.005281347076600884,0.007112128412351287,-0.0015209970036075132,-0.0033517783393579165,1,1,1
indefinite_noisy_global,96100089,random_growth128,6400000,8000000,0.8,0.799998560673342,0.005368554338986489,0.005468844009371754,0.00607314098902062,-0.0001002896703852646,-0.0007045866500341308,1,1,1
indefinite_noisy_global,96100090,random_growth128,6400000,8000000,0.8,0.799998560673342,0.005445955245342193,0.005810189158507159,0.008546039080993342,-0.0003642339131649658,-0.003100083835651149,1,1,1
indefinite_noisy_global,96100091,random_growth128,6400000,8000000,0.8,0.799998560673342,0.005940495295410547,0.007177387457134005,0.00786780972692891,-0.0012368921617234574,-0.0019273144315183621,1,1,1
indefinite_noisy_global,96100092,random_growth128,6400000,8000000,0.8,0.799998560673342,0.005624398911622225,0.0049774534675194465,0.008334080979511924,0.0006469454441027783,-0.002709682067889699,1,1,1
indefinite_noisy_global,96100093,random_growth128,6400000,8000000,0.8,0.799998560673342,0.005834845531571722,0.00859164893396032,0.006068573437692501,-0.0027568034023885968,-0.00023372790612077865,1,1,1
indefinite_noisy_global,96100094,random_growth128,6400000,8000000,0.8,0.799998560673342,0.005756509674674629,0.004298144549458399,0.004681323734725545,0.0014583651252162294,0.0010751859399490832,1,1,1
indefinite_noisy_global,96100095,random_growth128,6400000,8000000,0.8,0.799998560673342,0.007416942641088664,0.00948773194994093,0.009802744527459509,-0.0020707893088522666,-0.0023858018863708447,1,1,1
indefinite_noisy_global,96100096,random_growth128,6400000,8000000,0.8,0.799998560673342,0.006063272888675114,0.004448311590242476,0.006040298053386253,0.0016149612984326378,2.2974835288860906e-05,1,1,1
indefinite_noisy_global,96100097,random_growth128,6400000,8000000,0.8,0.799998560673342,0.005831142731161587,0.007736076966838215,0.00634623076650398,-0.001904934235676628,-0.0005150880353423926,1,1,1
indefinite_noisy_global,96100098,random_growth128,6400000,8000000,0.8,0.799998560673342,0.004411864939009746,0.009442158478206869,0.005660272078594472,-0.005030293539197123,-0.0012484071395847257,1,1,1
indefinite_noisy_global,96100099,random_growth128,6400000,8000000,0.8,0.799998560673342,0.006564538298660799,0.0072326954374541536,0.009618975529473633,-0.0006681571387933544,-0.0030544372308128342,1,1,1
indefinite_noisy_global,96100100,random_growth128,6400000,8000000,0.8,0.799998560673342,0.004181906559340101,0.004287421078707956,0.0038879959442210815,-0.00010551451936785528,0.0002939106151190196,1,1,1
indefinite_noisy_global,96100101,random_growth128,6400000,8000000,0.8,0.799998560673342,0.005779631200390087,0.003961125139403193,0.006617011552172397,0.0018185060609868936,-0.0008373803517823103,1,1,1
indefinite_noisy_global,96100102,random_growth128,6400000,8000000,0.8,0.799998560673342,0.0032993311930680225,0.004353932925128645,0.004943159060797231,-0.0010546017320606227,-0.0016438278677292084,1,1,1
indefinite_noisy_global,96100103,random_growth128,6400000,8000000,0.8,0.799998560673342,0.006111981468094968,0.00762452149593143,0.005239514779438306,-0.001512540027836462,0.0008724666886566618,1,1,1
indefinite_noisy_global,96100104,random_growth128,6400000,8000000,0.8,0.799998560673342,0.0036709631705395124,0.0051128276089783126,0.00635887944611796,-0.0014418644384388002,-0.0026879162755784475,1,1,1
indefinite_noisy_global,96100105,random_growth128,6400000,8000000,0.8,0.799998560673342,0.0069961159363884085,0.006159507015278204,0.007849769240774393,0.0008366089211102046,-0.0008536533043859845,1,1,1
indefinite_noisy_global,96100106,random_growth128,6400000,8000000,0.8,0.799998560673342,0.005918676374073326,0.005154383107932051,0.007210915466328599,0.0007642932661412749,-0.0012922390922552734,1,1,1
indefinite_noisy_global,96100107,random_growth128,6400000,8000000,0.8,0.799998560673342,0.005020011500349947,0.00430135649134232,0.004991950075112356,0.0007186550090076266,2.806142523759103e-05,1,1,1
indefinite_noisy_global,96100108,random_growth128,6400000,8000000,0.8,0.799998560673342,0.004261076945525716,0.005650839998757054,0.00570882972253467,-0.0013897630532313382,-0.0014477527770089538,1,1,1
indefinite_noisy_global,96100109,random_growth128,6400000,8000000,0.8,0.799998560673342,0.0050287575311559335,0.00613841303502681,0.0065318933982091015,-0.0011096555038708766,-0.001503135867053168,1,1,1
indefinite_noisy_global,96100110,random_growth128,6400000,8000000,0.8,0.799998560673342,0.003210710899451019,0.004849105216187366,0.005187298712920604,-0.0016383943167363468,-0.0019765878134695852,1,1,1
indefinite_noisy_global,96100111,random_growth128,6400000,8000000,0.8,0.799998560673342,0.005478408421757022,0.00632281718686635,0.012025300388458005,-0.0008444087651093279,-0.006546891966700982,1,1,0
indefinite_noisy_global,96100112,random_growth128,6400000,8000000,0.8,0.799998560673342,0.007254096607484439,0.005981325025592732,0.00680606932518335,0.0012727715818917074,0.0004480272823010889,1,1,1
indefinite_noisy_global,96100113,random_growth128,6400000,8000000,0.8,0.799998560673342,0.006499479346462861,0.006748097091341609,0.007950965362886031,-0.00024861774487874855,-0.0014514860164231702,1,1,1
indefinite_noisy_global,96100114,random_growth128,6400000,8000000,0.8,0.799998560673342,0.0059109431626082065,0.007664089182423603,0.004887019505859208,-0.0017531460198153964,0.0010239236567489984,1,1,1
indefinite_noisy_global,96100115,random_growth128,6400000,8000000,0.8,0.799998560673342,0.006358585826164359,0.007767707235314461,0.00826277838017185,-0.001409121409150102,-0.0019041925540074917,1,1,1
indefinite_noisy_global,96100116,random_growth128,6400000,8000000,0.8,0.799998560673342,0.004262751268645407,0.005041731245442854,0.005357655461794911,-0.0007789799767974476,-0.001094904193149504,1,1,1
indefinite_noisy_global,96100117,random_growth128,6400000,8000000,0.8,0.799998560673342,0.009662371742910347,0.007786138084050168,0.009005292811404622,0.0018762336588601797,0.0006570789315057252,1,1,1
indefinite_noisy_global,96100118,random_growth128,6400000,8000000,0.8,0.799998560673342,0.005253566902975515,0.007016796005637219,0.006957405561660093,-0.0017632291026617036,-0.0017038386586845783,1,1,1
indefinite_noisy_global,96100119,random_growth128,6400000,8000000,0.8,0.799998560673342,0.005520603089879006,0.006388544350047598,0.009684975449419639,-0.0008679412601685921,-0.004164372359540633,1,1,1
indefinite_noisy_global,96100120,random_growth128,6400000,8000000,0.8,0.799998560673342,0.004032489341132567,0.0062620332141532925,0.004202015242106338,-0.0022295438730207257,-0.00016952590097377152,1,1,1
indefinite_noisy_global,96100121,random_growth128,6400000,8000000,0.8,0.799998560673342,0.005341146567138758,0.00791485560217163,0.009818150956725225,-0.002573709035032873,-0.004477004389586467,1,1,1
indefinite_noisy_global,96100122,random_growth128,6400000,8000000,0.8,0.799998560673342,0.004725167034346875,0.006567360132980121,0.004011089090446424,-0.0018421930986332463,0.0007140779439004513,1,1,1
indefinite_noisy_global,96100123,random_growth128,6400000,8000000,0.8,0.799998560673342,0.006213529114589528,0.007684156522244995,0.0057303250991750515,-0.001470627407655467,0.0004832040154144762,1,1,1
indefinite_noisy_global,96100124,random_growth128,6400000,8000000,0.8,0.799998560673342,0.008041473325091086,0.008658667255693087,0.007401560357562162,-0.0006171939306020002,0.0006399129675289245,1,1,1
indefinite_noisy_global,96100125,random_growth128,6400000,8000000,0.8,0.799998560673342,0.004369658176541724,0.004179122628184956,0.00727205027326476,0.00019053554835676834,-0.002902392096723036,1,1,1
indefinite_noisy_global,96100126,random_growth128,6400000,8000000,0.8,0.799998560673342,0.006148381821280621,0.0065208206549793035,0.008208686040524854,-0.00037243883369868225,-0.002060304219244233,1,1,1
indefinite_noisy_global,96100127,random_growth128,6400000,8000000,0.8,0.799998560673342,0.004935888193828619,0.0072313797831022875,0.005711739334192348,-0.0022954915892736683,-0.0007758511403637286,1,1,1
indefinite_noisy_global,96100128,random_growth128,6400000,8000000,0.8,0.799998560673342,0.004312061723516669,0.007157063905013611,0.0076769558043245645,-0.0028450021814969417,-0.0033648940808078953,1,1,1
indefinite_noisy_global,96100129,random_growth128,6400000,8000000,0.8,0.799998560673342,0.009878696934606607,0.006546177833146705,0.0089038686251771,0.003332519101459902,0.0009748283094295068,1,1,1
indefinite_noisy_global,96100130,random_growth128,6400000,8000000,0.8,0.799998560673342,0.004288764552620589,0.006256565842808426,0.0043581693895155815,-0.0019678012901878372,-6.940483689499288e-05,1,1,1
indefinite_noisy_global,96100131,random_growth128,6400000,8000000,0.8,0.799998560673342,0.005687981505922063,0.006576442642134986,0.008828121058133853,-0.000888461136212923,-0.0031401395522117903,1,1,1
indefinite_noisy_global,96100132,random_growth128,6400000,8000000,0.8,0.799998560673342,0.0029134411351744854,0.004794449597020231,0.005030480984757613,-0.0018810084618457457,-0.002117039849583127,1,1,1
indefinite_noisy_global,96100133,random_growth128,6400000,8000000,0.8,0.799998560673342,0.005913278382991452,0.0064875595418885795,0.006466841044949892,-0.0005742811588971275,-0.00055356266195844,1,1,1
indefinite_noisy_global,96100134,random_growth128,6400000,8000000,0.8,0.799998560673342,0.0048329757152091035,0.00747288638592751,0.0065771627258495585,-0.0026399106707184067,-0.001744187010640455,1,1,1
indefinite_noisy_global,96100135,random_growth128,6400000,8000000,0.8,0.799998560673342,0.0050533699532100546,0.006287099906951227,0.005730829501451748,-0.0012337299537411722,-0.0006774595482416934,1,1,1
indefinite_noisy_global,96100136,random_growth128,6400000,8000000,0.8,0.799998560673342,0.0035753974406516342,0.004610113325505746,0.004903185879212221,-0.0010347158848541121,-0.001327788438560587,1,1,1
indefinite_noisy_global,96100137,random_growth128,6400000,8000000,0.8,0.799998560673342,0.004997340100710915,0.007116787730639312,0.006161633541822878,-0.0021194476299283976,-0.0011642934411119632,1,1,1
indefinite_noisy_global,96100138,random_growth128,6400000,8000000,0.8,0.799998560673342,0.00690208465513148,0.008666151052980159,0.01076229282604603,-0.0017640663978486792,-0.0038602081709145503,1,1,0
indefinite_noisy_global,96100139,random_growth128,6400000,8000000,0.8,0.799998560673342,0.0062402719282827895,0.006440127264760301,0.0050908196293904945,-0.0001998553364775113,0.001149452298892295,1,1,1
indefinite_noisy_global,96100140,random_growth128,6400000,8000000,0.8,0.799998560673342,0.0035847114374157607,0.004282737377972315,0.004589997099847767,-0.0006980259405565542,-0.0010052856624320067,1,1,1
indefinite_noisy_global,96100141,random_growth128,6400000,8000000,0.8,0.799998560673342,0.004016983528514803,0.004650975646169717,0.0062247527857864915,-0.0006339921176549135,-0.0022077692572716884,1,1,1
indefinite_noisy_global,96100142,random_growth128,6400000,8000000,0.8,0.799998560673342,0.006444647936338671,0.007372412136478282,0.006618638688371814,-0.0009277642001396108,-0.00017399075203314296,1,1,1
indefinite_noisy_global,96100143,random_growth128,6400000,8000000,0.8,0.799998560673342,0.004067956571968859,0.00288936166890455,0.005413821378115621,0.001178594903064309,-0.0013458648061467626,1,1,1
indefinite_noisy_global,96100144,random_growth128,6400000,8000000,0.8,0.799998560673342,0.004599619596416624,0.009407862162807534,0.01144878385666001,-0.004808242566390911,-0.006849164260243387,1,1,0
indefinite_noisy_global,96100145,random_growth128,6400000,8000000,0.8,0.799998560673342,0.00431306666599264,0.004524300765669842,0.007167790544627489,-0.00021123409967720164,-0.002854723878634849,1,1,1
indefinite_noisy_global,96100146,random_growth128,6400000,8000000,0.8,0.799998560673342,0.005658158233675728,0.006285110647990408,0.005720343673182832,-0.0006269524143146799,-6.218543950710365e-05,1,1,1
indefinite_noisy_global,96100147,random_growth128,6400000,8000000,0.8,0.799998560673342,0.0043300365701802734,0.004073682388661154,0.004791174477749738,0.0002563541815191195,-0.0004611379075694644,1,1,1
indefinite_noisy_global,96100148,random_growth128,6400000,8000000,0.8,0.799998560673342,0.005750344845748587,0.005593060369518954,0.007137933693178514,0.0001572844762296327,-0.001387588847429927,1,1,1
indefinite_noisy_global,96100149,random_growth128,6400000,8000000,0.8,0.799998560673342,0.006174393339517234,0.005015075952628664,0.00576554220296073,0.0011593173868885698,0.00040885113655650396,1,1,1
indefinite_noisy_global,96100150,random_growth128,6400000,8000000,0.8,0.799998560673342,0.0050983419250060225,0.006638645722822328,0.005747134592039224,-0.0015403037978163059,-0.0006487926670332017,1,1,1
indefinite_noisy_global,96100151,random_growth128,6400000,8000000,0.8,0.799998560673342,0.005806176667969454,0.006462122119902644,0.004518135738023454,-0.0006559454519331903,0.0012880409299459994,1,1,1
indefinite_noisy_global,96100152,random_growth128,6400000,8000000,0.8,0.799998560673342,0.005707497987173446,0.004995673793560973,0.007017041776813643,0.0007118241936124731,-0.0013095437896401968,1,1,1
indefinite_noisy_global,96100153,random_growth128,6400000,8000000,0.8,0.799998560673342,0.004968161412035099,0.0073508445085250645,0.008016580842795551,-0.0023826830964899653,-0.0030484194307604517,1,1,1
indefinite_noisy_global,96100154,random_growth128,6400000,8000000,0.8,0.799998560673342,0.005354314712464017,0.007963708492475366,0.005620220777868362,-0.0026093937800113487,-0.0002659060654043449,1,1,1
indefinite_noisy_global,96100155,random_growth128,6400000,8000000,0.8,0.799998560673342,0.003334863436263963,0.007383232512874857,0.006317449852587573,-0.004048369076610894,-0.00298258641632361,1,1,1
indefinite_noisy_global,96100156,random_growth128,6400000,8000000,0.8,0.799998560673342,0.006849294763754399,0.009826064390084321,0.007473349423414238,-0.0029767696263299226,-0.0006240546596598395,1,1,1
indefinite_noisy_global,96100157,random_growth128,6400000,8000000,0.8,0.799998560673342,0.005064561879453783,0.0060423525022795105,0.006850405725482622,-0.0009777906228257277,-0.0017858438460288395,1,1,1
indefinite_noisy_global,96100158,random_growth128,6400000,8000000,0.8,0.799998560673342,0.00642529870846105,0.005241740883719578,0.00681886184271592,0.0011835578247414713,-0.00039356313425487066,1,1,1
indefinite_noisy_global,96100159,random_growth128,6400000,8000000,0.8,0.799998560673342,0.005912387660149496,0.006357539385405148,0.007628145230620484,-0.00044515172525565194,-0.0017157575704709882,1,1,1
indefinite_noisy_global,96100160,random_growth128,6400000,8000000,0.8,0.799998560673342,0.0038187805961708704,0.004599226924245053,0.0059618312685974645,-0.000780446328074183,-0.002143050672426594,1,1,1
indefinite_noisy_global,96100161,random_growth128,6400000,8000000,0.8,0.799998560673342,0.004947348796517745,0.00455527450805486,0.005400445187995609,0.0003920742884628847,-0.00045309639147786407,1,1,1
indefinite_noisy_global,96100162,random_growth128,6400000,8000000,0.8,0.799998560673342,0.007537218701597931,0.006620792129472336,0.008004575542726794,0.0009164265721255949,-0.0004673568411288631,1,1,1
indefinite_noisy_global,96100163,random_growth128,6400000,8000000,0.8,0.799998560673342,0.00515117635843422,0.004805231568643861,0.004585083927071451,0.0003459447897903589,0.0005660924313627691,1,1,1
indefinite_noisy_global,96100164,random_growth128,6400000,8000000,0.8,0.799998560673342,0.005484933703650052,0.006140851818276574,0.004336874077464817,-0.0006559181146265219,0.0011480596261852355,1,1,1
indefinite_noisy_global,96100165,random_growth128,6400000,8000000,0.8,0.799998560673342,0.004684858967527655,0.005808027331920054,0.005873944304537776,-0.001123168364392399,-0.0011890853370101206,1,1,1
indefinite_noisy_global,96100166,random_growth128,6400000,8000000,0.8,0.799998560673342,0.005568490591789738,0.006423268703152005,0.0060668412572812,-0.0008547781113622671,-0.0004983506654914621,1,1,1
indefinite_noisy_global,96100167,random_growth128,6400000,8000000,0.8,0.799998560673342,0.00446072314837298,0.004893573822442973,0.004365690340047759,-0.0004328506740699928,9.50328083252211e-05,1,1,1
indefinite_noisy_global,96100168,random_growth128,6400000,8000000,0.8,0.799998560673342,0.008627809813002901,0.009342612148226681,0.011050590906359029,-0.0007148023352237798,-0.0024227810933561272,1,1,0
indefinite_noisy_global,96100169,random_growth128,6400000,8000000,0.8,0.799998560673342,0.0038659534879970786,0.007001765879315308,0.007721289394074599,-0.0031358123913182295,-0.00385533590607752,1,1,1
indefinite_noisy_global,96100170,random_growth128,6400000,8000000,0.8,0.799998560673342,0.004700066724237187,0.005261007374815288,0.006052705524164509,-0.0005609406505781012,-0.001352638799927322,1,1,1
indefinite_noisy_global,96100171,random_growth128,6400000,8000000,0.8,0.799998560673342,0.004189203152732579,0.005673334781924583,0.00425357671432218,-0.0014841316291920037,-6.437356158960073e-05,1,1,1
indefinite_noisy_global,96100172,random_growth128,6400000,8000000,0.8,0.799998560673342,0.005819607675350932,0.0072708288689774525,0.005192041564310287,-0.0014512211936265201,0.000627566111040645,1,1,1
indefinite_noisy_global,96100173,random_growth128,6400000,8000000,0.8,0.799998560673342,0.004983718105602178,0.004022896016931496,0.006150627857481397,0.000960822088670682,-0.0011669097518792193,1,1,1
indefinite_noisy_global,96100174,random_growth128,6400000,8000000,0.8,0.799998560673342,0.004607498902970242,0.005678689183902616,0.0070569356729806715,-0.0010711902809323742,-0.0024494367700104297,1,1,1
indefinite_noisy_global,96100175,random_growth128,6400000,8000000,0.8,0.799998560673342,0.004074114008641924,0.006789594993189874,0.005336811722482959,-0.0027154809845479494,-0.001262697713841035,1,1,1
indefinite_noisy_global,96100176,random_growth128,6400000,8000000,0.8,0.799998560673342,0.0052426962713521125,0.0056163822159750465,0.005651635944679281,-0.00037368594462293403,-0.00040893967332716885,1,1,1
indefinite_noisy_global,96100177,random_growth128,6400000,8000000,0.8,0.799998560673342,0.005100268273075317,0.00539389815702046,0.005163513573284817,-0.0002936298839451429,-6.324530020949959e-05,1,1,1
indefinite_noisy_global,96100178,random_growth128,6400000,8000000,0.8,0.799998560673342,0.005288613793692595,0.005946312283259619,0.007237194242701014,-0.000657698489567024,-0.001948580449008419,1,1,1
indefinite_noisy_global,96100179,random_growth128,6400000,8000000,0.8,0.799998560673342,0.005251997525694663,0.005446435268070107,0.006292801593665506,-0.00019443774237544453,-0.0010408040679708436,1,1,1
indefinite_noisy_global,96100180,random_growth128,6400000,8000000,0.8,0.799998560673342,0.006019992054205087,0.00679468872248494,0.0059539764573324355,-0.0007746966682798534,6.601559687265113e-05,1,1,1
indefinite_noisy_global,96100181,random_growth128,6400000,8000000,0.8,0.799998560673342,0.003534183624060619,0.00423576417454985,0.004133753626098788,-0.0007015805504892308,-0.0005995700020381689,1,1,1
indefinite_noisy_global,96100182,random_growth128,6400000,8000000,0.8,0.799998560673342,0.003446451589448077,0.006260465009138141,0.008070821079292523,-0.0028140134196900646,-0.004624369489844446,1,1,1
indefinite_noisy_global,96100183,random_growth128,6400000,8000000,0.8,0.799998560673342,0.004395054660559436,0.004880040365512817,0.005238987591084862,-0.00048498570495338067,-0.0008439329305254262,1,1,1
indefinite_noisy_global,96100184,random_growth128,6400000,8000000,0.8,0.799998560673342,0.009931914303880907,0.008081033757543515,0.009921865858858236,0.0018508805463373912,1.0048445022670105e-05,1,1,1
indefinite_noisy_global,96100185,random_growth128,6400000,8000000,0.8,0.799998560673342,0.00502559750519023,0.005715639848979673,0.005897346838254103,-0.0006900423437894432,-0.0008717493330638731,1,1,1
indefinite_noisy_global,96100186,random_growth128,6400000,8000000,0.8,0.799998560673342,0.004508506704694826,0.005860899931561442,0.0038445569743827818,-0.0013523932268666161,0.000663949730312044,1,1,1
indefinite_noisy_global,96100187,random_growth128,6400000,8000000,0.8,0.799998560673342,0.005455272835518235,0.007639364968944892,0.005681053046304049,-0.002184092133426657,-0.00022578021078581423,1,1,1
indefinite_noisy_global,96100188,random_growth128,6400000,8000000,0.8,0.799998560673342,0.007739733520577177,0.006171708506503337,0.005657761427686411,0.00156802501407384,0.002081972092890766,1,1,1
indefinite_noisy_global,96100189,random_growth128,6400000,8000000,0.8,0.799998560673342,0.0044498933704671395,0.005508651568314815,0.006456379704113821,-0.0010587581978476757,-0.0020064863336466815,1,1,1
indefinite_noisy_global,96100190,random_growth128,6400000,8000000,0.8,0.799998560673342,0.006471985699918081,0.006621077556495256,0.006325796202514611,-0.00014909185657717428,0.00014618949740347054,1,1,1
indefinite_noisy_global,96100191,random_growth128,6400000,8000000,0.8,0.799998560673342,0.00466516449509391,0.007919410742418309,0.005908010387415674,-0.0032542462473243994,-0.0012428458923217645,1,1,1
indefinite_noisy_global,96100192,random_growth128,6400000,8000000,0.8,0.799998560673342,0.007961235274315373,0.009176809987061343,0.011952332806154417,-0.0012155747127459704,-0.003991097531839044,1,1,0
indefinite_noisy_global,96100193,random_growth128,6400000,8000000,0.8,0.799998560673342,0.004239290614805422,0.005623590920931121,0.006755483597988415,-0.0013843003061256992,-0.0025161929831829938,1,1,1
indefinite_noisy_global,96100194,random_growth128,6400000,8000000,0.8,0.799998560673342,0.007385666791811074,0.009957492706683516,0.008455504524975357,-0.0025718259148724415,-0.0010698377331642833,1,1,1
indefinite_noisy_global,96100195,random_growth128,6400000,8000000,0.8,0.799998560673342,0.005491797067115889,0.005395447329617387,0.0061121731713348615,9.634973749850229e-05,-0.0006203761042189726,1,1,1
indefinite_noisy_global,96100196,random_growth128,6400000,8000000,0.8,0.799998560673342,0.003738115509173315,0.005262733785459162,0.005805638369759614,-0.0015246182762858468,-0.002067522860586299,1,1,1
indefinite_noisy_global,96100197,random_growth128,6400000,8000000,0.8,0.799998560673342,0.006753097140600031,0.009632075023591619,0.007649655527428356,-0.0028789778829915874,-0.000896558386828325,1,1,1
indefinite_noisy_global,96100198,random_growth128,6400000,8000000,0.8,0.799998560673342,0.004562584270782349,0.005889679414822532,0.0085089450842262,-0.001327095144040183,-0.00394636081344385,1,1,1
indefinite_noisy_global,96100199,random_growth128,6400000,8000000,0.8,0.799998560673342,0.0038614035938868835,0.00500385107265966,0.005060719911714917,-0.0011424474787727762,-0.0011993163178280336,1,1,1
indefinite_noisy_global,96100200,random_growth128,6400000,8000000,0.8,0.799998560673342,0.005332580358880984,0.005496322230744338,0.004683261249348425,-0.00016374187186335432,0.000649319109532559,1,1,1
indefinite_noisy_global,96100201,random_growth128,6400000,8000000,0.8,0.799998560673342,0.005968502077237814,0.008029621170696194,0.006541595581818341,-0.00206111909345838,-0.0005730935045805269,1,1,1
indefinite_noisy_global,96100202,random_growth128,6400000,8000000,0.8,0.799998560673342,0.005364265746964317,0.008976563645768348,0.005004481461774762,-0.0036122978988040316,0.0003597842851895544,1,1,1
indefinite_noisy_global,96100203,random_growth128,6400000,8000000,0.8,0.799998560673342,0.003648722397034218,0.003960548407274528,0.003541037011344811,-0.00031182601024030976,0.00010768538568940722,1,1,1
indefinite_noisy_global,96100204,random_growth128,6400000,8000000,0.8,0.799998560673342,0.004256179426932863,0.0054387199447635814,0.00488140423255333,-0.0011825405178307186,-0.0006252248056204668,1,1,1
indefinite_noisy_global,96100205,random_growth128,6400000,8000000,0.8,0.799998560673342,0.007683949114027366,0.008949649175862356,0.009515570439488905,-0.00126570006183499,-0.0018316213254615382,1,1,1
indefinite_noisy_global,96100206,random_growth128,6400000,8000000,0.8,0.799998560673342,0.008837859158519368,0.008336739568923238,0.008447747389988727,0.0005011195895961301,0.00039011176853064045,1,1,1
indefinite_noisy_global,96100207,random_growth128,6400000,8000000,0.8,0.799998560673342,0.006861387455332338,0.006328884918712668,0.006801535874424863,0.0005325025366196695,5.9851580907474555e-05,1,1,1
indefinite_noisy_global,96100208,random_growth128,6400000,8000000,0.8,0.799998560673342,0.00585193083903672,0.00875278160858474,0.012093524508449499,-0.002900850769548019,-0.006241593669412779,1,1,0
indefinite_noisy_global,96100209,random_growth128,6400000,8000000,0.8,0.799998560673342,0.00853832813173025,0.008068592975563948,0.010809843957866605,0.000469735156166301,-0.0022715158261363555,1,1,0
indefinite_noisy_global,96100210,random_growth128,6400000,8000000,0.8,0.799998560673342,0.00396946364946639,0.006621124513890936,0.004530548990131167,-0.002651660864424546,-0.000561085340664777,1,1,1
indefinite_noisy_global,96100211,random_growth128,6400000,8000000,0.8,0.799998560673342,0.005604803309835746,0.007093322825424991,0.005402822761910189,-0.0014885195155892456,0.00020198054792555653,1,1,1
indefinite_noisy_global,96100212,random_growth128,6400000,8000000,0.8,0.799998560673342,0.007872168156607434,0.007522090113466953,0.009306255423230311,0.00035007804314048097,-0.0014340872666228771,1,1,1
indefinite_noisy_global,96100213,random_growth128,6400000,8000000,0.8,0.799998560673342,0.006314448394185282,0.0074039399531384,0.008369813195120687,-0.0010894915589531179,-0.0020553648009354053,1,1,1
indefinite_noisy_global,96100214,random_growth128,6400000,8000000,0.8,0.799998560673342,0.0034748930929159316,0.0040908870250876694,0.006641740527596168,-0.0006159939321717378,-0.0031668474346802367,1,1,1
indefinite_noisy_global,96100215,random_growth128,6400000,8000000,0.8,0.799998560673342,0.003658602818219475,0.0042974354350689414,0.005709733391102645,-0.0006388326168494662,-0.0020511305728831697,1,1,1
indefinite_noisy_global,96100216,random_growth128,6400000,8000000,0.8,0.799998560673342,0.006098006577409748,0.00723021207027609,0.006233689269428147,-0.0011322054928663422,-0.000135682692018399,1,1,1
indefinite_noisy_global,96100217,random_growth128,6400000,8000000,0.8,0.799998560673342,0.0038702566655832993,0.005136122344317137,0.004423484006889203,-0.001265865678733838,-0.0005532273413059036,1,1,1
indefinite_noisy_global,96100218,random_growth128,6400000,8000000,0.8,0.799998560673342,0.0041709827628555185,0.0026926765245178508,0.003279340780874815,0.0014783062383376677,0.0008916419819807037,1,1,1
indefinite_noisy_global,96100219,random_growth128,6400000,8000000,0.8,0.799998560673342,0.0063685368672832116,0.0038083121828678818,0.00833322307472606,0.00256022468441533,-0.001964686207442848,1,1,1
indefinite_noisy_global,96100220,random_growth128,6400000,8000000,0.8,0.799998560673342,0.003516858987659785,0.0040092643962643115,0.007514641788641099,-0.0004924054086045265,-0.003997782800981314,1,1,1
indefinite_noisy_global,96100221,random_growth128,6400000,8000000,0.8,0.799998560673342,0.004824699817247119,0.005705001591171599,0.0038761206214471544,-0.0008803017739244801,0.0009485791957999645,1,1,1
indefinite_noisy_global,96100222,random_growth128,6400000,8000000,0.8,0.799998560673342,0.0062655959366371,0.006443287231557043,0.00673710555364887,-0.0001776912949199433,-0.00047150961701176997,1,1,1
indefinite_noisy_global,96100223,random_growth128,6400000,8000000,0.8,0.799998560673342,0.0064378585267393235,0.0067685281667186625,0.00596944421214024,-0.00033066963997933907,0.0004684143145990832,1,1,1
indefinite_noisy_global,96100224,random_growth128,6400000,8000000,0.8,0.799998560673342,0.0047576484698448746,0.006071898572881249,0.0067204478283119234,-0.001314250103036374,-0.001962799358467049,1,1,1
indefinite_noisy_global,96100225,random_growth128,6400000,8000000,0.8,0.799998560673342,0.004156092951641779,0.004529463944363654,0.00653493856102709,-0.0003733709927218748,-0.0023788456093853105,1,1,1
indefinite_noisy_global,96100226,random_growth128,6400000,8000000,0.8,0.799998560673342,0.004530622394015152,0.00547563583220656,0.008547892727566508,-0.0009450134381914083,-0.0040172703335513565,1,1,1
indefinite_noisy_global,96100227,random_growth128,6400000,8000000,0.8,0.799998560673342,0.006733002967551693,0.006150360261637247,0.00577494245795912,0.0005826427059144462,0.0009580605095925732,1,1,1
indefinite_noisy_global,96100228,random_growth128,6400000,8000000,0.8,0.799998560673342,0.006184745992278307,0.007221870927554497,0.0074305588818201485,-0.0010371249352761902,-0.0012458128895418419,1,1,1
indefinite_noisy_global,96100229,random_growth128,6400000,8000000,0.8,0.799998560673342,0.004172364816949756,0.00530009646884963,0.004585816110662902,-0.0011277316518998742,-0.00041345129371314626,1,1,1
indefinite_noisy_global,96100230,random_growth128,6400000,8000000,0.8,0.799998560673342,0.003192686207784151,0.004527024241361935,0.009280659058884755,-0.0013343380335777838,-0.006087972851100604,1,1,1
indefinite_noisy_global,96100231,random_growth128,6400000,8000000,0.8,0.799998560673342,0.006200547884859062,0.005933934543232877,0.005332883985874115,0.00026661334162618455,0.0008676638989849467,1,1,1
indefinite_noisy_global,96100232,random_growth128,6400000,8000000,0.8,0.799998560673342,0.006847437206140061,0.005088324225835716,0.006301096994412891,0.0017591129803043448,0.0005463402117271698,1,1,1
indefinite_noisy_global,96100233,random_growth128,6400000,8000000,0.8,0.799998560673342,0.0043157405741151705,0.004500219585974977,0.00548722972482675,-0.00018447901185980609,-0.0011714891507115799,1,1,1
indefinite_noisy_global,96100234,random_growth128,6400000,8000000,0.8,0.799998560673342,0.004893480908188044,0.0052225859582720885,0.00784896069465403,-0.0003291050500840442,-0.0029554797864659865,1,1,1
indefinite_noisy_global,96100235,random_growth128,6400000,8000000,0.8,0.799998560673342,0.004051191766606857,0.006893684458941021,0.005320896859255242,-0.0028424926923341642,-0.001269705092648385,1,1,1
indefinite_noisy_global,96100236,random_growth128,6400000,8000000,0.8,0.799998560673342,0.0039887775132455144,0.006355986662814228,0.003667150040751674,-0.0023672091495687136,0.0003216274724938406,1,1,1
indefinite_noisy_global,96100237,random_growth128,6400000,8000000,0.8,0.799998560673342,0.0044441361401242885,0.005219173381920281,0.005727745867225603,-0.0007750372417959922,-0.0012836097271013147,1,1,1
indefinite_noisy_global,96100238,random_growth128,6400000,8000000,0.8,0.799998560673342,0.006307341284790796,0.0053039709635443605,0.007306032486358152,0.0010033703212464357,-0.000998691201567356,1,1,1
indefinite_noisy_global,96100239,random_growth128,6400000,8000000,0.8,0.799998560673342,0.004176737799016159,0.007432412650882458,0.005128053919867717,-0.0032556748518663,-0.0009513161208515586,1,1,1
indefinite_noisy_global,96100240,random_growth128,6400000,8000000,0.8,0.799998560673342,0.006109573134672433,0.0053777556910098445,0.007248225154483284,0.0007318174436625885,-0.0011386520198108513,1,1,1
indefinite_noisy_global,96100241,random_growth128,6400000,8000000,0.8,0.799998560673342,0.004421080406215264,0.005558540620770144,0.005876622701117218,-0.0011374602145548807,-0.0014555422949019542,1,1,1
indefinite_noisy_global,96100242,random_growth128,6400000,8000000,0.8,0.799998560673342,0.005238399339387412,0.0059378578155939166,0.005845242890648361,-0.0006994584762065048,-0.0006068435512609494,1,1,1
indefinite_noisy_global,96100243,random_growth128,6400000,8000000,0.8,0.799998560673342,0.004590920359969108,0.0053672601582731155,0.0091467149904495,-0.0007763397983040071,-0.004555794630480392,1,1,1
indefinite_noisy_global,96100244,random_growth128,6400000,8000000,0.8,0.799998560673342,0.005872347742627335,0.006156533839157111,0.006913892518513334,-0.000284186096529776,-0.0010415447758859997,1,1,1
indefinite_noisy_global,96100245,random_growth128,6400000,8000000,0.8,0.799998560673342,0.004964924216056987,0.004237804361392081,0.006112752576954442,0.0007271198546649066,-0.0011478283608974543,1,1,1
indefinite_noisy_global,96100246,random_growth128,6400000,8000000,0.8,0.799998560673342,0.0060240461313500054,0.008615162391278935,0.00993250319052573,-0.00259111625992893,-0.003908457059175724,1,1,1
indefinite_noisy_global,96100247,random_growth128,6400000,8000000,0.8,0.799998560673342,0.00558131594799928,0.006299550347258431,0.007430004421812381,-0.0007182343992591517,-0.001848688473813101,1,1,1
indefinite_noisy_global,96100248,random_growth128,6400000,8000000,0.8,0.799998560673342,0.0073067350176389545,0.00683587741367056,0.007843170659567814,0.00047085760396839427,-0.0005364356419288591,1,1,1
indefinite_noisy_global,96100249,random_growth128,6400000,8000000,0.8,0.799998560673342,0.004509055294579081,0.003927428530366345,0.0052413260653583205,0.0005816267642127365,-0.0007322707707792392,1,1,1
indefinite_noisy_global,96100250,random_growth128,6400000,8000000,0.8,0.799998560673342,0.0034684538963020844,0.005737759075794893,0.006226315352629089,-0.0022693051794928087,-0.0027578614563270043,1,1,1
indefinite_noisy_global,96100251,random_growth128,6400000,8000000,0.8,0.799998560673342,0.0046532559538212115,0.005702370774870305,0.005508039495436531,-0.0010491148210490936,-0.0008547835416153199,1,1,1
indefinite_noisy_global,96100252,random_growth128,6400000,8000000,0.8,0.799998560673342,0.004894070181225202,0.005064147578787204,0.008483461144246363,-0.0001700773975620018,-0.0035893909630211607,1,1,1
indefinite_noisy_global,96100253,random_growth128,6400000,8000000,0.8,0.799998560673342,0.003709191589584701,0.004376487052315997,0.004965588642344448,-0.000667295462731296,-0.0012563970527597473,1,1,1
indefinite_noisy_global,96100254,random_growth128,6400000,8000000,0.8,0.799998560673342,0.0063709773982726925,0.00856706229721943,0.006592166911480624,-0.0021960848989467374,-0.00022118951320793112,1,1,1
indefinite_noisy_global,96100255,random_growth128,6400000,8000000,0.8,0.799998560673342,0.005687823935037015,0.006599872860376221,0.006532465566578355,-0.0009120489253392067,-0.0008446416315413402,1,1,1
indefinite_noisy_global,96100000,random_growth138,6400000,8000000,0.8,0.7999923891279246,0.00673204831673864,0.004802985799246762,0.00544172590271258,0.001929062517491878,0.00129032241402606,1,1,1
indefinite_noisy_global,96100001,random_growth138,6400000,8000000,0.8,0.7999923891279246,0.00316036128365009,0.003959427950894379,0.005205885119877629,-0.0007990666672442887,-0.002045523836227539,1,1,1
indefinite_noisy_global,96100002,random_growth138,6400000,8000000,0.8,0.7999923891279246,0.005247200355009529,0.00572691445179864,0.007655385903580794,-0.0004797140967891106,-0.002408185548571265,1,1,1
indefinite_noisy_global,96100003,random_growth138,6400000,8000000,0.8,0.7999923891279246,0.004542141847993009,0.004987500766765282,0.004110331552042809,-0.0004453589187722734,0.0004318102959501996,1,1,1
indefinite_noisy_global,96100004,random_growth138,6400000,8000000,0.8,0.7999923891279246,0.006673180797023795,0.006503267357230391,0.008061905675106756,0.0001699134397934038,-0.0013887248780829614,1,1,1
indefinite_noisy_global,96100005,random_growth138,6400000,8000000,0.8,0.7999923891279246,0.006563683520809868,0.009274801051998183,0.009642667106678104,-0.0027111175311883146,-0.0030789835858682363,1,1,1
indefinite_noisy_global,96100006,random_growth138,6400000,8000000,0.8,0.7999923891279246,0.005337441058253706,0.006472187478033853,0.0069935132214113405,-0.0011347464197801471,-0.0016560721631576347,1,1,1
indefinite_noisy_global,96100007,random_growth138,6400000,8000000,0.8,0.7999923891279246,0.004685189429757902,0.006107794727369914,0.005429924034434708,-0.0014226052976120118,-0.0007447346046768055,1,1,1
indefinite_noisy_global,96100008,random_growth138,6400000,8000000,0.8,0.7999923891279246,0.006044825744302082,0.004737072673556164,0.0035255571295654264,0.0013077530707459178,0.0025192686147366555,1,1,1
indefinite_noisy_global,96100009,random_growth138,6400000,8000000,0.8,0.7999923891279246,0.004502519151620685,0.007836924044520924,0.007626742260078659,-0.003334404892900239,-0.003124223108457974,1,1,1
indefinite_noisy_global,96100010,random_growth138,6400000,8000000,0.8,0.7999923891279246,0.003723888872276107,0.004906066055364464,0.0035664439665214487,-0.0011821771830883565,0.00015744490575465842,1,1,1
indefinite_noisy_global,96100011,random_growth138,6400000,8000000,0.8,0.7999923891279246,0.004694265960798194,0.007547300694181372,0.008787984788726111,-0.002853034733383178,-0.004093718827927917,1,1,1
indefinite_noisy_global,96100012,random_growth138,6400000,8000000,0.8,0.7999923891279246,0.005785063446060959,0.007491558927524455,0.005895323076195336,-0.0017064954814634964,-0.00011025963013437667,1,1,1
indefinite_noisy_global,96100013,random_growth138,6400000,8000000,0.8,0.7999923891279246,0.0045110790051015315,0.004793573823413569,0.007082279144732945,-0.0002824948183120374,-0.0025712001396314133,1,1,1
indefinite_noisy_global,96100014,random_growth138,6400000,8000000,0.8,0.7999923891279246,0.006146047960532683,0.007091465015108156,0.007687846247697902,-0.0009454170545754731,-0.0015417982871652192,1,1,1
indefinite_noisy_global,96100015,random_growth138,6400000,8000000,0.8,0.7999923891279246,0.005768501227742584,0.005341284387829187,0.005232656187787094,0.0004272168399133969,0.0005358450399554904,1,1,1
indefinite_noisy_global,96100016,random_growth138,6400000,8000000,0.8,0.7999923891279246,0.004338185996355895,0.005263376147123133,0.0064987627764341305,-0.0009251901507672383,-0.0021605767800782355,1,1,1
indefinite_noisy_global,96100017,random_growth138,6400000,8000000,0.8,0.7999923891279246,0.004728552439056469,0.004729827737635889,0.0052782464678851615,-1.2752985794201033e-06,-0.0005496940288286928,1,1,1
indefinite_noisy_global,96100018,random_growth138,6400000,8000000,0.8,0.7999923891279246,0.005308600337297395,0.004022842842859475,0.006872412549772652,0.0012857574944379196,-0.0015638122124752574,1,1,1
indefinite_noisy_global,96100019,random_growth138,6400000,8000000,0.8,0.7999923891279246,0.0056524031899305716,0.005545444573254621,0.005274979054783191,0.00010695861667595064,0.0003774241351473806,1,1,1
indefinite_noisy_global,96100020,random_growth138,6400000,8000000,0.8,0.7999923891279246,0.005115877241389052,0.007424699523384953,0.010434529752629818,-0.002308822281995901,-0.005318652511240765,1,1,0
indefinite_noisy_global,96100021,random_growth138,6400000,8000000,0.8,0.7999923891279246,0.0053468254423088835,0.006286954429350941,0.005451944063120023,-0.0009401289870420576,-0.00010511862081113987,1,1,1
indefinite_noisy_global,96100022,random_growth138,6400000,8000000,0.8,0.7999923891279246,0.008954381678636228,0.009274884405625072,0.008338178270783383,-0.0003205027269888444,0.0006162034078528444,1,1,1
indefinite_noisy_global,96100023,random_growth138,6400000,8000000,0.8,0.7999923891279246,0.0052820479911079715,0.005212409463236353,0.012873378231129023,6.963852787161828e-05,-0.007591330240021052,1,1,0
indefinite_noisy_global,96100024,random_growth138,6400000,8000000,0.8,0.7999923891279246,0.0048505992160462336,0.005582656901392161,0.005131947194653028,-0.0007320576853459271,-0.00028134797860679406,1,1,1
indefinite_noisy_global,96100025,random_growth138,6400000,8000000,0.8,0.7999923891279246,0.005316629465500156,0.005263488455379786,0.004612998405428476,5.3141010120369425e-05,0.00070363106007168,1,1,1
indefinite_noisy_global,96100026,random_growth138,6400000,8000000,0.8,0.7999923891279246,0.005772058323134585,0.009313829897249132,0.00836262168364818,-0.0035417715741145467,-0.0025905633605135953,1,1,1
indefinite_noisy_global,96100027,random_growth138,6400000,8000000,0.8,0.7999923891279246,0.005007837068012944,0.004804336462892522,0.0043127143324771106,0.00020350060512042134,0.000695122735535833,1,1,1
indefinite_noisy_global,96100028,random_growth138,6400000,8000000,0.8,0.7999923891279246,0.004954865105871453,0.0065275380873313915,0.0038793905681278468,-0.0015726729814599383,0.0010754745377436065,1,1,1
indefinite_noisy_global,96100029,random_growth138,6400000,8000000,0.8,0.7999923891279246,0.005218027245819851,0.0045199938322477845,0.00448155568047337,0.0006980334135720662,0.0007364715653464804,1,1,1
indefinite_noisy_global,96100030,random_growth138,6400000,8000000,0.8,0.7999923891279246,0.0056788242553818535,0.007868907333314176,0.009413732495186067,-0.0021900830779323227,-0.0037349082398042133,1,1,1
indefinite_noisy_global,96100031,random_growth138,6400000,8000000,0.8,0.7999923891279246,0.0038559149073598142,0.003965924954083197,0.006129599521346202,-0.00011001004672338277,-0.0022736846139863875,1,1,1
indefinite_noisy_global,96100032,random_growth138,6400000,8000000,0.8,0.7999923891279246,0.008691306483295816,0.007365057447365167,0.005275421128406579,0.001326249035930649,0.0034158853548892365,1,1,1
indefinite_noisy_global,96100033,random_growth138,6400000,8000000,0.8,0.7999923891279246,0.0042653344507836005,0.0059209998702549616,0.006282178287940643,-0.001655665419471361,-0.0020168438371570424,1,1,1
indefinite_noisy_global,96100034,random_growth138,6400000,8000000,0.8,0.7999923891279246,0.003576418563066827,0.005019220335889529,0.006466406482896286,-0.0014428017728227022,-0.0028899879198294592,1,1,1
indefinite_noisy_global,96100035,random_growth138,6400000,8000000,0.8,0.7999923891279246,0.005258954051890571,0.006488605066484687,0.0050963705307253,-0.0012296510145941159,0.00016258352116527153,1,1,1
indefinite_noisy_global,96100036,random_growth138,6400000,8000000,0.8,0.7999923891279246,0.004801093078446353,0.00764617433926254,0.005681638506037701,-0.0028450812608161874,-0.0008805454275913477,1,1,1
indefinite_noisy_global,96100037,random_growth138,6400000,8000000,0.8,0.7999923891279246,0.003061912605661063,0.005960619429109429,0.004275269508361101,-0.002898706823448366,-0.0012133569027000385,1,1,1
indefinite_noisy_global,96100038,random_growth138,6400000,8000000,0.8,0.7999923891279246,0.005295744932960186,0.0051157354494685,0.00990093860987043,0.000180009483491686,-0.004605193676910244,1,1,1
indefinite_noisy_global,96100039,random_growth138,6400000,8000000,0.8,0.7999923891279246,0.005483531124607019,0.0037864861558366963,0.0030618480060925213,0.0016970449687703226,0.0024216831185144977,1,1,1
indefinite_noisy_global,96100040,random_growth138,6400000,8000000,0.8,0.7999923891279246,0.004907884987182115,0.004288048789571522,0.004897295117712877,0.0006198361976105932,1.0589869469238011e-05,1,1,1
indefinite_noisy_global,96100041,random_growth138,6400000,8000000,0.8,0.7999923891279246,0.005146329147493411,0.00677101485355959,0.008510673573253608,-0.0016246857060661785,-0.003364344425760196,1,1,1
indefinite_noisy_global,96100042,random_growth138,6400000,8000000,0.8,0.7999923891279246,0.006529275859708722,0.005159369252919738,0.004105101096543995,0.0013699066067889842,0.002424174763164727,1,1,1
indefinite_noisy_global,96100043,random_growth138,6400000,8000000,0.8,0.7999923891279246,0.0069742572745059295,0.006962160906230974,0.013226426558451604,1.2096368274955305e-05,-0.006252169283945674,1,1,0
indefinite_noisy_global,96100044,random_growth138,6400000,8000000,0.8,0.7999923891279246,0.00380866775723597,0.007143848790256396,0.004965135491670061,-0.0033351810330204262,-0.0011564677344340912,1,1,1
indefinite_noisy_global,96100045,random_growth138,6400000,8000000,0.8,0.7999923891279246,0.003789649730115169,0.0057087231473751665,0.003892970710276694,-0.0019190734172599977,-0.00010332098016152536,1,1,1
indefinite_noisy_global,96100046,random_growth138,6400000,8000000,0.8,0.7999923891279246,0.006121179941432839,0.004193516254026086,0.004273514183277843,0.0019276636874067526,0.0018476657581549955,1,1,1
indefinite_noisy_global,96100047,random_growth138,6400000,8000000,0.8,0.7999923891279246,0.004545139365222314,0.005762394516605776,0.005241655142890059,-0.0012172551513834617,-0.0006965157776677444,1,1,1
indefinite_noisy_global,96100048,random_growth138,6400000,8000000,0.8,0.7999923891279246,0.004885120496432402,0.004819228646779347,0.004592727462949711,6.589184965305472e-05,0.00029239303348269075,1,1,1
indefinite_noisy_global,96100049,random_growth138,6400000,8000000,0.8,0.7999923891279246,0.005581534476708436,0.008311175888463626,0.0046477405672366995,-0.0027296414117551904,0.0009337939094717362,1,1,1
indefinite_noisy_global,96100050,random_growth138,6400000,8000000,0.8,0.7999923891279246,0.004471386084072715,0.006102460890549263,0.005746801477925861,-0.0016310748064765485,-0.0012754153938531465,1,1,1
indefinite_noisy_global,96100051,random_growth138,6400000,8000000,0.8,0.7999923891279246,0.00549913076837967,0.006678324558800616,0.005523778622862213,-0.001179193790420946,-2.464785448254292e-05,1,1,1
indefinite_noisy_global,96100052,random_growth138,6400000,8000000,0.8,0.7999923891279246,0.005860812092178619,0.0053084031347458704,0.008595512876591868,0.0005524089574327484,-0.0027347007844132493,1,1,1
indefinite_noisy_global,96100053,random_growth138,6400000,8000000,0.8,0.7999923891279246,0.006249317812374311,0.00822552811810634,0.008103375614338729,-0.001976210305732029,-0.0018540578019644177,1,1,1
indefinite_noisy_global,96100054,random_growth138,6400000,8000000,0.8,0.7999923891279246,0.0046582245931382354,0.006348938293288142,0.005424251948054348,-0.0016907137001499067,-0.0007660273549161128,1,1,1
indefinite_noisy_global,96100055,random_growth138,6400000,8000000,0.8,0.7999923891279246,0.0069883245805831,0.007430523030497377,0.0070198639175396566,-0.00044219844991427726,-3.1539336956556974e-05,1,1,1
indefinite_noisy_global,96100056,random_growth138,6400000,8000000,0.8,0.7999923891279246,0.006231062825761552,0.006867637002073518,0.008872560301648708,-0.0006365741763119659,-0.0026414974758871557,1,1,1
indefinite_noisy_global,96100057,random_growth138,6400000,8000000,0.8,0.7999923891279246,0.007398378058251789,0.009276207594480182,0.00734651793651897,-0.0018778295362283925,5.1860121732819064e-05,1,1,1
indefinite_noisy_global,96100058,random_growth138,6400000,8000000,0.8,0.7999923891279246,0.004707701905510245,0.005270925142457528,0.005439427847908712,-0.0005632232369472828,-0.0007317259423984673,1,1,1
indefinite_noisy_global,96100059,random_growth138,6400000,8000000,0.8,0.7999923891279246,0.004665007382129591,0.004529952647962965,0.00552672581627385,0.00013505473416662583,-0.0008617184341442596,1,1,1
indefinite_noisy_global,96100060,random_growth138,6400000,8000000,0.8,0.7999923891279246,0.005612636701310389,0.004529735854737829,0.004583541799274712,0.0010829008465725598,0.0010290949020356766,1,1,1
indefinite_noisy_global,96100061,random_growth138,6400000,8000000,0.8,0.7999923891279246,0.00800055578398405,0.0054038443635743005,0.00568183427554339,0.0025967114204097502,0.0023187215084406604,1,1,1
indefinite_noisy_global,96100062,random_growth138,6400000,8000000,0.8,0.7999923891279246,0.006592599448822248,0.006031079983748883,0.005947886828503723,0.0005615194650733651,0.0006447126203185244,1,1,1
indefinite_noisy_global,96100063,random_growth138,6400000,8000000,0.8,0.7999923891279246,0.006141593860544248,0.005550925542930435,0.0061240075293982205,0.0005906683176138128,1.7586331146027256e-05,1,1,1
indefinite_noisy_global,96100064,random_growth138,6400000,8000000,0.8,0.7999923891279246,0.005309947837725121,0.007166535501190702,0.005524945037891887,-0.001856587663465581,-0.0002149972001667666,1,1,1
indefinite_noisy_global,96100065,random_growth138,6400000,8000000,0.8,0.7999923891279246,0.004632493870593779,0.007019653775357931,0.007005909618757175,-0.0023871599047641523,-0.002373415748163396,1,1,1
indefinite_noisy_global,96100066,random_growth138,6400000,8000000,0.8,0.7999923891279246,0.00479278319642043,0.004931598093828524,0.0032876970082510865,-0.00013881489740809327,0.001505086188169344,1,1,1
indefinite_noisy_global,96100067,random_growth138,6400000,8000000,0.8,0.7999923891279246,0.0037619806379949605,0.002567435097318549,0.0041317082283828105,0.0011945455406764116,-0.00036972759038784997,1,1,1
indefinite_noisy_global,96100068,random_growth138,6400000,8000000,0.8,0.7999923891279246,0.00450844738346802,0.008386951954800076,0.00551632153421526,-0.003878504571332056,-0.00100787415074724,1,1,1
indefinite_noisy_global,96100069,random_growth138,6400000,8000000,0.8,0.7999923891279246,0.005282212175878681,0.003912263732132451,0.005204077252619205,0.00136994844374623,7.813492325947635e-05,1,1,1
indefinite_noisy_global,96100070,random_growth138,6400000,8000000,0.8,0.7999923891279246,0.007728973991900492,0.00655537522394295,0.008940476387715612,0.0011735987679575427,-0.00121150239581512,1,1,1
indefinite_noisy_global,96100071,random_growth138,6400000,8000000,0.8,0.7999923891279246,0.0055585166878485,0.004699206142544293,0.005903837823621319,0.0008593105453042066,-0.0003453211357728192,1,1,1
indefinite_noisy_global,96100072,random_growth138,6400000,8000000,0.8,0.7999923891279246,0.004926279721955723,0.004868163912383913,0.005637363039649526,5.811580957180984e-05,-0.0007110833176938031,1,1,1
indefinite_noisy_global,96100073,random_growth138,6400000,8000000,0.8,0.7999923891279246,0.003685109817371232,0.004464805827644885,0.005672190925693932,-0.0007796960102736533,-0.0019870811083226997,1,1,1
indefinite_noisy_global,96100074,random_growth138,6400000,8000000,0.8,0.7999923891279246,0.005728636527490061,0.007656301749320332,0.007093139801906387,-0.0019276652218302714,-0.001364503274416326,1,1,1
indefinite_noisy_global,96100075,random_growth138,6400000,8000000,0.8,0.7999923891279246,0.00353638135888798,0.004658756081371923,0.004765693262529125,-0.001122374722483943,-0.0012293119036411448,1,1,1
indefinite_noisy_global,96100076,random_growth138,6400000,8000000,0.8,0.7999923891279246,0.004414082059143815,0.006286740215948369,0.005312836870373025,-0.0018726581568045547,-0.0008987548112292104,1,1,1
indefinite_noisy_global,96100077,random_growth138,6400000,8000000,0.8,0.7999923891279246,0.004623386231583759,0.006655582506139721,0.006279358652315131,-0.0020321962745559613,-0.001655972420731372,1,1,1
indefinite_noisy_global,96100078,random_growth138,6400000,8000000,0.8,0.7999923891279246,0.006932063556020787,0.00594489536223454,0.008481343900214364,0.0009871681937862475,-0.0015492803441935765,1,1,1
indefinite_noisy_global,96100079,random_growth138,6400000,8000000,0.8,0.7999923891279246,0.004612165210859748,0.004754441576982751,0.007412404081780746,-0.00014227636612300365,-0.0028002388709209985,1,1,1
indefinite_noisy_global,96100080,random_growth138,6400000,8000000,0.8,0.7999923891279246,0.006702710717540833,0.007139997836574402,0.006226197448651341,-0.0004372871190335692,0.00047651326888949186,1,1,1
indefinite_noisy_global,96100081,random_growth138,6400000,8000000,0.8,0.7999923891279246,0.0044506364196949255,0.0057345656816005924,0.006929573701859551,-0.001283929261905667,-0.0024789372821646255,1,1,1
indefinite_noisy_global,96100082,random_growth138,6400000,8000000,0.8,0.7999923891279246,0.005141833283876254,0.005972710161763178,0.005049869491359535,-0.0008308768778869241,9.196379251671938e-05,1,1,1
indefinite_noisy_global,96100083,random_growth138,6400000,8000000,0.8,0.7999923891279246,0.0057879283461536035,0.006569806313640805,0.008093347497661732,-0.0007818779674872017,-0.0023054191515081285,1,1,1
indefinite_noisy_global,96100084,random_growth138,6400000,8000000,0.8,0.7999923891279246,0.006781143708097334,0.006895653236232077,0.007607036492074934,-0.00011450952813474302,-0.0008258927839775998,1,1,1
indefinite_noisy_global,96100085,random_growth138,6400000,8000000,0.8,0.7999923891279246,0.0063842555628124825,0.006383896807061612,0.005813434147547258,3.587557508705208e-07,0.0005708214152652241,1,1,1
indefinite_noisy_global,96100086,random_growth138,6400000,8000000,0.8,0.7999923891279246,0.0036837200396527547,0.005017262235447517,0.005030493615817366,-0.0013335421957947624,-0.0013467735761646116,1,1,1
indefinite_noisy_global,96100087,random_growth138,6400000,8000000,0.8,0.7999923891279246,0.006298161484576917,0.00960362396510163,0.009725491134080208,-0.0033054624805247124,-0.0034273296495032912,1,1,1
indefinite_noisy_global,96100088,random_growth138,6400000,8000000,0.8,0.7999923891279246,0.003760350072993371,0.0033751695478994037,0.003749641838807577,0.00038518052509396716,1.0708234185793919e-05,1,1,1
indefinite_noisy_global,96100089,random_growth138,6400000,8000000,0.8,0.7999923891279246,0.005368554338986489,0.006602751175806887,0.007808731537882321,-0.0012341968368203976,-0.002440177198895832,1,1,1
indefinite_noisy_global,96100090,random_growth138,6400000,8000000,0.8,0.7999923891279246,0.005445955245342193,0.006162953135748175,0.003672123338239977,-0.000716997890405982,0.0017738319071022163,1,1,1
indefinite_noisy_global,96100091,random_growth138,6400000,8000000,0.8,0.7999923891279246,0.005940495295410547,0.004822727472831578,0.005809143681777318,0.001117767822578969,0.00013135161363322934,1,1,1
indefinite_noisy_global,96100092,random_growth138,6400000,8000000,0.8,0.7999923891279246,0.005624398911622225,0.004396022621331666,0.00495540966318056,0.0012283762902905587,0.0006689892484416649,1,1,1
indefinite_noisy_global,96100093,random_growth138,6400000,8000000,0.8,0.7999923891279246,0.005834845531571722,0.006986856198079511,0.006372055143685579,-0.0011520106665077884,-0.0005372096121138564,1,1,1
indefinite_noisy_global,96100094,random_growth138,6400000,8000000,0.8,0.7999923891279246,0.005756509674674629,0.006708778289495565,0.0060578778607163625,-0.0009522686148209364,-0.0003013681860417339,1,1,1
indefinite_noisy_global,96100095,random_growth138,6400000,8000000,0.8,0.7999923891279246,0.007416942641088664,0.007945147375662223,0.005763936760144764,-0.0005282047345735591,0.0016530058809439002,1,1,1
indefinite_noisy_global,96100096,random_growth138,6400000,8000000,0.8,0.7999923891279246,0.006063272888675114,0.0037343189717979064,0.006573005079129474,0.0023289539168772078,-0.0005097321904543595,1,1,1
indefinite_noisy_global,96100097,random_growth138,6400000,8000000,0.8,0.7999923891279246,0.005831142731161587,0.007817688463256353,0.007425449835730541,-0.001986545732094766,-0.0015943071045689539,1,1,1
indefinite_noisy_global,96100098,random_growth138,6400000,8000000,0.8,0.7999923891279246,0.004411864939009746,0.0052729964411118435,0.005866325727835228,-0.0008611315021020971,-0.0014544607888254818,1,1,1
indefinite_noisy_global,96100099,random_growth138,6400000,8000000,0.8,0.7999923891279246,0.006564538298660799,0.005641225894533086,0.0075503119575442285,0.000923312404127713,-0.0009857736588834293,1,1,1
indefinite_noisy_global,96100100,random_growth138,6400000,8000000,0.8,0.7999923891279246,0.004181906559340101,0.006253616265578493,0.006509561732768843,-0.002071709706238392,-0.0023276551734287415,1,1,1
indefinite_noisy_global,96100101,random_growth138,6400000,8000000,0.8,0.7999923891279246,0.005779631200390087,0.006862172103227135,0.004991149288203919,-0.001082540902837048,0.0007884819121861675,1,1,1
indefinite_noisy_global,96100102,random_growth138,6400000,8000000,0.8,0.7999923891279246,0.0032993311930680225,0.005364898615194888,0.005808367076253762,-0.0020655674221268655,-0.0025090358831857396,1,1,1
indefinite_noisy_global,96100103,random_growth138,6400000,8000000,0.8,0.7999923891279246,0.006111981468094968,0.007260483362543216,0.004585810585598607,-0.0011485018944482478,0.001526170882496361,1,1,1
indefinite_noisy_global,96100104,random_growth138,6400000,8000000,0.8,0.7999923891279246,0.0036709631705395124,0.005765671665111896,0.006078259063243913,-0.0020947084945723837,-0.0024072958927044003,1,1,1
indefinite_noisy_global,96100105,random_growth138,6400000,8000000,0.8,0.7999923891279246,0.0069961159363884085,0.007043907040098912,0.009571317872583723,-4.779110371050388e-05,-0.002575201936195315,1,1,1
indefinite_noisy_global,96100106,random_growth138,6400000,8000000,0.8,0.7999923891279246,0.005918676374073326,0.005552098049755053,0.005310121314119842,0.000366578324318273,0.0006085550599534834,1,1,1
indefinite_noisy_global,96100107,random_growth138,6400000,8000000,0.8,0.7999923891279246,0.005020011500349947,0.006834105169874427,0.005370101678778633,-0.0018140936695244803,-0.00035009017842868584,1,1,1
indefinite_noisy_global,96100108,random_growth138,6400000,8000000,0.8,0.7999923891279246,0.004261076945525716,0.0062470239359829205,0.006592901781220392,-0.0019859469904572047,-0.0023318248356946764,1,1,1
indefinite_noisy_global,96100109,random_growth138,6400000,8000000,0.8,0.7999923891279246,0.0050287575311559335,0.00454743455638662,0.0054005595427463055,0.0004813229747693132,-0.00037180201159037196,1,1,1
indefinite_noisy_global,96100110,random_growth138,6400000,8000000,0.8,0.7999923891279246,0.003210710899451019,0.006756670169586351,0.004521219705642093,-0.003545959270135332,-0.0013105088061910741,1,1,1
indefinite_noisy_global,96100111,random_growth138,6400000,8000000,0.8,0.7999923891279246,0.005478408421757022,0.005883055729435968,0.006052038299979759,-0.00040464730767894586,-0.0005736298782227367,1,1,1
indefinite_noisy_global,96100112,random_growth138,6400000,8000000,0.8,0.7999923891279246,0.007254096607484439,0.006173324152437015,0.005551687143409256,0.001080772455047424,0.001702409464075183,1,1,1
indefinite_noisy_global,96100113,random_growth138,6400000,8000000,0.8,0.7999923891279246,0.006499479346462861,0.00681743288991081,0.00620584067273347,-0.00031795354344794913,0.00029363867372939056,1,1,1
indefinite_noisy_global,96100114,random_growth138,6400000,8000000,0.8,0.7999923891279246,0.0059109431626082065,0.004621681350440721,0.004976228250222162,0.001289261812167486,0.0009347149123860449,1,1,1
indefinite_noisy_global,96100115,random_growth138,6400000,8000000,0.8,0.7999923891279246,0.006358585826164359,0.008017913386276582,0.007616024271644692,-0.0016593275601122226,-0.0012574384454803328,1,1,1
indefinite_noisy_global,96100116,random_growth138,6400000,8000000,0.8,0.7999923891279246,0.004262751268645407,0.005324564866195813,0.004980860166667822,-0.0010618135975504067,-0.0007181088980224154,1,1,1
indefinite_noisy_global,96100117,random_growth138,6400000,8000000,0.8,0.7999923891279246,0.009662371742910347,0.003937639268588269,0.006310945006024624,0.005724732474322078,0.0033514267368857237,1,1,1
indefinite_noisy_global,96100118,random_growth138,6400000,8000000,0.8,0.7999923891279246,0.005253566902975515,0.00684041424648596,0.0050559623181813396,-0.0015868473435104447,0.00019760458479417542,1,1,1
indefinite_noisy_global,96100119,random_growth138,6400000,8000000,0.8,0.7999923891279246,0.005520603089879006,0.00906171137842239,0.00760035025519995,-0.0035411082885433848,-0.0020797471653209443,1,1,1
indefinite_noisy_global,96100120,random_growth138,6400000,8000000,0.8,0.7999923891279246,0.004032489341132567,0.005130839092153269,0.00571103453727978,-0.0010983497510207024,-0.001678545196147213,1,1,1
indefinite_noisy_global,96100121,random_growth138,6400000,8000000,0.8,0.7999923891279246,0.005341146567138758,0.006957413338656307,0.010018440845125973,-0.0016162667715175494,-0.004677294277987215,1,1,0
indefinite_noisy_global,96100122,random_growth138,6400000,8000000,0.8,0.7999923891279246,0.004725167034346875,0.004751118128321408,0.006017399185505604,-2.595109397453277e-05,-0.0012922321511587287,1,1,1
indefinite_noisy_global,96100123,random_growth138,6400000,8000000,0.8,0.7999923891279246,0.006213529114589528,0.008147876142331992,0.006496797202381721,-0.001934347027742464,-0.00028326808779219337,1,1,1
indefinite_noisy_global,96100124,random_growth138,6400000,8000000,0.8,0.7999923891279246,0.008041473325091086,0.005266017463349343,0.005804486769183714,0.0027754558617417435,0.002236986555907372,1,1,1
indefinite_noisy_global,96100125,random_growth138,6400000,8000000,0.8,0.7999923891279246,0.004369658176541724,0.005081703180930444,0.006894927126781594,-0.00071204500438872,-0.00252526895023987,1,1,1
indefinite_noisy_global,96100126,random_growth138,6400000,8000000,0.8,0.7999923891279246,0.006148381821280621,0.005543301604214915,0.006439501058481498,0.0006050802170657066,-0.0002911192372008764,1,1,1
indefinite_noisy_global,96100127,random_growth138,6400000,8000000,0.8,0.7999923891279246,0.004935888193828619,0.010951569758327742,0.007938481885645138,-0.006015681564499123,-0.0030025936918165186,1,0,1
indefinite_noisy_global,96100128,random_growth138,6400000,8000000,0.8,0.7999923891279246,0.004312061723516669,0.007222017615773901,0.009247721676669401,-0.002909955892257232,-0.004935659953152732,1,1,1
indefinite_noisy_global,96100129,random_growth138,6400000,8000000,0.8,0.7999923891279246,0.009878696934606607,0.009457100306280997,0.008654213983158174,0.00042159662832561007,0.0012244829514484329,1,1,1
indefinite_noisy_global,96100130,random_growth138,6400000,8000000,0.8,0.7999923891279246,0.004288764552620589,0.0065506259111891285,0.007423796286063225,-0.00226186135856854,-0.0031350317334426364,1,1,1
indefinite_noisy_global,96100131,random_growth138,6400000,8000000,0.8,0.7999923891279246,0.005687981505922063,0.005873448595331648,0.004889259082202113,-0.00018546708940958556,0.0007987224237199497,1,1,1
indefinite_noisy_global,96100132,random_growth138,6400000,8000000,0.8,0.7999923891279246,0.0029134411351744854,0.005511385940109401,0.008635184545500607,-0.002597944804934915,-0.005721743410326122,1,1,1
indefinite_noisy_global,96100133,random_growth138,6400000,8000000,0.8,0.7999923891279246,0.005913278382991452,0.006687215024628337,0.008068829822492046,-0.0007739366416368854,-0.0021555514395005942,1,1,1
indefinite_noisy_global,96100134,random_growth138,6400000,8000000,0.8,0.7999923891279246,0.0048329757152091035,0.006295231874055229,0.006005625134256856,-0.0014622561588461258,-0.0011726494190477527,1,1,1
indefinite_noisy_global,96100135,random_growth138,6400000,8000000,0.8,0.7999923891279246,0.0050533699532100546,0.004485943371537265,0.006058387147541713,0.0005674265816727891,-0.0010050171943316588,1,1,1
indefinite_noisy_global,96100136,random_growth138,6400000,8000000,0.8,0.7999923891279246,0.0035753974406516342,0.0038620683536775002,0.004331167193615398,-0.000286670913025866,-0.0007557697529637641,1,1,1
indefinite_noisy_global,96100137,random_growth138,6400000,8000000,0.8,0.7999923891279246,0.004997340100710915,0.005388637768517002,0.006756395020642431,-0.000391297667806087,-0.0017590549199315159,1,1,1
indefinite_noisy_global,96100138,random_growth138,6400000,8000000,0.8,0.7999923891279246,0.00690208465513148,0.01065532274478892,0.007944167654641149,-0.00375323808965744,-0.0010420829995096692,1,0,1
indefinite_noisy_global,96100139,random_growth138,6400000,8000000,0.8,0.7999923891279246,0.0062402719282827895,0.005351562638118548,0.006446546187443891,0.0008887092901642413,-0.00020627425916110165,1,1,1
indefinite_noisy_global,96100140,random_growth138,6400000,8000000,0.8,0.7999923891279246,0.0035847114374157607,0.00489722203524251,0.0047246325932585875,-0.0013125105978267493,-0.0011399211558428268,1,1,1
indefinite_noisy_global,96100141,random_growth138,6400000,8000000,0.8,0.7999923891279246,0.004016983528514803,0.0037221292898264174,0.003182580364052834,0.00029485423868838567,0.0008344031644619693,1,1,1
indefinite_noisy_global,96100142,random_growth138,6400000,8000000,0.8,0.7999923891279246,0.006444647936338671,0.004896373351129066,0.00381081385641005,0.0015482745852096053,0.002633834079928621,1,1,1
indefinite_noisy_global,96100143,random_growth138,6400000,8000000,0.8,0.7999923891279246,0.004067956571968859,0.006094011532421867,0.006232697427717912,-0.002026054960453008,-0.0021647408557490533,1,1,1
indefinite_noisy_global,96100144,random_growth138,6400000,8000000,0.8,0.7999923891279246,0.004599619596416624,0.007399009162495612,0.005533547693803653,-0.0027993895660789886,-0.0009339280973870295,1,1,1
indefinite_noisy_global,96100145,random_growth138,6400000,8000000,0.8,0.7999923891279246,0.00431306666599264,0.005024367162142551,0.0035129938050498938,-0.0007113004961499109,0.0008000728609427465,1,1,1
indefinite_noisy_global,96100146,random_growth138,6400000,8000000,0.8,0.7999923891279246,0.005658158233675728,0.005844848945172967,0.004912652185300931,-0.00018669071149723937,0.0007455060483747972,1,1,1
indefinite_noisy_global,96100147,random_growth138,6400000,8000000,0.8,0.7999923891279246,0.0043300365701802734,0.0046030769103596325,0.00399954194771146,-0.0002730403401793591,0.0003304946224688132,1,1,1
indefinite_noisy_global,96100148,random_growth138,6400000,8000000,0.8,0.7999923891279246,0.005750344845748587,0.006852846185775294,0.00588457859179542,-0.001102501340026707,-0.00013423374604683291,1,1,1
indefinite_noisy_global,96100149,random_growth138,6400000,8000000,0.8,0.7999923891279246,0.006174393339517234,0.005993074822704489,0.007425631986021405,0.00018131851681274513,-0.0012512386465041714,1,1,1
indefinite_noisy_global,96100150,random_growth138,6400000,8000000,0.8,0.7999923891279246,0.0050983419250060225,0.0064962209814889565,0.006950695642805621,-0.001397879056482934,-0.0018523537177995986,1,1,1
indefinite_noisy_global,96100151,random_growth138,6400000,8000000,0.8,0.7999923891279246,0.005806176667969454,0.006709709591999083,0.011196308039823244,-0.0009035329240296291,-0.00539013137185379,1,1,0
indefinite_noisy_global,96100152,random_growth138,6400000,8000000,0.8,0.7999923891279246,0.005707497987173446,0.006318879318054624,0.004498324541842333,-0.0006113813308811777,0.0012091734453311132,1,1,1
indefinite_noisy_global,96100153,random_growth138,6400000,8000000,0.8,0.7999923891279246,0.004968161412035099,0.006697844113127058,0.006483991205844655,-0.0017296827010919585,-0.001515829793809556,1,1,1
indefinite_noisy_global,96100154,random_growth138,6400000,8000000,0.8,0.7999923891279246,0.005354314712464017,0.005370282661299117,0.005176246471543369,-1.5967948835099444e-05,0.000178068240920648,1,1,1
indefinite_noisy_global,96100155,random_growth138,6400000,8000000,0.8,0.7999923891279246,0.003334863436263963,0.006265283382072773,0.005805351427170341,-0.00293041994580881,-0.002470487990906378,1,1,1
indefinite_noisy_global,96100156,random_growth138,6400000,8000000,0.8,0.7999923891279246,0.006849294763754399,0.006785622106782074,0.00578003836710092,6.367265697232449e-05,0.0010692563966534785,1,1,1
indefinite_noisy_global,96100157,random_growth138,6400000,8000000,0.8,0.7999923891279246,0.005064561879453783,0.006619359179030088,0.006803207081935658,-0.0015547972995763049,-0.0017386452024818755,1,1,1
indefinite_noisy_global,96100158,random_growth138,6400000,8000000,0.8,0.7999923891279246,0.00642529870846105,0.006129551128911531,0.009467473448120392,0.00029574757954951847,-0.0030421747396593424,1,1,1
indefinite_noisy_global,96100159,random_growth138,6400000,8000000,0.8,0.7999923891279246,0.005912387660149496,0.008708631719657106,0.006870892739649179,-0.0027962440595076105,-0.000958505079499683,1,1,1
indefinite_noisy_global,96100160,random_growth138,6400000,8000000,0.8,0.7999923891279246,0.0038187805961708704,0.006034322017377927,0.005903720953997868,-0.0022155414212070568,-0.0020849403578269976,1,1,1
indefinite_noisy_global,96100161,random_growth138,6400000,8000000,0.8,0.7999923891279246,0.004947348796517745,0.005084616748514556,0.00361317714489362,-0.0001372679519968112,0.0013341716516241248,1,1,1
indefinite_noisy_global,96100162,random_growth138,6400000,8000000,0.8,0.7999923891279246,0.007537218701597931,0.006201552288281828,0.006285617936209423,0.0013356664133161028,0.001251600765388508,1,1,1
indefinite_noisy_global,96100163,random_growth138,6400000,8000000,0.8,0.7999923891279246,0.00515117635843422,0.005592615694011482,0.006071655475432633,-0.0004414393355772622,-0.0009204791169984128,1,1,1
indefinite_noisy_global,96100164,random_growth138,6400000,8000000,0.8,0.7999923891279246,0.005484933703650052,0.005791922392004198,0.006145477901266558,-0.0003069886883541456,-0.0006605441976165055,1,1,1
indefinite_noisy_global,96100165,random_growth138,6400000,8000000,0.8,0.7999923891279246,0.004684858967527655,0.006078601483539531,0.00640504448778334,-0.0013937425160118755,-0.0017201855202556848,1,1,1
indefinite_noisy_global,96100166,random_growth138,6400000,8000000,0.8,0.7999923891279246,0.005568490591789738,0.00628371023848269,0.006621287630703951,-0.0007152196466929522,-0.0010527970389142133,1,1,1
indefinite_noisy_global,96100167,random_growth138,6400000,8000000,0.8,0.7999923891279246,0.00446072314837298,0.003795451545931819,0.0043841202272718455,0.0006652716024411615,7.660292110113487e-05,1,1,1
indefinite_noisy_global,96100168,random_growth138,6400000,8000000,0.8,0.7999923891279246,0.008627809813002901,0.007394636753725245,0.005068086990775669,0.0012331730592776563,0.003559722822227232,1,1,1
indefinite_noisy_global,96100169,random_growth138,6400000,8000000,0.8,0.7999923891279246,0.0038659534879970786,0.005136269911331051,0.005828564527865426,-0.0012703164233339725,-0.0019626110398683477,1,1,1
indefinite_noisy_global,96100170,random_growth138,6400000,8000000,0.8,0.7999923891279246,0.004700066724237187,0.006009379937460285,0.006382258526521967,-0.0013093132132230983,-0.0016821918022847798,1,1,1
indefinite_noisy_global,96100171,random_growth138,6400000,8000000,0.8,0.7999923891279246,0.004189203152732579,0.0072468899177289825,0.004630218851111381,-0.0030576867649964035,-0.00044101569837880217,1,1,1
indefinite_noisy_global,96100172,random_growth138,6400000,8000000,0.8,0.7999923891279246,0.005819607675350932,0.005233356256848273,0.005232136314654606,0.000586251418502659,0.0005874713606963261,1,1,1
indefinite_noisy_global,96100173,random_growth138,6400000,8000000,0.8,0.7999923891279246,0.004983718105602178,0.0058543592768802305,0.005479185249171084,-0.0008706411712780526,-0.0004954671435689062,1,1,1
indefinite_noisy_global,96100174,random_growth138,6400000,8000000,0.8,0.7999923891279246,0.004607498902970242,0.006739889720090375,0.006774679648578044,-0.0021323908171201333,-0.0021671807456078024,1,1,1
indefinite_noisy_global,96100175,random_growth138,6400000,8000000,0.8,0.7999923891279246,0.004074114008641924,0.006959311929561285,0.009772328354175464,-0.0028851979209193607,-0.005698214345533539,1,1,1
indefinite_noisy_global,96100176,random_growth138,6400000,8000000,0.8,0.7999923891279246,0.0052426962713521125,0.005193972198021257,0.006271184530086363,4.8724073330855266e-05,-0.0010284882587342503,1,1,1
indefinite_noisy_global,96100177,random_growth138,6400000,8000000,0.8,0.7999923891279246,0.005100268273075317,0.00402003308281608,0.0038934286439734206,0.0010802351902592378,0.0012068396291018968,1,1,1
indefinite_noisy_global,96100178,random_growth138,6400000,8000000,0.8,0.7999923891279246,0.005288613793692595,0.005354020131238771,0.006382323742436746,-6.540633754617553e-05,-0.001093709948744151,1,1,1
indefinite_noisy_global,96100179,random_growth138,6400000,8000000,0.8,0.7999923891279246,0.005251997525694663,0.005368113229928556,0.006804460430017964,-0.00011611570423389339,-0.0015524629043233013,1,1,1
indefinite_noisy_global,96100180,random_growth138,6400000,8000000,0.8,0.7999923891279246,0.006019992054205087,0.007821501710100945,0.007788251591052703,-0.0018015096558958582,-0.0017682595368476162,1,1,1
indefinite_noisy_global,96100181,random_growth138,6400000,8000000,0.8,0.7999923891279246,0.003534183624060619,0.0030115044505732713,0.003725239955771259,0.0005226791734873476,-0.00019105633171064007,1,1,1
indefinite_noisy_global,96100182,random_growth138,6400000,8000000,0.8,0.7999923891279246,0.003446451589448077,0.007474174077370541,0.010113509599238318,-0.004027722487922464,-0.0066670580097902415,1,1,0
indefinite_noisy_global,96100183,random_growth138,6400000,8000000,0.8,0.7999923891279246,0.004395054660559436,0.00780676193629945,0.0067328417098170695,-0.003411707275740014,-0.0023377870492576336,1,1,1
indefinite_noisy_global,96100184,random_growth138,6400000,8000000,0.8,0.7999923891279246,0.009931914303880907,0.01070961497931669,0.008576179350512594,-0.0007777006754357829,0.0013557349533683122,1,0,1
indefinite_noisy_global,96100185,random_growth138,6400000,8000000,0.8,0.7999923891279246,0.00502559750519023,0.004871201039259324,0.006109781876547635,0.00015439646593090606,-0.001084184371357405,1,1,1
indefinite_noisy_global,96100186,random_growth138,6400000,8000000,0.8,0.7999923891279246,0.004508506704694826,0.005296259621554875,0.005294444938251874,-0.0007877529168600489,-0.0007859382335570486,1,1,1
indefinite_noisy_global,96100187,random_growth138,6400000,8000000,0.8,0.7999923891279246,0.005455272835518235,0.004342640996594205,0.008030998236033982,0.0011126318389240303,-0.0025757254005157465,1,1,1
indefinite_noisy_global,96100188,random_growth138,6400000,8000000,0.8,0.7999923891279246,0.007739733520577177,0.008654819785244017,0.009115551205176958,-0.0009150862646668395,-0.001375817684599781,1,1,1
indefinite_noisy_global,96100189,random_growth138,6400000,8000000,0.8,0.7999923891279246,0.0044498933704671395,0.004554229241111388,0.005699686789574054,-0.00010433587064424821,-0.0012497934191069149,1,1,1
indefinite_noisy_global,96100190,random_growth138,6400000,8000000,0.8,0.7999923891279246,0.006471985699918081,0.004525642221101106,0.006481356733188476,0.0019463434788169753,-9.371033270394458e-06,1,1,1
indefinite_noisy_global,96100191,random_growth138,6400000,8000000,0.8,0.7999923891279246,0.00466516449509391,0.007813440103693406,0.005673642910911811,-0.003148275608599496,-0.001008478415817901,1,1,1
indefinite_noisy_global,96100192,random_growth138,6400000,8000000,0.8,0.7999923891279246,0.007961235274315373,0.005830310337892483,0.009265891328805523,0.00213092493642289,-0.0013046560544901498,1,1,1
indefinite_noisy_global,96100193,random_growth138,6400000,8000000,0.8,0.7999923891279246,0.004239290614805422,0.006367226234997372,0.004106173962924856,-0.002127935620191951,0.00013311665188056598,1,1,1
indefinite_noisy_global,96100194,random_growth138,6400000,8000000,0.8,0.7999923891279246,0.007385666791811074,0.005011572279607607,0.004888824331379882,0.0023740945122034673,0.0024968424604311923,1,1,1
indefinite_noisy_global,96100195,random_growth138,6400000,8000000,0.8,0.7999923891279246,0.005491797067115889,0.00422122826333661,0.004892726747351098,0.001270568803779279,0.0005990703197647912,1,1,1
indefinite_noisy_global,96100196,random_growth138,6400000,8000000,0.8,0.7999923891279246,0.003738115509173315,0.007625729244105345,0.0051445749165559135,-0.00388761373493203,-0.0014064594073825987,1,1,1
indefinite_noisy_global,96100197,random_growth138,6400000,8000000,0.8,0.7999923891279246,0.006753097140600031,0.005840019235587593,0.0066704079406425115,0.0009130779050124382,8.268919995751967e-05,1,1,1
indefinite_noisy_global,96100198,random_growth138,6400000,8000000,0.8,0.7999923891279246,0.004562584270782349,0.005933397964614243,0.006855842815720728,-0.0013708136938318932,-0.0022932585449383786,1,1,1
indefinite_noisy_global,96100199,random_growth138,6400000,8000000,0.8,0.7999923891279246,0.0038614035938868835,0.004769207475103579,0.00536036846099186,-0.0009078038812166955,-0.0014989648671049766,1,1,1
indefinite_noisy_global,96100200,random_growth138,6400000,8000000,0.8,0.7999923891279246,0.005332580358880984,0.005582987750572588,0.006060112598048326,-0.00025040739169160386,-0.0007275322391673417,1,1,1
indefinite_noisy_global,96100201,random_growth138,6400000,8000000,0.8,0.7999923891279246,0.005968502077237814,0.005961275349315412,0.006451381948724341,7.2267279224019765e-06,-0.00048287987148652733,1,1,1
indefinite_noisy_global,96100202,random_growth138,6400000,8000000,0.8,0.7999923891279246,0.005364265746964317,0.008052869766879217,0.007358398503637439,-0.0026886040199149003,-0.0019941327566731226,1,1,1
indefinite_noisy_global,96100203,random_growth138,6400000,8000000,0.8,0.7999923891279246,0.003648722397034218,0.005537428949258516,0.005572956939367352,-0.001888706552224298,-0.0019242345423331336,1,1,1
indefinite_noisy_global,96100204,random_growth138,6400000,8000000,0.8,0.7999923891279246,0.004256179426932863,0.005189136445182152,0.00377116691040022,-0.0009329570182492891,0.000485012516532643,1,1,1
indefinite_noisy_global,96100205,random_growth138,6400000,8000000,0.8,0.7999923891279246,0.007683949114027366,0.0064271408927005225,0.007645364330531826,0.0012568082213268439,3.858478349554051e-05,1,1,1
indefinite_noisy_global,96100206,random_growth138,6400000,8000000,0.8,0.7999923891279246,0.008837859158519368,0.007914688700299974,0.010203809241986314,0.0009231704582193939,-0.0013659500834669464,1,1,0
indefinite_noisy_global,96100207,random_growth138,6400000,8000000,0.8,0.7999923891279246,0.006861387455332338,0.006626856511531845,0.004956253710217018,0.00023453094380049277,0.00190513374511532,1,1,1
indefinite_noisy_global,96100208,random_growth138,6400000,8000000,0.8,0.7999923891279246,0.00585193083903672,0.007274016085923693,0.0064107866149177295,-0.0014220852468869727,-0.0005588557758810092,1,1,1
indefinite_noisy_global,96100209,random_growth138,6400000,8000000,0.8,0.7999923891279246,0.00853832813173025,0.011394438768734791,0.012833679401748566,-0.0028561106370045414,-0.004295351270018316,1,0,0
indefinite_noisy_global,96100210,random_growth138,6400000,8000000,0.8,0.7999923891279246,0.00396946364946639,0.005588760961852748,0.006057399396525387,-0.0016192973123863585,-0.002087935747058997,1,1,1
indefinite_noisy_global,96100211,random_growth138,6400000,8000000,0.8,0.7999923891279246,0.005604803309835746,0.006260430815326998,0.010517634625424085,-0.0006556275054912519,-0.00491283131558834,1,1,0
indefinite_noisy_global,96100212,random_growth138,6400000,8000000,0.8,0.7999923891279246,0.007872168156607434,0.010254762168604659,0.005526025057383907,-0.0023825940119972244,0.002346143099223527,1,0,1
indefinite_noisy_global,96100213,random_growth138,6400000,8000000,0.8,0.7999923891279246,0.006314448394185282,0.008655521356261728,0.007793486226823923,-0.002341072962076446,-0.001479037832638641,1,1,1
indefinite_noisy_global,96100214,random_growth138,6400000,8000000,0.8,0.7999923891279246,0.0034748930929159316,0.0037307632912175342,0.005144406480765709,-0.0002558701983016026,-0.0016695133878497775,1,1,1
indefinite_noisy_global,96100215,random_growth138,6400000,8000000,0.8,0.7999923891279246,0.003658602818219475,0.005077634990428195,0.006594178270292211,-0.0014190321722087201,-0.002935575452072736,1,1,1
indefinite_noisy_global,96100216,random_growth138,6400000,8000000,0.8,0.7999923891279246,0.006098006577409748,0.006984895584236664,0.006526119065980135,-0.0008868890068269158,-0.00042811248857038686,1,1,1
indefinite_noisy_global,96100217,random_growth138,6400000,8000000,0.8,0.7999923891279246,0.0038702566655832993,0.004595798082510871,0.005015773158024775,-0.000725541416927572,-0.0011455164924414757,1,1,1
indefinite_noisy_global,96100218,random_growth138,6400000,8000000,0.8,0.7999923891279246,0.0041709827628555185,0.006581656901659849,0.006540380914611038,-0.0024106741388043307,-0.0023693981517555196,1,1,1
indefinite_noisy_global,96100219,random_growth138,6400000,8000000,0.8,0.7999923891279246,0.0063685368672832116,0.007431355068023698,0.005503224765182432,-0.0010628182007404868,0.0008653121021007792,1,1,1
indefinite_noisy_global,96100220,random_growth138,6400000,8000000,0.8,0.7999923891279246,0.003516858987659785,0.005325960165055085,0.003820826076066486,-0.0018091011773953003,-0.00030396708840670084,1,1,1
indefinite_noisy_global,96100221,random_growth138,6400000,8000000,0.8,0.7999923891279246,0.004824699817247119,0.005772060772630677,0.00605917941688712,-0.0009473609553835582,-0.001234479599640001,1,1,1
indefinite_noisy_global,96100222,random_growth138,6400000,8000000,0.8,0.7999923891279246,0.0062655959366371,0.005284559587905427,0.005495695566470546,0.0009810363487316731,0.0007699003701665541,1,1,1
indefinite_noisy_global,96100223,random_growth138,6400000,8000000,0.8,0.7999923891279246,0.0064378585267393235,0.008854969071036056,0.007421349088026344,-0.0024171105442967328,-0.0009834905612870204,1,1,1
indefinite_noisy_global,96100224,random_growth138,6400000,8000000,0.8,0.7999923891279246,0.0047576484698448746,0.0055873274210953144,0.0057825679405721225,-0.0008296789512504399,-0.001024919470727248,1,1,1
indefinite_noisy_global,96100225,random_growth138,6400000,8000000,0.8,0.7999923891279246,0.004156092951641779,0.005773643028320799,0.00486096937101077,-0.0016175500766790196,-0.000704876419368991,1,1,1
indefinite_noisy_global,96100226,random_growth138,6400000,8000000,0.8,0.7999923891279246,0.004530622394015152,0.005617965969523825,0.004815712909665315,-0.001087343575508673,-0.0002850905156501632,1,1,1
indefinite_noisy_global,96100227,random_growth138,6400000,8000000,0.8,0.7999923891279246,0.006733002967551693,0.005310988607980918,0.0045239593711731,0.0014220143595707752,0.002209043596378593,1,1,1
indefinite_noisy_global,96100228,random_growth138,6400000,8000000,0.8,0.7999923891279246,0.006184745992278307,0.0058381427522159884,0.006275754703100614,0.00034660324006231813,-9.100871082230733e-05,1,1,1
indefinite_noisy_global,96100229,random_growth138,6400000,8000000,0.8,0.7999923891279246,0.004172364816949756,0.005967453131353537,0.0045699141152683725,-0.001795088314403781,-0.00039754929831861685,1,1,1
indefinite_noisy_global,96100230,random_growth138,6400000,8000000,0.8,0.7999923891279246,0.003192686207784151,0.004736954522550407,0.007140412718253955,-0.0015442683147662561,-0.003947726510469804,1,1,1
indefinite_noisy_global,96100231,random_growth138,6400000,8000000,0.8,0.7999923891279246,0.006200547884859062,0.006776097072481405,0.00865165469565729,-0.0005755491876223429,-0.0024511068107982287,1,1,1
indefinite_noisy_global,96100232,random_growth138,6400000,8000000,0.8,0.7999923891279246,0.006847437206140061,0.007445689677603687,0.0069138836167459555,-0.0005982524714636256,-6.644641060589429e-05,1,1,1
indefinite_noisy_global,96100233,random_growth138,6400000,8000000,0.8,0.7999923891279246,0.0043157405741151705,0.004830502732919517,0.004570053920231687,-0.0005147621588043466,-0.00025431334611651646,1,1,1
indefinite_noisy_global,96100234,random_growth138,6400000,8000000,0.8,0.7999923891279246,0.004893480908188044,0.004875445366851361,0.004097145694590146,1.803554133668339e-05,0.0007963352135978985,1,1,1
indefinite_noisy_global,96100235,random_growth138,6400000,8000000,0.8,0.7999923891279246,0.004051191766606857,0.006154119004251474,0.007209469722225081,-0.0021029272376446168,-0.0031582779556182244,1,1,1
indefinite_noisy_global,96100236,random_growth138,6400000,8000000,0.8,0.7999923891279246,0.0039887775132455144,0.005490497011635384,0.004475622794082132,-0.0015017194983898696,-0.0004868452808366175,1,1,1
indefinite_noisy_global,96100237,random_growth138,6400000,8000000,0.8,0.7999923891279246,0.0044441361401242885,0.004716937484376141,0.005167584706430903,-0.0002728013442518523,-0.0007234485663066142,1,1,1
indefinite_noisy_global,96100238,random_growth138,6400000,8000000,0.8,0.7999923891279246,0.006307341284790796,0.0057880998432158215,0.009817842025199225,0.0005192414415749746,-0.0035105007404084287,1,1,1
indefinite_noisy_global,96100239,random_growth138,6400000,8000000,0.8,0.7999923891279246,0.004176737799016159,0.007994726272198646,0.006349187112968099,-0.0038179884731824876,-0.0021724493139519407,1,1,1
indefinite_noisy_global,96100240,random_growth138,6400000,8000000,0.8,0.7999923891279246,0.006109573134672433,0.007266491188941737,0.007093013981838328,-0.0011569180542693042,-0.000983440847165895,1,1,1
indefinite_noisy_global,96100241,random_growth138,6400000,8000000,0.8,0.7999923891279246,0.004421080406215264,0.005035427489144512,0.004941255251078289,-0.000614347082929248,-0.000520174844863025,1,1,1
indefinite_noisy_global,96100242,random_growth138,6400000,8000000,0.8,0.7999923891279246,0.005238399339387412,0.006086394794767941,0.004738518207045822,-0.0008479954553805291,0.0004998811323415897,1,1,1
indefinite_noisy_global,96100243,random_growth138,6400000,8000000,0.8,0.7999923891279246,0.004590920359969108,0.004074017889743556,0.0035584065237080076,0.0005169024702255526,0.0010325138362611008,1,1,1
indefinite_noisy_global,96100244,random_growth138,6400000,8000000,0.8,0.7999923891279246,0.005872347742627335,0.006956722166610543,0.006828973350221285,-0.0010843744239832087,-0.00095662560759395,1,1,1
indefinite_noisy_global,96100245,random_growth138,6400000,8000000,0.8,0.7999923891279246,0.004964924216056987,0.006956767609833103,0.004892106206847588,-0.001991843393776116,7.28180092093994e-05,1,1,1
indefinite_noisy_global,96100246,random_growth138,6400000,8000000,0.8,0.7999923891279246,0.0060240461313500054,0.006297877621386741,0.005379450869585273,-0.00027383149003673557,0.0006445952617647327,1,1,1
indefinite_noisy_global,96100247,random_growth138,6400000,8000000,0.8,0.7999923891279246,0.00558131594799928,0.005516877293576791,0.0058667011913754175,6.443865442248842e-05,-0.0002853852433761378,1,1,1
indefinite_noisy_global,96100248,random_growth138,6400000,8000000,0.8,0.7999923891279246,0.0073067350176389545,0.005984230131255125,0.006961535543063557,0.0013225048863838296,0.00034519947457539724,1,1,1
indefinite_noisy_global,96100249,random_growth138,6400000,8000000,0.8,0.7999923891279246,0.004509055294579081,0.004803578151951385,0.0068239303069508594,-0.00029452285737230355,-0.002314875012371778,1,1,1
indefinite_noisy_global,96100250,random_growth138,6400000,8000000,0.8,0.7999923891279246,0.0034684538963020844,0.005403507402667165,0.006742950877809378,-0.0019350535063650809,-0.003274496981507294,1,1,1
indefinite_noisy_global,96100251,random_growth138,6400000,8000000,0.8,0.7999923891279246,0.0046532559538212115,0.0066463187184802874,0.004910403585497811,-0.001993062764659076,-0.00025714763167659915,1,1,1
indefinite_noisy_global,96100252,random_growth138,6400000,8000000,0.8,0.7999923891279246,0.004894070181225202,0.006301940427384911,0.011398595050922361,-0.0014078702461597092,-0.006504524869697159,1,1,0
indefinite_noisy_global,96100253,random_growth138,6400000,8000000,0.8,0.7999923891279246,0.003709191589584701,0.005452347483121081,0.005242280393428597,-0.00174315589353638,-0.0015330888038438961,1,1,1
indefinite_noisy_global,96100254,random_growth138,6400000,8000000,0.8,0.7999923891279246,0.0063709773982726925,0.005959551530020646,0.009051762573939387,0.00041142586825204663,-0.0026807851756666945,1,1,1
indefinite_noisy_global,96100255,random_growth138,6400000,8000000,0.8,0.7999923891279246,0.005687823935037015,0.005497657951482368,0.006564182408448568,0.00019016598355464653,-0.0008763584734115537,1,1,1
indefinite_noisy_global,96100000,fixed7,6400000,8000000,0.8,0.7999864462482581,0.00673204831673864,0.00446046967250531,0.004814291692870551,0.0022715786442333297,0.0019177566238680888,1,1,1
indefinite_noisy_global,96100001,fixed7,6400000,8000000,0.8,0.7999864462482581,0.00316036128365009,0.004051282963192501,0.006216494506843029,-0.0008909216795424113,-0.003056133223192939,1,1,1
indefinite_noisy_global,96100002,fixed7,6400000,8000000,0.8,0.7999864462482581,0.005247200355009529,0.005749855318932823,0.005168544717361084,-0.0005026549639232936,7.865563764844485e-05,1,1,1
indefinite_noisy_global,96100003,fixed7,6400000,8000000,0.8,0.7999864462482581,0.004542141847993009,0.5996798412480348,0.6040810374346768,-0.5951376994000417,-0.5995388955866838,1,0,0
indefinite_noisy_global,96100004,fixed7,6400000,8000000,0.8,0.7999864462482581,0.006673180797023795,0.004991930526169239,0.006231935267786634,0.0016812502708545563,0.00044124552923716087,1,1,1
indefinite_noisy_global,96100005,fixed7,6400000,8000000,0.8,0.7999864462482581,0.006563683520809868,0.006500509057532591,0.007997297750841362,6.317446327727683e-05,-0.0014336142300314936,1,1,1
indefinite_noisy_global,96100006,fixed7,6400000,8000000,0.8,0.7999864462482581,0.005337441058253706,0.008125052619501902,0.007062013391297445,-0.002787611561248196,-0.001724572333043739,1,1,1
indefinite_noisy_global,96100007,fixed7,6400000,8000000,0.8,0.7999864462482581,0.004685189429757902,0.004970437742219891,0.006274937965550481,-0.0002852483124619887,-0.001589748535792579,1,1,1
indefinite_noisy_global,96100008,fixed7,6400000,8000000,0.8,0.7999864462482581,0.006044825744302082,0.003283875193409558,0.004058444783022308,0.002760950550892524,0.001986380961279774,1,1,1
indefinite_noisy_global,96100009,fixed7,6400000,8000000,0.8,0.7999864462482581,0.004502519151620685,0.0037945939293294456,0.0038400251753627768,0.0007079252222912391,0.000662493976257908,1,1,1
indefinite_noisy_global,96100010,fixed7,6400000,8000000,0.8,0.7999864462482581,0.003723888872276107,0.006667569006281265,0.004250733949531155,-0.0029436801340051583,-0.0005268450772550476,1,1,1
indefinite_noisy_global,96100011,fixed7,6400000,8000000,0.8,0.7999864462482581,0.004694265960798194,0.004157228184807363,0.00489603288865903,0.0005370377759908312,-0.00020176692786083583,1,1,1
indefinite_noisy_global,96100012,fixed7,6400000,8000000,0.8,0.7999864462482581,0.005785063446060959,0.007707501892336002,0.005525857400201811,-0.0019224384462750432,0.00025920604585914775,1,1,1
indefinite_noisy_global,96100013,fixed7,6400000,8000000,0.8,0.7999864462482581,0.0045110790051015315,0.004775635600189954,0.004758647179105138,-0.0002645565950884221,-0.00024756817400360676,1,1,1
indefinite_noisy_global,96100014,fixed7,6400000,8000000,0.8,0.7999864462482581,0.006146047960532683,0.007109536148863685,0.006491084056476526,-0.000963488188331002,-0.0003450360959438431,1,1,1
indefinite_noisy_global,96100015,fixed7,6400000,8000000,0.8,0.7999864462482581,0.005768501227742584,0.005019953284776571,0.004875538398320264,0.000748547942966013,0.0008929628294223196,1,1,1
indefinite_noisy_global,96100016,fixed7,6400000,8000000,0.8,0.7999864462482581,0.004338185996355895,0.004034413278488469,0.005749818557511777,0.000303772717867426,-0.0014116325611558816,1,1,1
indefinite_noisy_global,96100017,fixed7,6400000,8000000,0.8,0.7999864462482581,0.004728552439056469,0.005588064166095641,0.006052606348677922,-0.0008595117270391722,-0.0013240539096214532,1,1,1
indefinite_noisy_global,96100018,fixed7,6400000,8000000,0.8,0.7999864462482581,0.005308600337297395,0.003919932464618692,0.004773088422784108,0.0013886678726787033,0.000535511914513287,1,1,1
indefinite_noisy_global,96100019,fixed7,6400000,8000000,0.8,0.7999864462482581,0.0056524031899305716,0.0053504102473604515,0.004573258432791993,0.0003019929425701201,0.0010791447571385782,1,1,1
indefinite_noisy_global,96100020,fixed7,6400000,8000000,0.8,0.7999864462482581,0.005115877241389052,0.005751570279876786,0.006780363961561314,-0.0006356930384877335,-0.0016644867201722618,1,1,1
indefinite_noisy_global,96100021,fixed7,6400000,8000000,0.8,0.7999864462482581,0.0053468254423088835,0.005154249900833671,0.005029730112982453,0.00019257554147521228,0.0003170953293264306,1,1,1
indefinite_noisy_global,96100022,fixed7,6400000,8000000,0.8,0.7999864462482581,0.008954381678636228,0.008794017129402143,0.006369282938926316,0.00016036454923408494,0.0025850987397099123,1,1,1
indefinite_noisy_global,96100023,fixed7,6400000,8000000,0.8,0.7999864462482581,0.0052820479911079715,0.006496391140754079,0.008828417859940318,-0.0012143431496461077,-0.003546369868832347,1,1,1
indefinite_noisy_global,96100024,fixed7,6400000,8000000,0.8,0.7999864462482581,0.0048505992160462336,0.004968756094468771,0.004119308931267857,-0.0001181568784225373,0.000731290284778377,1,1,1
indefinite_noisy_global,96100025,fixed7,6400000,8000000,0.8,0.7999864462482581,0.005316629465500156,0.08880917404891897,0.08914522411599524,-0.08349254458341882,-0.08382859465049508,1,0,0
indefinite_noisy_global,96100026,fixed7,6400000,8000000,0.8,0.7999864462482581,0.005772058323134585,0.006359105067780771,0.0060055772079979225,-0.0005870467446461858,-0.00023351888486333738,1,1,1
indefinite_noisy_global,96100027,fixed7,6400000,8000000,0.8,0.7999864462482581,0.005007837068012944,0.0064449897416783,0.006506898517378026,-0.0014371526736653567,-0.0014990614493650828,1,1,1
indefinite_noisy_global,96100028,fixed7,6400000,8000000,0.8,0.7999864462482581,0.004954865105871453,0.004028696424763681,0.004079436369159459,0.0009261686811077724,0.0008754287367119945,1,1,1
indefinite_noisy_global,96100029,fixed7,6400000,8000000,0.8,0.7999864462482581,0.005218027245819851,0.004508277426340801,0.004918839963046512,0.0007097498194790497,0.00029918728277333884,1,1,1
indefinite_noisy_global,96100030,fixed7,6400000,8000000,0.8,0.7999864462482581,0.0056788242553818535,0.0058064126337058625,0.007182783646910787,-0.00012758837832400893,-0.0015039593915289334,1,1,1
indefinite_noisy_global,96100031,fixed7,6400000,8000000,0.8,0.7999864462482581,0.0038559149073598142,0.004858999152457619,0.004166865030895195,-0.0010030842450978045,-0.00031095012353538065,1,1,1
indefinite_noisy_global,96100032,fixed7,6400000,8000000,0.8,0.7999864462482581,0.008691306483295816,0.006061144228595078,0.006924675288652871,0.002630162254700738,0.0017666311946429453,1,1,1
indefinite_noisy_global,96100033,fixed7,6400000,8000000,0.8,0.7999864462482581,0.0042653344507836005,0.0048737980981787415,0.005043019856667094,-0.000608463647395141,-0.0007776854058834937,1,1,1
indefinite_noisy_global,96100034,fixed7,6400000,8000000,0.8,0.7999864462482581,0.003576418563066827,0.003879418673597382,0.004899886545647214,-0.00030300011053055464,-0.001323467982580387,1,1,1
indefinite_noisy_global,96100035,fixed7,6400000,8000000,0.8,0.7999864462482581,0.005258954051890571,0.005768118793984242,0.005598825680894912,-0.0005091647420936707,-0.0003398716290043402,1,1,1
indefinite_noisy_global,96100036,fixed7,6400000,8000000,0.8,0.7999864462482581,0.004801093078446353,0.005717684133427575,0.004316407966306543,-0.0009165910549812223,0.0004846851121398099,1,1,1
indefinite_noisy_global,96100037,fixed7,6400000,8000000,0.8,0.7999864462482581,0.003061912605661063,0.005317970396334831,0.0037657677288717023,-0.0022560577906737683,-0.0007038551232106394,1,1,1
indefinite_noisy_global,96100038,fixed7,6400000,8000000,0.8,0.7999864462482581,0.005295744932960186,0.005246078721604611,0.005888137479002395,4.9666211355575696e-05,-0.0005923925460422086,1,1,1
indefinite_noisy_global,96100039,fixed7,6400000,8000000,0.8,0.7999864462482581,0.005483531124607019,0.0044144757725790434,0.0026181393076956105,0.0010690553520279755,0.0028653918169114084,1,1,1
indefinite_noisy_global,96100040,fixed7,6400000,8000000,0.8,0.7999864462482581,0.004907884987182115,0.003952651847804078,0.0034511228667562788,0.0009552331393780367,0.0014567621204258363,1,1,1
indefinite_noisy_global,96100041,fixed7,6400000,8000000,0.8,0.7999864462482581,0.005146329147493411,0.006890608227147529,0.004577304093073983,-0.001744279079654118,0.0005690250544194281,1,1,1
indefinite_noisy_global,96100042,fixed7,6400000,8000000,0.8,0.7999864462482581,0.006529275859708722,0.004434778063927572,0.004510312905705097,0.00209449779578115,0.0020189629540036252,1,1,1
indefinite_noisy_global,96100043,fixed7,6400000,8000000,0.8,0.7999864462482581,0.0069742572745059295,0.004537502545695654,0.00692831858569995,0.0024367547288102753,4.5938688805979844e-05,1,1,1
indefinite_noisy_global,96100044,fixed7,6400000,8000000,0.8,0.7999864462482581,0.00380866775723597,0.005419021508164798,0.003967428871089626,-0.001610353750928828,-0.000158761113853656,1,1,1
indefinite_noisy_global,96100045,fixed7,6400000,8000000,0.8,0.7999864462482581,0.003789649730115169,0.004920790018853344,0.004661373117499978,-0.001131140288738175,-0.0008717233873848096,1,1,1
indefinite_noisy_global,96100046,fixed7,6400000,8000000,0.8,0.7999864462482581,0.006121179941432839,0.004324031867152758,0.0059475366550785225,0.0017971480742800805,0.00017364328635431636,1,1,1
indefinite_noisy_global,96100047,fixed7,6400000,8000000,0.8,0.7999864462482581,0.004545139365222314,0.00559790503716219,0.005341283948141581,-0.001052765671939876,-0.000796144582919267,1,1,1
indefinite_noisy_global,96100048,fixed7,6400000,8000000,0.8,0.7999864462482581,0.004885120496432402,0.0035879954050704876,0.0049126059462840654,0.0012971250913619142,-2.7485449851663568e-05,1,1,1
indefinite_noisy_global,96100049,fixed7,6400000,8000000,0.8,0.7999864462482581,0.005581534476708436,0.005580725728524569,0.0040763878662729985,8.08748183867003e-07,0.0015051466104354372,1,1,1
indefinite_noisy_global,96100050,fixed7,6400000,8000000,0.8,0.7999864462482581,0.004471386084072715,0.00639317822216616,0.0044332296827056805,-0.001921792138093445,3.8156401367034354e-05,1,1,1
indefinite_noisy_global,96100051,fixed7,6400000,8000000,0.8,0.7999864462482581,0.00549913076837967,0.006776638278505873,0.005717729180085826,-0.0012775075101262023,-0.00021859841170615568,1,1,1
indefinite_noisy_global,96100052,fixed7,6400000,8000000,0.8,0.7999864462482581,0.005860812092178619,0.004522379132536933,0.005216954133137358,0.001338432959641686,0.0006438579590412608,1,1,1
indefinite_noisy_global,96100053,fixed7,6400000,8000000,0.8,0.7999864462482581,0.006249317812374311,0.005725316306521205,0.006239248909738815,0.0005240015058531056,1.0068902635496091e-05,1,1,1
indefinite_noisy_global,96100054,fixed7,6400000,8000000,0.8,0.7999864462482581,0.0046582245931382354,0.00551566380646161,0.004990947798524617,-0.0008574392133233744,-0.00033272320538638156,1,1,1
indefinite_noisy_global,96100055,fixed7,6400000,8000000,0.8,0.7999864462482581,0.0069883245805831,0.0067773941886537376,0.006262124484178039,0.00021093039192936203,0.0007262000964050608,1,1,1
indefinite_noisy_global,96100056,fixed7,6400000,8000000,0.8,0.7999864462482581,0.006231062825761552,0.004970915842312976,0.005964317932948285,0.0012601469834485762,0.0002667448928132671,1,1,1
indefinite_noisy_global,96100057,fixed7,6400000,8000000,0.8,0.7999864462482581,0.007398378058251789,0.005590351590118309,0.005820098486431599,0.0018080264681334807,0.0015782795718201903,1,1,1
indefinite_noisy_global,96100058,fixed7,6400000,8000000,0.8,0.7999864462482581,0.004707701905510245,0.0036433212729744258,0.0033814091338475877,0.001064380632535819,0.0013262927716626571,1,1,1
indefinite_noisy_global,96100059,fixed7,6400000,8000000,0.8,0.7999864462482581,0.004665007382129591,0.0037094434469387705,0.005229362260116999,0.0009555639351908202,-0.000564354877987408,1,1,1
indefinite_noisy_global,96100060,fixed7,6400000,8000000,0.8,0.7999864462482581,0.005612636701310389,0.004782733632464287,0.0053006525064920595,0.0008299030688461023,0.0003119841948183294,1,1,1
indefinite_noisy_global,96100061,fixed7,6400000,8000000,0.8,0.7999864462482581,0.00800055578398405,0.00523336928935883,0.005216075975142481,0.0027671864946252206,0.0027844798088415695,1,1,1
indefinite_noisy_global,96100062,fixed7,6400000,8000000,0.8,0.7999864462482581,0.006592599448822248,0.006300098285090094,0.0050063278999242095,0.0002925011637321534,0.0015862715488980383,1,1,1
indefinite_noisy_global,96100063,fixed7,6400000,8000000,0.8,0.7999864462482581,0.006141593860544248,0.08330077343050704,0.08979569004428525,-0.0771591795699628,-0.083654096183741,1,0,0
indefinite_noisy_global,96100064,fixed7,6400000,8000000,0.8,0.7999864462482581,0.005309947837725121,0.006439851799099408,0.004379503656167946,-0.0011299039613742873,0.0009304441815571746,1,1,1
indefinite_noisy_global,96100065,fixed7,6400000,8000000,0.8,0.7999864462482581,0.004632493870593779,0.0069722593142718114,0.006483320858701375,-0.0023397654436780324,-0.0018508269881075956,1,1,1
indefinite_noisy_global,96100066,fixed7,6400000,8000000,0.8,0.7999864462482581,0.00479278319642043,0.005773391993644933,0.003998900897203422,-0.0009806087972245026,0.000793882299217008,1,1,1
indefinite_noisy_global,96100067,fixed7,6400000,8000000,0.8,0.7999864462482581,0.0037619806379949605,0.0032693163121422786,0.004332540711130511,0.0004926643258526819,-0.0005705600731355509,1,1,1
indefinite_noisy_global,96100068,fixed7,6400000,8000000,0.8,0.7999864462482581,0.00450844738346802,0.0045957073188021835,0.005594020300918365,-8.725993533416354e-05,-0.0010855729174503448,1,1,1
indefinite_noisy_global,96100069,fixed7,6400000,8000000,0.8,0.7999864462482581,0.005282212175878681,0.6002021176050649,0.6005131026480026,-0.5949199054291863,-0.595230890472124,1,0,0
indefinite_noisy_global,96100070,fixed7,6400000,8000000,0.8,0.7999864462482581,0.007728973991900492,0.004436997484656535,0.0060370041030888555,0.003291976507243957,0.001691969888811637,1,1,1
indefinite_noisy_global,96100071,fixed7,6400000,8000000,0.8,0.7999864462482581,0.0055585166878485,0.003811049391679852,0.006316954286354731,0.0017474672961686477,-0.0007584375985062314,1,1,1
indefinite_noisy_global,96100072,fixed7,6400000,8000000,0.8,0.7999864462482581,0.004926279721955723,0.004480537642612345,0.005495707240784464,0.00044574207934337806,-0.0005694275188287412,1,1,1
indefinite_noisy_global,96100073,fixed7,6400000,8000000,0.8,0.7999864462482581,0.003685109817371232,0.00479823624641279,0.0046863258735527075,-0.0011131264290415582,-0.0010012160561814754,1,1,1
indefinite_noisy_global,96100074,fixed7,6400000,8000000,0.8,0.7999864462482581,0.005728636527490061,0.007278821873263383,0.006138733994920653,-0.0015501853457733222,-0.0004100974674305924,1,1,1
indefinite_noisy_global,96100075,fixed7,6400000,8000000,0.8,0.7999864462482581,0.00353638135888798,0.003927765263113725,0.00335880313706996,-0.000391383904225745,0.00017757822181801997,1,1,1
indefinite_noisy_global,96100076,fixed7,6400000,8000000,0.8,0.7999864462482581,0.004414082059143815,0.00597494457065996,0.005501433935422226,-0.001560862511516145,-0.0010873518762784112,1,1,1
indefinite_noisy_global,96100077,fixed7,6400000,8000000,0.8,0.7999864462482581,0.004623386231583759,0.004701755652466055,0.0036792860157188606,-7.836942088229604e-05,0.0009441002158648987,1,1,1
indefinite_noisy_global,96100078,fixed7,6400000,8000000,0.8,0.7999864462482581,0.006932063556020787,0.004581154040491156,0.006593201949691013,0.002350909515529631,0.0003388616063297739,1,1,1
indefinite_noisy_global,96100079,fixed7,6400000,8000000,0.8,0.7999864462482581,0.004612165210859748,0.004744591601552425,0.005868577500225236,-0.0001324263906926776,-0.0012564122893654883,1,1,1
indefinite_noisy_global,96100080,fixed7,6400000,8000000,0.8,0.7999864462482581,0.006702710717540833,0.005197000710912766,0.005590253319546878,0.0015057100066280665,0.0011124573979939545,1,1,1
indefinite_noisy_global,96100081,fixed7,6400000,8000000,0.8,0.7999864462482581,0.0044506364196949255,0.0047134493340216105,0.005053998497181106,-0.00026281291432668497,-0.0006033620774861803,1,1,1
indefinite_noisy_global,96100082,fixed7,6400000,8000000,0.8,0.7999864462482581,0.005141833283876254,0.005927574003934108,0.005348631020130029,-0.0007857407200578537,-0.00020679773625377484,1,1,1
indefinite_noisy_global,96100083,fixed7,6400000,8000000,0.8,0.7999864462482581,0.0057879283461536035,0.00496375557715345,0.004081922114448702,0.0008241727690001532,0.0017060062317049013,1,1,1
indefinite_noisy_global,96100084,fixed7,6400000,8000000,0.8,0.7999864462482581,0.006781143708097334,0.006082545440089321,0.005707550483992671,0.0006985982680080133,0.001073593224104663,1,1,1
indefinite_noisy_global,96100085,fixed7,6400000,8000000,0.8,0.7999864462482581,0.0063842555628124825,0.00560803789291868,0.005052646562823476,0.0007762176698938028,0.0013316089999890063,1,1,1
indefinite_noisy_global,96100086,fixed7,6400000,8000000,0.8,0.7999864462482581,0.0036837200396527547,0.0044028117760101515,0.0047491392659268356,-0.0007190917363573968,-0.0010654192262740808,1,1,1
indefinite_noisy_global,96100087,fixed7,6400000,8000000,0.8,0.7999864462482581,0.006298161484576917,0.006622985718931121,0.005613765498019521,-0.00032482423435420404,0.0006843959865573956,1,1,1
indefinite_noisy_global,96100088,fixed7,6400000,8000000,0.8,0.7999864462482581,0.003760350072993371,0.0032009920292316446,0.0032821244562776797,0.0005593580437617263,0.0004782256167156912,1,1,1
indefinite_noisy_global,96100089,fixed7,6400000,8000000,0.8,0.7999864462482581,0.005368554338986489,0.00568784115615488,0.004854329226747778,-0.00031928681716839047,0.0005142251122387115,1,1,1
indefinite_noisy_global,96100090,fixed7,6400000,8000000,0.8,0.7999864462482581,0.005445955245342193,0.005932001841002232,0.004650805449892659,-0.00048604659566003905,0.0007951497954495346,1,1,1
indefinite_noisy_global,96100091,fixed7,6400000,8000000,0.8,0.7999864462482581,0.005940495295410547,0.00469075892527776,0.004950100633320409,0.0012497363701327868,0.0009903946620901383,1,1,1
indefinite_noisy_global,96100092,fixed7,6400000,8000000,0.8,0.7999864462482581,0.005624398911622225,0.006599341825919536,0.004588931205444527,-0.000974942914297311,0.001035467706177698,1,1,1
indefinite_noisy_global,96100093,fixed7,6400000,8000000,0.8,0.7999864462482581,0.005834845531571722,0.006540502479422061,0.005594549363763662,-0.0007056569478503388,0.00024029616780806007,1,1,1
indefinite_noisy_global,96100094,fixed7,6400000,8000000,0.8,0.7999864462482581,0.005756509674674629,0.0051468671359301,0.003581617947722243,0.0006096425387445287,0.0021748917269523854,1,1,1
indefinite_noisy_global,96100095,fixed7,6400000,8000000,0.8,0.7999864462482581,0.007416942641088664,0.007473178831183577,0.004957694037411142,-5.623619009491321e-05,0.002459248603677522,1,1,1
indefinite_noisy_global,96100096,fixed7,6400000,8000000,0.8,0.7999864462482581,0.006063272888675114,0.0036791904082913024,0.004033499671815072,0.0023840824803838118,0.0020297732168600424,1,1,1
indefinite_noisy_global,96100097,fixed7,6400000,8000000,0.8,0.7999864462482581,0.005831142731161587,0.005857277960583024,0.0053102161576881746,-2.6135229421436756e-05,0.0005209265734734125,1,1,1
indefinite_noisy_global,96100098,fixed7,6400000,8000000,0.8,0.7999864462482581,0.004411864939009746,0.00431460000612964,0.004769120629455101,9.726493288010618e-05,-0.00035725569044535443,1,1,1
indefinite_noisy_global,96100099,fixed7,6400000,8000000,0.8,0.7999864462482581,0.006564538298660799,0.004967005682960754,0.00494499634375202,0.0015975326157000452,0.0016195419549087792,1,1,1
indefinite_noisy_global,96100100,fixed7,6400000,8000000,0.8,0.7999864462482581,0.004181906559340101,0.005906035555971051,0.006213701643910122,-0.0017241289966309498,-0.0020317950845700206,1,1,1
indefinite_noisy_global,96100101,fixed7,6400000,8000000,0.8,0.7999864462482581,0.005779631200390087,0.006172551727894479,0.004556794466607103,-0.0003929205275043923,0.0012228367337829837,1,1,1
indefinite_noisy_global,96100102,fixed7,6400000,8000000,0.8,0.7999864462482581,0.0032993311930680225,0.004166573244274274,0.005363859816148633,-0.0008672420512062518,-0.002064528623080611,1,1,1
indefinite_noisy_global,96100103,fixed7,6400000,8000000,0.8,0.7999864462482581,0.006111981468094968,0.005090052130463499,0.003709096129058523,0.0010219293376314692,0.002402885339036445,1,1,1
indefinite_noisy_global,96100104,fixed7,6400000,8000000,0.8,0.7999864462482581,0.0036709631705395124,0.006068282154990862,0.005386628873452523,-0.0023973189844513493,-0.0017156657029130107,1,1,1
indefinite_noisy_global,96100105,fixed7,6400000,8000000,0.8,0.7999864462482581,0.0069961159363884085,0.006298549932462247,0.09447035451424463,0.0006975660039261616,-0.08747423857785622,1,1,0
indefinite_noisy_global,96100106,fixed7,6400000,8000000,0.8,0.7999864462482581,0.005918676374073326,0.0047822507278117155,0.00595723473156011,0.0011364256462616101,-3.855835748678427e-05,1,1,1
indefinite_noisy_global,96100107,fixed7,6400000,8000000,0.8,0.7999864462482581,0.005020011500349947,0.004870096605980992,0.006275406811787593,0.0001499148943689549,-0.001255395311437646,1,1,1
indefinite_noisy_global,96100108,fixed7,6400000,8000000,0.8,0.7999864462482581,0.004261076945525716,0.006053536897918224,0.005541486049780525,-0.0017924599523925083,-0.0012804091042548094,1,1,1
indefinite_noisy_global,96100109,fixed7,6400000,8000000,0.8,0.7999864462482581,0.0050287575311559335,0.0055663558595067525,0.004707837941931289,-0.000537598328350819,0.00032091958922464414,1,1,1
indefinite_noisy_global,96100110,fixed7,6400000,8000000,0.8,0.7999864462482581,0.003210710899451019,0.00510034618601915,0.004540222531231014,-0.001889635286568131,-0.0013295116317799949,1,1,1
indefinite_noisy_global,96100111,fixed7,6400000,8000000,0.8,0.7999864462482581,0.005478408421757022,0.0039179821274411,0.004639489445913983,0.0015604262943159225,0.0008389189758430393,1,1,1
indefinite_noisy_global,96100112,fixed7,6400000,8000000,0.8,0.7999864462482581,0.007254096607484439,0.0046510094961821485,0.004897615213736661,0.0026030871113022908,0.002356481393747778,1,1,1
indefinite_noisy_global,96100113,fixed7,6400000,8000000,0.8,0.7999864462482581,0.006499479346462861,0.0048713817747137594,0.004616541753024603,0.0016280975717491014,0.001882937593438258,1,1,1
indefinite_noisy_global,96100114,fixed7,6400000,8000000,0.8,0.7999864462482581,0.0059109431626082065,0.0041117350017046556,0.00420251066919311,0.001799208160903551,0.0017084324934150963,1,1,1
indefinite_noisy_global,96100115,fixed7,6400000,8000000,0.8,0.7999864462482581,0.006358585826164359,0.0054916510235201305,0.004962538812781123,0.0008669348026442286,0.0013960470133832364,1,1,1
indefinite_noisy_global,96100116,fixed7,6400000,8000000,0.8,0.7999864462482581,0.004262751268645407,0.004191514415524428,0.003015620656418583,7.123685312097894e-05,0.0012471306122268239,1,1,1
indefinite_noisy_global,96100117,fixed7,6400000,8000000,0.8,0.7999864462482581,0.009662371742910347,0.003805347668476386,0.004366837374140828,0.005857024074433961,0.0052955343687695194,1,1,1
indefinite_noisy_global,96100118,fixed7,6400000,8000000,0.8,0.7999864462482581,0.005253566902975515,0.00525295718290511,0.004050740538935296,6.097200704047179e-07,0.0012028263640402187,1,1,1
indefinite_noisy_global,96100119,fixed7,6400000,8000000,0.8,0.7999864462482581,0.005520603089879006,0.00475395944562261,0.005234980892867044,0.0007666436442563956,0.00028562219701196156,1,1,1
indefinite_noisy_global,96100120,fixed7,6400000,8000000,0.8,0.7999864462482581,0.004032489341132567,0.005351816342675647,0.004351031805614622,-0.0013193270015430802,-0.00031854246448205503,1,1,1
indefinite_noisy_global,96100121,fixed7,6400000,8000000,0.8,0.7999864462482581,0.005341146567138758,0.007256675877824234,0.009796995005291936,-0.0019155293106854765,-0.004455848438153179,1,1,1
indefinite_noisy_global,96100122,fixed7,6400000,8000000,0.8,0.7999864462482581,0.004725167034346875,0.006179217832190373,0.006987282777888945,-0.001454050797843498,-0.0022621157435420702,1,1,1
indefinite_noisy_global,96100123,fixed7,6400000,8000000,0.8,0.7999864462482581,0.006213529114589528,0.005368616751500382,0.007477450370925745,0.0008449123630891453,-0.0012639212563362173,1,1,1
indefinite_noisy_global,96100124,fixed7,6400000,8000000,0.8,0.7999864462482581,0.008041473325091086,0.0054107764857653645,0.005377804658567006,0.002630696839325722,0.00266366866652408,1,1,1
indefinite_noisy_global,96100125,fixed7,6400000,8000000,0.8,0.7999864462482581,0.004369658176541724,0.0888407443344991,0.08901161680719452,-0.08447108615795737,-0.0846419586306528,1,0,0
indefinite_noisy_global,96100126,fixed7,6400000,8000000,0.8,0.7999864462482581,0.006148381821280621,0.005060494172150085,0.00516264831211051,0.0010878876491305367,0.0009857335091701114,1,1,1
indefinite_noisy_global,96100127,fixed7,6400000,8000000,0.8,0.7999864462482581,0.004935888193828619,0.006626192347189738,0.007237687903579662,-0.001690304153361119,-0.002301799709751043,1,1,1
indefinite_noisy_global,96100128,fixed7,6400000,8000000,0.8,0.7999864462482581,0.004312061723516669,0.005242172389776992,0.005602451343528755,-0.0009301106662603226,-0.0012903896200120862,1,1,1
indefinite_noisy_global,96100129,fixed7,6400000,8000000,0.8,0.7999864462482581,0.009878696934606607,0.007229007581364813,0.006730557231266351,0.0026496893532417937,0.0031481397033402553,1,1,1
indefinite_noisy_global,96100130,fixed7,6400000,8000000,0.8,0.7999864462482581,0.004288764552620589,0.004939751356330069,0.004624052341332355,-0.0006509868037094801,-0.0003352877887117661,1,1,1
indefinite_noisy_global,96100131,fixed7,6400000,8000000,0.8,0.7999864462482581,0.005687981505922063,0.005974646823200369,0.005991741164519643,-0.00028666531727830624,-0.0003037596585975799,1,1,1
indefinite_noisy_global,96100132,fixed7,6400000,8000000,0.8,0.7999864462482581,0.0029134411351744854,0.004322991208285373,0.00434780265964714,-0.0014095500731108879,-0.0014343615244726549,1,1,1
indefinite_noisy_global,96100133,fixed7,6400000,8000000,0.8,0.7999864462482581,0.005913278382991452,0.00694545610232622,0.00851276992964102,-0.0010321777193347675,-0.0025994915466495683,1,1,1
indefinite_noisy_global,96100134,fixed7,6400000,8000000,0.8,0.7999864462482581,0.0048329757152091035,0.00451139139138354,0.004952791432845438,0.00032158432382556335,-0.00011981571763633458,1,1,1
indefinite_noisy_global,96100135,fixed7,6400000,8000000,0.8,0.7999864462482581,0.0050533699532100546,0.0038433740536218536,0.004135498694604847,0.001209995899588201,0.0009178712586052074,1,1,1
indefinite_noisy_global,96100136,fixed7,6400000,8000000,0.8,0.7999864462482581,0.0035753974406516342,0.08501967144890782,0.08697186321486758,-0.08144427400825618,-0.08339646577421594,1,0,0
indefinite_noisy_global,96100137,fixed7,6400000,8000000,0.8,0.7999864462482581,0.004997340100710915,0.004822090988367139,0.004998537667969816,0.0001752491123437755,-1.1975672589009667e-06,1,1,1
indefinite_noisy_global,96100138,fixed7,6400000,8000000,0.8,0.7999864462482581,0.00690208465513148,0.0064481161325258,0.006174384385275414,0.00045396852260568,0.0007277002698560658,1,1,1
indefinite_noisy_global,96100139,fixed7,6400000,8000000,0.8,0.7999864462482581,0.0062402719282827895,0.00458357184314355,0.00528761730588842,0.00165670008513924,0.0009526546223943694,1,1,1
indefinite_noisy_global,96100140,fixed7,6400000,8000000,0.8,0.7999864462482581,0.0035847114374157607,0.005093741064151822,0.0039550315200837655,-0.001509029626736061,-0.00037032008266800476,1,1,1
indefinite_noisy_global,96100141,fixed7,6400000,8000000,0.8,0.7999864462482581,0.004016983528514803,0.0033055051174817884,0.003753006042665319,0.0007114784110330147,0.0002639774858494842,1,1,1
indefinite_noisy_global,96100142,fixed7,6400000,8000000,0.8,0.7999864462482581,0.006444647936338671,0.0037447318076252595,0.003801029407184728,0.0026999161287134116,0.0026436185291539432,1,1,1
indefinite_noisy_global,96100143,fixed7,6400000,8000000,0.8,0.7999864462482581,0.004067956571968859,0.004730149404906833,0.004019376187582177,-0.0006621928329379745,4.858038438668166e-05,1,1,1
indefinite_noisy_global,96100144,fixed7,6400000,8000000,0.8,0.7999864462482581,0.004599619596416624,0.006552319318659405,0.004643844004750042,-0.0019526997222427817,-4.422440833341812e-05,1,1,1
indefinite_noisy_global,96100145,fixed7,6400000,8000000,0.8,0.7999864462482581,0.00431306666599264,0.005028846538341208,0.0034312967204984807,-0.0007157798723485681,0.0008817699454941597,1,1,1
indefinite_noisy_global,96100146,fixed7,6400000,8000000,0.8,0.7999864462482581,0.005658158233675728,0.004900677371621906,0.0045726417701961175,0.000757480862053822,0.0010855164634796105,1,1,1
indefinite_noisy_global,96100147,fixed7,6400000,8000000,0.8,0.7999864462482581,0.0043300365701802734,0.00281940150344831,0.00280986610677951,0.0015106350667319635,0.0015201704634007634,1,1,1
indefinite_noisy_global,96100148,fixed7,6400000,8000000,0.8,0.7999864462482581,0.005750344845748587,0.007588608755218204,0.006696103744149487,-0.0018382639094696174,-0.0009457588984009002,1,1,1
indefinite_noisy_global,96100149,fixed7,6400000,8000000,0.8,0.7999864462482581,0.006174393339517234,0.004122554285623595,0.005812062803991963,0.0020518390538936393,0.00036233053552527095,1,1,1
indefinite_noisy_global,96100150,fixed7,6400000,8000000,0.8,0.7999864462482581,0.0050983419250060225,0.005240799661062431,0.006075793499707313,-0.00014245773605640888,-0.0009774515747012907,1,1,1
indefinite_noisy_global,96100151,fixed7,6400000,8000000,0.8,0.7999864462482581,0.005806176667969454,0.005091765188329558,0.006846368965239338,0.0007144114796398954,-0.0010401922972698846,1,1,1
indefinite_noisy_global,96100152,fixed7,6400000,8000000,0.8,0.7999864462482581,0.005707497987173446,0.004936200303735996,0.006961330892201412,0.0007712976834374496,-0.0012538329050279656,1,1,1
indefinite_noisy_global,96100153,fixed7,6400000,8000000,0.8,0.7999864462482581,0.004968161412035099,0.005688566387981958,0.005107549506211645,-0.0007204049759468589,-0.00013938809417654574,1,1,1
indefinite_noisy_global,96100154,fixed7,6400000,8000000,0.8,0.7999864462482581,0.005354314712464017,0.004374058255517302,0.004292002423425215,0.0009802564569467154,0.0010623122890388026,1,1,1
indefinite_noisy_global,96100155,fixed7,6400000,8000000,0.8,0.7999864462482581,0.003334863436263963,0.08743183588394735,0.08677871751186841,-0.08409697244768338,-0.08344385407560445,1,0,0
indefinite_noisy_global,96100156,fixed7,6400000,8000000,0.8,0.7999864462482581,0.006849294763754399,0.00669692016895268,0.004613917073008261,0.00015237459480171855,0.0022353776907461376,1,1,1
indefinite_noisy_global,96100157,fixed7,6400000,8000000,0.8,0.7999864462482581,0.005064561879453783,0.006152789984408852,0.005702768953788337,-0.001088228104955069,-0.0006382070743345541,1,1,1
indefinite_noisy_global,96100158,fixed7,6400000,8000000,0.8,0.7999864462482581,0.00642529870846105,0.005715246773972907,0.006304629440777948,0.0007100519344881429,0.00012066926768310171,1,1,1
indefinite_noisy_global,96100159,fixed7,6400000,8000000,0.8,0.7999864462482581,0.005912387660149496,0.006556413213263099,0.007038095538733122,-0.000644025553113603,-0.001125707878583626,1,1,1
indefinite_noisy_global,96100160,fixed7,6400000,8000000,0.8,0.7999864462482581,0.0038187805961708704,0.0895132166703978,0.08685521224300685,-0.08569443607422693,-0.08303643164683598,1,0,0
indefinite_noisy_global,96100161,fixed7,6400000,8000000,0.8,0.7999864462482581,0.004947348796517745,0.005447078817897105,0.004838269820708882,-0.0004997300213793604,0.00010907897580886283,1,1,1
indefinite_noisy_global,96100162,fixed7,6400000,8000000,0.8,0.7999864462482581,0.007537218701597931,0.0061189474461815635,0.08961430644756263,0.0014182712554163673,-0.0820770877459647,1,1,0
indefinite_noisy_global,96100163,fixed7,6400000,8000000,0.8,0.7999864462482581,0.00515117635843422,0.004305298142905228,0.004631110909068897,0.0008458782155289918,0.0005200654493653228,1,1,1
indefinite_noisy_global,96100164,fixed7,6400000,8000000,0.8,0.7999864462482581,0.005484933703650052,0.0052813472962070784,0.00530141192143635,0.00020358640744297385,0.00018352178221370252,1,1,1
indefinite_noisy_global,96100165,fixed7,6400000,8000000,0.8,0.7999864462482581,0.004684858967527655,0.005728182327512224,0.00513724792955135,-0.0010433233599845687,-0.00045238896202369483,1,1,1
indefinite_noisy_global,96100166,fixed7,6400000,8000000,0.8,0.7999864462482581,0.005568490591789738,0.004860937090586992,0.006449555126182699,0.0007075535012027456,-0.0008810645343929613,1,1,1
indefinite_noisy_global,96100167,fixed7,6400000,8000000,0.8,0.7999864462482581,0.00446072314837298,0.003920999389416119,0.0032770521743597097,0.0005397237589568615,0.0011836709740132706,1,1,1
indefinite_noisy_global,96100168,fixed7,6400000,8000000,0.8,0.7999864462482581,0.008627809813002901,0.0065494127037432764,0.005405999786592314,0.002078397109259625,0.0032218100264105876,1,1,1
indefinite_noisy_global,96100169,fixed7,6400000,8000000,0.8,0.7999864462482581,0.0038659534879970786,0.006356289447609964,0.006994053719133531,-0.0024903359596128855,-0.003128100231136452,1,1,1
indefinite_noisy_global,96100170,fixed7,6400000,8000000,0.8,0.7999864462482581,0.004700066724237187,0.006089487745624372,0.008614664573759312,-0.0013894210213871855,-0.003914597849522125,1,1,1
indefinite_noisy_global,96100171,fixed7,6400000,8000000,0.8,0.7999864462482581,0.004189203152732579,0.00391080417952995,0.004068073341680925,0.00027839897320262874,0.00012112981105165399,1,1,1
indefinite_noisy_global,96100172,fixed7,6400000,8000000,0.8,0.7999864462482581,0.005819607675350932,0.0037418938020920833,0.004637931017854202,0.002077713873258849,0.0011816766574967302,1,1,1
indefinite_noisy_global,96100173,fixed7,6400000,8000000,0.8,0.7999864462482581,0.004983718105602178,0.005669653392098739,0.005440257082355626,-0.0006859352864965612,-0.00045653897675344834,1,1,1
indefinite_noisy_global,96100174,fixed7,6400000,8000000,0.8,0.7999864462482581,0.004607498902970242,0.0050739382880200246,0.004847776579941787,-0.0004664393850497828,-0.00024027767697154534,1,1,1
indefinite_noisy_global,96100175,fixed7,6400000,8000000,0.8,0.7999864462482581,0.004074114008641924,0.19281765827917427,0.19083457703312265,-0.18874354427053236,-0.18676046302448074,1,0,0
indefinite_noisy_global,96100176,fixed7,6400000,8000000,0.8,0.7999864462482581,0.0052426962713521125,0.005267327774187036,0.005112110631285527,-2.4631502834923658e-05,0.00013058564006658557,1,1,1
indefinite_noisy_global,96100177,fixed7,6400000,8000000,0.8,0.7999864462482581,0.005100268273075317,0.0066281775421158234,0.004774886796163988,-0.001527909269040506,0.00032538147691132946,1,1,1
indefinite_noisy_global,96100178,fixed7,6400000,8000000,0.8,0.7999864462482581,0.005288613793692595,0.002826082812656061,0.003313315817815965,0.0024625309810365342,0.0019752979758766304,1,1,1
indefinite_noisy_global,96100179,fixed7,6400000,8000000,0.8,0.7999864462482581,0.005251997525694663,0.0037182004076961594,0.004774007932606877,0.0015337971179985033,0.0004779895930877853,1,1,1
indefinite_noisy_global,96100180,fixed7,6400000,8000000,0.8,0.7999864462482581,0.006019992054205087,0.00718461120260154,0.008915908037059855,-0.0011646191483964535,-0.0028959159828547687,1,1,1
indefinite_noisy_global,96100181,fixed7,6400000,8000000,0.8,0.7999864462482581,0.003534183624060619,0.003951509619613436,0.0027430574492490617,-0.0004173259955528169,0.0007911261748115572,1,1,1
indefinite_noisy_global,96100182,fixed7,6400000,8000000,0.8,0.7999864462482581,0.003446451589448077,0.004905144503592779,0.003746227360796217,-0.001458692914144702,-0.00029977577134814026,1,1,1
indefinite_noisy_global,96100183,fixed7,6400000,8000000,0.8,0.7999864462482581,0.004395054660559436,0.005247180319531253,0.0041726052232640976,-0.0008521256589718168,0.0002224494372953384,1,1,1
indefinite_noisy_global,96100184,fixed7,6400000,8000000,0.8,0.7999864462482581,0.009931914303880907,0.008818688385538481,0.008083885351273454,0.0011132259183424253,0.0018480289526074528,1,1,1
indefinite_noisy_global,96100185,fixed7,6400000,8000000,0.8,0.7999864462482581,0.00502559750519023,0.08483266031570702,0.08446896757900146,-0.07980706281051679,-0.07944337007381123,1,0,0
indefinite_noisy_global,96100186,fixed7,6400000,8000000,0.8,0.7999864462482581,0.004508506704694826,0.0028597290562709793,0.003514414876494343,0.0016487776484238464,0.000994091828200483,1,1,1
indefinite_noisy_global,96100187,fixed7,6400000,8000000,0.8,0.7999864462482581,0.005455272835518235,0.004511901856174019,0.004781039813511467,0.0009433709793442158,0.0006742330220067677,1,1,1
indefinite_noisy_global,96100188,fixed7,6400000,8000000,0.8,0.7999864462482581,0.007739733520577177,0.009916210858873939,0.006819192062858748,-0.0021764773382967617,0.0009205414577184295,1,1,1
indefinite_noisy_global,96100189,fixed7,6400000,8000000,0.8,0.7999864462482581,0.0044498933704671395,0.004972038296179676,0.004089968634021016,-0.0005221449257125366,0.0003599247364461239,1,1,1
indefinite_noisy_global,96100190,fixed7,6400000,8000000,0.8,0.7999864462482581,0.006471985699918081,0.004091947126361545,0.005015633550943047,0.0023800385735565366,0.0014563521489750347,1,1,1
indefinite_noisy_global,96100191,fixed7,6400000,8000000,0.8,0.7999864462482581,0.00466516449509391,0.005782115928817513,0.004798282548641883,-0.0011169514337236036,-0.00013311805354797313,1,1,1
indefinite_noisy_global,96100192,fixed7,6400000,8000000,0.8,0.7999864462482581,0.007961235274315373,0.006822246309050789,0.008193209441729132,0.001138988965264584,-0.0002319741674137593,1,1,1
indefinite_noisy_global,96100193,fixed7,6400000,8000000,0.8,0.7999864462482581,0.004239290614805422,0.003935127439934752,0.0031381981345551674,0.0003041631748706697,0.0011010924802502542,1,1,1
indefinite_noisy_global,96100194,fixed7,6400000,8000000,0.8,0.7999864462482581,0.007385666791811074,0.004544203028002222,0.004661526098698493,0.002841463763808852,0.002724140693112581,1,1,1
indefinite_noisy_global,96100195,fixed7,6400000,8000000,0.8,0.7999864462482581,0.005491797067115889,0.003979605164510638,0.004792727783135539,0.0015121919026052505,0.0006990692839803497,1,1,1
indefinite_noisy_global,96100196,fixed7,6400000,8000000,0.8,0.7999864462482581,0.003738115509173315,0.006108762731543302,0.004752735729758942,-0.002370647222369987,-0.001014620220585627,1,1,1
indefinite_noisy_global,96100197,fixed7,6400000,8000000,0.8,0.7999864462482581,0.006753097140600031,0.004327161519862011,0.005375829188844994,0.0024259356207380206,0.0013772679517550374,1,1,1
indefinite_noisy_global,96100198,fixed7,6400000,8000000,0.8,0.7999864462482581,0.004562584270782349,0.005147886163260007,0.005349667525258783,-0.0005853018924776576,-0.0007870832544764339,1,1,1
indefinite_noisy_global,96100199,fixed7,6400000,8000000,0.8,0.7999864462482581,0.0038614035938868835,0.004367561960052807,0.006397132077217385,-0.0005061583661659236,-0.0025357284833305016,1,1,1
indefinite_noisy_global,96100200,fixed7,6400000,8000000,0.8,0.7999864462482581,0.005332580358880984,0.004603452273500203,0.004763739944769307,0.0007291280853807813,0.0005688404141116765,1,1,1
indefinite_noisy_global,96100201,fixed7,6400000,8000000,0.8,0.7999864462482581,0.005968502077237814,0.005494410586678364,0.005331141263681824,0.0004740914905594501,0.00063736081355599,1,1,1
indefinite_noisy_global,96100202,fixed7,6400000,8000000,0.8,0.7999864462482581,0.005364265746964317,0.006451269028789744,0.007950911184452972,-0.0010870032818254272,-0.002586645437488655,1,1,1
indefinite_noisy_global,96100203,fixed7,6400000,8000000,0.8,0.7999864462482581,0.003648722397034218,0.004005728500463129,0.006195408010802941,-0.00035700610342891126,-0.0025466856137687233,1,1,1
indefinite_noisy_global,96100204,fixed7,6400000,8000000,0.8,0.7999864462482581,0.004256179426932863,0.005400952706290638,0.004533721828216847,-0.0011447732793577747,-0.0002775424012839839,1,1,1
indefinite_noisy_global,96100205,fixed7,6400000,8000000,0.8,0.7999864462482581,0.007683949114027366,0.006623258066304483,0.006489442784111857,0.0010606910477228837,0.0011945063299155095,1,1,1
indefinite_noisy_global,96100206,fixed7,6400000,8000000,0.8,0.7999864462482581,0.008837859158519368,0.007510851320419468,0.007949910818867423,0.0013270078380999,0.000887948339651945,1,1,1
indefinite_noisy_global,96100207,fixed7,6400000,8000000,0.8,0.7999864462482581,0.006861387455332338,0.006022212544880473,0.004910427747643165,0.0008391749104518648,0.0019509597076891733,1,1,1
indefinite_noisy_global,96100208,fixed7,6400000,8000000,0.8,0.7999864462482581,0.00585193083903672,0.004089544844590454,0.005204247318208344,0.0017623859944462666,0.0006476835208283765,1,1,1
indefinite_noisy_global,96100209,fixed7,6400000,8000000,0.8,0.7999864462482581,0.00853832813173025,0.0064908997458930084,0.006079419718461751,0.002047428385837241,0.0024589084132684985,1,1,1
indefinite_noisy_global,96100210,fixed7,6400000,8000000,0.8,0.7999864462482581,0.00396946364946639,0.004820462799129552,0.005143470051345203,-0.0008509991496631619,-0.0011740064018788132,1,1,1
indefinite_noisy_global,96100211,fixed7,6400000,8000000,0.8,0.7999864462482581,0.005604803309835746,0.0052856854712097084,0.01079365171174898,0.0003191178386260374,-0.005188848401913235,1,1,0
indefinite_noisy_global,96100212,fixed7,6400000,8000000,0.8,0.7999864462482581,0.007872168156607434,0.007311035356135559,0.006628352508355917,0.0005611328004718752,0.0012438156482515172,1,1,1
indefinite_noisy_global,96100213,fixed7,6400000,8000000,0.8,0.7999864462482581,0.006314448394185282,0.006183200746291612,0.0050142643066972,0.00013124764789367027,0.0013001840874880821,1,1,1
indefinite_noisy_global,96100214,fixed7,6400000,8000000,0.8,0.7999864462482581,0.0034748930929159316,0.0045076479344084985,0.004440759791021279,-0.001032754841492567,-0.0009658666981053471,1,1,1
indefinite_noisy_global,96100215,fixed7,6400000,8000000,0.8,0.7999864462482581,0.003658602818219475,0.004745037431279228,0.004589539739096454,-0.001086434613059753,-0.0009309369208769791,1,1,1
indefinite_noisy_global,96100216,fixed7,6400000,8000000,0.8,0.7999864462482581,0.006098006577409748,0.005529892119508245,0.006392904560239901,0.0005681144579015029,-0.0002948979828301529,1,1,1
indefinite_noisy_global,96100217,fixed7,6400000,8000000,0.8,0.7999864462482581,0.0038702566655832993,0.004426817371772404,0.004827245320991422,-0.0005565607061891048,-0.0009569886554081225,1,1,1
indefinite_noisy_global,96100218,fixed7,6400000,8000000,0.8,0.7999864462482581,0.0041709827628555185,0.006104468361729232,0.005725551882598309,-0.0019334855988737132,-0.0015545691197427908,1,1,1
indefinite_noisy_global,96100219,fixed7,6400000,8000000,0.8,0.7999864462482581,0.0063685368672832116,0.006574256455480779,0.004999519950134673,-0.00020571958819756708,0.0013690169171485383,1,1,1
indefinite_noisy_global,96100220,fixed7,6400000,8000000,0.8,0.7999864462482581,0.003516858987659785,0.004074906732743994,0.00446077238842231,-0.0005580477450842086,-0.0009439134007625249,1,1,1
indefinite_noisy_global,96100221,fixed7,6400000,8000000,0.8,0.7999864462482581,0.004824699817247119,0.004616242311121677,0.005827595717363937,0.00020845750612544234,-0.001002895900116818,1,1,1
indefinite_noisy_global,96100222,fixed7,6400000,8000000,0.8,0.7999864462482581,0.0062655959366371,0.005677146359392565,0.00819643509645189,0.0005884495772445347,-0.00193083915981479,1,1,1
indefinite_noisy_global,96100223,fixed7,6400000,8000000,0.8,0.7999864462482581,0.0064378585267393235,0.0890913204955929,0.08830062644664577,-0.08265346196885358,-0.08186276791990645,1,0,0
indefinite_noisy_global,96100224,fixed7,6400000,8000000,0.8,0.7999864462482581,0.0047576484698448746,0.0054126055664457245,0.006168108234556713,-0.00065495709660085,-0.0014104597647118383,1,1,1
indefinite_noisy_global,96100225,fixed7,6400000,8000000,0.8,0.7999864462482581,0.004156092951641779,0.005224261147923723,0.004526998547481814,-0.0010681681962819434,-0.0003709055958400348,1,1,1
indefinite_noisy_global,96100226,fixed7,6400000,8000000,0.8,0.7999864462482581,0.004530622394015152,0.004546471113480957,0.004821252960547237,-1.584871946580524e-05,-0.0002906305665320852,1,1,1
indefinite_noisy_global,96100227,fixed7,6400000,8000000,0.8,0.7999864462482581,0.006733002967551693,0.004837756419363279,0.005250334785112373,0.0018952465481884145,0.00148266818243932,1,1,1
indefinite_noisy_global,96100228,fixed7,6400000,8000000,0.8,0.7999864462482581,0.006184745992278307,0.005236353392514756,0.0039132221850865095,0.0009483925997635506,0.002271523807191797,1,1,1
indefinite_noisy_global,96100229,fixed7,6400000,8000000,0.8,0.7999864462482581,0.004172364816949756,0.0043345083360170344,0.003021999514226062,-0.00016214351906727875,0.0011503653027236938,1,1,1
indefinite_noisy_global,96100230,fixed7,6400000,8000000,0.8,0.7999864462482581,0.003192686207784151,0.004286317963898445,0.005498503421214024,-0.0010936317561142939,-0.0023058172134298727,1,1,1
indefinite_noisy_global,96100231,fixed7,6400000,8000000,0.8,0.7999864462482581,0.006200547884859062,0.007448412504246965,0.007920952319132785,-0.0012478646193879034,-0.001720404434273723,1,1,1
indefinite_noisy_global,96100232,fixed7,6400000,8000000,0.8,0.7999864462482581,0.006847437206140061,0.006775863072826252,0.006008945262725926,7.157413331380924e-05,0.0008384919434141352,1,1,1
indefinite_noisy_global,96100233,fixed7,6400000,8000000,0.8,0.7999864462482581,0.0043157405741151705,0.003511332486467081,0.004392102758702721,0.0008044080876480897,-7.636218458755006e-05,1,1,1
indefinite_noisy_global,96100234,fixed7,6400000,8000000,0.8,0.7999864462482581,0.004893480908188044,0.004214027631774239,0.003881682305014303,0.000679453276413805,0.0010117986031737414,1,1,1
indefinite_noisy_global,96100235,fixed7,6400000,8000000,0.8,0.7999864462482581,0.004051191766606857,0.00464262722270635,0.0056531466978864825,-0.0005914354560994928,-0.0016019549312796255,1,1,1
indefinite_noisy_global,96100236,fixed7,6400000,8000000,0.8,0.7999864462482581,0.0039887775132455144,0.004239681151099989,0.0036749825366323013,-0.00025090363785447434,0.0003137949766132131,1,1,1
indefinite_noisy_global,96100237,fixed7,6400000,8000000,0.8,0.7999864462482581,0.0044441361401242885,0.004823161389701777,0.00447352902160246,-0.00037902524957748873,-2.9392881478171318e-05,1,1,1
indefinite_noisy_global,96100238,fixed7,6400000,8000000,0.8,0.7999864462482581,0.006307341284790796,0.20634651702014048,0.20574241494133652,-0.20003917573534968,-0.19943507365654572,1,0,0
indefinite_noisy_global,96100239,fixed7,6400000,8000000,0.8,0.7999864462482581,0.004176737799016159,0.006013683414420282,0.005965993159138455,-0.001836945615404123,-0.0017892553601222966,1,1,1
indefinite_noisy_global,96100240,fixed7,6400000,8000000,0.8,0.7999864462482581,0.006109573134672433,0.006641022039028999,0.0069102595658642185,-0.0005314489043565657,-0.0008006864311917855,1,1,1
indefinite_noisy_global,96100241,fixed7,6400000,8000000,0.8,0.7999864462482581,0.004421080406215264,0.004598578638265724,0.003562710707023159,-0.00017749823205046034,0.0008583696991921047,1,1,1
indefinite_noisy_global,96100242,fixed7,6400000,8000000,0.8,0.7999864462482581,0.005238399339387412,0.005225298169049861,0.005611042790491266,1.3101170337551094e-05,-0.00037264345110385455,1,1,1
indefinite_noisy_global,96100243,fixed7,6400000,8000000,0.8,0.7999864462482581,0.004590920359969108,0.003830715535650009,0.0034415920409670148,0.0007602048243190995,0.0011493283190020936,1,1,1
indefinite_noisy_global,96100244,fixed7,6400000,8000000,0.8,0.7999864462482581,0.005872347742627335,0.006945371020602761,0.006477310966189198,-0.0010730232779754267,-0.0006049632235618635,1,1,1
indefinite_noisy_global,96100245,fixed7,6400000,8000000,0.8,0.7999864462482581,0.004964924216056987,0.005506306623768192,0.005064303074172757,-0.000541382407711205,-9.937885811577007e-05,1,1,1
indefinite_noisy_global,96100246,fixed7,6400000,8000000,0.8,0.7999864462482581,0.0060240461313500054,0.005112754005681411,0.00598040742303399,0.0009112921256685946,4.363870831601557e-05,1,1,1
indefinite_noisy_global,96100247,fixed7,6400000,8000000,0.8,0.7999864462482581,0.00558131594799928,0.005458801292979196,0.004977108623393553,0.00012251465502008396,0.0006042073246057267,1,1,1
indefinite_noisy_global,96100248,fixed7,6400000,8000000,0.8,0.7999864462482581,0.0073067350176389545,0.005235143057073996,0.004110967353201947,0.0020715919605649585,0.0031957676644370075,1,1,1
indefinite_noisy_global,96100249,fixed7,6400000,8000000,0.8,0.7999864462482581,0.004509055294579081,0.004796680711938839,0.006056873469556967,-0.00028762541735975755,-0.0015478181749778858,1,1,1
indefinite_noisy_global,96100250,fixed7,6400000,8000000,0.8,0.7999864462482581,0.0034684538963020844,0.0054647622980307925,0.005344137409712471,-0.001996308401728708,-0.0018756835134103866,1,1,1
indefinite_noisy_global,96100251,fixed7,6400000,8000000,0.8,0.7999864462482581,0.0046532559538212115,0.006341047801274924,0.004595714177625748,-0.0016877918474537124,5.75417761954633e-05,1,1,1
indefinite_noisy_global,96100252,fixed7,6400000,8000000,0.8,0.7999864462482581,0.004894070181225202,0.005892552278439905,0.0069739235508490816,-0.0009984820972147035,-0.0020798533696238797,1,1,1
indefinite_noisy_global,96100253,fixed7,6400000,8000000,0.8,0.7999864462482581,0.003709191589584701,0.0050926485424755835,0.004630188127971738,-0.0013834569528908824,-0.0009209965383870367,1,1,1
indefinite_noisy_global,96100254,fixed7,6400000,8000000,0.8,0.7999864462482581,0.0063709773982726925,0.008276160574066438,0.005423322025890881,-0.0019051831757937454,0.0009476553723818115,1,1,1
indefinite_noisy_global,96100255,fixed7,6400000,8000000,0.8,0.7999864462482581,0.005687823935037015,0.0058870542040434515,0.008651463025642014,-0.0001992302690064368,-0.0029636390906049997,1,1,1
indefinite_noisy_global,96100000,random_growth128,8000000,10000000,0.8,0.8000398686002028,0.007756301948892527,0.007418500267731651,0.00697137002205199,0.0003378016811608764,0.0007849319268405375,1,1,1
indefinite_noisy_global,96100001,random_growth128,8000000,10000000,0.8,0.8000398686002028,0.0045378897729421025,0.005647954303898264,0.004884412518249545,-0.0011100645309561619,-0.00034652274530744265,1,1,1
indefinite_noisy_global,96100002,random_growth128,8000000,10000000,0.8,0.8000398686002028,0.0053240758042278485,0.005928816637178633,0.006265857745233999,-0.0006047408329507842,-0.0009417819410061506,1,1,1
indefinite_noisy_global,96100003,random_growth128,8000000,10000000,0.8,0.8000398686002028,0.0045281283749360746,0.005477092620830876,0.004859113370162385,-0.0009489642458948011,-0.00033098499522631053,1,1,1
indefinite_noisy_global,96100004,random_growth128,8000000,10000000,0.8,0.8000398686002028,0.00580667169140224,0.008088502814233053,0.0058729955167621944,-0.002281831122830813,-6.632382535995407e-05,1,1,1
indefinite_noisy_global,96100005,random_growth128,8000000,10000000,0.8,0.8000398686002028,0.006797493394624238,0.006601246296811261,0.006911953079900668,0.00019624709781297656,-0.00011445968527643013,1,1,1
indefinite_noisy_global,96100006,random_growth128,8000000,10000000,0.8,0.8000398686002028,0.007282752724535366,0.007401311586262185,0.005460761945488585,-0.00011855886172681962,0.001821990779046781,1,1,1
indefinite_noisy_global,96100007,random_growth128,8000000,10000000,0.8,0.8000398686002028,0.004710559564129441,0.00806486838041895,0.004749306739244424,-0.0033543088162895085,-3.874717511498371e-05,1,1,1
indefinite_noisy_global,96100008,random_growth128,8000000,10000000,0.8,0.8000398686002028,0.00422267212947143,0.0057003240881920575,0.004445770669053953,-0.0014776519587206272,-0.00022309853958252246,1,1,1
indefinite_noisy_global,96100009,random_growth128,8000000,10000000,0.8,0.8000398686002028,0.00541056118545459,0.0065677948285468996,0.006520466071833306,-0.0011572336430923091,-0.0011099048863787153,1,1,1
indefinite_noisy_global,96100010,random_growth128,8000000,10000000,0.8,0.8000398686002028,0.0059024540244417,0.0061875946719096575,0.0055073091169107885,-0.0002851406474679574,0.0003951449075309116,1,1,1
indefinite_noisy_global,96100011,random_growth128,8000000,10000000,0.8,0.8000398686002028,0.0063899131299349765,0.006515907788741199,0.005535764626173029,-0.00012599465880622218,0.0008541485037619478,1,1,1
indefinite_noisy_global,96100012,random_growth128,8000000,10000000,0.8,0.8000398686002028,0.004925948791816445,0.006132974448245634,0.007173583521776675,-0.0012070256564291892,-0.0022476347299602295,1,1,1
indefinite_noisy_global,96100013,random_growth128,8000000,10000000,0.8,0.8000398686002028,0.0042984375848606066,0.004846640573518232,0.0054062062500119384,-0.0005482029886576256,-0.0011077686651513319,1,1,1
indefinite_noisy_global,96100014,random_growth128,8000000,10000000,0.8,0.8000398686002028,0.006993807296815105,0.01318242581230969,0.007682800672987614,-0.006188618515494584,-0.0006889933761725087,1,0,1
indefinite_noisy_global,96100015,random_growth128,8000000,10000000,0.8,0.8000398686002028,0.008048093093663097,0.007086116989853786,0.006936783220417048,0.0009619761038093116,0.0011113098732460497,1,1,1
indefinite_noisy_global,96100016,random_growth128,8000000,10000000,0.8,0.8000398686002028,0.004802719312916967,0.004368652449383073,0.005639905438826476,0.000434066863533894,-0.0008371861259095087,1,1,1
indefinite_noisy_global,96100017,random_growth128,8000000,10000000,0.8,0.8000398686002028,0.005444976269876389,0.005348255301642221,0.005540140600213961,9.672096823416798e-05,-9.516433033757155e-05,1,1,1
indefinite_noisy_global,96100018,random_growth128,8000000,10000000,0.8,0.8000398686002028,0.005038503288802593,0.004978293915833154,0.004983245945731712,6.0209372969438624e-05,5.525734307088026e-05,1,1,1
indefinite_noisy_global,96100019,random_growth128,8000000,10000000,0.8,0.8000398686002028,0.004795616716110118,0.006435318628081943,0.005110189887682415,-0.0016397019119718248,-0.0003145731715722966,1,1,1
indefinite_noisy_global,96100020,random_growth128,8000000,10000000,0.8,0.8000398686002028,0.00672923459202511,0.006290721595689858,0.006694503956039627,0.0004385129963352524,3.4730635985483205e-05,1,1,1
indefinite_noisy_global,96100021,random_growth128,8000000,10000000,0.8,0.8000398686002028,0.006689499392055209,0.005536421430431621,0.007390346517649804,0.0011530779616235887,-0.0007008471255945947,1,1,1
indefinite_noisy_global,96100022,random_growth128,8000000,10000000,0.8,0.8000398686002028,0.008384611837612757,0.010425447022358009,0.008162514467682555,-0.0020408351847452516,0.00022209736993020202,1,0,1
indefinite_noisy_global,96100023,random_growth128,8000000,10000000,0.8,0.8000398686002028,0.005379154189716559,0.00569916743670848,0.005834433326034685,-0.0003200132469919209,-0.00045527913631812633,1,1,1
indefinite_noisy_global,96100024,random_growth128,8000000,10000000,0.8,0.8000398686002028,0.005152461702419703,0.006213362171099357,0.006372997356887206,-0.0010609004686796542,-0.0012205356544675028,1,1,1
indefinite_noisy_global,96100025,random_growth128,8000000,10000000,0.8,0.8000398686002028,0.005797027529189813,0.0071295462686389866,0.009817489533803223,-0.0013325187394491733,-0.004020462004613409,1,1,1
indefinite_noisy_global,96100026,random_growth128,8000000,10000000,0.8,0.8000398686002028,0.006599069604642946,0.006062482000057268,0.006990588438128928,0.0005365876045856782,-0.00039151883348598204,1,1,1
indefinite_noisy_global,96100027,random_growth128,8000000,10000000,0.8,0.8000398686002028,0.004306208445100393,0.005601111312402859,0.004751357727195843,-0.0012949028673024665,-0.00044514928209545,1,1,1
indefinite_noisy_global,96100028,random_growth128,8000000,10000000,0.8,0.8000398686002028,0.004502948795909095,0.007265593740793774,0.007091931603145488,-0.002762644944884679,-0.0025889828072363924,1,1,1
indefinite_noisy_global,96100029,random_growth128,8000000,10000000,0.8,0.8000398686002028,0.004564621775466501,0.005777152514738287,0.00513467953864663,-0.001212530739271786,-0.000570057763180129,1,1,1
indefinite_noisy_global,96100030,random_growth128,8000000,10000000,0.8,0.8000398686002028,0.0050749352941885095,0.006181714873048874,0.0051080969366675555,-0.0011067795788603646,-3.316164247904596e-05,1,1,1
indefinite_noisy_global,96100031,random_growth128,8000000,10000000,0.8,0.8000398686002028,0.003599807473743666,0.0035985248217881988,0.0044215260380149335,1.2826519554670623e-06,-0.0008217185642712677,1,1,1
indefinite_noisy_global,96100032,random_growth128,8000000,10000000,0.8,0.8000398686002028,0.008362812737871636,0.010684148640554558,0.00904780461100091,-0.0023213359026829222,-0.0006849918731292731,1,0,1
indefinite_noisy_global,96100033,random_growth128,8000000,10000000,0.8,0.8000398686002028,0.0037402062222950394,0.004969944322674974,0.004899640394010613,-0.0012297381003799346,-0.0011594341717155732,1,1,1
indefinite_noisy_global,96100034,random_growth128,8000000,10000000,0.8,0.8000398686002028,0.0035014671966938082,0.006193882164064135,0.004581536917601242,-0.002692414967370327,-0.001080069720907434,1,1,1
indefinite_noisy_global,96100035,random_growth128,8000000,10000000,0.8,0.8000398686002028,0.005798838581000096,0.006258827011493398,0.006547295560901487,-0.0004599884304933022,-0.0007484569799013907,1,1,1
indefinite_noisy_global,96100036,random_growth128,8000000,10000000,0.8,0.8000398686002028,0.006317097531932853,0.007454215453356464,0.007573043367653548,-0.001137117921423611,-0.0012559458357206954,1,1,1
indefinite_noisy_global,96100037,random_growth128,8000000,10000000,0.8,0.8000398686002028,0.00286398984099806,0.00497231458245781,0.0037816579520130733,-0.0021083247414597495,-0.0009176681110150131,1,1,1
indefinite_noisy_global,96100038,random_growth128,8000000,10000000,0.8,0.8000398686002028,0.005054060187013515,0.006356072748990235,0.006475796573391535,-0.0013020125619767203,-0.0014217363863780197,1,1,1
indefinite_noisy_global,96100039,random_growth128,8000000,10000000,0.8,0.8000398686002028,0.0044770676917851165,0.007149799233677909,0.005659354784689111,-0.002672731541892792,-0.0011822870929039941,1,1,1
indefinite_noisy_global,96100040,random_growth128,8000000,10000000,0.8,0.8000398686002028,0.006091710859309499,0.004467663753247142,0.005610972255427588,0.0016240471060623568,0.00048073860388191114,1,1,1
indefinite_noisy_global,96100041,random_growth128,8000000,10000000,0.8,0.8000398686002028,0.005123422241899864,0.0047181393807481375,0.004714218216259919,0.0004052828611517262,0.00040920402563994485,1,1,1
indefinite_noisy_global,96100042,random_growth128,8000000,10000000,0.8,0.8000398686002028,0.005893958418864045,0.007382234797081458,0.0063341922449205584,-0.0014882763782174124,-0.00044023382605651307,1,1,1
indefinite_noisy_global,96100043,random_growth128,8000000,10000000,0.8,0.8000398686002028,0.005417964822909502,0.007115217259254153,0.005667885288797053,-0.0016972524363446512,-0.00024992046588755146,1,1,1
indefinite_noisy_global,96100044,random_growth128,8000000,10000000,0.8,0.8000398686002028,0.004640270376051622,0.005136957322680755,0.00734490134690928,-0.0004966869466291324,-0.0027046309708576577,1,1,1
indefinite_noisy_global,96100045,random_growth128,8000000,10000000,0.8,0.8000398686002028,0.005462101089450513,0.0069253271672065075,0.005608858155796828,-0.0014632260777559941,-0.0001467570663463147,1,1,1
indefinite_noisy_global,96100046,random_growth128,8000000,10000000,0.8,0.8000398686002028,0.0047622055481637005,0.005279386223492055,0.005443477816329367,-0.0005171806753283548,-0.0006812722681656669,1,1,1
indefinite_noisy_global,96100047,random_growth128,8000000,10000000,0.8,0.8000398686002028,0.004996311942943046,0.004698622574061312,0.00517625687975054,0.0002976893688817345,-0.00017994493680749402,1,1,1
indefinite_noisy_global,96100048,random_growth128,8000000,10000000,0.8,0.8000398686002028,0.005672874246836809,0.0046319888409291216,0.005441829328879877,0.0010408854059076877,0.00023104491795693238,1,1,1
indefinite_noisy_global,96100049,random_growth128,8000000,10000000,0.8,0.8000398686002028,0.005320495443779313,0.007745190930714851,0.007350485834453482,-0.002424695486935538,-0.002029990390674169,1,1,1
indefinite_noisy_global,96100050,random_growth128,8000000,10000000,0.8,0.8000398686002028,0.0063766844100155845,0.005039619947104029,0.005377513659110628,0.0013370644629115552,0.0009991707509049569,1,1,1
indefinite_noisy_global,96100051,random_growth128,8000000,10000000,0.8,0.8000398686002028,0.005254946530028101,0.00653740097388078,0.0049442102957633904,-0.0012824544438526791,0.00031073623426471075,1,1,1
indefinite_noisy_global,96100052,random_growth128,8000000,10000000,0.8,0.8000398686002028,0.006623210655499492,0.006039327277445633,0.008051639201612615,0.0005838833780538594,-0.0014284285461131224,1,1,1
indefinite_noisy_global,96100053,random_growth128,8000000,10000000,0.8,0.8000398686002028,0.006072400447650755,0.007093326027624858,0.0070957739716411145,-0.0010209255799741024,-0.001023373523990359,1,1,1
indefinite_noisy_global,96100054,random_growth128,8000000,10000000,0.8,0.8000398686002028,0.006241889736021328,0.006769952592611331,0.007365182712143217,-0.0005280628565900031,-0.0011232929761218896,1,1,1
indefinite_noisy_global,96100055,random_growth128,8000000,10000000,0.8,0.8000398686002028,0.006707136361296814,0.007626900758021249,0.006458490743614348,-0.0009197643967244346,0.0002486456176824664,1,1,1
indefinite_noisy_global,96100056,random_growth128,8000000,10000000,0.8,0.8000398686002028,0.005884910554559961,0.007889922508268282,0.008390833660900515,-0.0020050119537083216,-0.0025059231063405546,1,1,1
indefinite_noisy_global,96100057,random_growth128,8000000,10000000,0.8,0.8000398686002028,0.006848831523734514,0.006718928729972068,0.006969616143117738,0.00012990279376244585,-0.00012078461938322405,1,1,1
indefinite_noisy_global,96100058,random_growth128,8000000,10000000,0.8,0.8000398686002028,0.003377608629865289,0.005548396756800952,0.006206141558362646,-0.0021707881269356633,-0.002828532928497357,1,1,1
indefinite_noisy_global,96100059,random_growth128,8000000,10000000,0.8,0.8000398686002028,0.006040553962020648,0.006644327542291703,0.005918128025084499,-0.0006037735802710553,0.00012242593693614912,1,1,1
indefinite_noisy_global,96100060,random_growth128,8000000,10000000,0.8,0.8000398686002028,0.0061576243887642435,0.006320605527827636,0.00610042897873099,-0.0001629811390633923,5.7195410033253347e-05,1,1,1
indefinite_noisy_global,96100061,random_growth128,8000000,10000000,0.8,0.8000398686002028,0.007152226051293328,0.006366871863533657,0.0063283809733231805,0.0007853541877596709,0.0008238450779701478,1,1,1
indefinite_noisy_global,96100062,random_growth128,8000000,10000000,0.8,0.8000398686002028,0.007287647655822335,0.005590832452734715,0.006913098466555703,0.0016968152030876205,0.00037454918926663194,1,1,1
indefinite_noisy_global,96100063,random_growth128,8000000,10000000,0.8,0.8000398686002028,0.004716028721748436,0.006138338179511413,0.006182015787586703,-0.001422309457762977,-0.0014659870658382673,1,1,1
indefinite_noisy_global,96100064,random_growth128,8000000,10000000,0.8,0.8000398686002028,0.004469603328427746,0.005278448233763541,0.0036023313739180635,-0.0008088449053357954,0.0008672719545096824,1,1,1
indefinite_noisy_global,96100065,random_growth128,8000000,10000000,0.8,0.8000398686002028,0.0047813101762152616,0.011125890087850046,0.005145575941566574,-0.0063445799116347845,-0.0003642657653513126,1,0,1
indefinite_noisy_global,96100066,random_growth128,8000000,10000000,0.8,0.8000398686002028,0.005445404475813265,0.005247338594304818,0.005125205265960858,0.00019806588150844684,0.00032019920985240646,1,1,1
indefinite_noisy_global,96100067,random_growth128,8000000,10000000,0.8,0.8000398686002028,0.004628002692369085,0.005056639580813732,0.0047928731501342275,-0.0004286368884446473,-0.00016487045776514275,1,1,1
indefinite_noisy_global,96100068,random_growth128,8000000,10000000,0.8,0.8000398686002028,0.0046803093373463805,0.006934372901742425,0.005643966327975675,-0.0022540635643960444,-0.0009636569906292941,1,1,1
indefinite_noisy_global,96100069,random_growth128,8000000,10000000,0.8,0.8000398686002028,0.004133394538078136,0.006535099793975707,0.00600399329161673,-0.002401705255897571,-0.0018705987535385937,1,1,1
indefinite_noisy_global,96100070,random_growth128,8000000,10000000,0.8,0.8000398686002028,0.006108917259970273,0.006496924933183143,0.007937435944568888,-0.0003880076732128701,-0.001828518684598615,1,1,1
indefinite_noisy_global,96100071,random_growth128,8000000,10000000,0.8,0.8000398686002028,0.006365568338043734,0.005851490574642751,0.005259010838282133,0.000514077763400983,0.0011065574997616012,1,1,1
indefinite_noisy_global,96100072,random_growth128,8000000,10000000,0.8,0.8000398686002028,0.005145955451427681,0.006699470490354062,0.006544972099839189,-0.0015535150389263813,-0.001399016648411508,1,1,1
indefinite_noisy_global,96100073,random_growth128,8000000,10000000,0.8,0.8000398686002028,0.004041075247466996,0.005917718989802159,0.005440788066163035,-0.0018766437423351628,-0.001399712818696039,1,1,1
indefinite_noisy_global,96100074,random_growth128,8000000,10000000,0.8,0.8000398686002028,0.008275753395977817,0.006088555773190327,0.0068795168941735985,0.00218719762278749,0.0013962365018042183,1,1,1
indefinite_noisy_global,96100075,random_growth128,8000000,10000000,0.8,0.8000398686002028,0.0049632240657028065,0.005163924090828095,0.004611077213706932,-0.00020070002512528884,0.00035214685199587425,1,1,1
indefinite_noisy_global,96100076,random_growth128,8000000,10000000,0.8,0.8000398686002028,0.005658695214902018,0.003860551261056014,0.0057352465655683416,0.0017981439538460042,-7.655135066632346e-05,1,1,1
indefinite_noisy_global,96100077,random_growth128,8000000,10000000,0.8,0.8000398686002028,0.0045427065420646645,0.006522343329481317,0.005791430707623016,-0.0019796367874166526,-0.0012487241655583514,1,1,1
indefinite_noisy_global,96100078,random_growth128,8000000,10000000,0.8,0.8000398686002028,0.007480675526426783,0.005902416016347639,0.005309390610088838,0.0015782595100791441,0.0021712849163379455,1,1,1
indefinite_noisy_global,96100079,random_growth128,8000000,10000000,0.8,0.8000398686002028,0.005135769867827211,0.005345869692468225,0.0052353373563201605,-0.0002100998246410135,-9.956748849294927e-05,1,1,1
indefinite_noisy_global,96100080,random_growth128,8000000,10000000,0.8,0.8000398686002028,0.005671970794263029,0.00904117301383063,0.007536595260060938,-0.003369202219567602,-0.0018646244657979094,1,1,1
indefinite_noisy_global,96100081,random_growth128,8000000,10000000,0.8,0.8000398686002028,0.004802801861647166,0.005048127814925127,0.005197395507917729,-0.00024532595327796114,-0.0003945936462705635,1,1,1
indefinite_noisy_global,96100082,random_growth128,8000000,10000000,0.8,0.8000398686002028,0.004774182251064102,0.006103407676156664,0.006567568578921629,-0.0013292254250925617,-0.0017933863278575268,1,1,1
indefinite_noisy_global,96100083,random_growth128,8000000,10000000,0.8,0.8000398686002028,0.005184701876557604,0.007336597130510977,0.0070248574064954855,-0.002151895253953373,-0.0018401555299378813,1,1,1
indefinite_noisy_global,96100084,random_growth128,8000000,10000000,0.8,0.8000398686002028,0.006331013615563222,0.0064545237097262675,0.005843454204903939,-0.0001235100941630457,0.0004875594106592829,1,1,1
indefinite_noisy_global,96100085,random_growth128,8000000,10000000,0.8,0.8000398686002028,0.006895814683158627,0.006236831663597092,0.007278108015821461,0.0006589830195615348,-0.0003822933326628336,1,1,1
indefinite_noisy_global,96100086,random_growth128,8000000,10000000,0.8,0.8000398686002028,0.0033589410586785384,0.0045218433434272565,0.004211192034972014,-0.001162902284748718,-0.0008522509762934755,1,1,1
indefinite_noisy_global,96100087,random_growth128,8000000,10000000,0.8,0.8000398686002028,0.006541348933341476,0.007264746830966826,0.006561392784296738,-0.0007233978976253497,-2.0043850955261955e-05,1,1,1
indefinite_noisy_global,96100088,random_growth128,8000000,10000000,0.8,0.8000398686002028,0.003995206132799925,0.003965705793740892,0.005281347076600884,2.95003390590326e-05,-0.0012861409438009591,1,1,1
indefinite_noisy_global,96100089,random_growth128,8000000,10000000,0.8,0.8000398686002028,0.007162340278394602,0.005936319403312629,0.005468844009371754,0.0012260208750819734,0.0016934962690228483,1,1,1
indefinite_noisy_global,96100090,random_growth128,8000000,10000000,0.8,0.8000398686002028,0.0037993525368114622,0.0058151434666629115,0.005810189158507159,-0.0020157909298514493,-0.002010836621695697,1,1,1
indefinite_noisy_global,96100091,random_growth128,8000000,10000000,0.8,0.8000398686002028,0.005227210666063298,0.007521270443102385,0.007177387457134005,-0.002294059777039087,-0.0019501767910707068,1,1,1
indefinite_noisy_global,96100092,random_growth128,8000000,10000000,0.8,0.8000398686002028,0.0056221745707553256,0.005413671658504066,0.0049774534675194465,0.00020850291225125994,0.0006447211032358791,1,1,1
indefinite_noisy_global,96100093,random_growth128,8000000,10000000,0.8,0.8000398686002028,0.00538760655810977,0.009346915750459983,0.00859164893396032,-0.003959309192350213,-0.0032040423758505493,1,1,1
indefinite_noisy_global,96100094,random_growth128,8000000,10000000,0.8,0.8000398686002028,0.004508075735956574,0.005709507284387322,0.004298144549458399,-0.001201431548430748,0.00020993118649817455,1,1,1
indefinite_noisy_global,96100095,random_growth128,8000000,10000000,0.8,0.8000398686002028,0.006355458151160884,0.00712043453056789,0.00948773194994093,-0.0007649763794070064,-0.003132273798780047,1,1,1
indefinite_noisy_global,96100096,random_growth128,8000000,10000000,0.8,0.8000398686002028,0.004771477143548197,0.0048346579522888095,0.004448311590242476,-6.318080874061216e-05,0.00032316555330572094,1,1,1
indefinite_noisy_global,96100097,random_growth128,8000000,10000000,0.8,0.8000398686002028,0.006854979788364746,0.005656092621813463,0.007736076966838215,0.0011988871665512824,-0.0008810971784734695,1,1,1
indefinite_noisy_global,96100098,random_growth128,8000000,10000000,0.8,0.8000398686002028,0.005520578759985642,0.00544678884102151,0.009442158478206869,7.378991896413167e-05,-0.003921579718221227,1,1,1
indefinite_noisy_global,96100099,random_growth128,8000000,10000000,0.8,0.8000398686002028,0.007605639754238183,0.007702081848338857,0.0072326954374541536,-9.644209410067384e-05,0.0003729443167840296,1,1,1
indefinite_noisy_global,96100100,random_growth128,8000000,10000000,0.8,0.8000398686002028,0.00418279374595773,0.004740701898088201,0.004287421078707956,-0.0005579081521304707,-0.00010462733275022618,1,1,1
indefinite_noisy_global,96100101,random_growth128,8000000,10000000,0.8,0.8000398686002028,0.004639033768740572,0.004107576910728383,0.003961125139403193,0.0005314568580121887,0.0006779086293373787,1,1,1
indefinite_noisy_global,96100102,random_growth128,8000000,10000000,0.8,0.8000398686002028,0.005263261962464044,0.008622928127194923,0.004353932925128645,-0.003359666164730879,0.000909329037335399,1,1,1
indefinite_noisy_global,96100103,random_growth128,8000000,10000000,0.8,0.8000398686002028,0.005812061662749141,0.007689264516581307,0.00762452149593143,-0.0018772028538321661,-0.0018124598331822894,1,1,1
indefinite_noisy_global,96100104,random_growth128,8000000,10000000,0.8,0.8000398686002028,0.005927047746857317,0.0059183972466477636,0.0051128276089783126,8.650500209553269e-06,0.0008142201378790043,1,1,1
indefinite_noisy_global,96100105,random_growth128,8000000,10000000,0.8,0.8000398686002028,0.007151911272027828,0.010040412356185802,0.006159507015278204,-0.002888501084157974,0.0009924042567496238,1,0,1
indefinite_noisy_global,96100106,random_growth128,8000000,10000000,0.8,0.8000398686002028,0.006208870102993813,0.007140633480852754,0.005154383107932051,-0.0009317633778589407,0.0010544869950617625,1,1,1
indefinite_noisy_global,96100107,random_growth128,8000000,10000000,0.8,0.8000398686002028,0.005354533205918832,0.006308091745261327,0.00430135649134232,-0.0009535585393424945,0.001053176714576512,1,1,1
indefinite_noisy_global,96100108,random_growth128,8000000,10000000,0.8,0.8000398686002028,0.005673063507935866,0.004965739936766217,0.005650839998757054,0.0007073235711696491,2.2223509178811995e-05,1,1,1
indefinite_noisy_global,96100109,random_growth128,8000000,10000000,0.8,0.8000398686002028,0.004417607930764955,0.005055967216549273,0.00613841303502681,-0.0006383592857843179,-0.001720805104261855,1,1,1
indefinite_noisy_global,96100110,random_growth128,8000000,10000000,0.8,0.8000398686002028,0.0033805223399837186,0.005086574478586556,0.004849105216187366,-0.0017060521386028371,-0.0014685828762036474,1,1,1
indefinite_noisy_global,96100111,random_growth128,8000000,10000000,0.8,0.8000398686002028,0.006831573342962721,0.005994083441067055,0.00632281718686635,0.0008374899018956661,0.000508756156096371,1,1,1
indefinite_noisy_global,96100112,random_growth128,8000000,10000000,0.8,0.8000398686002028,0.006406373221692935,0.007138123425545692,0.005981325025592732,-0.0007317502038527574,0.00042504819610020284,1,1,1
indefinite_noisy_global,96100113,random_growth128,8000000,10000000,0.8,0.8000398686002028,0.006619675540353448,0.006633486813995407,0.006748097091341609,-1.3811273641958777e-05,-0.00012842155098816144,1,1,1
indefinite_noisy_global,96100114,random_growth128,8000000,10000000,0.8,0.8000398686002028,0.006170228964793703,0.0056926303294830005,0.007664089182423603,0.00047759863531070257,-0.0014938602176298998,1,1,1
indefinite_noisy_global,96100115,random_growth128,8000000,10000000,0.8,0.8000398686002028,0.00645938539830819,0.005735164293382514,0.007767707235314461,0.0007242211049256764,-0.001308321837006271,1,1,1
indefinite_noisy_global,96100116,random_growth128,8000000,10000000,0.8,0.8000398686002028,0.00436675602428932,0.005825756541762983,0.005041731245442854,-0.001459000517473663,-0.0006749752211535343,1,1,1
indefinite_noisy_global,96100117,random_growth128,8000000,10000000,0.8,0.8000398686002028,0.007344099787855163,0.0063166299242155555,0.007786138084050168,0.0010274698636396074,-0.0004420382961950048,1,1,1
indefinite_noisy_global,96100118,random_growth128,8000000,10000000,0.8,0.8000398686002028,0.006775287179621392,0.005091394176503242,0.007016796005637219,0.0016838930031181504,-0.00024150882601582657,1,1,1
indefinite_noisy_global,96100119,random_growth128,8000000,10000000,0.8,0.8000398686002028,0.006021394493177221,0.007753316703519697,0.006388544350047598,-0.0017319222103424764,-0.0003671498568703774,1,1,1
indefinite_noisy_global,96100120,random_growth128,8000000,10000000,0.8,0.8000398686002028,0.004534791208436181,0.0041270914522267416,0.0062620332141532925,0.00040769975620943977,-0.0017272420057171112,1,1,1
indefinite_noisy_global,96100121,random_growth128,8000000,10000000,0.8,0.8000398686002028,0.00625807377547237,0.005886008945618235,0.00791485560217163,0.00037206482985413514,-0.0016567818266992607,1,1,1
indefinite_noisy_global,96100122,random_growth128,8000000,10000000,0.8,0.8000398686002028,0.005006659767639171,0.00618829676044283,0.006567360132980121,-0.0011816369928036585,-0.0015607003653409501,1,1,1
indefinite_noisy_global,96100123,random_growth128,8000000,10000000,0.8,0.8000398686002028,0.005982071835149358,0.006482923073584307,0.007684156522244995,-0.0005008512384349489,-0.0017020846870956369,1,1,1
indefinite_noisy_global,96100124,random_growth128,8000000,10000000,0.8,0.8000398686002028,0.0067595448710409956,0.006654966010974803,0.008658667255693087,0.00010457886006619288,-0.001899122384652091,1,1,1
indefinite_noisy_global,96100125,random_growth128,8000000,10000000,0.8,0.8000398686002028,0.004071421592573038,0.004418908963337853,0.004179122628184956,-0.0003474873707648152,-0.0001077010356119179,1,1,1
indefinite_noisy_global,96100126,random_growth128,8000000,10000000,0.8,0.8000398686002028,0.006671669915921802,0.006406372295057153,0.0065208206549793035,0.00026529762086464903,0.0001508492609424983,1,1,1
indefinite_noisy_global,96100127,random_growth128,8000000,10000000,0.8,0.8000398686002028,0.004154730606621193,0.0056266471909171,0.0072313797831022875,-0.001471916584295907,-0.0030766491764810944,1,1,1
indefinite_noisy_global,96100128,random_growth128,8000000,10000000,0.8,0.8000398686002028,0.006395986688017413,0.005346647396451243,0.007157063905013611,0.0010493392915661703,-0.0007610772169961977,1,1,1
indefinite_noisy_global,96100129,random_growth128,8000000,10000000,0.8,0.8000398686002028,0.008829173284650133,0.011921147641201724,0.006546177833146705,-0.003091974356551591,0.002282995451503428,1,0,1
indefinite_noisy_global,96100130,random_growth128,8000000,10000000,0.8,0.8000398686002028,0.005852341513770301,0.005371195882904231,0.006256565842808426,0.00048114563086607,-0.0004042243290381248,1,1,1
indefinite_noisy_global,96100131,random_growth128,8000000,10000000,0.8,0.8000398686002028,0.005109378792680891,0.006415298530652203,0.006576442642134986,-0.0013059197379713117,-0.001467063849454095,1,1,1
indefinite_noisy_global,96100132,random_growth128,8000000,10000000,0.8,0.8000398686002028,0.004204996940703906,0.00470114333437624,0.004794449597020231,-0.0004961463936723337,-0.0005894526563163249,1,1,1
indefinite_noisy_global,96100133,random_growth128,8000000,10000000,0.8,0.8000398686002028,0.007517146694104748,0.006340587212049997,0.0064875595418885795,0.001176559482054751,0.0010295871522161687,1,1,1
indefinite_noisy_global,96100134,random_growth128,8000000,10000000,0.8,0.8000398686002028,0.004367328121504727,0.007183827362597081,0.00747288638592751,-0.0028164992410923545,-0.0031055582644227836,1,1,1
indefinite_noisy_global,96100135,random_growth128,8000000,10000000,0.8,0.8000398686002028,0.005755064864568671,0.005349712523881861,0.006287099906951227,0.0004053523406868098,-0.0005320350423825559,1,1,1
indefinite_noisy_global,96100136,random_growth128,8000000,10000000,0.8,0.8000398686002028,0.0033189528986416472,0.0048567789978958276,0.004610113325505746,-0.0015378260992541803,-0.0012911604268640992,1,1,1
indefinite_noisy_global,96100137,random_growth128,8000000,10000000,0.8,0.8000398686002028,0.006598855977237722,0.0061437665432157035,0.007116787730639312,0.0004550894340220185,-0.0005179317534015904,1,1,1
indefinite_noisy_global,96100138,random_growth128,8000000,10000000,0.8,0.8000398686002028,0.0056081983200478025,0.008228849314074443,0.008666151052980159,-0.002620650994026641,-0.0030579527329323564,1,1,1
indefinite_noisy_global,96100139,random_growth128,8000000,10000000,0.8,0.8000398686002028,0.005944820585421645,0.0067183294967214785,0.006440127264760301,-0.0007735089112998333,-0.0004953066793386557,1,1,1
indefinite_noisy_global,96100140,random_growth128,8000000,10000000,0.8,0.8000398686002028,0.004004428059341952,0.00529871457186179,0.004282737377972315,-0.0012942865125198377,-0.00027830931863036257,1,1,1
indefinite_noisy_global,96100141,random_growth128,8000000,10000000,0.8,0.8000398686002028,0.0034025158873174227,0.004656543116643,0.004650975646169717,-0.0012540272293255772,-0.0012484597588522939,1,1,1
indefinite_noisy_global,96100142,random_growth128,8000000,10000000,0.8,0.8000398686002028,0.005051022822737367,0.0056807349435196025,0.007372412136478282,-0.0006297121207822359,-0.0023213893137409153,1,1,1
indefinite_noisy_global,96100143,random_growth128,8000000,10000000,0.8,0.8000398686002028,0.00376179899426915,0.0037183666123650483,0.00288936166890455,4.343238190410159e-05,0.0008724373253646001,1,1,1
indefinite_noisy_global,96100144,random_growth128,8000000,10000000,0.8,0.8000398686002028,0.00499038314128622,0.006791564373172049,0.009407862162807534,-0.001801181231885829,-0.0044174790215213144,1,1,1
indefinite_noisy_global,96100145,random_growth128,8000000,10000000,0.8,0.8000398686002028,0.003954844418582931,0.005734299475139995,0.004524300765669842,-0.0017794550565570638,-0.0005694563470869107,1,1,1
indefinite_noisy_global,96100146,random_growth128,8000000,10000000,0.8,0.8000398686002028,0.005421712502914608,0.004847422092944739,0.006285110647990408,0.0005742904099698687,-0.0008633981450757999,1,1,1
indefinite_noisy_global,96100147,random_growth128,8000000,10000000,0.8,0.8000398686002028,0.0030413510049859815,0.004043828076246522,0.004073682388661154,-0.0010024770712605408,-0.0010323313836751724,1,1,1
indefinite_noisy_global,96100148,random_growth128,8000000,10000000,0.8,0.8000398686002028,0.006136014864862607,0.005787383017563985,0.005593060369518954,0.0003486318472986222,0.0005429544953436533,1,1,1
indefinite_noisy_global,96100149,random_growth128,8000000,10000000,0.8,0.8000398686002028,0.0057894220670905855,0.005761845637865359,0.005015075952628664,2.7576429225226184e-05,0.0007743461144619213,1,1,1
indefinite_noisy_global,96100150,random_growth128,8000000,10000000,0.8,0.8000398686002028,0.006057498059404323,0.0077618376909472375,0.006638645722822328,-0.0017043396315429143,-0.0005811476634180052,1,1,1
indefinite_noisy_global,96100151,random_growth128,8000000,10000000,0.8,0.8000398686002028,0.005603802463955226,0.00499809420013568,0.006462122119902644,0.000605708263819546,-0.0008583196559474177,1,1,1
indefinite_noisy_global,96100152,random_growth128,8000000,10000000,0.8,0.8000398686002028,0.0051443671111793265,0.005093025741267979,0.004995673793560973,5.134136991134797e-05,0.00014869331761835358,1,1,1
indefinite_noisy_global,96100153,random_growth128,8000000,10000000,0.8,0.8000398686002028,0.006027878337313941,0.005934876795265831,0.0073508445085250645,9.300154204811006e-05,-0.0013229661712111235,1,1,1
indefinite_noisy_global,96100154,random_growth128,8000000,10000000,0.8,0.8000398686002028,0.006873876197050571,0.005979692879559642,0.007963708492475366,0.0008941833174909292,-0.0010898322954247947,1,1,1
indefinite_noisy_global,96100155,random_growth128,8000000,10000000,0.8,0.8000398686002028,0.004742086329300468,0.007045803773030171,0.007383232512874857,-0.0023037174437297026,-0.002641146183574389,1,1,1
indefinite_noisy_global,96100156,random_growth128,8000000,10000000,0.8,0.8000398686002028,0.006627326765115599,0.007767931588011867,0.009826064390084321,-0.0011406048228962684,-0.0031987376249687227,1,1,1
indefinite_noisy_global,96100157,random_growth128,8000000,10000000,0.8,0.8000398686002028,0.005575021229802718,0.0063141149663343415,0.0060423525022795105,-0.0007390937365316236,-0.0004673312724767925,1,1,1
indefinite_noisy_global,96100158,random_growth128,8000000,10000000,0.8,0.8000398686002028,0.005787066380131475,0.0077469810354988955,0.005241740883719578,-0.00195991465536742,0.000545325496411897,1,1,1
indefinite_noisy_global,96100159,random_growth128,8000000,10000000,0.8,0.8000398686002028,0.006551873598769936,0.0066219594973458695,0.006357539385405148,-7.008589857593339e-05,0.0001943342133647885,1,1,1
indefinite_noisy_global,96100160,random_growth128,8000000,10000000,0.8,0.8000398686002028,0.0046363604690645155,0.006295887881612561,0.004599226924245053,-0.0016595274125480453,3.713354481946207e-05,1,1,1
indefinite_noisy_global,96100161,random_growth128,8000000,10000000,0.8,0.8000398686002028,0.0034458837626504535,0.0042442387293205736,0.00455527450805486,-0.0007983549666701201,-0.0011093907454044066,1,1,1
indefinite_noisy_global,96100162,random_growth128,8000000,10000000,0.8,0.8000398686002028,0.005950079606172234,0.008001463628337285,0.006620792129472336,-0.002051384022165051,-0.0006707125233001016,1,1,1
indefinite_noisy_global,96100163,random_growth128,8000000,10000000,0.8,0.8000398686002028,0.005745978576377236,0.006006755579124112,0.004805231568643861,-0.0002607770027468759,0.0009407470077333752,1,1,1
indefinite_noisy_global,96100164,random_growth128,8000000,10000000,0.8,0.8000398686002028,0.0049260376765438985,0.0056955420643812205,0.006140851818276574,-0.000769504387837322,-0.0012148141417326758,1,1,1
indefinite_noisy_global,96100165,random_growth128,8000000,10000000,0.8,0.8000398686002028,0.006401087424995913,0.005240821762682868,0.005808027331920054,0.0011602656623130453,0.0005930600930758589,1,1,1
indefinite_noisy_global,96100166,random_growth128,8000000,10000000,0.8,0.8000398686002028,0.004951614088524722,0.00642324687592688,0.006423268703152005,-0.0014716327874021579,-0.0014716546146272824,1,1,1
indefinite_noisy_global,96100167,random_growth128,8000000,10000000,0.8,0.8000398686002028,0.003964461414355164,0.003756345189033672,0.004893573822442973,0.00020811622532149188,-0.0009291124080878094,1,1,1
indefinite_noisy_global,96100168,random_growth128,8000000,10000000,0.8,0.8000398686002028,0.00881453845852291,0.00854028420519258,0.009342612148226681,0.0002742542533303305,-0.0005280736897037702,1,1,1
indefinite_noisy_global,96100169,random_growth128,8000000,10000000,0.8,0.8000398686002028,0.00396484516521714,0.006625240144487343,0.007001765879315308,-0.002660394979270203,-0.003036920714098168,1,1,1
indefinite_noisy_global,96100170,random_growth128,8000000,10000000,0.8,0.8000398686002028,0.004423841990058144,0.006088559804380916,0.005261007374815288,-0.001664717814322772,-0.0008371653847571436,1,1,1
indefinite_noisy_global,96100171,random_growth128,8000000,10000000,0.8,0.8000398686002028,0.004512204030748618,0.007843613464828592,0.005673334781924583,-0.003331409434079974,-0.001161130751175965,1,1,1
indefinite_noisy_global,96100172,random_growth128,8000000,10000000,0.8,0.8000398686002028,0.0053274441976018105,0.006279961327692096,0.0072708288689774525,-0.0009525171300902857,-0.001943384671375642,1,1,1
indefinite_noisy_global,96100173,random_growth128,8000000,10000000,0.8,0.8000398686002028,0.004724045228115106,0.006741166213522082,0.004022896016931496,-0.0020171209854069755,0.0007011492111836104,1,1,1
indefinite_noisy_global,96100174,random_growth128,8000000,10000000,0.8,0.8000398686002028,0.006531235716423847,0.00452945559134188,0.005678689183902616,0.0020017801250819672,0.0008525465325212311,1,1,1
indefinite_noisy_global,96100175,random_growth128,8000000,10000000,0.8,0.8000398686002028,0.005847978528383049,0.009565000250203626,0.006789594993189874,-0.0037170217218205764,-0.0009416164648068243,1,1,1
indefinite_noisy_global,96100176,random_growth128,8000000,10000000,0.8,0.8000398686002028,0.005442686950731607,0.009268259228556078,0.0056163822159750465,-0.003825572277824471,-0.0001736952652434398,1,1,1
indefinite_noisy_global,96100177,random_growth128,8000000,10000000,0.8,0.8000398686002028,0.004799279344639487,0.0045603823539252936,0.00539389815702046,0.00023889699071419357,-0.0005946188123809731,1,1,1
indefinite_noisy_global,96100178,random_growth128,8000000,10000000,0.8,0.8000398686002028,0.006592248110990601,0.005786895332001704,0.005946312283259619,0.0008053527789888965,0.0006459358277309812,1,1,1
indefinite_noisy_global,96100179,random_growth128,8000000,10000000,0.8,0.8000398686002028,0.005159639250478645,0.005746880280387223,0.005446435268070107,-0.0005872410299085778,-0.0002867960175914619,1,1,1
indefinite_noisy_global,96100180,random_growth128,8000000,10000000,0.8,0.8000398686002028,0.006849695598982769,0.009358092564899459,0.00679468872248494,-0.00250839696591669,5.500687649782898e-05,1,1,1
indefinite_noisy_global,96100181,random_growth128,8000000,10000000,0.8,0.8000398686002028,0.003978170344567489,0.007108659748277998,0.00423576417454985,-0.0031304894037105097,-0.000257593829982361,1,1,1
indefinite_noisy_global,96100182,random_growth128,8000000,10000000,0.8,0.8000398686002028,0.006294734674913122,0.005675256140976151,0.006260465009138141,0.0006194785339369707,3.426966577498025e-05,1,1,1
indefinite_noisy_global,96100183,random_growth128,8000000,10000000,0.8,0.8000398686002028,0.004053626618883088,0.005235646330601362,0.004880040365512817,-0.001182019711718274,-0.0008264137466297283,1,1,1
indefinite_noisy_global,96100184,random_growth128,8000000,10000000,0.8,0.8000398686002028,0.00849126923947531,0.008034880904859876,0.008081033757543515,0.0004563883346154346,0.00041023548193179493,1,1,1
indefinite_noisy_global,96100185,random_growth128,8000000,10000000,0.8,0.8000398686002028,0.005093924515412351,0.007553237683469785,0.005715639848979673,-0.0024593131680574337,-0.0006217153335673214,1,1,1
indefinite_noisy_global,96100186,random_growth128,8000000,10000000,0.8,0.8000398686002028,0.004712171107595697,0.0058683692492276784,0.005860899931561442,-0.001156198141631981,-0.0011487288239657445,1,1,1
indefinite_noisy_global,96100187,random_growth128,8000000,10000000,0.8,0.8000398686002028,0.005104124330135018,0.008046787473019582,0.007639364968944892,-0.0029426631428845634,-0.002535240638809874,1,1,1
indefinite_noisy_global,96100188,random_growth128,8000000,10000000,0.8,0.8000398686002028,0.005891644612511113,0.006020755626402405,0.006171708506503337,-0.0001291110138912921,-0.00028006389399222453,1,1,1
indefinite_noisy_global,96100189,random_growth128,8000000,10000000,0.8,0.8000398686002028,0.0048330283997883305,0.005891529801704487,0.005508651568314815,-0.0010585014019161565,-0.0006756231685264846,1,1,1
indefinite_noisy_global,96100190,random_growth128,8000000,10000000,0.8,0.8000398686002028,0.005502279903636456,0.006357794347038939,0.006621077556495256,-0.0008555144434024831,-0.0011187976528587995,1,1,1
indefinite_noisy_global,96100191,random_growth128,8000000,10000000,0.8,0.8000398686002028,0.00487093083513912,0.004766558971521659,0.007919410742418309,0.0001043718636174612,-0.003048479907279189,1,1,1
indefinite_noisy_global,96100192,random_growth128,8000000,10000000,0.8,0.8000398686002028,0.008190752773175602,0.008724579883715902,0.009176809987061343,-0.0005338271105402997,-0.000986057213885741,1,1,1
indefinite_noisy_global,96100193,random_growth128,8000000,10000000,0.8,0.8000398686002028,0.004559143444736263,0.005076204565882855,0.005623590920931121,-0.000517061121146592,-0.0010644474761948575,1,1,1
indefinite_noisy_global,96100194,random_growth128,8000000,10000000,0.8,0.8000398686002028,0.007288600238622905,0.007278993134697487,0.009957492706683516,9.607103925418636e-06,-0.00266889246806061,1,1,1
indefinite_noisy_global,96100195,random_growth128,8000000,10000000,0.8,0.8000398686002028,0.00432016896645962,0.006764270812973039,0.005395447329617387,-0.002444101846513419,-0.0010752783631577667,1,1,1
indefinite_noisy_global,96100196,random_growth128,8000000,10000000,0.8,0.8000398686002028,0.005276271586291653,0.003815762842258194,0.005262733785459162,0.001460508744033459,1.3537800832491564e-05,1,1,1
indefinite_noisy_global,96100197,random_growth128,8000000,10000000,0.8,0.8000398686002028,0.007632701026795072,0.005810531807178762,0.009632075023591619,0.0018221692196163097,-0.001999373996796547,1,1,1
indefinite_noisy_global,96100198,random_growth128,8000000,10000000,0.8,0.8000398686002028,0.006265483081935724,0.007930355339632919,0.005889679414822532,-0.0016648722576971947,0.000375803667113192,1,1,1
indefinite_noisy_global,96100199,random_growth128,8000000,10000000,0.8,0.8000398686002028,0.00453426817230472,0.006274030544951403,0.00500385107265966,-0.0017397623726466832,-0.00046958290035493955,1,1,1
indefinite_noisy_global,96100200,random_growth128,8000000,10000000,0.8,0.8000398686002028,0.006351771560401495,0.005446058503618276,0.005496322230744338,0.0009057130567832195,0.0008554493296571569,1,1,1
indefinite_noisy_global,96100201,random_growth128,8000000,10000000,0.8,0.8000398686002028,0.00645609832594933,0.00878459679460164,0.008029621170696194,-0.0023284984686523097,-0.0015735228447468635,1,1,1
indefinite_noisy_global,96100202,random_growth128,8000000,10000000,0.8,0.8000398686002028,0.006612927990292464,0.005763490880032723,0.008976563645768348,0.0008494371102597403,-0.0023636356554758847,1,1,1
indefinite_noisy_global,96100203,random_growth128,8000000,10000000,0.8,0.8000398686002028,0.0033267975874112787,0.004549218107018721,0.003960548407274528,-0.0012224205196074422,-0.0006337508198632491,1,1,1
indefinite_noisy_global,96100204,random_growth128,8000000,10000000,0.8,0.8000398686002028,0.0046876272812038655,0.004145157236389224,0.0054387199447635814,0.0005424700448146413,-0.0007510926635597159,1,1,1
indefinite_noisy_global,96100205,random_growth128,8000000,10000000,0.8,0.8000398686002028,0.007577158520931285,0.0070452987351751345,0.008949649175862356,0.0005318597857561502,-0.0013724906549310717,1,1,1
indefinite_noisy_global,96100206,random_growth128,8000000,10000000,0.8,0.8000398686002028,0.007445246497615257,0.007098874630563995,0.008336739568923238,0.0003463718670512622,-0.0008914930713079805,1,1,1
indefinite_noisy_global,96100207,random_growth128,8000000,10000000,0.8,0.8000398686002028,0.00625514628459635,0.009577009249742585,0.006328884918712668,-0.0033218629651462356,-7.373863411631876e-05,1,1,1
indefinite_noisy_global,96100208,random_growth128,8000000,10000000,0.8,0.8000398686002028,0.00663556697391246,0.006655828763247426,0.00875278160858474,-2.026178933496603e-05,-0.002117214634672279,1,1,1
indefinite_noisy_global,96100209,random_growth128,8000000,10000000,0.8,0.8000398686002028,0.007047718372613324,0.00931765835104667,0.008068592975563948,-0.002269939978433347,-0.001020874602950625,1,1,1
indefinite_noisy_global,96100210,random_growth128,8000000,10000000,0.8,0.8000398686002028,0.006565797061461945,0.00795198035193903,0.006621124513890936,-0.001386183290477086,-5.532745242899095e-05,1,1,1
indefinite_noisy_global,96100211,random_growth128,8000000,10000000,0.8,0.8000398686002028,0.0068131359080012,0.0063701304770135,0.007093322825424991,0.0004430054309877002,-0.0002801869174237914,1,1,1
indefinite_noisy_global,96100212,random_growth128,8000000,10000000,0.8,0.8000398686002028,0.008596733163477796,0.008176728384197057,0.007522090113466953,0.00042000477928073876,0.0010746430500108428,1,1,1
indefinite_noisy_global,96100213,random_growth128,8000000,10000000,0.8,0.8000398686002028,0.006731462534322913,0.008320916099717232,0.0074039399531384,-0.0015894535653943193,-0.000672477418815487,1,1,1
indefinite_noisy_global,96100214,random_growth128,8000000,10000000,0.8,0.8000398686002028,0.002811104768502354,0.004989560023377804,0.0040908870250876694,-0.00217845525487545,-0.0012797822565853156,1,1,1
indefinite_noisy_global,96100215,random_growth128,8000000,10000000,0.8,0.8000398686002028,0.0043973654515662985,0.004717603318321981,0.0042974354350689414,-0.0003202378667556821,9.993001649735711e-05,1,1,1
indefinite_noisy_global,96100216,random_growth128,8000000,10000000,0.8,0.8000398686002028,0.005249986214580615,0.010817297287536415,0.00723021207027609,-0.0055673110729557995,-0.001980225855695475,1,0,1
indefinite_noisy_global,96100217,random_growth128,8000000,10000000,0.8,0.8000398686002028,0.0034975980423422315,0.005242612662817628,0.005136122344317137,-0.0017450146204753963,-0.0016385243019749057,1,1,1
indefinite_noisy_global,96100218,random_growth128,8000000,10000000,0.8,0.8000398686002028,0.004240995415031215,0.004120778061521599,0.0026926765245178508,0.00012021735350961626,0.0015483188905133644,1,1,1
indefinite_noisy_global,96100219,random_growth128,8000000,10000000,0.8,0.8000398686002028,0.003933242767671513,0.005100386101642693,0.0038083121828678818,-0.0011671433339711795,0.0001249305848036314,1,1,1
indefinite_noisy_global,96100220,random_growth128,8000000,10000000,0.8,0.8000398686002028,0.004439095762388837,0.003804559683184522,0.0040092643962643115,0.0006345360792043148,0.0004298313661245251,1,1,1
indefinite_noisy_global,96100221,random_growth128,8000000,10000000,0.8,0.8000398686002028,0.004326486736446075,0.005007255913288239,0.005705001591171599,-0.0006807691768421636,-0.0013785148547255238,1,1,1
indefinite_noisy_global,96100222,random_growth128,8000000,10000000,0.8,0.8000398686002028,0.004803132526057408,0.005518193083444159,0.006443287231557043,-0.0007150605573867513,-0.0016401547054996357,1,1,1
indefinite_noisy_global,96100223,random_growth128,8000000,10000000,0.8,0.8000398686002028,0.005449058712978572,0.00742055469751822,0.0067685281667186625,-0.001971495984539648,-0.0013194694537400908,1,1,1
indefinite_noisy_global,96100224,random_growth128,8000000,10000000,0.8,0.8000398686002028,0.0052971151897565905,0.005166088312970038,0.006071898572881249,0.00013102687678655245,-0.0007747833831246581,1,1,1
indefinite_noisy_global,96100225,random_growth128,8000000,10000000,0.8,0.8000398686002028,0.005218243133957898,0.0035878914598205802,0.004529463944363654,0.0016303516741373175,0.0006887791895942436,1,1,1
indefinite_noisy_global,96100226,random_growth128,8000000,10000000,0.8,0.8000398686002028,0.005314805974565601,0.003936073689491157,0.00547563583220656,0.0013787322850744438,-0.00016082985764095947,1,1,1
indefinite_noisy_global,96100227,random_growth128,8000000,10000000,0.8,0.8000398686002028,0.006261171744139524,0.006445922311371088,0.006150360261637247,-0.0001847505672315647,0.00011081148250227657,1,1,1
indefinite_noisy_global,96100228,random_growth128,8000000,10000000,0.8,0.8000398686002028,0.005792693096503515,0.00944440482498203,0.007221870927554497,-0.0036517117284785156,-0.0014291778310509817,1,1,1
indefinite_noisy_global,96100229,random_growth128,8000000,10000000,0.8,0.8000398686002028,0.0036803303053906944,0.006677263034259251,0.00530009646884963,-0.0029969327288685566,-0.0016197661634589355,1,1,1
indefinite_noisy_global,96100230,random_growth128,8000000,10000000,0.8,0.8000398686002028,0.005039242840429198,0.0038522432988317423,0.004527024241361935,0.0011869995415974555,0.0005122185990672629,1,1,1
indefinite_noisy_global,96100231,random_growth128,8000000,10000000,0.8,0.8000398686002028,0.006435506029793439,0.0072968276973492535,0.005933934543232877,-0.0008613216675558144,0.0005015714865605619,1,1,1
indefinite_noisy_global,96100232,random_growth128,8000000,10000000,0.8,0.8000398686002028,0.006768150645647425,0.007142591481888325,0.005088324225835716,-0.00037444083624089963,0.0016798264198117085,1,1,1
indefinite_noisy_global,96100233,random_growth128,8000000,10000000,0.8,0.8000398686002028,0.003685573842547696,0.004078804795633162,0.004500219585974977,-0.00039323095308546607,-0.0008146457434272808,1,1,1
indefinite_noisy_global,96100234,random_growth128,8000000,10000000,0.8,0.8000398686002028,0.0048396339284655365,0.004739962733388364,0.0052225859582720885,9.967119507717226e-05,-0.00038295202980655196,1,1,1
indefinite_noisy_global,96100235,random_growth128,8000000,10000000,0.8,0.8000398686002028,0.004316952949457553,0.004270148211932112,0.006893684458941021,4.680473752544101e-05,-0.002576731509483468,1,1,1
indefinite_noisy_global,96100236,random_growth128,8000000,10000000,0.8,0.8000398686002028,0.004782600566414594,0.005570210106238108,0.006355986662814228,-0.0007876095398235139,-0.0015733860963996343,1,1,1
indefinite_noisy_global,96100237,random_growth128,8000000,10000000,0.8,0.8000398686002028,0.0057398450611594876,0.005113051564767268,0.005219173381920281,0.0006267934963922195,0.0005206716792392069,1,1,1
indefinite_noisy_global,96100238,random_growth128,8000000,10000000,0.8,0.8000398686002028,0.006270184655788796,0.007835257349310343,0.0053039709635443605,-0.0015650726935215464,0.0009662136922444359,1,1,1
indefinite_noisy_global,96100239,random_growth128,8000000,10000000,0.8,0.8000398686002028,0.005527495116948514,0.005726438850038207,0.007432412650882458,-0.00019894373308969315,-0.0019049175339339447,1,1,1
indefinite_noisy_global,96100240,random_growth128,8000000,10000000,0.8,0.8000398686002028,0.006001887433672637,0.006479942789634013,0.0053777556910098445,-0.0004780553559613765,0.0006241317426627924,1,1,1
indefinite_noisy_global,96100241,random_growth128,8000000,10000000,0.8,0.8000398686002028,0.004305341111235025,0.00628432764031242,0.005558540620770144,-0.001978986529077395,-0.001253199509535119,1,1,1
indefinite_noisy_global,96100242,random_growth128,8000000,10000000,0.8,0.8000398686002028,0.006785017636404891,0.006420432612006949,0.0059378578155939166,0.0003645850243979426,0.0008471598208109749,1,1,1
indefinite_noisy_global,96100243,random_growth128,8000000,10000000,0.8,0.8000398686002028,0.004989909870187104,0.00546801335950714,0.0053672601582731155,-0.00047810348932003643,-0.0003773502880860119,1,1,1
indefinite_noisy_global,96100244,random_growth128,8000000,10000000,0.8,0.8000398686002028,0.006048776190874808,0.007877433416423787,0.006156533839157111,-0.0018286572255489797,-0.00010775764828230283,1,1,1
indefinite_noisy_global,96100245,random_growth128,8000000,10000000,0.8,0.8000398686002028,0.005581301229041283,0.005530088837105235,0.004237804361392081,5.1212391936047985e-05,0.001343496867649202,1,1,1
indefinite_noisy_global,96100246,random_growth128,8000000,10000000,0.8,0.8000398686002028,0.006555969308284962,0.007152628667734182,0.008615162391278935,-0.0005966593594492198,-0.0020591930829939736,1,1,1
indefinite_noisy_global,96100247,random_growth128,8000000,10000000,0.8,0.8000398686002028,0.0046735498994598945,0.007089244215214646,0.006299550347258431,-0.0024156943157547517,-0.0016260004477985368,1,1,1
indefinite_noisy_global,96100248,random_growth128,8000000,10000000,0.8,0.8000398686002028,0.0049457584369442115,0.00518369641040603,0.00683587741367056,-0.00023793797346181866,-0.0018901189767263488,1,1,1
indefinite_noisy_global,96100249,random_growth128,8000000,10000000,0.8,0.8000398686002028,0.004781774976404682,0.005118497539830985,0.003927428530366345,-0.00033672256342630325,0.0008543464460383371,1,1,1
indefinite_noisy_global,96100250,random_growth128,8000000,10000000,0.8,0.8000398686002028,0.00449005771553293,0.004761582950692608,0.005737759075794893,-0.0002715252351596781,-0.001247701360261963,1,1,1
indefinite_noisy_global,96100251,random_growth128,8000000,10000000,0.8,0.8000398686002028,0.006363270409402225,0.006061442743748882,0.005702370774870305,0.0003018276656533425,0.0006608996345319196,1,1,1
indefinite_noisy_global,96100252,random_growth128,8000000,10000000,0.8,0.8000398686002028,0.004205988477864742,0.0051082144054418605,0.005064147578787204,-0.0009022259275771188,-0.0008581591009224621,1,1,1
indefinite_noisy_global,96100253,random_growth128,8000000,10000000,0.8,0.8000398686002028,0.004709060619306274,0.00456353132389084,0.004376487052315997,0.00014552929541543358,0.00033257356699027685,1,1,1
indefinite_noisy_global,96100254,random_growth128,8000000,10000000,0.8,0.8000398686002028,0.0077328299490931895,0.007000419144707309,0.00856706229721943,0.0007324108043858801,-0.0008342323481262404,1,1,1
indefinite_noisy_global,96100255,random_growth128,8000000,10000000,0.8,0.8000398686002028,0.0061868556011846765,0.005479831525475834,0.006599872860376221,0.0007070240757088425,-0.00041301725919154486,1,1,1
indefinite_noisy_global,96100000,random_growth138,8000000,10000000,0.8,0.800040280079275,0.007756301948892527,0.00678143156868076,0.004802985799246762,0.0009748703802117675,0.0029533161496457655,1,1,1
indefinite_noisy_global,96100001,random_growth138,8000000,10000000,0.8,0.800040280079275,0.0045378897729421025,0.0057472806439854834,0.003959427950894379,-0.001209390871043381,0.0005784618220477239,1,1,1
indefinite_noisy_global,96100002,random_growth138,8000000,10000000,0.8,0.800040280079275,0.0053240758042278485,0.006540856196305775,0.00572691445179864,-0.0012167803920779263,-0.00040283864757079124,1,1,1
indefinite_noisy_global,96100003,random_growth138,8000000,10000000,0.8,0.800040280079275,0.0045281283749360746,0.004477287127183316,0.004987500766765282,5.084124775275867e-05,-0.0004593723918292075,1,1,1
indefinite_noisy_global,96100004,random_growth138,8000000,10000000,0.8,0.800040280079275,0.00580667169140224,0.0064162814108403715,0.006503267357230391,-0.0006096097194381311,-0.0006965956658281508,1,1,1
indefinite_noisy_global,96100005,random_growth138,8000000,10000000,0.8,0.800040280079275,0.006797493394624238,0.009854791805949295,0.009274801051998183,-0.0030572984113250573,-0.002477307657373945,1,1,1
indefinite_noisy_global,96100006,random_growth138,8000000,10000000,0.8,0.800040280079275,0.007282752724535366,0.0072565451377383655,0.006472187478033853,2.6207586797000193e-05,0.0008105652465015128,1,1,1
indefinite_noisy_global,96100007,random_growth138,8000000,10000000,0.8,0.800040280079275,0.004710559564129441,0.006647089845782855,0.006107794727369914,-0.0019365302816534147,-0.0013972351632404734,1,1,1
indefinite_noisy_global,96100008,random_growth138,8000000,10000000,0.8,0.800040280079275,0.00422267212947143,0.005177976192831016,0.004737072673556164,-0.0009553040633595855,-0.0005144005440847338,1,1,1
indefinite_noisy_global,96100009,random_growth138,8000000,10000000,0.8,0.800040280079275,0.00541056118545459,0.008466908425489306,0.007836924044520924,-0.0030563472400347153,-0.0024263628590663333,1,1,1
indefinite_noisy_global,96100010,random_growth138,8000000,10000000,0.8,0.800040280079275,0.0059024540244417,0.00535030549109701,0.004906066055364464,0.0005521485333446902,0.0009963879690772365,1,1,1
indefinite_noisy_global,96100011,random_growth138,8000000,10000000,0.8,0.800040280079275,0.0063899131299349765,0.005689839497481142,0.007547300694181372,0.0007000736324538348,-0.0011573875642463954,1,1,1
indefinite_noisy_global,96100012,random_growth138,8000000,10000000,0.8,0.800040280079275,0.004925948791816445,0.004988502872420114,0.007491558927524455,-6.255408060366896e-05,-0.0025656101357080102,1,1,1
indefinite_noisy_global,96100013,random_growth138,8000000,10000000,0.8,0.800040280079275,0.0042984375848606066,0.00397486488149125,0.004793573823413569,0.00032357270336935695,-0.0004951362385529623,1,1,1
indefinite_noisy_global,96100014,random_growth138,8000000,10000000,0.8,0.800040280079275,0.006993807296815105,0.006729970678933328,0.007091465015108156,0.0002638366178817769,-9.765771829305103e-05,1,1,1
indefinite_noisy_global,96100015,random_growth138,8000000,10000000,0.8,0.800040280079275,0.008048093093663097,0.008311776278942112,0.005341284387829187,-0.000263683185279015,0.00270680870583391,1,1,1
indefinite_noisy_global,96100016,random_growth138,8000000,10000000,0.8,0.800040280079275,0.004802719312916967,0.005075514098011838,0.005263376147123133,-0.0002727947850948709,-0.0004606568342061662,1,1,1
indefinite_noisy_global,96100017,random_growth138,8000000,10000000,0.8,0.800040280079275,0.005444976269876389,0.0059515831720472895,0.004729827737635889,-0.0005066069021709002,0.0007151485322405005,1,1,1
indefinite_noisy_global,96100018,random_growth138,8000000,10000000,0.8,0.800040280079275,0.005038503288802593,0.005251311711893747,0.004022842842859475,-0.00021280842309115422,0.0010156604459431173,1,1,1
indefinite_noisy_global,96100019,random_growth138,8000000,10000000,0.8,0.800040280079275,0.004795616716110118,0.006048379716418625,0.005545444573254621,-0.0012527630003085072,-0.0007498278571445027,1,1,1
indefinite_noisy_global,96100020,random_growth138,8000000,10000000,0.8,0.800040280079275,0.00672923459202511,0.007715412283660628,0.007424699523384953,-0.0009861776916355175,-0.0006954649313598432,1,1,1
indefinite_noisy_global,96100021,random_growth138,8000000,10000000,0.8,0.800040280079275,0.006689499392055209,0.005768388528424942,0.006286954429350941,0.0009211108636302673,0.0004025449627042682,1,1,1
indefinite_noisy_global,96100022,random_growth138,8000000,10000000,0.8,0.800040280079275,0.008384611837612757,0.006126069284952573,0.009274884405625072,0.0022585425526601838,-0.0008902725680123152,1,1,1
indefinite_noisy_global,96100023,random_growth138,8000000,10000000,0.8,0.800040280079275,0.005379154189716559,0.0063264358262395265,0.005212409463236353,-0.0009472816365229675,0.00016674472648020577,1,1,1
indefinite_noisy_global,96100024,random_growth138,8000000,10000000,0.8,0.800040280079275,0.005152461702419703,0.006465843624336359,0.005582656901392161,-0.0013133819219166565,-0.00043019519897245784,1,1,1
indefinite_noisy_global,96100025,random_growth138,8000000,10000000,0.8,0.800040280079275,0.005797027529189813,0.010197138535009684,0.005263488455379786,-0.004400111005819871,0.0005335390738100271,1,0,1
indefinite_noisy_global,96100026,random_growth138,8000000,10000000,0.8,0.800040280079275,0.006599069604642946,0.007938822291796335,0.009313829897249132,-0.0013397526871533894,-0.002714760292606186,1,1,1
indefinite_noisy_global,96100027,random_growth138,8000000,10000000,0.8,0.800040280079275,0.004306208445100393,0.005794638713508771,0.004804336462892522,-0.0014884302684083778,-0.0004981280177921293,1,1,1
indefinite_noisy_global,96100028,random_growth138,8000000,10000000,0.8,0.800040280079275,0.004502948795909095,0.008637476360951302,0.0065275380873313915,-0.004134527565042206,-0.0020245892914222963,1,1,1
indefinite_noisy_global,96100029,random_growth138,8000000,10000000,0.8,0.800040280079275,0.004564621775466501,0.004545201572026342,0.0045199938322477845,1.942020344015971e-05,4.462794321871688e-05,1,1,1
indefinite_noisy_global,96100030,random_growth138,8000000,10000000,0.8,0.800040280079275,0.0050749352941885095,0.006746951611923582,0.007868907333314176,-0.0016720163177350728,-0.0027939720391256667,1,1,1
indefinite_noisy_global,96100031,random_growth138,8000000,10000000,0.8,0.800040280079275,0.003599807473743666,0.00686561736233085,0.003965924954083197,-0.0032658098885871845,-0.0003661174803395312,1,1,1
indefinite_noisy_global,96100032,random_growth138,8000000,10000000,0.8,0.800040280079275,0.008362812737871636,0.0066195021241077096,0.007365057447365167,0.0017433106137639265,0.000997755290506469,1,1,1
indefinite_noisy_global,96100033,random_growth138,8000000,10000000,0.8,0.800040280079275,0.0037402062222950394,0.0043704593059612495,0.0059209998702549616,-0.0006302530836662101,-0.002180793647959922,1,1,1
indefinite_noisy_global,96100034,random_growth138,8000000,10000000,0.8,0.800040280079275,0.0035014671966938082,0.003921746663119036,0.005019220335889529,-0.0004202794664252274,-0.001517753139195721,1,1,1
indefinite_noisy_global,96100035,random_growth138,8000000,10000000,0.8,0.800040280079275,0.005798838581000096,0.00677882838138702,0.006488605066484687,-0.000979989800386924,-0.0006897664854845914,1,1,1
indefinite_noisy_global,96100036,random_growth138,8000000,10000000,0.8,0.800040280079275,0.006317097531932853,0.005743190554817937,0.00764617433926254,0.0005739069771149158,-0.0013290768073296877,1,1,1
indefinite_noisy_global,96100037,random_growth138,8000000,10000000,0.8,0.800040280079275,0.00286398984099806,0.0038650694072665803,0.005960619429109429,-0.0010010795662685201,-0.0030966295881113687,1,1,1
indefinite_noisy_global,96100038,random_growth138,8000000,10000000,0.8,0.800040280079275,0.005054060187013515,0.004133982378766013,0.0051157354494685,0.000920077808247502,-6.167526245498545e-05,1,1,1
indefinite_noisy_global,96100039,random_growth138,8000000,10000000,0.8,0.800040280079275,0.0044770676917851165,0.005823697560121077,0.0037864861558366963,-0.0013466298683359607,0.0006905815359484202,1,1,1
indefinite_noisy_global,96100040,random_growth138,8000000,10000000,0.8,0.800040280079275,0.006091710859309499,0.004818998791601373,0.004288048789571522,0.001272712067708126,0.0018036620697379768,1,1,1
indefinite_noisy_global,96100041,random_growth138,8000000,10000000,0.8,0.800040280079275,0.005123422241899864,0.0047388757956319805,0.00677101485355959,0.00038454644626788326,-0.0016475926116597261,1,1,1
indefinite_noisy_global,96100042,random_growth138,8000000,10000000,0.8,0.800040280079275,0.005893958418864045,0.006412340761397725,0.005159369252919738,-0.0005183823425336798,0.0007345891659443077,1,1,1
indefinite_noisy_global,96100043,random_growth138,8000000,10000000,0.8,0.800040280079275,0.005417964822909502,0.006847593154866979,0.006962160906230974,-0.0014296283319574776,-0.0015441960833214724,1,1,1
indefinite_noisy_global,96100044,random_growth138,8000000,10000000,0.8,0.800040280079275,0.004640270376051622,0.005327158050587838,0.007143848790256396,-0.0006868876745362157,-0.002503578414204774,1,1,1
indefinite_noisy_global,96100045,random_growth138,8000000,10000000,0.8,0.800040280079275,0.005462101089450513,0.005996083515416625,0.0057087231473751665,-0.0005339824259661119,-0.0002466220579246531,1,1,1
indefinite_noisy_global,96100046,random_growth138,8000000,10000000,0.8,0.800040280079275,0.0047622055481637005,0.005434548598505076,0.004193516254026086,-0.0006723430503413758,0.0005686892941376143,1,1,1
indefinite_noisy_global,96100047,random_growth138,8000000,10000000,0.8,0.800040280079275,0.004996311942943046,0.00606360083473631,0.005762394516605776,-0.0010672888917932638,-0.0007660825736627297,1,1,1
indefinite_noisy_global,96100048,random_growth138,8000000,10000000,0.8,0.800040280079275,0.005672874246836809,0.0055729449572341355,0.004819228646779347,9.992928960267378e-05,0.0008536456000574622,1,1,1
indefinite_noisy_global,96100049,random_growth138,8000000,10000000,0.8,0.800040280079275,0.005320495443779313,0.005789220050484434,0.008311175888463626,-0.0004687246067051204,-0.0029906804446843127,1,1,1
indefinite_noisy_global,96100050,random_growth138,8000000,10000000,0.8,0.800040280079275,0.0063766844100155845,0.007901880587583121,0.006102460890549263,-0.0015251961775675366,0.0002742235194663212,1,1,1
indefinite_noisy_global,96100051,random_growth138,8000000,10000000,0.8,0.800040280079275,0.005254946530028101,0.005593097366787758,0.006678324558800616,-0.00033815083675965696,-0.001423378028772515,1,1,1
indefinite_noisy_global,96100052,random_growth138,8000000,10000000,0.8,0.800040280079275,0.006623210655499492,0.006979570371076632,0.0053084031347458704,-0.00035635971557713975,0.001314807520753622,1,1,1
indefinite_noisy_global,96100053,random_growth138,8000000,10000000,0.8,0.800040280079275,0.006072400447650755,0.007292559449209507,0.00822552811810634,-0.0012201590015587516,-0.0021531276704555846,1,1,1
indefinite_noisy_global,96100054,random_growth138,8000000,10000000,0.8,0.800040280079275,0.006241889736021328,0.006081354512936024,0.006348938293288142,0.00016053522308530355,-0.0001070485572668145,1,1,1
indefinite_noisy_global,96100055,random_growth138,8000000,10000000,0.8,0.800040280079275,0.006707136361296814,0.006482047120058537,0.007430523030497377,0.00022508924123827712,-0.0007233866692005625,1,1,1
indefinite_noisy_global,96100056,random_growth138,8000000,10000000,0.8,0.800040280079275,0.005884910554559961,0.008332267689918418,0.006867637002073518,-0.0024473571353584578,-0.0009827264475135572,1,1,1
indefinite_noisy_global,96100057,random_growth138,8000000,10000000,0.8,0.800040280079275,0.006848831523734514,0.005160439746762294,0.009276207594480182,0.00168839177697222,-0.002427376070745668,1,1,1
indefinite_noisy_global,96100058,random_growth138,8000000,10000000,0.8,0.800040280079275,0.003377608629865289,0.005491672675613055,0.005270925142457528,-0.0021140640457477655,-0.0018933165125922385,1,1,1
indefinite_noisy_global,96100059,random_growth138,8000000,10000000,0.8,0.800040280079275,0.006040553962020648,0.006003344824567408,0.004529952647962965,3.7209137453239616e-05,0.001510601314057683,1,1,1
indefinite_noisy_global,96100060,random_growth138,8000000,10000000,0.8,0.800040280079275,0.0061576243887642435,0.0054881517674004315,0.004529735854737829,0.0006694726213638119,0.0016278885340264143,1,1,1
indefinite_noisy_global,96100061,random_growth138,8000000,10000000,0.8,0.800040280079275,0.007152226051293328,0.006583426631894859,0.0054038443635743005,0.0005687994193984691,0.0017483816877190278,1,1,1
indefinite_noisy_global,96100062,random_growth138,8000000,10000000,0.8,0.800040280079275,0.007287647655822335,0.0066462346493967595,0.006031079983748883,0.0006414130064255757,0.0012565676720734525,1,1,1
indefinite_noisy_global,96100063,random_growth138,8000000,10000000,0.8,0.800040280079275,0.004716028721748436,0.006224080882577004,0.005550925542930435,-0.0015080521608285685,-0.000834896821181999,1,1,1
indefinite_noisy_global,96100064,random_growth138,8000000,10000000,0.8,0.800040280079275,0.004469603328427746,0.005039693822690566,0.007166535501190702,-0.0005700904942628204,-0.002696932172762956,1,1,1
indefinite_noisy_global,96100065,random_growth138,8000000,10000000,0.8,0.800040280079275,0.0047813101762152616,0.0057260362076051174,0.007019653775357931,-0.0009447260313898559,-0.0022383435991426698,1,1,1
indefinite_noisy_global,96100066,random_growth138,8000000,10000000,0.8,0.800040280079275,0.005445404475813265,0.00478303042971695,0.004931598093828524,0.0006623740460963146,0.000513806381984741,1,1,1
indefinite_noisy_global,96100067,random_growth138,8000000,10000000,0.8,0.800040280079275,0.004628002692369085,0.003217492054827603,0.002567435097318549,0.0014105106375414816,0.002060567595050536,1,1,1
indefinite_noisy_global,96100068,random_growth138,8000000,10000000,0.8,0.800040280079275,0.0046803093373463805,0.007445125034043321,0.008386951954800076,-0.00276481569669694,-0.0037066426174536954,1,1,1
indefinite_noisy_global,96100069,random_growth138,8000000,10000000,0.8,0.800040280079275,0.004133394538078136,0.005057444866378297,0.003912263732132451,-0.0009240503283001605,0.00022113080594568513,1,1,1
indefinite_noisy_global,96100070,random_growth138,8000000,10000000,0.8,0.800040280079275,0.006108917259970273,0.007092675211583813,0.00655537522394295,-0.0009837579516135397,-0.0004464579639726768,1,1,1
indefinite_noisy_global,96100071,random_growth138,8000000,10000000,0.8,0.800040280079275,0.006365568338043734,0.005189680809755112,0.004699206142544293,0.0011758875282886216,0.0016663621954994406,1,1,1
indefinite_noisy_global,96100072,random_growth138,8000000,10000000,0.8,0.800040280079275,0.005145955451427681,0.00501859968138782,0.004868163912383913,0.00012735577003986087,0.0002777915390437674,1,1,1
indefinite_noisy_global,96100073,random_growth138,8000000,10000000,0.8,0.800040280079275,0.004041075247466996,0.0031019528590515016,0.004464805827644885,0.0009391223884154948,-0.000423730580177889,1,1,1
indefinite_noisy_global,96100074,random_growth138,8000000,10000000,0.8,0.800040280079275,0.008275753395977817,0.006020835301437044,0.007656301749320332,0.0022549180945407726,0.0006194516466574845,1,1,1
indefinite_noisy_global,96100075,random_growth138,8000000,10000000,0.8,0.800040280079275,0.0049632240657028065,0.004614319713696344,0.004658756081371923,0.00034890435200646275,0.0003044679843308834,1,1,1
indefinite_noisy_global,96100076,random_growth138,8000000,10000000,0.8,0.800040280079275,0.005658695214902018,0.005487321404718401,0.006286740215948369,0.00017137381018361708,-0.0006280450010463512,1,1,1
indefinite_noisy_global,96100077,random_growth138,8000000,10000000,0.8,0.800040280079275,0.0045427065420646645,0.005224883369132183,0.006655582506139721,-0.0006821768270675183,-0.002112875964075056,1,1,1
indefinite_noisy_global,96100078,random_growth138,8000000,10000000,0.8,0.800040280079275,0.007480675526426783,0.005870413162068058,0.00594489536223454,0.001610262364358725,0.0015357801641922436,1,1,1
indefinite_noisy_global,96100079,random_growth138,8000000,10000000,0.8,0.800040280079275,0.005135769867827211,0.006944160191324725,0.004754441576982751,-0.0018083903234975135,0.00038132829084445985,1,1,1
indefinite_noisy_global,96100080,random_growth138,8000000,10000000,0.8,0.800040280079275,0.005671970794263029,0.008268751855439377,0.007139997836574402,-0.002596781061176348,-0.0014680270423113734,1,1,1
indefinite_noisy_global,96100081,random_growth138,8000000,10000000,0.8,0.800040280079275,0.004802801861647166,0.0060896009504974175,0.0057345656816005924,-0.0012867990888502517,-0.0009317638199534267,1,1,1
indefinite_noisy_global,96100082,random_growth138,8000000,10000000,0.8,0.800040280079275,0.004774182251064102,0.005623445161464943,0.005972710161763178,-0.0008492629104008415,-0.0011985279106990765,1,1,1
indefinite_noisy_global,96100083,random_growth138,8000000,10000000,0.8,0.800040280079275,0.005184701876557604,0.005596744479341317,0.006569806313640805,-0.0004120426027837132,-0.001385104437083201,1,1,1
indefinite_noisy_global,96100084,random_growth138,8000000,10000000,0.8,0.800040280079275,0.006331013615563222,0.005178768647680992,0.006895653236232077,0.0011522449678822294,-0.0005646396206688553,1,1,1
indefinite_noisy_global,96100085,random_growth138,8000000,10000000,0.8,0.800040280079275,0.006895814683158627,0.004940735298708004,0.006383896807061612,0.0019550793844506226,0.000511917876097015,1,1,1
indefinite_noisy_global,96100086,random_growth138,8000000,10000000,0.8,0.800040280079275,0.0033589410586785384,0.007141968306054236,0.005017262235447517,-0.0037830272473756976,-0.0016583211767689787,1,1,1
indefinite_noisy_global,96100087,random_growth138,8000000,10000000,0.8,0.800040280079275,0.006541348933341476,0.007620208780388826,0.00960362396510163,-0.0010788598470473504,-0.0030622750317601533,1,1,1
indefinite_noisy_global,96100088,random_growth138,8000000,10000000,0.8,0.800040280079275,0.003995206132799925,0.005569267795319369,0.0033751695478994037,-0.0015740616625194437,0.0006200365849005213,1,1,1
indefinite_noisy_global,96100089,random_growth138,8000000,10000000,0.8,0.800040280079275,0.007162340278394602,0.005594249311076216,0.006602751175806887,0.0015680909673183863,0.0005595891025877153,1,1,1
indefinite_noisy_global,96100090,random_growth138,8000000,10000000,0.8,0.800040280079275,0.0037993525368114622,0.00625226150887899,0.006162953135748175,-0.0024529089720675273,-0.002363600598936713,1,1,1
indefinite_noisy_global,96100091,random_growth138,8000000,10000000,0.8,0.800040280079275,0.005227210666063298,0.0067676253875881,0.004822727472831578,-0.001540414721524802,0.00040448319323171944,1,1,1
indefinite_noisy_global,96100092,random_growth138,8000000,10000000,0.8,0.800040280079275,0.0056221745707553256,0.005914909690311207,0.004396022621331666,-0.0002927351195558814,0.0012261519494236595,1,1,1
indefinite_noisy_global,96100093,random_growth138,8000000,10000000,0.8,0.800040280079275,0.00538760655810977,0.007517238926060335,0.006986856198079511,-0.002129632367950565,-0.001599249639969741,1,1,1
indefinite_noisy_global,96100094,random_growth138,8000000,10000000,0.8,0.800040280079275,0.004508075735956574,0.007004696812453748,0.006708778289495565,-0.002496621076497174,-0.0022007025535389912,1,1,1
indefinite_noisy_global,96100095,random_growth138,8000000,10000000,0.8,0.800040280079275,0.006355458151160884,0.0055677333839983245,0.007945147375662223,0.0007877247671625592,-0.0015896892245013394,1,1,1
indefinite_noisy_global,96100096,random_growth138,8000000,10000000,0.8,0.800040280079275,0.004771477143548197,0.006308611294949029,0.0037343189717979064,-0.0015371341514008319,0.001037158171750291,1,1,1
indefinite_noisy_global,96100097,random_growth138,8000000,10000000,0.8,0.800040280079275,0.006854979788364746,0.0060490502321713935,0.007817688463256353,0.0008059295561933522,-0.0009627086748916075,1,1,1
indefinite_noisy_global,96100098,random_growth138,8000000,10000000,0.8,0.800040280079275,0.005520578759985642,0.006243544449441835,0.0052729964411118435,-0.0007229656894561926,0.00024758231887379856,1,1,1
indefinite_noisy_global,96100099,random_growth138,8000000,10000000,0.8,0.800040280079275,0.007605639754238183,0.008863582491321062,0.005641225894533086,-0.0012579427370828788,0.001964413859705097,1,1,1
indefinite_noisy_global,96100100,random_growth138,8000000,10000000,0.8,0.800040280079275,0.00418279374595773,0.005077341957019477,0.006253616265578493,-0.0008945482110617464,-0.002070822519620763,1,1,1
indefinite_noisy_global,96100101,random_growth138,8000000,10000000,0.8,0.800040280079275,0.004639033768740572,0.0043037217446768306,0.006862172103227135,0.0003353120240637414,-0.002223138334486563,1,1,1
indefinite_noisy_global,96100102,random_growth138,8000000,10000000,0.8,0.800040280079275,0.005263261962464044,0.005339421001506403,0.005364898615194888,-7.615903904235888e-05,-0.00010163665273084377,1,1,1
indefinite_noisy_global,96100103,random_growth138,8000000,10000000,0.8,0.800040280079275,0.005812061662749141,0.004204612788773196,0.007260483362543216,0.0016074488739759446,-0.0014484216997940752,1,1,1
indefinite_noisy_global,96100104,random_growth138,8000000,10000000,0.8,0.800040280079275,0.005927047746857317,0.00565774668547063,0.005765671665111896,0.00026930106138668697,0.00016137608174542073,1,1,1
indefinite_noisy_global,96100105,random_growth138,8000000,10000000,0.8,0.800040280079275,0.007151911272027828,0.007451841990116767,0.007043907040098912,-0.00029993071808893934,0.0001080042319289154,1,1,1
indefinite_noisy_global,96100106,random_growth138,8000000,10000000,0.8,0.800040280079275,0.006208870102993813,0.005974957904061398,0.005552098049755053,0.000233912198932415,0.0006567720532387605,1,1,1
indefinite_noisy_global,96100107,random_growth138,8000000,10000000,0.8,0.800040280079275,0.005354533205918832,0.00834600698571425,0.006834105169874427,-0.002991473779795417,-0.0014795719639555949,1,1,1
indefinite_noisy_global,96100108,random_growth138,8000000,10000000,0.8,0.800040280079275,0.005673063507935866,0.005903914572509841,0.0062470239359829205,-0.0002308510645739753,-0.0005739604280470545,1,1,1
indefinite_noisy_global,96100109,random_growth138,8000000,10000000,0.8,0.800040280079275,0.004417607930764955,0.005090072570553994,0.00454743455638662,-0.0006724646397890388,-0.00012982662562166514,1,1,1
indefinite_noisy_global,96100110,random_growth138,8000000,10000000,0.8,0.800040280079275,0.0033805223399837186,0.006062993503465078,0.006756670169586351,-0.002682471163481359,-0.0033761478296026326,1,1,1
indefinite_noisy_global,96100111,random_growth138,8000000,10000000,0.8,0.800040280079275,0.006831573342962721,0.006091007225077272,0.005883055729435968,0.0007405661178854495,0.0009485176135267531,1,1,1
indefinite_noisy_global,96100112,random_growth138,8000000,10000000,0.8,0.800040280079275,0.006406373221692935,0.0064398980058247846,0.006173324152437015,-3.352478413184978e-05,0.0002330490692559195,1,1,1
indefinite_noisy_global,96100113,random_growth138,8000000,10000000,0.8,0.800040280079275,0.006619675540353448,0.0072262568626036,0.00681743288991081,-0.000606581322250152,-0.00019775734955736202,1,1,1
indefinite_noisy_global,96100114,random_growth138,8000000,10000000,0.8,0.800040280079275,0.006170228964793703,0.004272255524661109,0.004621681350440721,0.0018979734401325943,0.0015485476143529825,1,1,1
indefinite_noisy_global,96100115,random_growth138,8000000,10000000,0.8,0.800040280079275,0.00645938539830819,0.007322559210782564,0.008017913386276582,-0.0008631738124743743,-0.0015585279879683916,1,1,1
indefinite_noisy_global,96100116,random_growth138,8000000,10000000,0.8,0.800040280079275,0.00436675602428932,0.008515291692580501,0.005324564866195813,-0.004148535668291181,-0.0009578088419064934,1,1,1
indefinite_noisy_global,96100117,random_growth138,8000000,10000000,0.8,0.800040280079275,0.007344099787855163,0.004518734928530735,0.003937639268588269,0.002825364859324428,0.0034064605192668934,1,1,1
indefinite_noisy_global,96100118,random_growth138,8000000,10000000,0.8,0.800040280079275,0.006775287179621392,0.006088302706985627,0.00684041424648596,0.0006869844726357655,-6.51270668645676e-05,1,1,1
indefinite_noisy_global,96100119,random_growth138,8000000,10000000,0.8,0.800040280079275,0.006021394493177221,0.008361926342134715,0.00906171137842239,-0.0023405318489574944,-0.00304031688524517,1,1,1
indefinite_noisy_global,96100120,random_growth138,8000000,10000000,0.8,0.800040280079275,0.004534791208436181,0.005107104034197216,0.005130839092153269,-0.0005723128257610344,-0.0005960478837170879,1,1,1
indefinite_noisy_global,96100121,random_growth138,8000000,10000000,0.8,0.800040280079275,0.00625807377547237,0.00817080163637647,0.006957413338656307,-0.001912727860904101,-0.0006993395631839372,1,1,1
indefinite_noisy_global,96100122,random_growth138,8000000,10000000,0.8,0.800040280079275,0.005006659767639171,0.005573818046546386,0.004751118128321408,-0.0005671582789072149,0.0002555416393177634,1,1,1
indefinite_noisy_global,96100123,random_growth138,8000000,10000000,0.8,0.800040280079275,0.005982071835149358,0.005825305922014551,0.008147876142331992,0.00015676591313480703,-0.002165804307182634,1,1,1
indefinite_noisy_global,96100124,random_growth138,8000000,10000000,0.8,0.800040280079275,0.0067595448710409956,0.006574360037830115,0.005266017463349343,0.0001851848332108802,0.0014935274076916527,1,1,1
indefinite_noisy_global,96100125,random_growth138,8000000,10000000,0.8,0.800040280079275,0.004071421592573038,0.004878768616725593,0.005081703180930444,-0.0008073470241525549,-0.0010102815883574062,1,1,1
indefinite_noisy_global,96100126,random_growth138,8000000,10000000,0.8,0.800040280079275,0.006671669915921802,0.005570634346829945,0.005543301604214915,0.0011010355690918572,0.0011283683117068871,1,1,1
indefinite_noisy_global,96100127,random_growth138,8000000,10000000,0.8,0.800040280079275,0.004154730606621193,0.006884697970757331,0.010951569758327742,-0.0027299673641361377,-0.006796839151706549,1,1,0
indefinite_noisy_global,96100128,random_growth138,8000000,10000000,0.8,0.800040280079275,0.006395986688017413,0.00722663045747407,0.007222017615773901,-0.0008306437694566571,-0.0008260309277564881,1,1,1
indefinite_noisy_global,96100129,random_growth138,8000000,10000000,0.8,0.800040280079275,0.008829173284650133,0.007784949543965011,0.009457100306280997,0.0010442237406851212,-0.0006279270216308641,1,1,1
indefinite_noisy_global,96100130,random_growth138,8000000,10000000,0.8,0.800040280079275,0.005852341513770301,0.0069544739469677985,0.0065506259111891285,-0.0011021324331974974,-0.0006982843974188274,1,1,1
indefinite_noisy_global,96100131,random_growth138,8000000,10000000,0.8,0.800040280079275,0.005109378792680891,0.005951744057096239,0.005873448595331648,-0.0008423652644153484,-0.0007640698026507575,1,1,1
indefinite_noisy_global,96100132,random_growth138,8000000,10000000,0.8,0.800040280079275,0.004204996940703906,0.00458392762409246,0.005511385940109401,-0.0003789306833885536,-0.0013063889994054945,1,1,1
indefinite_noisy_global,96100133,random_growth138,8000000,10000000,0.8,0.800040280079275,0.007517146694104748,0.005911588359959724,0.006687215024628337,0.0016055583341450241,0.0008299316694764108,1,1,1
indefinite_noisy_global,96100134,random_growth138,8000000,10000000,0.8,0.800040280079275,0.004367328121504727,0.006463602779730279,0.006295231874055229,-0.0020962746582255526,-0.0019279037525505027,1,1,1
indefinite_noisy_global,96100135,random_growth138,8000000,10000000,0.8,0.800040280079275,0.005755064864568671,0.003869908477047962,0.004485943371537265,0.001885156387520709,0.0012691214930314054,1,1,1
indefinite_noisy_global,96100136,random_growth138,8000000,10000000,0.8,0.800040280079275,0.0033189528986416472,0.0034035248765704046,0.0038620683536775002,-8.457197792875737e-05,-0.000543115455035853,1,1,1
indefinite_noisy_global,96100137,random_growth138,8000000,10000000,0.8,0.800040280079275,0.006598855977237722,0.006975862912697542,0.005388637768517002,-0.0003770069354598199,0.0012102182087207203,1,1,1
indefinite_noisy_global,96100138,random_growth138,8000000,10000000,0.8,0.800040280079275,0.0056081983200478025,0.006144542055180405,0.01065532274478892,-0.0005363437351326023,-0.005047124424741117,1,1,0
indefinite_noisy_global,96100139,random_growth138,8000000,10000000,0.8,0.800040280079275,0.005944820585421645,0.005582274079057495,0.005351562638118548,0.0003625465063641503,0.0005932579473030969,1,1,1
indefinite_noisy_global,96100140,random_growth138,8000000,10000000,0.8,0.800040280079275,0.004004428059341952,0.005531351926744754,0.00489722203524251,-0.0015269238674028018,-0.0008927939759005576,1,1,1
indefinite_noisy_global,96100141,random_growth138,8000000,10000000,0.8,0.800040280079275,0.0034025158873174227,0.004009350798137287,0.0037221292898264174,-0.0006068349108198645,-0.0003196134025089947,1,1,1
indefinite_noisy_global,96100142,random_growth138,8000000,10000000,0.8,0.800040280079275,0.005051022822737367,0.004543211340728076,0.004896373351129066,0.0005078114820092905,0.00015464947160830078,1,1,1
indefinite_noisy_global,96100143,random_growth138,8000000,10000000,0.8,0.800040280079275,0.00376179899426915,0.0036820400305042494,0.006094011532421867,7.975896376490044e-05,-0.002332212538152717,1,1,1
indefinite_noisy_global,96100144,random_growth138,8000000,10000000,0.8,0.800040280079275,0.00499038314128622,0.00584176177571577,0.007399009162495612,-0.0008513786344295504,-0.0024086260212093924,1,1,1
indefinite_noisy_global,96100145,random_growth138,8000000,10000000,0.8,0.800040280079275,0.003954844418582931,0.005015133300378186,0.005024367162142551,-0.0010602888817952544,-0.00106952274355962,1,1,1
indefinite_noisy_global,96100146,random_growth138,8000000,10000000,0.8,0.800040280079275,0.005421712502914608,0.006459564223049483,0.005844848945172967,-0.0010378517201348747,-0.00042313644225835945,1,1,1
indefinite_noisy_global,96100147,random_growth138,8000000,10000000,0.8,0.800040280079275,0.0030413510049859815,0.0052538008019114985,0.0046030769103596325,-0.002212449796925517,-0.001561725905373651,1,1,1
indefinite_noisy_global,96100148,random_growth138,8000000,10000000,0.8,0.800040280079275,0.006136014864862607,0.005507266522006102,0.006852846185775294,0.0006287483428565055,-0.0007168313209126864,1,1,1
indefinite_noisy_global,96100149,random_growth138,8000000,10000000,0.8,0.800040280079275,0.0057894220670905855,0.005150488611605608,0.005993074822704489,0.0006389334554849774,-0.0002036527556139034,1,1,1
indefinite_noisy_global,96100150,random_growth138,8000000,10000000,0.8,0.800040280079275,0.006057498059404323,0.005058671310593024,0.0064962209814889565,0.000998826748811299,-0.00043872292208463337,1,1,1
indefinite_noisy_global,96100151,random_growth138,8000000,10000000,0.8,0.800040280079275,0.005603802463955226,0.0070053348592478415,0.006709709591999083,-0.001401532395292615,-0.0011059071280438565,1,1,1
indefinite_noisy_global,96100152,random_growth138,8000000,10000000,0.8,0.800040280079275,0.0051443671111793265,0.007344731901061122,0.006318879318054624,-0.002200364789881795,-0.0011745122068752972,1,1,1
indefinite_noisy_global,96100153,random_growth138,8000000,10000000,0.8,0.800040280079275,0.006027878337313941,0.007148185554768607,0.006697844113127058,-0.0011203072174546663,-0.0006699657758131167,1,1,1
indefinite_noisy_global,96100154,random_growth138,8000000,10000000,0.8,0.800040280079275,0.006873876197050571,0.004755709609251063,0.005370282661299117,0.002118166587799508,0.0015035935357514546,1,1,1
indefinite_noisy_global,96100155,random_growth138,8000000,10000000,0.8,0.800040280079275,0.004742086329300468,0.011831981941609893,0.006265283382072773,-0.007089895612309424,-0.0015231970527723043,1,0,1
indefinite_noisy_global,96100156,random_growth138,8000000,10000000,0.8,0.800040280079275,0.006627326765115599,0.006080497939044666,0.006785622106782074,0.0005468288260709331,-0.00015829534166647563,1,1,1
indefinite_noisy_global,96100157,random_growth138,8000000,10000000,0.8,0.800040280079275,0.005575021229802718,0.005544493297011802,0.006619359179030088,3.052793279091637e-05,-0.0010443379492273697,1,1,1
indefinite_noisy_global,96100158,random_growth138,8000000,10000000,0.8,0.800040280079275,0.005787066380131475,0.006373682643799339,0.006129551128911531,-0.0005866162636678635,-0.00034248474878005586,1,1,1
indefinite_noisy_global,96100159,random_growth138,8000000,10000000,0.8,0.800040280079275,0.006551873598769936,0.006384738383741484,0.008708631719657106,0.0001671352150284522,-0.00215675812088717,1,1,1
indefinite_noisy_global,96100160,random_growth138,8000000,10000000,0.8,0.800040280079275,0.0046363604690645155,0.005558416249882722,0.006034322017377927,-0.0009220557808182067,-0.0013979615483134117,1,1,1
indefinite_noisy_global,96100161,random_growth138,8000000,10000000,0.8,0.800040280079275,0.0034458837626504535,0.00514117941626531,0.005084616748514556,-0.0016952956536148561,-0.0016387329858641025,1,1,1
indefinite_noisy_global,96100162,random_growth138,8000000,10000000,0.8,0.800040280079275,0.005950079606172234,0.01132808124105543,0.006201552288281828,-0.005378001634883195,-0.0002514726821095936,1,0,1
indefinite_noisy_global,96100163,random_growth138,8000000,10000000,0.8,0.800040280079275,0.005745978576377236,0.005268488270756669,0.005592615694011482,0.0004774903056205676,0.00015336288236575402,1,1,1
indefinite_noisy_global,96100164,random_growth138,8000000,10000000,0.8,0.800040280079275,0.0049260376765438985,0.004670602461839632,0.005791922392004198,0.00025543521470426656,-0.0008658847154602994,1,1,1
indefinite_noisy_global,96100165,random_growth138,8000000,10000000,0.8,0.800040280079275,0.006401087424995913,0.006298241276503691,0.006078601483539531,0.00010284614849222218,0.00032248594145638243,1,1,1
indefinite_noisy_global,96100166,random_growth138,8000000,10000000,0.8,0.800040280079275,0.004951614088524722,0.006599447700423797,0.00628371023848269,-0.0016478336118990744,-0.0013320961499579675,1,1,1
indefinite_noisy_global,96100167,random_growth138,8000000,10000000,0.8,0.800040280079275,0.003964461414355164,0.004038606174679424,0.003795451545931819,-7.41447603242601e-05,0.00016900986842334487,1,1,1
indefinite_noisy_global,96100168,random_growth138,8000000,10000000,0.8,0.800040280079275,0.00881453845852291,0.005434548450967594,0.007394636753725245,0.003379990007555317,0.0014199017047976659,1,1,1
indefinite_noisy_global,96100169,random_growth138,8000000,10000000,0.8,0.800040280079275,0.00396484516521714,0.004781507465198481,0.005136269911331051,-0.0008166622999813411,-0.001171424746113911,1,1,1
indefinite_noisy_global,96100170,random_growth138,8000000,10000000,0.8,0.800040280079275,0.004423841990058144,0.006408680816463064,0.006009379937460285,-0.0019848388264049194,-0.0015855379474021408,1,1,1
indefinite_noisy_global,96100171,random_growth138,8000000,10000000,0.8,0.800040280079275,0.004512204030748618,0.004523511222711704,0.0072468899177289825,-1.1307191963086383e-05,-0.0027346858869803647,1,1,1
indefinite_noisy_global,96100172,random_growth138,8000000,10000000,0.8,0.800040280079275,0.0053274441976018105,0.00809999463654007,0.005233356256848273,-0.0027725504389382594,9.408794075353721e-05,1,1,1
indefinite_noisy_global,96100173,random_growth138,8000000,10000000,0.8,0.800040280079275,0.004724045228115106,0.005499936051154189,0.0058543592768802305,-0.0007758908230390826,-0.0011303140487651242,1,1,1
indefinite_noisy_global,96100174,random_growth138,8000000,10000000,0.8,0.800040280079275,0.006531235716423847,0.0077866554712385655,0.006739889720090375,-0.0012554197548147183,-0.00020865400366652798,1,1,1
indefinite_noisy_global,96100175,random_growth138,8000000,10000000,0.8,0.800040280079275,0.005847978528383049,0.006806473078588546,0.006959311929561285,-0.0009584945502054965,-0.0011113334011782355,1,1,1
indefinite_noisy_global,96100176,random_growth138,8000000,10000000,0.8,0.800040280079275,0.005442686950731607,0.006568396843414037,0.005193972198021257,-0.0011257098926824305,0.0002487147527103495,1,1,1
indefinite_noisy_global,96100177,random_growth138,8000000,10000000,0.8,0.800040280079275,0.004799279344639487,0.006089583959662692,0.00402003308281608,-0.001290304615023205,0.0007792462618234075,1,1,1
indefinite_noisy_global,96100178,random_growth138,8000000,10000000,0.8,0.800040280079275,0.006592248110990601,0.006143991351752656,0.005354020131238771,0.0004482567592379444,0.0012382279797518297,1,1,1
indefinite_noisy_global,96100179,random_growth138,8000000,10000000,0.8,0.800040280079275,0.005159639250478645,0.005338786633735382,0.005368113229928556,-0.0001791473832567364,-0.00020847397944991075,1,1,1
indefinite_noisy_global,96100180,random_growth138,8000000,10000000,0.8,0.800040280079275,0.006849695598982769,0.006016863926729843,0.007821501710100945,0.0008328316722529261,-0.0009718061111181758,1,1,1
indefinite_noisy_global,96100181,random_growth138,8000000,10000000,0.8,0.800040280079275,0.003978170344567489,0.005930705896740246,0.0030115044505732713,-0.0019525355521727572,0.0009666658939942174,1,1,1
indefinite_noisy_global,96100182,random_growth138,8000000,10000000,0.8,0.800040280079275,0.006294734674913122,0.007813634761673405,0.007474174077370541,-0.001518900086760283,-0.001179439402457419,1,1,1
indefinite_noisy_global,96100183,random_growth138,8000000,10000000,0.8,0.800040280079275,0.004053626618883088,0.00677668881459928,0.00780676193629945,-0.0027230621957161916,-0.0037531353174163617,1,1,1
indefinite_noisy_global,96100184,random_growth138,8000000,10000000,0.8,0.800040280079275,0.00849126923947531,0.009826682084887142,0.01070961497931669,-0.001335412845411832,-0.002218345739841379,1,1,0
indefinite_noisy_global,96100185,random_growth138,8000000,10000000,0.8,0.800040280079275,0.005093924515412351,0.006147771384658163,0.004871201039259324,-0.0010538468692458114,0.0002227234761530278,1,1,1
indefinite_noisy_global,96100186,random_growth138,8000000,10000000,0.8,0.800040280079275,0.004712171107595697,0.004112886779242042,0.005296259621554875,0.0005992843283536553,-0.0005840885139591773,1,1,1
indefinite_noisy_global,96100187,random_growth138,8000000,10000000,0.8,0.800040280079275,0.005104124330135018,0.005169977808809137,0.004342640996594205,-6.585347867411884e-05,0.0007614833335408133,1,1,1
indefinite_noisy_global,96100188,random_growth138,8000000,10000000,0.8,0.800040280079275,0.005891644612511113,0.0079318153412518,0.008654819785244017,-0.0020401707287406867,-0.002763175172732904,1,1,1
indefinite_noisy_global,96100189,random_growth138,8000000,10000000,0.8,0.800040280079275,0.0048330283997883305,0.003790565859791331,0.004554229241111388,0.0010424625399969994,0.0002787991586769428,1,1,1
indefinite_noisy_global,96100190,random_growth138,8000000,10000000,0.8,0.800040280079275,0.005502279903636456,0.004304051467716882,0.004525642221101106,0.0011982284359195738,0.00097663768253535,1,1,1
indefinite_noisy_global,96100191,random_growth138,8000000,10000000,0.8,0.800040280079275,0.00487093083513912,0.005593557224683771,0.007813440103693406,-0.0007226263895446505,-0.002942509268554286,1,1,1
indefinite_noisy_global,96100192,random_growth138,8000000,10000000,0.8,0.800040280079275,0.008190752773175602,0.006921994359460851,0.005830310337892483,0.0012687584137147517,0.0023604424352831194,1,1,1
indefinite_noisy_global,96100193,random_growth138,8000000,10000000,0.8,0.800040280079275,0.004559143444736263,0.004685316883674087,0.006367226234997372,-0.00012617343893782385,-0.001808082790261109,1,1,1
indefinite_noisy_global,96100194,random_growth138,8000000,10000000,0.8,0.800040280079275,0.007288600238622905,0.006207858637161556,0.005011572279607607,0.0010807416014613491,0.0022770279590152986,1,1,1
indefinite_noisy_global,96100195,random_growth138,8000000,10000000,0.8,0.800040280079275,0.00432016896645962,0.005357562730333179,0.00422122826333661,-0.0010373937638735592,9.894070312300995e-05,1,1,1
indefinite_noisy_global,96100196,random_growth138,8000000,10000000,0.8,0.800040280079275,0.005276271586291653,0.005855158723144363,0.007625729244105345,-0.0005788871368527099,-0.0023494576578136916,1,1,1
indefinite_noisy_global,96100197,random_growth138,8000000,10000000,0.8,0.800040280079275,0.007632701026795072,0.006877831714158414,0.005840019235587593,0.0007548693126366579,0.0017926817912074788,1,1,1
indefinite_noisy_global,96100198,random_growth138,8000000,10000000,0.8,0.800040280079275,0.006265483081935724,0.012352199752304366,0.005933397964614243,-0.0060867166703686415,0.0003320851173214817,1,0,1
indefinite_noisy_global,96100199,random_growth138,8000000,10000000,0.8,0.800040280079275,0.00453426817230472,0.004986798465955455,0.004769207475103579,-0.00045253029365073527,-0.00023493930279885888,1,1,1
indefinite_noisy_global,96100200,random_growth138,8000000,10000000,0.8,0.800040280079275,0.006351771560401495,0.004778598464050057,0.005582987750572588,0.0015731730963514379,0.0007687838098289074,1,1,1
indefinite_noisy_global,96100201,random_growth138,8000000,10000000,0.8,0.800040280079275,0.00645609832594933,0.007311173380219846,0.005961275349315412,-0.0008550750542705154,0.0004948229766339185,1,1,1
indefinite_noisy_global,96100202,random_growth138,8000000,10000000,0.8,0.800040280079275,0.006612927990292464,0.006345772402054473,0.008052869766879217,0.0002671555882379911,-0.0014399417765867534,1,1,1
indefinite_noisy_global,96100203,random_growth138,8000000,10000000,0.8,0.800040280079275,0.0033267975874112787,0.004904649824485602,0.005537428949258516,-0.001577852237074323,-0.0022106313618472373,1,1,1
indefinite_noisy_global,96100204,random_growth138,8000000,10000000,0.8,0.800040280079275,0.0046876272812038655,0.006173687707826961,0.005189136445182152,-0.0014860604266230953,-0.0005015091639782865,1,1,1
indefinite_noisy_global,96100205,random_growth138,8000000,10000000,0.8,0.800040280079275,0.007577158520931285,0.0071946959593061355,0.0064271408927005225,0.00038246256162514924,0.0011500176282307623,1,1,1
indefinite_noisy_global,96100206,random_growth138,8000000,10000000,0.8,0.800040280079275,0.007445246497615257,0.00864871133766737,0.007914688700299974,-0.0012034648400521125,-0.0004694422026847167,1,1,1
indefinite_noisy_global,96100207,random_growth138,8000000,10000000,0.8,0.800040280079275,0.00625514628459635,0.005846028229232636,0.006626856511531845,0.0004091180553637136,-0.0003717102269354955,1,1,1
indefinite_noisy_global,96100208,random_growth138,8000000,10000000,0.8,0.800040280079275,0.00663556697391246,0.006228832463761033,0.007274016085923693,0.0004067345101514269,-0.0006384491120112329,1,1,1
indefinite_noisy_global,96100209,random_growth138,8000000,10000000,0.8,0.800040280079275,0.007047718372613324,0.00790848939539511,0.011394438768734791,-0.0008607710227817866,-0.004346720396121467,1,1,0
indefinite_noisy_global,96100210,random_growth138,8000000,10000000,0.8,0.800040280079275,0.006565797061461945,0.00589439275906678,0.005588760961852748,0.0006714043023951649,0.0009770360996091965,1,1,1
indefinite_noisy_global,96100211,random_growth138,8000000,10000000,0.8,0.800040280079275,0.0068131359080012,0.0063959905970704944,0.006260430815326998,0.0004171453109307055,0.0005527050926742022,1,1,1
indefinite_noisy_global,96100212,random_growth138,8000000,10000000,0.8,0.800040280079275,0.008596733163477796,0.006566372616025509,0.010254762168604659,0.0020303605474522868,-0.0016580290051268626,1,1,0
indefinite_noisy_global,96100213,random_growth138,8000000,10000000,0.8,0.800040280079275,0.006731462534322913,0.008365146223388187,0.008655521356261728,-0.001633683689065274,-0.001924058821938815,1,1,1
indefinite_noisy_global,96100214,random_growth138,8000000,10000000,0.8,0.800040280079275,0.002811104768502354,0.0048335227368272865,0.0037307632912175342,-0.0020224179683249327,-0.0009196585227151804,1,1,1
indefinite_noisy_global,96100215,random_growth138,8000000,10000000,0.8,0.800040280079275,0.0043973654515662985,0.004153520274618974,0.005077634990428195,0.00024384517694732433,-0.0006802695388618968,1,1,1
indefinite_noisy_global,96100216,random_growth138,8000000,10000000,0.8,0.800040280079275,0.005249986214580615,0.005220544248430534,0.006984895584236664,2.9441966150081655e-05,-0.0017349093696560486,1,1,1
indefinite_noisy_global,96100217,random_growth138,8000000,10000000,0.8,0.800040280079275,0.0034975980423422315,0.004998674965416783,0.004595798082510871,-0.0015010769230745513,-0.0010982000401686398,1,1,1
indefinite_noisy_global,96100218,random_growth138,8000000,10000000,0.8,0.800040280079275,0.004240995415031215,0.0038917117983600646,0.006581656901659849,0.0003492836166711505,-0.002340661486628634,1,1,1
indefinite_noisy_global,96100219,random_growth138,8000000,10000000,0.8,0.800040280079275,0.003933242767671513,0.005545169442785491,0.007431355068023698,-0.0016119266751139782,-0.0034981123003521852,1,1,1
indefinite_noisy_global,96100220,random_growth138,8000000,10000000,0.8,0.800040280079275,0.004439095762388837,0.004047901131920231,0.005325960165055085,0.00039119463046860536,-0.0008868644026662487,1,1,1
indefinite_noisy_global,96100221,random_growth138,8000000,10000000,0.8,0.800040280079275,0.004326486736446075,0.00545269879931741,0.005772060772630677,-0.0011262120628713346,-0.001445574036184602,1,1,1
indefinite_noisy_global,96100222,random_growth138,8000000,10000000,0.8,0.800040280079275,0.004803132526057408,0.004848761026188683,0.005284559587905427,-4.562850013127562e-05,-0.0004814270618480193,1,1,1
indefinite_noisy_global,96100223,random_growth138,8000000,10000000,0.8,0.800040280079275,0.005449058712978572,0.006916054186998824,0.008854969071036056,-0.0014669954740202523,-0.0034059103580574845,1,1,1
indefinite_noisy_global,96100224,random_growth138,8000000,10000000,0.8,0.800040280079275,0.0052971151897565905,0.0049596604301054975,0.0055873274210953144,0.00033745475965109295,-0.000290212231338724,1,1,1
indefinite_noisy_global,96100225,random_growth138,8000000,10000000,0.8,0.800040280079275,0.005218243133957898,0.006767809909034639,0.005773643028320799,-0.0015495667750767411,-0.0005553998943629013,1,1,1
indefinite_noisy_global,96100226,random_growth138,8000000,10000000,0.8,0.800040280079275,0.005314805974565601,0.00524641303157318,0.005617965969523825,6.839294299242071e-05,-0.0003031599949582242,1,1,1
indefinite_noisy_global,96100227,random_growth138,8000000,10000000,0.8,0.800040280079275,0.006261171744139524,0.005575442748580614,0.005310988607980918,0.0006857289955589096,0.0009501831361586055,1,1,1
indefinite_noisy_global,96100228,random_growth138,8000000,10000000,0.8,0.800040280079275,0.005792693096503515,0.006728408542522699,0.0058381427522159884,-0.0009357154460191835,-4.544965571247339e-05,1,1,1
indefinite_noisy_global,96100229,random_growth138,8000000,10000000,0.8,0.800040280079275,0.0036803303053906944,0.006210888690834873,0.005967453131353537,-0.0025305583854441788,-0.0022871228259628423,1,1,1
indefinite_noisy_global,96100230,random_growth138,8000000,10000000,0.8,0.800040280079275,0.005039242840429198,0.006091214817184276,0.004736954522550407,-0.0010519719767550784,0.0003022883178787905,1,1,1
indefinite_noisy_global,96100231,random_growth138,8000000,10000000,0.8,0.800040280079275,0.006435506029793439,0.008536536792400268,0.006776097072481405,-0.0021010307626068286,-0.00034059104268796547,1,1,1
indefinite_noisy_global,96100232,random_growth138,8000000,10000000,0.8,0.800040280079275,0.006768150645647425,0.005471380254960051,0.007445689677603687,0.001296770390687374,-0.0006775390319562619,1,1,1
indefinite_noisy_global,96100233,random_growth138,8000000,10000000,0.8,0.800040280079275,0.003685573842547696,0.0049146196456073404,0.004830502732919517,-0.0012290458030596446,-0.0011449288903718213,1,1,1
indefinite_noisy_global,96100234,random_growth138,8000000,10000000,0.8,0.800040280079275,0.0048396339284655365,0.0037794525010139968,0.004875445366851361,0.0010601814274515398,-3.5811438385824346e-05,1,1,1
indefinite_noisy_global,96100235,random_growth138,8000000,10000000,0.8,0.800040280079275,0.004316952949457553,0.006491793184725925,0.006154119004251474,-0.0021748402352683716,-0.0018371660547939206,1,1,1
indefinite_noisy_global,96100236,random_growth138,8000000,10000000,0.8,0.800040280079275,0.004782600566414594,0.004923765526568438,0.005490497011635384,-0.0001411649601538445,-0.0007078964452207903,1,1,1
indefinite_noisy_global,96100237,random_growth138,8000000,10000000,0.8,0.800040280079275,0.0057398450611594876,0.004914276467004153,0.004716937484376141,0.0008255685941553348,0.0010229075767833468,1,1,1
indefinite_noisy_global,96100238,random_growth138,8000000,10000000,0.8,0.800040280079275,0.006270184655788796,0.006562121958000641,0.0057880998432158215,-0.0002919373022118449,0.00048208481257297486,1,1,1
indefinite_noisy_global,96100239,random_growth138,8000000,10000000,0.8,0.800040280079275,0.005527495116948514,0.00856636115209719,0.007994726272198646,-0.003038866035148677,-0.0024672311552501325,1,1,1
indefinite_noisy_global,96100240,random_growth138,8000000,10000000,0.8,0.800040280079275,0.006001887433672637,0.007738409920090089,0.007266491188941737,-0.0017365224864174522,-0.0012646037552691003,1,1,1
indefinite_noisy_global,96100241,random_growth138,8000000,10000000,0.8,0.800040280079275,0.004305341111235025,0.004663738831323844,0.005035427489144512,-0.0003583977200888183,-0.0007300863779094863,1,1,1
indefinite_noisy_global,96100242,random_growth138,8000000,10000000,0.8,0.800040280079275,0.006785017636404891,0.005471364293355985,0.006086394794767941,0.0013136533430489067,0.0006986228416369505,1,1,1
indefinite_noisy_global,96100243,random_growth138,8000000,10000000,0.8,0.800040280079275,0.004989909870187104,0.005887347989655109,0.004074017889743556,-0.0008974381194680053,0.0009158919804435478,1,1,1
indefinite_noisy_global,96100244,random_growth138,8000000,10000000,0.8,0.800040280079275,0.006048776190874808,0.006908877695121801,0.006956722166610543,-0.0008601015042469934,-0.0009079459757357355,1,1,1
indefinite_noisy_global,96100245,random_growth138,8000000,10000000,0.8,0.800040280079275,0.005581301229041283,0.00556138297503718,0.006956767609833103,1.9918254004103186e-05,-0.0013754663807918205,1,1,1
indefinite_noisy_global,96100246,random_growth138,8000000,10000000,0.8,0.800040280079275,0.006555969308284962,0.007654189472910827,0.006297877621386741,-0.0010982201646258655,0.0002580916868982208,1,1,1
indefinite_noisy_global,96100247,random_growth138,8000000,10000000,0.8,0.800040280079275,0.0046735498994598945,0.004603312015472566,0.005516877293576791,7.023788398732855e-05,-0.0008433273941168967,1,1,1
indefinite_noisy_global,96100248,random_growth138,8000000,10000000,0.8,0.800040280079275,0.0049457584369442115,0.005573285514785836,0.005984230131255125,-0.0006275270778416248,-0.0010384716943109135,1,1,1
indefinite_noisy_global,96100249,random_growth138,8000000,10000000,0.8,0.800040280079275,0.004781774976404682,0.006135794085344731,0.004803578151951385,-0.0013540191089400494,-2.180317554670297e-05,1,1,1
indefinite_noisy_global,96100250,random_growth138,8000000,10000000,0.8,0.800040280079275,0.00449005771553293,0.006594434753412898,0.005403507402667165,-0.0021043770378799675,-0.0009134496871342351,1,1,1
indefinite_noisy_global,96100251,random_growth138,8000000,10000000,0.8,0.800040280079275,0.006363270409402225,0.005418708763097704,0.0066463187184802874,0.0009445616463045203,-0.0002830483090780628,1,1,1
indefinite_noisy_global,96100252,random_growth138,8000000,10000000,0.8,0.800040280079275,0.004205988477864742,0.006199646937596309,0.006301940427384911,-0.0019936584597315676,-0.0020959519495201695,1,1,1
indefinite_noisy_global,96100253,random_growth138,8000000,10000000,0.8,0.800040280079275,0.004709060619306274,0.0035315212459377243,0.005452347483121081,0.0011775393733685496,-0.0007432868638148071,1,1,1
indefinite_noisy_global,96100254,random_growth138,8000000,10000000,0.8,0.800040280079275,0.0077328299490931895,0.006695819339555792,0.005959551530020646,0.0010370106095373977,0.0017732784190725437,1,1,1
indefinite_noisy_global,96100255,random_growth138,8000000,10000000,0.8,0.800040280079275,0.0061868556011846765,0.005883913811754751,0.005497657951482368,0.0003029417894299252,0.0006891976497023083,1,1,1
indefinite_noisy_global,96100000,fixed7,8000000,10000000,0.8,0.8000078431109235,0.007756301948892527,0.00543775223811567,0.00446046967250531,0.002318549710776857,0.003295832276387217,1,1,1
indefinite_noisy_global,96100001,fixed7,8000000,10000000,0.8,0.8000078431109235,0.0045378897729421025,0.004865332681996945,0.004051282963192501,-0.0003274429090548425,0.00048660680974960124,1,1,1
indefinite_noisy_global,96100002,fixed7,8000000,10000000,0.8,0.8000078431109235,0.0053240758042278485,0.005084974033080378,0.005749855318932823,0.00023910177114747078,-0.0004257795147049742,1,1,1
indefinite_noisy_global,96100003,fixed7,8000000,10000000,0.8,0.8000078431109235,0.0045281283749360746,0.0877511307463659,0.5996798412480348,-0.08322300237142982,-0.5951517128730986,1,0,0
indefinite_noisy_global,96100004,fixed7,8000000,10000000,0.8,0.8000078431109235,0.00580667169140224,0.004681543297914523,0.004991930526169239,0.0011251283934877176,0.0008147411652330017,1,1,1
indefinite_noisy_global,96100005,fixed7,8000000,10000000,0.8,0.8000078431109235,0.006797493394624238,0.008241218786982973,0.006500509057532591,-0.0014437253923587356,0.0002969843370916464,1,1,1
indefinite_noisy_global,96100006,fixed7,8000000,10000000,0.8,0.8000078431109235,0.007282752724535366,0.006167527570234352,0.008125052619501902,0.0011152251543010139,-0.0008422998949665361,1,1,1
indefinite_noisy_global,96100007,fixed7,8000000,10000000,0.8,0.8000078431109235,0.004710559564129441,0.005751368879911109,0.004970437742219891,-0.0010408093157816684,-0.0002598781780904502,1,1,1
indefinite_noisy_global,96100008,fixed7,8000000,10000000,0.8,0.8000078431109235,0.00422267212947143,0.004954461826394779,0.003283875193409558,-0.0007317896969233489,0.0009387969360618725,1,1,1
indefinite_noisy_global,96100009,fixed7,8000000,10000000,0.8,0.8000078431109235,0.00541056118545459,0.005788281714148011,0.0037945939293294456,-0.00037772052869342043,0.0016159672561251448,1,1,1
indefinite_noisy_global,96100010,fixed7,8000000,10000000,0.8,0.8000078431109235,0.0059024540244417,0.006191441429210354,0.006667569006281265,-0.0002889874047686536,-0.0007651149818395653,1,1,1
indefinite_noisy_global,96100011,fixed7,8000000,10000000,0.8,0.8000078431109235,0.0063899131299349765,0.004974135074979513,0.004157228184807363,0.0014157780549554633,0.0022326849451276137,1,1,1
indefinite_noisy_global,96100012,fixed7,8000000,10000000,0.8,0.8000078431109235,0.004925948791816445,0.004957550054094095,0.007707501892336002,-3.1601262277650144e-05,-0.002781553100519557,1,1,1
indefinite_noisy_global,96100013,fixed7,8000000,10000000,0.8,0.8000078431109235,0.0042984375848606066,0.00515424311630025,0.004775635600189954,-0.0008558055314396434,-0.000477198015329347,1,1,1
indefinite_noisy_global,96100014,fixed7,8000000,10000000,0.8,0.8000078431109235,0.006993807296815105,0.008053697594624154,0.007109536148863685,-0.001059890297809049,-0.00011572885204857997,1,1,1
indefinite_noisy_global,96100015,fixed7,8000000,10000000,0.8,0.8000078431109235,0.008048093093663097,0.010962887751094996,0.005019953284776571,-0.002914794657431899,0.0030281398088865263,1,0,1
indefinite_noisy_global,96100016,fixed7,8000000,10000000,0.8,0.8000078431109235,0.004802719312916967,0.005033350354977817,0.004034413278488469,-0.00023063104206084983,0.0007683060344284981,1,1,1
indefinite_noisy_global,96100017,fixed7,8000000,10000000,0.8,0.8000078431109235,0.005444976269876389,0.006753316422065864,0.005588064166095641,-0.0013083401521894744,-0.00014308789621925166,1,1,1
indefinite_noisy_global,96100018,fixed7,8000000,10000000,0.8,0.8000078431109235,0.005038503288802593,0.004041191894558496,0.003919932464618692,0.0009973113942440964,0.001118570824183901,1,1,1
indefinite_noisy_global,96100019,fixed7,8000000,10000000,0.8,0.8000078431109235,0.004795616716110118,0.005997777054308595,0.0053504102473604515,-0.001202160338198477,-0.0005547935312503333,1,1,1
indefinite_noisy_global,96100020,fixed7,8000000,10000000,0.8,0.8000078431109235,0.00672923459202511,0.007304950396013851,0.005751570279876786,-0.0005757158039887411,0.0009776643121483242,1,1,1
indefinite_noisy_global,96100021,fixed7,8000000,10000000,0.8,0.8000078431109235,0.006689499392055209,0.005199163750405855,0.005154249900833671,0.001490335641649354,0.001535249491221538,1,1,1
indefinite_noisy_global,96100022,fixed7,8000000,10000000,0.8,0.8000078431109235,0.008384611837612757,0.006026996164586296,0.008794017129402143,0.0023576156730264614,-0.0004094052917893859,1,1,1
indefinite_noisy_global,96100023,fixed7,8000000,10000000,0.8,0.8000078431109235,0.005379154189716559,0.005811215498635586,0.006496391140754079,-0.0004320613089190267,-0.0011172369510375202,1,1,1
indefinite_noisy_global,96100024,fixed7,8000000,10000000,0.8,0.8000078431109235,0.005152461702419703,0.006461979314386163,0.004968756094468771,-0.0013095176119664598,0.00018370560795093194,1,1,1
indefinite_noisy_global,96100025,fixed7,8000000,10000000,0.8,0.8000078431109235,0.005797027529189813,0.09029746238121034,0.08880917404891897,-0.08450043485202052,-0.08301214651972916,1,0,0
indefinite_noisy_global,96100026,fixed7,8000000,10000000,0.8,0.8000078431109235,0.006599069604642946,0.005779289853646619,0.006359105067780771,0.0008197797509963273,0.000239964536862175,1,1,1
indefinite_noisy_global,96100027,fixed7,8000000,10000000,0.8,0.8000078431109235,0.004306208445100393,0.007108763803655521,0.0064449897416783,-0.0028025553585551283,-0.0021387812965779074,1,1,1
indefinite_noisy_global,96100028,fixed7,8000000,10000000,0.8,0.8000078431109235,0.004502948795909095,0.005042412632712837,0.004028696424763681,-0.0005394638368037413,0.0004742523711454144,1,1,1
indefinite_noisy_global,96100029,fixed7,8000000,10000000,0.8,0.8000078431109235,0.004564621775466501,0.004775535781340087,0.004508277426340801,-0.00021091400587358589,5.634434912570041e-05,1,1,1
indefinite_noisy_global,96100030,fixed7,8000000,10000000,0.8,0.8000078431109235,0.0050749352941885095,0.0059130439975404875,0.0058064126337058625,-0.000838108703351978,-0.0007314773395173529,1,1,1
indefinite_noisy_global,96100031,fixed7,8000000,10000000,0.8,0.8000078431109235,0.003599807473743666,0.005239527826774518,0.004858999152457619,-0.0016397203530308518,-0.0012591916787139529,1,1,1
indefinite_noisy_global,96100032,fixed7,8000000,10000000,0.8,0.8000078431109235,0.008362812737871636,0.004978722526051568,0.006061144228595078,0.0033840902118200678,0.002301668509276558,1,1,1
indefinite_noisy_global,96100033,fixed7,8000000,10000000,0.8,0.8000078431109235,0.0037402062222950394,0.0035148281931562247,0.0048737980981787415,0.00022537802913881466,-0.0011335918758837021,1,1,1
indefinite_noisy_global,96100034,fixed7,8000000,10000000,0.8,0.8000078431109235,0.0035014671966938082,0.0047691559926913984,0.003879418673597382,-0.0012676887959975902,-0.00037795147690357356,1,1,1
indefinite_noisy_global,96100035,fixed7,8000000,10000000,0.8,0.8000078431109235,0.005798838581000096,0.006093338932028569,0.005768118793984242,-0.00029450035102847327,3.071978701585376e-05,1,1,1
indefinite_noisy_global,96100036,fixed7,8000000,10000000,0.8,0.8000078431109235,0.006317097531932853,0.004995989924585914,0.005717684133427575,0.0013211076073469386,0.0005994133985052774,1,1,1
indefinite_noisy_global,96100037,fixed7,8000000,10000000,0.8,0.8000078431109235,0.00286398984099806,0.0028176221236593524,0.005317970396334831,4.6367717338707815e-05,-0.002453980555336771,1,1,1
indefinite_noisy_global,96100038,fixed7,8000000,10000000,0.8,0.8000078431109235,0.005054060187013515,0.004184799797112657,0.005246078721604611,0.0008692603899008583,-0.00019201853459109575,1,1,1
indefinite_noisy_global,96100039,fixed7,8000000,10000000,0.8,0.8000078431109235,0.0044770676917851165,0.0045413710827958975,0.0044144757725790434,-6.430339101078097e-05,6.25919192060731e-05,1,1,1
indefinite_noisy_global,96100040,fixed7,8000000,10000000,0.8,0.8000078431109235,0.006091710859309499,0.0031003761866185975,0.003952651847804078,0.0029913346726909013,0.0021390590115054203,1,1,1
indefinite_noisy_global,96100041,fixed7,8000000,10000000,0.8,0.8000078431109235,0.005123422241899864,0.005479391622248864,0.006890608227147529,-0.00035596938034899994,-0.0017671859852476657,1,1,1
indefinite_noisy_global,96100042,fixed7,8000000,10000000,0.8,0.8000078431109235,0.005893958418864045,0.005363089253709069,0.004434778063927572,0.0005308691651549763,0.0014591803549364735,1,1,1
indefinite_noisy_global,96100043,fixed7,8000000,10000000,0.8,0.8000078431109235,0.005417964822909502,0.0071167087052491085,0.004537502545695654,-0.0016987438823396067,0.0008804622772138476,1,1,1
indefinite_noisy_global,96100044,fixed7,8000000,10000000,0.8,0.8000078431109235,0.004640270376051622,0.004471098474758017,0.005419021508164798,0.00016917190129360493,-0.0007787511321131757,1,1,1
indefinite_noisy_global,96100045,fixed7,8000000,10000000,0.8,0.8000078431109235,0.005462101089450513,0.004417384367362109,0.004920790018853344,0.001044716722088404,0.0005413110705971697,1,1,1
indefinite_noisy_global,96100046,fixed7,8000000,10000000,0.8,0.8000078431109235,0.0047622055481637005,0.005029412343871886,0.004324031867152758,-0.00026720679570818584,0.0004381736810109421,1,1,1
indefinite_noisy_global,96100047,fixed7,8000000,10000000,0.8,0.8000078431109235,0.004996311942943046,0.006072044975859239,0.00559790503716219,-0.001075733032916193,-0.0006015930942191439,1,1,1
indefinite_noisy_global,96100048,fixed7,8000000,10000000,0.8,0.8000078431109235,0.005672874246836809,0.0033647942360901933,0.0035879954050704876,0.002308080010746616,0.0020848788417663217,1,1,1
indefinite_noisy_global,96100049,fixed7,8000000,10000000,0.8,0.8000078431109235,0.005320495443779313,0.004541352333867668,0.005580725728524569,0.0007791431099116453,-0.00026023028474525534,1,1,1
indefinite_noisy_global,96100050,fixed7,8000000,10000000,0.8,0.8000078431109235,0.0063766844100155845,0.005726903534666164,0.00639317822216616,0.0006497808753494205,-1.6493812150575327e-05,1,1,1
indefinite_noisy_global,96100051,fixed7,8000000,10000000,0.8,0.8000078431109235,0.005254946530028101,0.005231603745934635,0.006776638278505873,2.334278409346635e-05,-0.0015216917484777714,1,1,1
indefinite_noisy_global,96100052,fixed7,8000000,10000000,0.8,0.8000078431109235,0.006623210655499492,0.00610627580671777,0.004522379132536933,0.0005169348487817221,0.0021008315229625596,1,1,1
indefinite_noisy_global,96100053,fixed7,8000000,10000000,0.8,0.8000078431109235,0.006072400447650755,0.005122993975756482,0.005725316306521205,0.0009494064718942735,0.00034708414112955,1,1,1
indefinite_noisy_global,96100054,fixed7,8000000,10000000,0.8,0.8000078431109235,0.006241889736021328,0.005761253513017428,0.00551566380646161,0.00048063622300389963,0.0007262259295597179,1,1,1
indefinite_noisy_global,96100055,fixed7,8000000,10000000,0.8,0.8000078431109235,0.006707136361296814,0.005810944393032522,0.0067773941886537376,0.0008961919682642927,-7.025782735692321e-05,1,1,1
indefinite_noisy_global,96100056,fixed7,8000000,10000000,0.8,0.8000078431109235,0.005884910554559961,0.0075979867611128266,0.004970915842312976,-0.001713076206552866,0.0009139947122469849,1,1,1
indefinite_noisy_global,96100057,fixed7,8000000,10000000,0.8,0.8000078431109235,0.006848831523734514,0.006713085024135007,0.005590351590118309,0.0001357464995995067,0.001258479933616205,1,1,1
indefinite_noisy_global,96100058,fixed7,8000000,10000000,0.8,0.8000078431109235,0.003377608629865289,0.0038260511090735527,0.0036433212729744258,-0.00044844247920826363,-0.00026571264310913667,1,1,1
indefinite_noisy_global,96100059,fixed7,8000000,10000000,0.8,0.8000078431109235,0.006040553962020648,0.007816271286256712,0.0037094434469387705,-0.0017757173242360647,0.0023311105150818773,1,1,1
indefinite_noisy_global,96100060,fixed7,8000000,10000000,0.8,0.8000078431109235,0.0061576243887642435,0.005766902976236929,0.004782733632464287,0.0003907214125273145,0.0013748907562999568,1,1,1
indefinite_noisy_global,96100061,fixed7,8000000,10000000,0.8,0.8000078431109235,0.007152226051293328,0.004748598050697467,0.00523336928935883,0.0024036280005958616,0.0019188567619344982,1,1,1
indefinite_noisy_global,96100062,fixed7,8000000,10000000,0.8,0.8000078431109235,0.007287647655822335,0.005031217135792326,0.006300098285090094,0.002256430520030009,0.0009875493707322408,1,1,1
indefinite_noisy_global,96100063,fixed7,8000000,10000000,0.8,0.8000078431109235,0.004716028721748436,0.003849944662039931,0.08330077343050704,0.0008660840597085051,-0.0785847447087586,1,1,0
indefinite_noisy_global,96100064,fixed7,8000000,10000000,0.8,0.8000078431109235,0.004469603328427746,0.005426411005912193,0.006439851799099408,-0.0009568076774844475,-0.001970248470671662,1,1,1
indefinite_noisy_global,96100065,fixed7,8000000,10000000,0.8,0.8000078431109235,0.0047813101762152616,0.005381013521221195,0.0069722593142718114,-0.0005997033450059336,-0.00219094913805655,1,1,1
indefinite_noisy_global,96100066,fixed7,8000000,10000000,0.8,0.8000078431109235,0.005445404475813265,0.006132537141460934,0.005773391993644933,-0.000687132665647669,-0.00032798751783166824,1,1,1
indefinite_noisy_global,96100067,fixed7,8000000,10000000,0.8,0.8000078431109235,0.004628002692369085,0.0032369457770343585,0.0032693163121422786,0.0013910569153347263,0.0013586863802268062,1,1,1
indefinite_noisy_global,96100068,fixed7,8000000,10000000,0.8,0.8000078431109235,0.0046803093373463805,0.004736377240531331,0.0045957073188021835,-5.606790318495036e-05,8.460201854419702e-05,1,1,1
indefinite_noisy_global,96100069,fixed7,8000000,10000000,0.8,0.8000078431109235,0.004133394538078136,0.6014748683130747,0.6002021176050649,-0.5973414737749966,-0.5960687230669868,1,0,0
indefinite_noisy_global,96100070,fixed7,8000000,10000000,0.8,0.8000078431109235,0.006108917259970273,0.004765226216676979,0.004436997484656535,0.0013436910432932936,0.0016719197753137377,1,1,1
indefinite_noisy_global,96100071,fixed7,8000000,10000000,0.8,0.8000078431109235,0.006365568338043734,0.004459118780571009,0.003811049391679852,0.0019064495574727253,0.0025545189463638818,1,1,1
indefinite_noisy_global,96100072,fixed7,8000000,10000000,0.8,0.8000078431109235,0.005145955451427681,0.004195367720553886,0.004480537642612345,0.0009505877308737948,0.0006654178088153356,1,1,1
indefinite_noisy_global,96100073,fixed7,8000000,10000000,0.8,0.8000078431109235,0.004041075247466996,0.0039479847164110154,0.00479823624641279,9.309053105598097e-05,-0.0007571609989457939,1,1,1
indefinite_noisy_global,96100074,fixed7,8000000,10000000,0.8,0.8000078431109235,0.008275753395977817,0.007299493783153449,0.007278821873263383,0.0009762596128243678,0.0009969315227144337,1,1,1
indefinite_noisy_global,96100075,fixed7,8000000,10000000,0.8,0.8000078431109235,0.0049632240657028065,0.004533013608196232,0.003927765263113725,0.0004302104575065746,0.0010354588025890815,1,1,1
indefinite_noisy_global,96100076,fixed7,8000000,10000000,0.8,0.8000078431109235,0.005658695214902018,0.006239271273941804,0.00597494457065996,-0.0005805760590397863,-0.00031624935575794155,1,1,1
indefinite_noisy_global,96100077,fixed7,8000000,10000000,0.8,0.8000078431109235,0.0045427065420646645,0.004648847752892177,0.004701755652466055,-0.00010614121082751227,-0.0001590491104013908,1,1,1
indefinite_noisy_global,96100078,fixed7,8000000,10000000,0.8,0.8000078431109235,0.007480675526426783,0.004738524672558253,0.004581154040491156,0.00274215085386853,0.002899521485935627,1,1,1
indefinite_noisy_global,96100079,fixed7,8000000,10000000,0.8,0.8000078431109235,0.005135769867827211,0.006339592034337357,0.004744591601552425,-0.0012038221665101462,0.0003911782662747859,1,1,1
indefinite_noisy_global,96100080,fixed7,8000000,10000000,0.8,0.8000078431109235,0.005671970794263029,0.0075590318346651225,0.005197000710912766,-0.0018870610404020938,0.00047497008335026236,1,1,1
indefinite_noisy_global,96100081,fixed7,8000000,10000000,0.8,0.8000078431109235,0.004802801861647166,0.00479152402815157,0.0047134493340216105,1.1277833495595968e-05,8.935252762555523e-05,1,1,1
indefinite_noisy_global,96100082,fixed7,8000000,10000000,0.8,0.8000078431109235,0.004774182251064102,0.0070175720836416905,0.005927574003934108,-0.0022433898325775886,-0.001153391752870006,1,1,1
indefinite_noisy_global,96100083,fixed7,8000000,10000000,0.8,0.8000078431109235,0.005184701876557604,0.0054328600026411905,0.00496375557715345,-0.00024815812608358634,0.0002209462994041539,1,1,1
indefinite_noisy_global,96100084,fixed7,8000000,10000000,0.8,0.8000078431109235,0.006331013615563222,0.004737581531253907,0.006082545440089321,0.0015934320843093153,0.000248468175473901,1,1,1
indefinite_noisy_global,96100085,fixed7,8000000,10000000,0.8,0.8000078431109235,0.006895814683158627,0.0053043606665962445,0.00560803789291868,0.0015914540165623825,0.0012877767902399473,1,1,1
indefinite_noisy_global,96100086,fixed7,8000000,10000000,0.8,0.8000078431109235,0.0033589410586785384,0.006050268528976527,0.0044028117760101515,-0.0026913274702979884,-0.001043870717331613,1,1,1
indefinite_noisy_global,96100087,fixed7,8000000,10000000,0.8,0.8000078431109235,0.006541348933341476,0.004767375940964935,0.006622985718931121,0.0017739729923765407,-8.163678558964493e-05,1,1,1
indefinite_noisy_global,96100088,fixed7,8000000,10000000,0.8,0.8000078431109235,0.003995206132799925,0.0037589772811968125,0.0032009920292316446,0.00023622885160311247,0.0007942141035682804,1,1,1
indefinite_noisy_global,96100089,fixed7,8000000,10000000,0.8,0.8000078431109235,0.007162340278394602,0.004101272679763485,0.00568784115615488,0.0030610675986311175,0.0014744991222397225,1,1,1
indefinite_noisy_global,96100090,fixed7,8000000,10000000,0.8,0.8000078431109235,0.0037993525368114622,0.00666661953390571,0.005932001841002232,-0.0028672669970942477,-0.00213264930419077,1,1,1
indefinite_noisy_global,96100091,fixed7,8000000,10000000,0.8,0.8000078431109235,0.005227210666063298,0.0040189045161885956,0.00469075892527776,0.0012083061498747022,0.0005364517407855374,1,1,1
indefinite_noisy_global,96100092,fixed7,8000000,10000000,0.8,0.8000078431109235,0.0056221745707553256,0.0051424545611379185,0.006599341825919536,0.000479720009617407,-0.0009771672551642102,1,1,1
indefinite_noisy_global,96100093,fixed7,8000000,10000000,0.8,0.8000078431109235,0.00538760655810977,0.00702872942885617,0.006540502479422061,-0.0016411228707464004,-0.0011528959213122913,1,1,1
indefinite_noisy_global,96100094,fixed7,8000000,10000000,0.8,0.8000078431109235,0.004508075735956574,0.00509825142449967,0.0051468671359301,-0.0005901756885430959,-0.0006387913999735262,1,1,1
indefinite_noisy_global,96100095,fixed7,8000000,10000000,0.8,0.8000078431109235,0.006355458151160884,0.0049615899476468245,0.007473178831183577,0.0013938682035140593,-0.0011177206800226935,1,1,1
indefinite_noisy_global,96100096,fixed7,8000000,10000000,0.8,0.8000078431109235,0.004771477143548197,0.004434761031383988,0.0036791904082913024,0.00033671611216420927,0.001092286735256895,1,1,1
indefinite_noisy_global,96100097,fixed7,8000000,10000000,0.8,0.8000078431109235,0.006854979788364746,0.007054038906807655,0.005857277960583024,-0.0001990591184429097,0.0009977018277817218,1,1,1
indefinite_noisy_global,96100098,fixed7,8000000,10000000,0.8,0.8000078431109235,0.005520578759985642,0.004920987514856007,0.00431460000612964,0.0005995912451296354,0.0012059787538560018,1,1,1
indefinite_noisy_global,96100099,fixed7,8000000,10000000,0.8,0.8000078431109235,0.007605639754238183,0.010011107505924419,0.004967005682960754,-0.0024054677516862355,0.002638634071277429,1,0,1
indefinite_noisy_global,96100100,fixed7,8000000,10000000,0.8,0.8000078431109235,0.00418279374595773,0.004853078805604233,0.005906035555971051,-0.0006702850596465026,-0.0017232418100133207,1,1,1
indefinite_noisy_global,96100101,fixed7,8000000,10000000,0.8,0.8000078431109235,0.004639033768740572,0.004587270217367365,0.006172551727894479,5.176355137320732e-05,-0.0015335179591539072,1,1,1
indefinite_noisy_global,96100102,fixed7,8000000,10000000,0.8,0.8000078431109235,0.005263261962464044,0.005181360987186259,0.004166573244274274,8.190097527778495e-05,0.00109668871818977,1,1,1
indefinite_noisy_global,96100103,fixed7,8000000,10000000,0.8,0.8000078431109235,0.005812061662749141,0.00401068927956913,0.005090052130463499,0.001801372383180011,0.0007220095322856418,1,1,1
indefinite_noisy_global,96100104,fixed7,8000000,10000000,0.8,0.8000078431109235,0.005927047746857317,0.004503191057917855,0.006068282154990862,0.0014238566889394622,-0.00014123440813354482,1,1,1
indefinite_noisy_global,96100105,fixed7,8000000,10000000,0.8,0.8000078431109235,0.007151911272027828,0.004999966284170057,0.006298549932462247,0.0021519449878577707,0.0008533613395655809,1,1,1
indefinite_noisy_global,96100106,fixed7,8000000,10000000,0.8,0.8000078431109235,0.006208870102993813,0.004612445652763503,0.0047822507278117155,0.0015964244502303104,0.0014266193751820977,1,1,1
indefinite_noisy_global,96100107,fixed7,8000000,10000000,0.8,0.8000078431109235,0.005354533205918832,0.004350111029984158,0.004870096605980992,0.0010044221759346744,0.0004844365999378403,1,1,1
indefinite_noisy_global,96100108,fixed7,8000000,10000000,0.8,0.8000078431109235,0.005673063507935866,0.005485507632947237,0.006053536897918224,0.00018755587498862913,-0.00038047338998235813,1,1,1
indefinite_noisy_global,96100109,fixed7,8000000,10000000,0.8,0.8000078431109235,0.004417607930764955,0.005154502743069556,0.0055663558595067525,-0.0007368948123046004,-0.0011487479287417973,1,1,1
indefinite_noisy_global,96100110,fixed7,8000000,10000000,0.8,0.8000078431109235,0.0033805223399837186,0.005411386178340624,0.00510034618601915,-0.0020308638383569055,-0.0017198238460354315,1,1,1
indefinite_noisy_global,96100111,fixed7,8000000,10000000,0.8,0.8000078431109235,0.006831573342962721,0.0050214062699332485,0.0039179821274411,0.0018101670730294728,0.0029135912155216215,1,1,1
indefinite_noisy_global,96100112,fixed7,8000000,10000000,0.8,0.8000078431109235,0.006406373221692935,0.004388312998118926,0.0046510094961821485,0.0020180602235740086,0.0017553637255107862,1,1,1
indefinite_noisy_global,96100113,fixed7,8000000,10000000,0.8,0.8000078431109235,0.006619675540353448,0.00466016810522453,0.0048713817747137594,0.0019595074351289182,0.0017482937656396885,1,1,1
indefinite_noisy_global,96100114,fixed7,8000000,10000000,0.8,0.8000078431109235,0.006170228964793703,0.003613941677783644,0.0041117350017046556,0.002556287287010059,0.0020584939630890475,1,1,1
indefinite_noisy_global,96100115,fixed7,8000000,10000000,0.8,0.8000078431109235,0.00645938539830819,0.00512786847481346,0.0054916510235201305,0.00133151692349473,0.0009677343747880596,1,1,1
indefinite_noisy_global,96100116,fixed7,8000000,10000000,0.8,0.8000078431109235,0.00436675602428932,0.0030838324071556372,0.004191514415524428,0.0012829236171336827,0.00017524160876489225,1,1,1
indefinite_noisy_global,96100117,fixed7,8000000,10000000,0.8,0.8000078431109235,0.007344099787855163,0.004352718758457566,0.003805347668476386,0.0029913810293975968,0.003538752119378777,1,1,1
indefinite_noisy_global,96100118,fixed7,8000000,10000000,0.8,0.8000078431109235,0.006775287179621392,0.0043762165184050295,0.00525295718290511,0.0023990706612163626,0.0015223299967162818,1,1,1
indefinite_noisy_global,96100119,fixed7,8000000,10000000,0.8,0.8000078431109235,0.006021394493177221,0.005137231555277386,0.00475395944562261,0.000884162937899835,0.0012674350475546103,1,1,1
indefinite_noisy_global,96100120,fixed7,8000000,10000000,0.8,0.8000078431109235,0.004534791208436181,0.004144648521629837,0.005351816342675647,0.000390142686806344,-0.0008170251342394658,1,1,1
indefinite_noisy_global,96100121,fixed7,8000000,10000000,0.8,0.8000078431109235,0.00625807377547237,0.007953226723571252,0.007256675877824234,-0.0016951529480988825,-0.0009986021023518643,1,1,1
indefinite_noisy_global,96100122,fixed7,8000000,10000000,0.8,0.8000078431109235,0.005006659767639171,0.005482963835932719,0.006179217832190373,-0.0004763040682935482,-0.0011725580645512018,1,1,1
indefinite_noisy_global,96100123,fixed7,8000000,10000000,0.8,0.8000078431109235,0.005982071835149358,0.0044391142335519634,0.005368616751500382,0.0015429576015973945,0.0006134550836489755,1,1,1
indefinite_noisy_global,96100124,fixed7,8000000,10000000,0.8,0.8000078431109235,0.0067595448710409956,0.00471689020152076,0.0054107764857653645,0.0020426546695202358,0.001348768385275631,1,1,1
indefinite_noisy_global,96100125,fixed7,8000000,10000000,0.8,0.8000078431109235,0.004071421592573038,0.004521590040138926,0.0888407443344991,-0.0004501684475658879,-0.08476932274192606,1,1,0
indefinite_noisy_global,96100126,fixed7,8000000,10000000,0.8,0.8000078431109235,0.006671669915921802,0.007088767857719475,0.005060494172150085,-0.0004170979417976728,0.0016111757437717172,1,1,1
indefinite_noisy_global,96100127,fixed7,8000000,10000000,0.8,0.8000078431109235,0.004154730606621193,0.005510071785379947,0.006626192347189738,-0.0013553411787587538,-0.002471461740568545,1,1,1
indefinite_noisy_global,96100128,fixed7,8000000,10000000,0.8,0.8000078431109235,0.006395986688017413,0.006117495179145102,0.005242172389776992,0.0002784915088723111,0.0011538142982404215,1,1,1
indefinite_noisy_global,96100129,fixed7,8000000,10000000,0.8,0.8000078431109235,0.008829173284650133,0.006027708394965733,0.007229007581364813,0.002801464889684399,0.0016001657032853195,1,1,1
indefinite_noisy_global,96100130,fixed7,8000000,10000000,0.8,0.8000078431109235,0.005852341513770301,0.005856717838646289,0.004939751356330069,-4.376324875987603e-06,0.0009125901574402323,1,1,1
indefinite_noisy_global,96100131,fixed7,8000000,10000000,0.8,0.8000078431109235,0.005109378792680891,0.005210073019843664,0.005974646823200369,-0.0001006942271627731,-0.0008652680305194782,1,1,1
indefinite_noisy_global,96100132,fixed7,8000000,10000000,0.8,0.8000078431109235,0.004204996940703906,0.0036468382105711433,0.004322991208285373,0.0005581587301327628,-0.00011799426758146714,1,1,1
indefinite_noisy_global,96100133,fixed7,8000000,10000000,0.8,0.8000078431109235,0.007517146694104748,0.0061965063819710425,0.00694545610232622,0.0013206403121337057,0.0005716905917785287,1,1,1
indefinite_noisy_global,96100134,fixed7,8000000,10000000,0.8,0.8000078431109235,0.004367328121504727,0.005917012859644674,0.00451139139138354,-0.0015496847381399476,-0.00014406326987881357,1,1,1
indefinite_noisy_global,96100135,fixed7,8000000,10000000,0.8,0.8000078431109235,0.005755064864568671,0.003025522065884939,0.0038433740536218536,0.0027295427986837317,0.0019116908109468173,1,1,1
indefinite_noisy_global,96100136,fixed7,8000000,10000000,0.8,0.8000078431109235,0.0033189528986416472,0.08406082398381354,0.08501967144890782,-0.08074187108517189,-0.08170071855026617,1,0,0
indefinite_noisy_global,96100137,fixed7,8000000,10000000,0.8,0.8000078431109235,0.006598855977237722,0.00645653075035045,0.004822090988367139,0.00014232522688727156,0.0017767649888705828,1,1,1
indefinite_noisy_global,96100138,fixed7,8000000,10000000,0.8,0.8000078431109235,0.0056081983200478025,0.00649818179893473,0.0064481161325258,-0.0008899834788869271,-0.0008399178124779971,1,1,1
indefinite_noisy_global,96100139,fixed7,8000000,10000000,0.8,0.8000078431109235,0.005944820585421645,0.004345474179842601,0.00458357184314355,0.001599346405579044,0.0013612487422780956,1,1,1
indefinite_noisy_global,96100140,fixed7,8000000,10000000,0.8,0.8000078431109235,0.004004428059341952,0.004675387953527066,0.005093741064151822,-0.0006709598941851136,-0.0010893130048098693,1,1,1
indefinite_noisy_global,96100141,fixed7,8000000,10000000,0.8,0.8000078431109235,0.0034025158873174227,0.004070914445667054,0.0033055051174817884,-0.000668398558349631,9.701076983563428e-05,1,1,1
indefinite_noisy_global,96100142,fixed7,8000000,10000000,0.8,0.8000078431109235,0.005051022822737367,0.0033165666179746506,0.0037447318076252595,0.001734456204762716,0.001306291015112107,1,1,1
indefinite_noisy_global,96100143,fixed7,8000000,10000000,0.8,0.8000078431109235,0.00376179899426915,0.004478314846432602,0.004730149404906833,-0.0007165158521634518,-0.0009683504106376833,1,1,1
indefinite_noisy_global,96100144,fixed7,8000000,10000000,0.8,0.8000078431109235,0.00499038314128622,0.0041756613027427725,0.006552319318659405,0.0008147218385434474,-0.0015619361773731855,1,1,1
indefinite_noisy_global,96100145,fixed7,8000000,10000000,0.8,0.8000078431109235,0.003954844418582931,0.005369449611537416,0.005028846538341208,-0.001414605192954485,-0.0010740021197582772,1,1,1
indefinite_noisy_global,96100146,fixed7,8000000,10000000,0.8,0.8000078431109235,0.005421712502914608,0.0045450466899839,0.004900677371621906,0.0008766658129307076,0.000521035131292702,1,1,1
indefinite_noisy_global,96100147,fixed7,8000000,10000000,0.8,0.8000078431109235,0.0030413510049859815,0.0033171469809495507,0.00281940150344831,-0.0002757959759635692,0.00022194950153767157,1,1,1
indefinite_noisy_global,96100148,fixed7,8000000,10000000,0.8,0.8000078431109235,0.006136014864862607,0.0054839141056002155,0.007588608755218204,0.0006521007592623917,-0.0014525938903555968,1,1,1
indefinite_noisy_global,96100149,fixed7,8000000,10000000,0.8,0.8000078431109235,0.0057894220670905855,0.004728440240669957,0.004122554285623595,0.0010609818264206289,0.0016668677814669908,1,1,1
indefinite_noisy_global,96100150,fixed7,8000000,10000000,0.8,0.8000078431109235,0.006057498059404323,0.005210953449756778,0.005240799661062431,0.0008465446096475454,0.0008166983983418918,1,1,1
indefinite_noisy_global,96100151,fixed7,8000000,10000000,0.8,0.8000078431109235,0.005603802463955226,0.00592686900462247,0.005091765188329558,-0.00032306654066724394,0.000512037275625668,1,1,1
indefinite_noisy_global,96100152,fixed7,8000000,10000000,0.8,0.8000078431109235,0.0051443671111793265,0.004494506469300649,0.004936200303735996,0.0006498606418786773,0.00020816680744333016,1,1,1
indefinite_noisy_global,96100153,fixed7,8000000,10000000,0.8,0.8000078431109235,0.006027878337313941,0.005632462640249761,0.005688566387981958,0.00039541569706418034,0.00033931194933198294,1,1,1
indefinite_noisy_global,96100154,fixed7,8000000,10000000,0.8,0.8000078431109235,0.006873876197050571,0.003903284059626602,0.004374058255517302,0.002970592137423969,0.0024998179415332694,1,1,1
indefinite_noisy_global,96100155,fixed7,8000000,10000000,0.8,0.8000078431109235,0.004742086329300468,0.004364163075848054,0.08743183588394735,0.00037792325345241407,-0.08268974955464688,1,1,0
indefinite_noisy_global,96100156,fixed7,8000000,10000000,0.8,0.8000078431109235,0.006627326765115599,0.004039979676255634,0.00669692016895268,0.002587347088859965,-6.959340383708157e-05,1,1,1
indefinite_noisy_global,96100157,fixed7,8000000,10000000,0.8,0.8000078431109235,0.005575021229802718,0.004738365770279376,0.006152789984408852,0.0008366554595233416,-0.0005777687546061339,1,1,1
indefinite_noisy_global,96100158,fixed7,8000000,10000000,0.8,0.8000078431109235,0.005787066380131475,0.004004435741993606,0.005715246773972907,0.0017826306381378693,7.181960615856853e-05,1,1,1
indefinite_noisy_global,96100159,fixed7,8000000,10000000,0.8,0.8000078431109235,0.006551873598769936,0.00586660725098502,0.006556413213263099,0.0006852663477849158,-4.539614493162536e-06,1,1,1
indefinite_noisy_global,96100160,fixed7,8000000,10000000,0.8,0.8000078431109235,0.0046363604690645155,0.08678217490568527,0.0895132166703978,-0.08214581443662075,-0.08487685620133328,1,0,0
indefinite_noisy_global,96100161,fixed7,8000000,10000000,0.8,0.8000078431109235,0.0034458837626504535,0.004996097680268957,0.005447078817897105,-0.0015502139176185037,-0.0020011950552466518,1,1,1
indefinite_noisy_global,96100162,fixed7,8000000,10000000,0.8,0.8000078431109235,0.005950079606172234,0.008716990885948156,0.0061189474461815635,-0.0027669112797759216,-0.00016886784000932908,1,1,1
indefinite_noisy_global,96100163,fixed7,8000000,10000000,0.8,0.8000078431109235,0.005745978576377236,0.004844790042833461,0.004305298142905228,0.0009011885335437758,0.001440680433472008,1,1,1
indefinite_noisy_global,96100164,fixed7,8000000,10000000,0.8,0.8000078431109235,0.0049260376765438985,0.004626297577150551,0.0052813472962070784,0.00029974009939334745,-0.00035530961966318,1,1,1
indefinite_noisy_global,96100165,fixed7,8000000,10000000,0.8,0.8000078431109235,0.006401087424995913,0.006161202420478962,0.005728182327512224,0.0002398850045169515,0.0006729050974836892,1,1,1
indefinite_noisy_global,96100166,fixed7,8000000,10000000,0.8,0.8000078431109235,0.004951614088524722,0.0058278035396695654,0.004860937090586992,-0.0008761894511448431,9.067699793773032e-05,1,1,1
indefinite_noisy_global,96100167,fixed7,8000000,10000000,0.8,0.8000078431109235,0.003964461414355164,0.003167239699240862,0.003920999389416119,0.0007972217151143018,4.346202493904494e-05,1,1,1
indefinite_noisy_global,96100168,fixed7,8000000,10000000,0.8,0.8000078431109235,0.00881453845852291,0.006304859024011983,0.0065494127037432764,0.002509679434510928,0.0022651257547796344,1,1,1
indefinite_noisy_global,96100169,fixed7,8000000,10000000,0.8,0.8000078431109235,0.00396484516521714,0.0044140484957570225,0.006356289447609964,-0.00044920333053988237,-0.002391444282392824,1,1,1
indefinite_noisy_global,96100170,fixed7,8000000,10000000,0.8,0.8000078431109235,0.004423841990058144,0.005507274991661773,0.006089487745624372,-0.0010834330016036287,-0.001665645755566228,1,1,1
indefinite_noisy_global,96100171,fixed7,8000000,10000000,0.8,0.8000078431109235,0.004512204030748618,0.0030666330426323968,0.00391080417952995,0.001445570988116221,0.0006013998512186675,1,1,1
indefinite_noisy_global,96100172,fixed7,8000000,10000000,0.8,0.8000078431109235,0.0053274441976018105,0.006660030120104368,0.0037418938020920833,-0.0013325859225025577,0.0015855503955097272,1,1,1
indefinite_noisy_global,96100173,fixed7,8000000,10000000,0.8,0.8000078431109235,0.004724045228115106,0.005651563685937153,0.005669653392098739,-0.0009275184578220463,-0.0009456081639836328,1,1,1
indefinite_noisy_global,96100174,fixed7,8000000,10000000,0.8,0.8000078431109235,0.006531235716423847,0.0059135371806293,0.0050739382880200246,0.0006176985357945475,0.0014572974284038226,1,1,1
indefinite_noisy_global,96100175,fixed7,8000000,10000000,0.8,0.8000078431109235,0.005847978528383049,0.003790553085857129,0.19281765827917427,0.0020574254425259203,-0.1869696797507912,1,1,0
indefinite_noisy_global,96100176,fixed7,8000000,10000000,0.8,0.8000078431109235,0.005442686950731607,0.0056507161407477885,0.005267327774187036,-0.0002080291900161818,0.00017535917654457056,1,1,1
indefinite_noisy_global,96100177,fixed7,8000000,10000000,0.8,0.8000078431109235,0.004799279344639487,0.0066629125830701685,0.0066281775421158234,-0.0018636332384306814,-0.0018288981974763363,1,1,1
indefinite_noisy_global,96100178,fixed7,8000000,10000000,0.8,0.8000078431109235,0.006592248110990601,0.003799842409871912,0.002826082812656061,0.0027924057011186887,0.0037661652983345395,1,1,1
indefinite_noisy_global,96100179,fixed7,8000000,10000000,0.8,0.8000078431109235,0.005159639250478645,0.0039569685624764595,0.0037182004076961594,0.001202670688002186,0.001441438842782486,1,1,1
indefinite_noisy_global,96100180,fixed7,8000000,10000000,0.8,0.8000078431109235,0.006849695598982769,0.006191311822982298,0.00718461120260154,0.0006583837760004707,-0.00033491560361877115,1,1,1
indefinite_noisy_global,96100181,fixed7,8000000,10000000,0.8,0.8000078431109235,0.003978170344567489,0.004534423031020113,0.003951509619613436,-0.000556252686452624,2.6660724954052917e-05,1,1,1
indefinite_noisy_global,96100182,fixed7,8000000,10000000,0.8,0.8000078431109235,0.006294734674913122,0.004491546750435921,0.004905144503592779,0.0018031879244772009,0.001389590171320343,1,1,1
indefinite_noisy_global,96100183,fixed7,8000000,10000000,0.8,0.8000078431109235,0.004053626618883088,0.004371149244677464,0.005247180319531253,-0.0003175226257943753,-0.0011935537006481645,1,1,1
indefinite_noisy_global,96100184,fixed7,8000000,10000000,0.8,0.8000078431109235,0.00849126923947531,0.008549285030816006,0.008818688385538481,-5.80157913406959e-05,-0.0003274191460631709,1,1,1
indefinite_noisy_global,96100185,fixed7,8000000,10000000,0.8,0.8000078431109235,0.005093924515412351,0.02265835371020103,0.08483266031570702,-0.017564429194788678,-0.07973873580029467,1,0,0
indefinite_noisy_global,96100186,fixed7,8000000,10000000,0.8,0.8000078431109235,0.004712171107595697,0.002307963703653451,0.0028597290562709793,0.002404207403942246,0.001852442051324718,1,1,1
indefinite_noisy_global,96100187,fixed7,8000000,10000000,0.8,0.8000078431109235,0.005104124330135018,0.004914937452084503,0.004511901856174019,0.00018918687805051515,0.0005922224739609988,1,1,1
indefinite_noisy_global,96100188,fixed7,8000000,10000000,0.8,0.8000078431109235,0.005891644612511113,0.00586995957876181,0.009916210858873939,2.1685033749302418e-05,-0.004024566246362826,1,1,1
indefinite_noisy_global,96100189,fixed7,8000000,10000000,0.8,0.8000078431109235,0.0048330283997883305,0.0035095159099361034,0.004972038296179676,0.0013235124898522271,-0.00013900989639134553,1,1,1
indefinite_noisy_global,96100190,fixed7,8000000,10000000,0.8,0.8000078431109235,0.005502279903636456,0.00490455597545289,0.004091947126361545,0.0005977239281835661,0.0014103327772749114,1,1,1
indefinite_noisy_global,96100191,fixed7,8000000,10000000,0.8,0.8000078431109235,0.00487093083513912,0.0045907698255782114,0.005782115928817513,0.0002801610095609086,-0.0009111850936783933,1,1,1
indefinite_noisy_global,96100192,fixed7,8000000,10000000,0.8,0.8000078431109235,0.008190752773175602,0.007411893841297965,0.006822246309050789,0.0007788589318776379,0.0013685064641248135,1,1,1
indefinite_noisy_global,96100193,fixed7,8000000,10000000,0.8,0.8000078431109235,0.004559143444736263,0.0026990379825736766,0.003935127439934752,0.0018601054621625868,0.0006240160048015114,1,1,1
indefinite_noisy_global,96100194,fixed7,8000000,10000000,0.8,0.8000078431109235,0.007288600238622905,0.0053664815923540055,0.004544203028002222,0.0019221186462689,0.002744397210620683,1,1,1
indefinite_noisy_global,96100195,fixed7,8000000,10000000,0.8,0.8000078431109235,0.00432016896645962,0.004787207223616391,0.003979605164510638,-0.00046703825715677105,0.0003405638019489815,1,1,1
indefinite_noisy_global,96100196,fixed7,8000000,10000000,0.8,0.8000078431109235,0.005276271586291653,0.004506036091906196,0.006108762731543302,0.0007702354943854572,-0.0008324911452516487,1,1,1
indefinite_noisy_global,96100197,fixed7,8000000,10000000,0.8,0.8000078431109235,0.007632701026795072,0.0055584410016372154,0.004327161519862011,0.0020742600251578563,0.003305539506933061,1,1,1
indefinite_noisy_global,96100198,fixed7,8000000,10000000,0.8,0.8000078431109235,0.006265483081935724,0.0054060993909307575,0.005147886163260007,0.0008593836910049668,0.0011175969186757173,1,1,1
indefinite_noisy_global,96100199,fixed7,8000000,10000000,0.8,0.8000078431109235,0.00453426817230472,0.0044245859687568195,0.004367561960052807,0.00010968220354790059,0.00016670621225191307,1,1,1
indefinite_noisy_global,96100200,fixed7,8000000,10000000,0.8,0.8000078431109235,0.006351771560401495,0.004313003558479342,0.004603452273500203,0.0020387680019221532,0.0017483192869012926,1,1,1
indefinite_noisy_global,96100201,fixed7,8000000,10000000,0.8,0.8000078431109235,0.00645609832594933,0.006307921567236266,0.005494410586678364,0.00014817675871306446,0.0009616877392709666,1,1,1
indefinite_noisy_global,96100202,fixed7,8000000,10000000,0.8,0.8000078431109235,0.006612927990292464,0.0051486450466572825,0.006451269028789744,0.0014642829436351812,0.00016165896150271974,1,1,1
indefinite_noisy_global,96100203,fixed7,8000000,10000000,0.8,0.8000078431109235,0.0033267975874112787,0.004111819769238245,0.004005728500463129,-0.0007850221818269665,-0.0006789309130518506,1,1,1
indefinite_noisy_global,96100204,fixed7,8000000,10000000,0.8,0.8000078431109235,0.0046876272812038655,0.004836022135185178,0.005400952706290638,-0.00014839485398131236,-0.0007133254250867721,1,1,1
indefinite_noisy_global,96100205,fixed7,8000000,10000000,0.8,0.8000078431109235,0.007577158520931285,0.006393331878119413,0.006623258066304483,0.0011838266428118721,0.0009539004546268021,1,1,1
indefinite_noisy_global,96100206,fixed7,8000000,10000000,0.8,0.8000078431109235,0.007445246497615257,0.0085320361821105,0.007510851320419468,-0.001086789684495243,-6.560482280421054e-05,1,1,1
indefinite_noisy_global,96100207,fixed7,8000000,10000000,0.8,0.8000078431109235,0.00625514628459635,0.007060051296268688,0.006022212544880473,-0.0008049050116723383,0.0002329337397158765,1,1,1
indefinite_noisy_global,96100208,fixed7,8000000,10000000,0.8,0.8000078431109235,0.00663556697391246,0.003990809077899546,0.004089544844590454,0.0026447578960129142,0.0025460221293220064,1,1,1
indefinite_noisy_global,96100209,fixed7,8000000,10000000,0.8,0.8000078431109235,0.007047718372613324,0.006010153482562397,0.0064908997458930084,0.0010375648900509266,0.0005568186267203151,1,1,1
indefinite_noisy_global,96100210,fixed7,8000000,10000000,0.8,0.8000078431109235,0.006565797061461945,0.005845386790919713,0.004820462799129552,0.0007204102705422322,0.001745334262332393,1,1,1
indefinite_noisy_global,96100211,fixed7,8000000,10000000,0.8,0.8000078431109235,0.0068131359080012,0.005536268126806923,0.0052856854712097084,0.001276867781194277,0.0015274504367914915,1,1,1
indefinite_noisy_global,96100212,fixed7,8000000,10000000,0.8,0.8000078431109235,0.008596733163477796,0.006952148424215515,0.007311035356135559,0.0016445847392622809,0.001285697807342237,1,1,1
indefinite_noisy_global,96100213,fixed7,8000000,10000000,0.8,0.8000078431109235,0.006731462534322913,0.00496959218110031,0.006183200746291612,0.0017618703532226027,0.0005482617880313012,1,1,1
indefinite_noisy_global,96100214,fixed7,8000000,10000000,0.8,0.8000078431109235,0.002811104768502354,0.004504030550232518,0.0045076479344084985,-0.0016929257817301646,-0.0016965431659061447,1,1,1
indefinite_noisy_global,96100215,fixed7,8000000,10000000,0.8,0.8000078431109235,0.0043973654515662985,0.003828945023546762,0.004745037431279228,0.0005684204280195365,-0.0003476719797129296,1,1,1
indefinite_noisy_global,96100216,fixed7,8000000,10000000,0.8,0.8000078431109235,0.005249986214580615,0.004981297104185836,0.005529892119508245,0.00026868911039477916,-0.0002799059049276298,1,1,1
indefinite_noisy_global,96100217,fixed7,8000000,10000000,0.8,0.8000078431109235,0.0034975980423422315,0.004924498003197705,0.004426817371772404,-0.0014268999608554739,-0.0009292193294301726,1,1,1
indefinite_noisy_global,96100218,fixed7,8000000,10000000,0.8,0.8000078431109235,0.004240995415031215,0.003869395762986977,0.006104468361729232,0.0003715996520442383,-0.0018634729466980166,1,1,1
indefinite_noisy_global,96100219,fixed7,8000000,10000000,0.8,0.8000078431109235,0.003933242767671513,0.004895107625531095,0.006574256455480779,-0.0009618648578595818,-0.0026410136878092655,1,1,1
indefinite_noisy_global,96100220,fixed7,8000000,10000000,0.8,0.8000078431109235,0.004439095762388837,0.0047333899333676654,0.004074906732743994,-0.0002942941709788288,0.000364189029644843,1,1,1
indefinite_noisy_global,96100221,fixed7,8000000,10000000,0.8,0.8000078431109235,0.004326486736446075,0.005069167374917291,0.004616242311121677,-0.0007426806384712159,-0.0002897555746756014,1,1,1
indefinite_noisy_global,96100222,fixed7,8000000,10000000,0.8,0.8000078431109235,0.004803132526057408,0.004852007721597898,0.005677146359392565,-4.887519554049036e-05,-0.0008740138333351577,1,1,1
indefinite_noisy_global,96100223,fixed7,8000000,10000000,0.8,0.8000078431109235,0.005449058712978572,0.09361047279417628,0.0890913204955929,-0.08816141408119771,-0.08364226178261433,1,0,0
indefinite_noisy_global,96100224,fixed7,8000000,10000000,0.8,0.8000078431109235,0.0052971151897565905,0.00633418012126466,0.0054126055664457245,-0.0010370649315080693,-0.00011549037668913409,1,1,1
indefinite_noisy_global,96100225,fixed7,8000000,10000000,0.8,0.8000078431109235,0.005218243133957898,0.005493456466895336,0.005224261147923723,-0.0002752133329374379,-6.01801396582502e-06,1,1,1
indefinite_noisy_global,96100226,fixed7,8000000,10000000,0.8,0.8000078431109235,0.005314805974565601,0.004870490292779681,0.004546471113480957,0.00044431568178592007,0.0007683348610846436,1,1,1
indefinite_noisy_global,96100227,fixed7,8000000,10000000,0.8,0.8000078431109235,0.006261171744139524,0.0036407697244129483,0.004837756419363279,0.0026204020197265754,0.0014234153247762449,1,1,1
indefinite_noisy_global,96100228,fixed7,8000000,10000000,0.8,0.8000078431109235,0.005792693096503515,0.005059873689348196,0.005236353392514756,0.000732819407155319,0.0005563397039887591,1,1,1
indefinite_noisy_global,96100229,fixed7,8000000,10000000,0.8,0.8000078431109235,0.0036803303053906944,0.0056036959717184615,0.0043345083360170344,-0.001923365666327767,-0.0006541780306263401,1,1,1
indefinite_noisy_global,96100230,fixed7,8000000,10000000,0.8,0.8000078431109235,0.005039242840429198,0.004652407108787018,0.004286317963898445,0.00038683573164217944,0.0007529248765307528,1,1,1
indefinite_noisy_global,96100231,fixed7,8000000,10000000,0.8,0.8000078431109235,0.006435506029793439,0.007703544023065792,0.007448412504246965,-0.001268037993272353,-0.001012906474453526,1,1,1
indefinite_noisy_global,96100232,fixed7,8000000,10000000,0.8,0.8000078431109235,0.006768150645647425,0.0050752832381029955,0.006775863072826252,0.0016928674075444294,-7.71242717882703e-06,1,1,1
indefinite_noisy_global,96100233,fixed7,8000000,10000000,0.8,0.8000078431109235,0.003685573842547696,0.004344152503208132,0.003511332486467081,-0.000658578660660436,0.00017424135608061497,1,1,1
indefinite_noisy_global,96100234,fixed7,8000000,10000000,0.8,0.8000078431109235,0.0048396339284655365,0.004451979800466896,0.004214027631774239,0.00038765412799864063,0.0006256062966912973,1,1,1
indefinite_noisy_global,96100235,fixed7,8000000,10000000,0.8,0.8000078431109235,0.004316952949457553,0.004223035219591803,0.00464262722270635,9.391772986575009e-05,-0.0003256742732487966,1,1,1
indefinite_noisy_global,96100236,fixed7,8000000,10000000,0.8,0.8000078431109235,0.004782600566414594,0.004878321561252438,0.004239681151099989,-9.572099483784458e-05,0.000542919415314605,1,1,1
indefinite_noisy_global,96100237,fixed7,8000000,10000000,0.8,0.8000078431109235,0.0057398450611594876,0.004596736133864562,0.004823161389701777,0.0011431089272949252,0.0009166836714577103,1,1,1
indefinite_noisy_global,96100238,fixed7,8000000,10000000,0.8,0.8000078431109235,0.006270184655788796,0.20111242829092632,0.20634651702014048,-0.19484224363513752,-0.20007633236435168,1,0,0
indefinite_noisy_global,96100239,fixed7,8000000,10000000,0.8,0.8000078431109235,0.005527495116948514,0.004678927410746575,0.006013683414420282,0.0008485677062019387,-0.00048618829747176795,1,1,1
indefinite_noisy_global,96100240,fixed7,8000000,10000000,0.8,0.8000078431109235,0.006001887433672637,0.007572970117163985,0.006641022039028999,-0.0015710826834913483,-0.0006391346053563618,1,1,1
indefinite_noisy_global,96100241,fixed7,8000000,10000000,0.8,0.8000078431109235,0.004305341111235025,0.004465497133180993,0.004598578638265724,-0.00016015602194596745,-0.0002932375270306986,1,1,1
indefinite_noisy_global,96100242,fixed7,8000000,10000000,0.8,0.8000078431109235,0.006785017636404891,0.004796530871663304,0.005225298169049861,0.001988486764741587,0.0015597194673550308,1,1,1
indefinite_noisy_global,96100243,fixed7,8000000,10000000,0.8,0.8000078431109235,0.004989909870187104,0.006128839163196176,0.003830715535650009,-0.0011389292930090722,0.0011591943345370948,1,1,1
indefinite_noisy_global,96100244,fixed7,8000000,10000000,0.8,0.8000078431109235,0.006048776190874808,0.004905566890354693,0.006945371020602761,0.001143209300520115,-0.0008965948297279536,1,1,1
indefinite_noisy_global,96100245,fixed7,8000000,10000000,0.8,0.8000078431109235,0.005581301229041283,0.007101448710737979,0.005506306623768192,-0.0015201474816966959,7.499460527309043e-05,1,1,1
indefinite_noisy_global,96100246,fixed7,8000000,10000000,0.8,0.8000078431109235,0.006555969308284962,0.005602259184354225,0.005112754005681411,0.0009537101239307372,0.001443215302603551,1,1,1
indefinite_noisy_global,96100247,fixed7,8000000,10000000,0.8,0.8000078431109235,0.0046735498994598945,0.004319030101340243,0.005458801292979196,0.0003545197981196513,-0.0007852513935193012,1,1,1
indefinite_noisy_global,96100248,fixed7,8000000,10000000,0.8,0.8000078431109235,0.0049457584369442115,0.0037614345830696005,0.005235143057073996,0.001184323853874611,-0.0002893846201297845,1,1,1
indefinite_noisy_global,96100249,fixed7,8000000,10000000,0.8,0.8000078431109235,0.004781774976404682,0.0057210160775258145,0.004796680711938839,-0.0009392411011211327,-1.4905735534156972e-05,1,1,1
indefinite_noisy_global,96100250,fixed7,8000000,10000000,0.8,0.8000078431109235,0.00449005771553293,0.004891143648492885,0.0054647622980307925,-0.00040108593295995476,-0.0009747045824978623,1,1,1
indefinite_noisy_global,96100251,fixed7,8000000,10000000,0.8,0.8000078431109235,0.006363270409402225,0.004577539681109494,0.006341047801274924,0.001785730728292731,2.2222608127300814e-05,1,1,1
indefinite_noisy_global,96100252,fixed7,8000000,10000000,0.8,0.8000078431109235,0.004205988477864742,0.006522271754283562,0.005892552278439905,-0.0023162832764188207,-0.0016865638005751638,1,1,1
indefinite_noisy_global,96100253,fixed7,8000000,10000000,0.8,0.8000078431109235,0.004709060619306274,0.006067457285032163,0.0050926485424755835,-0.001358396665725889,-0.00038358792316930956,1,1,1
indefinite_noisy_global,96100254,fixed7,8000000,10000000,0.8,0.8000078431109235,0.0077328299490931895,0.005396140991972373,0.008276160574066438,0.0023366889571208166,-0.0005433306249732484,1,1,1
indefinite_noisy_global,96100255,fixed7,8000000,10000000,0.8,0.8000078431109235,0.0061868556011846765,0.005764021136739378,0.0058870542040434515,0.0004228344644452986,0.000299801397141225,1,1,1
null_global,96200000,random_growth128,6400000,8000000,0.8,0.799998560673342,0.00727647837147527,0.010342152652837278,0.0041818708896561585,-0.0030656742813620075,0.0030946074818191116,1,0,1
null_global,96200001,random_growth128,6400000,8000000,0.8,0.799998560673342,0.008943799717466117,0.011729284259511419,0.014534781847399925,-0.0027854845420453023,-0.005590982129933808,1,0,0
null_global,96200002,random_growth128,6400000,8000000,0.8,0.799998560673342,0.004698241863937969,0.0081973492451064,0.00715589384629578,-0.0034991073811684315,-0.0024576519823578113,1,1,1
null_global,96200003,random_growth128,6400000,8000000,0.8,0.799998560673342,0.00818662162431072,0.009904849372956881,0.017168968232487702,-0.0017182277486461617,-0.008982346608176983,1,1,0
null_global,96200004,random_growth128,6400000,8000000,0.8,0.799998560673342,0.012590344696226885,0.010145329913768264,0.0139395932928702,0.002445014782458621,-0.0013492485966433154,0,0,0
null_global,96200005,random_growth128,6400000,8000000,0.8,0.799998560673342,0.009660675444882638,0.01048803137033455,0.009149839096700696,-0.0008273559254519114,0.0005108363481819422,1,0,1
null_global,96200006,random_growth128,6400000,8000000,0.8,0.799998560673342,0.008719169562792839,0.011285961817419254,0.008207940225102905,-0.0025667922546264155,0.0005112293376899335,1,0,1
null_global,96200007,random_growth128,6400000,8000000,0.8,0.799998560673342,0.008501767627866641,0.009619075814784717,0.011166917572402624,-0.0011173081869180757,-0.0026651499445359828,1,1,0
null_global,96200008,random_growth128,6400000,8000000,0.8,0.799998560673342,0.01622768583940465,0.015067764420217844,0.016646694261169714,0.0011599214191868046,-0.0004190084217650658,0,0,0
null_global,96200009,random_growth128,6400000,8000000,0.8,0.799998560673342,0.0040720444216023055,0.00916702260576907,0.011004776974848696,-0.005094978184166765,-0.00693273255324639,1,1,0
null_global,96200010,random_growth128,6400000,8000000,0.8,0.799998560673342,0.007186368252037112,0.012228893356025616,0.007496524597438492,-0.005042525103988504,-0.00031015634540138004,1,0,1
null_global,96200011,random_growth128,6400000,8000000,0.8,0.799998560673342,0.009571332248594466,0.014317671592123382,0.008527073261039131,-0.004746339343528916,0.0010442589875553354,1,0,1
null_global,96200012,random_growth128,6400000,8000000,0.8,0.799998560673342,0.010594201559745886,0.012769249874632682,0.018486133913484526,-0.002175048314886796,-0.00789193235373864,0,0,0
null_global,96200013,random_growth128,6400000,8000000,0.8,0.799998560673342,0.004353766307871265,0.009673133968142011,0.008241669661498308,-0.005319367660270746,-0.0038879033536270424,1,1,1
null_global,96200014,random_growth128,6400000,8000000,0.8,0.799998560673342,0.010916093853336084,0.008640087840079247,0.00914081111503856,0.002276006013256837,0.0017752827382975234,0,1,1
null_global,96200015,random_growth128,6400000,8000000,0.8,0.799998560673342,0.01605181424648988,0.012720889944769553,0.01127542262095621,0.0033309243017203283,0.004776391625533671,0,0,0
null_global,96200016,random_growth128,6400000,8000000,0.8,0.799998560673342,0.013736359251677321,0.01879204129387957,0.009023165296144275,-0.0050556820422022475,0.004713193955533046,0,0,1
null_global,96200017,random_growth128,6400000,8000000,0.8,0.799998560673342,0.008146020193097792,0.006941269640695968,0.007317667053971355,0.0012047505524018232,0.0008283531391264365,1,1,1
null_global,96200018,random_growth128,6400000,8000000,0.8,0.799998560673342,0.0035450689848189887,0.014315481580022493,0.008419451457814198,-0.010770412595203505,-0.004874382472995209,1,0,1
null_global,96200019,random_growth128,6400000,8000000,0.8,0.799998560673342,0.004635643988497862,0.007188314917270455,0.003963181913513414,-0.0025526709287725935,0.0006724620749844479,1,1,1
null_global,96200020,random_growth128,6400000,8000000,0.8,0.799998560673342,0.009286825998097437,0.010331847218731205,0.015052008076955059,-0.0010450212206337683,-0.0057651820788576225,1,0,0
null_global,96200021,random_growth128,6400000,8000000,0.8,0.799998560673342,0.008178204666652866,0.010690627412498765,0.007145872708041678,-0.002512422745845899,0.0010323319586111879,1,0,1
null_global,96200022,random_growth128,6400000,8000000,0.8,0.799998560673342,0.00863257815269114,0.014835343333967521,0.00877680472196335,-0.006202765181276382,-0.00014422656927221,1,0,1
null_global,96200023,random_growth128,6400000,8000000,0.8,0.799998560673342,0.007904295798551564,0.010489821270055155,0.015530148876095884,-0.0025855254715035914,-0.00762585307754432,1,0,0
null_global,96200024,random_growth128,6400000,8000000,0.8,0.799998560673342,0.010197550520173182,0.011334895103866205,0.00988919474618738,-0.001137344583693023,0.00030835577398580227,0,0,1
null_global,96200025,random_growth128,6400000,8000000,0.8,0.799998560673342,0.0057513432151882204,0.00745916339058611,0.010271033007776487,-0.0017078201753978894,-0.004519689792588266,1,1,0
null_global,96200026,random_growth128,6400000,8000000,0.8,0.799998560673342,0.010900192692150923,0.008586795998656638,0.0057991989338538885,0.002313396693494285,0.005100993758297034,0,1,1
null_global,96200027,random_growth128,6400000,8000000,0.8,0.799998560673342,0.016983210583918995,0.01978324718828156,0.01183745211810705,-0.0028000366043625657,0.005145758465811945,0,0,0
null_global,96200028,random_growth128,6400000,8000000,0.8,0.799998560673342,0.010169077087322786,0.011338741979782074,0.009823702219023123,-0.0011696648924592878,0.0003453748682996638,0,0,1
null_global,96200029,random_growth128,6400000,8000000,0.8,0.799998560673342,0.0027478178273090403,0.005681745007048156,0.003355024031678533,-0.0029339271797391153,-0.0006072062043694926,1,1,1
null_global,96200030,random_growth128,6400000,8000000,0.8,0.799998560673342,0.005601992699528102,0.00464477193606877,0.007486116224794448,0.0009572207634593322,-0.0018841235252663457,1,1,1
null_global,96200031,random_growth128,6400000,8000000,0.8,0.799998560673342,0.011574317696222192,0.01955494599154528,0.01009167691815599,-0.007980628295323089,0.001482640778066202,0,0,0
null_global,96200000,random_growth138,6400000,8000000,0.8,0.7999923891279246,0.00727647837147527,0.011574092511235645,0.012150196356086607,-0.004297614139760375,-0.0048737179846113365,1,0,0
null_global,96200001,random_growth138,6400000,8000000,0.8,0.7999923891279246,0.008943799717466117,0.011166473834845758,0.010166812391840863,-0.0022226741173796416,-0.001223012674374746,1,0,0
null_global,96200002,random_growth138,6400000,8000000,0.8,0.7999923891279246,0.004698241863937969,0.006465236610562641,0.0066299172822832375,-0.0017669947466246727,-0.001931675418345269,1,1,1
null_global,96200003,random_growth138,6400000,8000000,0.8,0.7999923891279246,0.00818662162431072,0.012923083888878417,0.010851800417588597,-0.004736462264567698,-0.002665178793277878,1,0,0
null_global,96200004,random_growth138,6400000,8000000,0.8,0.7999923891279246,0.012590344696226885,0.00916613890647594,0.00676108340710091,0.003424205789750945,0.005829261289125975,0,1,1
null_global,96200005,random_growth138,6400000,8000000,0.8,0.7999923891279246,0.009660675444882638,0.010866584270904311,0.006248510553244435,-0.0012059088260216733,0.003412164891638203,1,0,1
null_global,96200006,random_growth138,6400000,8000000,0.8,0.7999923891279246,0.008719169562792839,0.018744073263515126,0.021084680808142242,-0.010024903700722287,-0.012365511245349403,1,0,0
null_global,96200007,random_growth138,6400000,8000000,0.8,0.7999923891279246,0.008501767627866641,0.006112338229001146,0.009202978928632533,0.0023894293988654947,-0.0007012113007658916,1,1,1
null_global,96200008,random_growth138,6400000,8000000,0.8,0.7999923891279246,0.01622768583940465,0.017406259319590223,0.015842680716040114,-0.001178573480185574,0.00038500512336453463,0,0,0
null_global,96200009,random_growth138,6400000,8000000,0.8,0.7999923891279246,0.0040720444216023055,0.009461845337243147,0.009094374770413138,-0.005389800915640841,-0.005022330348810833,1,1,1
null_global,96200010,random_growth138,6400000,8000000,0.8,0.7999923891279246,0.007186368252037112,0.008518803538192454,0.005919712965170354,-0.0013324352861553423,0.001266655286866758,1,1,1
null_global,96200011,random_growth138,6400000,8000000,0.8,0.7999923891279246,0.009571332248594466,0.011544826645692008,0.005409892864031152,-0.0019734943970975416,0.004161439384563315,1,0,1
null_global,96200012,random_growth138,6400000,8000000,0.8,0.7999923891279246,0.010594201559745886,0.017482391267316155,0.01699051174920463,-0.006888189707570269,-0.006396310189458743,0,0,0
null_global,96200013,random_growth138,6400000,8000000,0.8,0.7999923891279246,0.004353766307871265,0.009951937859193516,0.009620669536901993,-0.005598171551322251,-0.005266903229030728,1,1,1
null_global,96200014,random_growth138,6400000,8000000,0.8,0.7999923891279246,0.010916093853336084,0.009311035994661376,0.004247083410323926,0.0016050578586747077,0.006669010443012158,0,1,1
null_global,96200015,random_growth138,6400000,8000000,0.8,0.7999923891279246,0.01605181424648988,0.008803588951228458,0.008791988492166392,0.0072482252952614235,0.00725982575432349,0,1,1
null_global,96200016,random_growth138,6400000,8000000,0.8,0.7999923891279246,0.013736359251677321,0.0078122420155895544,0.015895030836488466,0.005924117236087767,-0.002158671584811145,0,1,0
null_global,96200017,random_growth138,6400000,8000000,0.8,0.7999923891279246,0.008146020193097792,0.013266892922641549,0.012273567149220843,-0.005120872729543757,-0.0041275469561230516,1,0,0
null_global,96200018,random_growth138,6400000,8000000,0.8,0.7999923891279246,0.0035450689848189887,0.007506002702901471,0.0035614372757074575,-0.003960933718082482,-1.6368290888468806e-05,1,1,1
null_global,96200019,random_growth138,6400000,8000000,0.8,0.7999923891279246,0.004635643988497862,0.009359080221837013,0.008724759327105036,-0.004723436233339151,-0.004089115338607174,1,1,1
null_global,96200020,random_growth138,6400000,8000000,0.8,0.7999923891279246,0.009286825998097437,0.010507697175694553,0.013843744191717244,-0.001220871177597116,-0.004556918193619808,1,0,0
null_global,96200021,random_growth138,6400000,8000000,0.8,0.7999923891279246,0.008178204666652866,0.010722917003463839,0.01112638860743892,-0.0025447123368109725,-0.0029481839407860533,1,0,0
null_global,96200022,random_growth138,6400000,8000000,0.8,0.7999923891279246,0.00863257815269114,0.009514268923921598,0.004485167098959464,-0.0008816907712304589,0.0041474110537316755,1,1,1
null_global,96200023,random_growth138,6400000,8000000,0.8,0.7999923891279246,0.007904295798551564,0.006950904973268168,0.0036903266911227917,0.0009533908252833956,0.004213969107428772,1,1,1
null_global,96200024,random_growth138,6400000,8000000,0.8,0.7999923891279246,0.010197550520173182,0.013884482516634156,0.009364429341099323,-0.0036869319964609737,0.0008331211790738591,0,0,1
null_global,96200025,random_growth138,6400000,8000000,0.8,0.7999923891279246,0.0057513432151882204,0.014583671632590223,0.009652223349574052,-0.008832328417402002,-0.0039008801343858313,1,0,1
null_global,96200026,random_growth138,6400000,8000000,0.8,0.7999923891279246,0.010900192692150923,0.005845095214265461,0.007932475575001208,0.005055097477885462,0.002967717117149715,0,1,1
null_global,96200027,random_growth138,6400000,8000000,0.8,0.7999923891279246,0.016983210583918995,0.00808024997838902,0.010305449124646038,0.008902960605529975,0.006677761459272957,0,1,0
null_global,96200028,random_growth138,6400000,8000000,0.8,0.7999923891279246,0.010169077087322786,0.006656974510389879,0.008859984416024425,0.0035121025769329073,0.001309092671298362,0,1,1
null_global,96200029,random_growth138,6400000,8000000,0.8,0.7999923891279246,0.0027478178273090403,0.006675719477649333,0.0036353254977978255,-0.003927901650340293,-0.0008875076704887852,1,1,1
null_global,96200030,random_growth138,6400000,8000000,0.8,0.7999923891279246,0.005601992699528102,0.004686087926451532,0.0027143310683271915,0.0009159047730765701,0.0028876616312009107,1,1,1
null_global,96200031,random_growth138,6400000,8000000,0.8,0.7999923891279246,0.011574317696222192,0.008637643571005493,0.01355539714477677,0.0029366741252166984,-0.001981079448554579,0,1,0
null_global,96200000,fixed7,6400000,8000000,0.8,0.7999864462482581,0.00727647837147527,0.008036336513394027,0.006490993491646391,-0.0007598581419187567,0.0007854848798288794,1,1,1
null_global,96200001,fixed7,6400000,8000000,0.8,0.7999864462482581,0.008943799717466117,0.009445602010277054,0.00890368416941123,-0.0005018022928109378,4.0115548054886485e-05,1,1,1
null_global,96200002,fixed7,6400000,8000000,0.8,0.7999864462482581,0.004698241863937969,0.005320009104104628,0.0028083160173690835,-0.0006217672401666596,0.001889925846568885,1,1,1
null_global,96200003,fixed7,6400000,8000000,0.8,0.7999864462482581,0.00818662162431072,0.010625744250402247,0.006879152084854956,-0.0024391226260915277,0.0013074695394557634,1,0,1
null_global,96200004,fixed7,6400000,8000000,0.8,0.7999864462482581,0.012590344696226885,0.011051840650659672,0.004471889447142163,0.0015385040455672128,0.008118455249084722,0,0,1
null_global,96200005,fixed7,6400000,8000000,0.8,0.7999864462482581,0.009660675444882638,0.010854232088613636,0.006039315446119908,-0.0011935566437309975,0.00362135999876273,1,0,1
null_global,96200006,fixed7,6400000,8000000,0.8,0.7999864462482581,0.008719169562792839,0.010908689538941752,0.011875810913786256,-0.0021895199761489126,-0.0031566413509934166,1,0,0
null_global,96200007,fixed7,6400000,8000000,0.8,0.7999864462482581,0.008501767627866641,0.012482121880014518,0.013177103189818462,-0.003980354252147877,-0.004675335561951821,1,0,0
null_global,96200008,fixed7,6400000,8000000,0.8,0.7999864462482581,0.01622768583940465,0.021757682018828994,0.02090357102216084,-0.005529996179424346,-0.00467588518275619,0,0,0
null_global,96200009,fixed7,6400000,8000000,0.8,0.7999864462482581,0.0040720444216023055,0.009477277144061436,0.008988825745491869,-0.00540523272245913,-0.004916781323889563,1,1,1
null_global,96200010,fixed7,6400000,8000000,0.8,0.7999864462482581,0.007186368252037112,0.005011851833773007,0.005990239940877162,0.0021745164182641052,0.0011961283111599497,1,1,1
null_global,96200011,fixed7,6400000,8000000,0.8,0.7999864462482581,0.009571332248594466,0.009993849642336683,0.005631458635518838,-0.00042251739374221664,0.0039398736130756284,1,1,1
null_global,96200012,fixed7,6400000,8000000,0.8,0.7999864462482581,0.010594201559745886,0.013069369417587573,0.01486299787567169,-0.002475167857841687,-0.004268796315925805,0,0,0
null_global,96200013,fixed7,6400000,8000000,0.8,0.7999864462482581,0.004353766307871265,0.010883515651626263,0.009675098858560827,-0.006529749343754998,-0.0053213325506895615,1,0,1
null_global,96200014,fixed7,6400000,8000000,0.8,0.7999864462482581,0.010916093853336084,0.006271742705274308,0.004773133549566155,0.004644351148061776,0.006142960303769929,0,1,1
null_global,96200015,fixed7,6400000,8000000,0.8,0.7999864462482581,0.01605181424648988,0.011903704781381863,0.006638849165360894,0.004148109465108019,0.009412965081128988,0,0,1
null_global,96200016,fixed7,6400000,8000000,0.8,0.7999864462482581,0.013736359251677321,0.01132426781864232,0.010736475060768025,0.002412091433035002,0.0029998841909092966,0,0,0
null_global,96200017,fixed7,6400000,8000000,0.8,0.7999864462482581,0.008146020193097792,0.012695252729015616,0.006990896293467219,-0.004549232535917824,0.0011551238996305724,1,0,1
null_global,96200018,fixed7,6400000,8000000,0.8,0.7999864462482581,0.0035450689848189887,0.005084509008752125,0.0038006821047900097,-0.0015394400239331363,-0.000255613119971021,1,1,1
null_global,96200019,fixed7,6400000,8000000,0.8,0.7999864462482581,0.004635643988497862,0.00945072820512377,0.005357530222656781,-0.004815084216625909,-0.0007218862341589194,1,1,1
null_global,96200020,fixed7,6400000,8000000,0.8,0.7999864462482581,0.009286825998097437,0.010077966074044653,0.010753917129838642,-0.0007911400759472165,-0.001467091131741205,1,0,0
null_global,96200021,fixed7,6400000,8000000,0.8,0.7999864462482581,0.008178204666652866,0.011502828354502448,0.0050324996755108375,-0.0033246236878495816,0.0031457049911420287,1,0,1
null_global,96200022,fixed7,6400000,8000000,0.8,0.7999864462482581,0.00863257815269114,0.010199558875454928,0.004364846360412622,-0.0015669807227637889,0.004267731792278517,1,0,1
null_global,96200023,fixed7,6400000,8000000,0.8,0.7999864462482581,0.007904295798551564,0.004710300750115248,0.007575086659860675,0.0031939950484363155,0.0003292091386908891,1,1,1
null_global,96200024,fixed7,6400000,8000000,0.8,0.7999864462482581,0.010197550520173182,0.008991464940844573,0.004410408494208651,0.0012060855793286085,0.005787142025964531,0,1,1
null_global,96200025,fixed7,6400000,8000000,0.8,0.7999864462482581,0.0057513432151882204,0.011370235694531716,0.00674899503985793,-0.005618892479343496,-0.0009976518246697097,1,0,1
null_global,96200026,fixed7,6400000,8000000,0.8,0.7999864462482581,0.010900192692150923,0.008274806987592254,0.004163008823582948,0.0026253857045586693,0.006737183868567975,0,1,1
null_global,96200027,fixed7,6400000,8000000,0.8,0.7999864462482581,0.016983210583918995,0.008611038621616662,0.009913430368428178,0.008372171962302333,0.007069780215490817,0,1,1
null_global,96200028,fixed7,6400000,8000000,0.8,0.7999864462482581,0.010169077087322786,0.009897618518812323,0.004305118838027422,0.00027145856851046313,0.005863958249295365,0,1,1
null_global,96200029,fixed7,6400000,8000000,0.8,0.7999864462482581,0.0027478178273090403,0.004948212145796438,0.004066544918505499,-0.0022003943184873975,-0.0013187270911964588,1,1,1
null_global,96200030,fixed7,6400000,8000000,0.8,0.7999864462482581,0.005601992699528102,0.005537619129966087,0.004526606085069107,6.437356956201512e-05,0.0010753866144589952,1,1,1
null_global,96200031,fixed7,6400000,8000000,0.8,0.7999864462482581,0.011574317696222192,0.00848594574777567,0.004155510082189784,0.003088371948446522,0.007418807614032408,0,1,1
null_global,96200000,random_growth128,8000000,10000000,0.8,0.8000398686002028,0.010201306959927048,0.01623864274235931,0.010342152652837278,-0.006037335782432263,-0.00014084569291022975,0,0,0
null_global,96200001,random_growth128,8000000,10000000,0.8,0.8000398686002028,0.009699308021276276,0.012337552593456536,0.011729284259511419,-0.0026382445721802594,-0.0020299762382351427,1,0,0
null_global,96200002,random_growth128,8000000,10000000,0.8,0.8000398686002028,0.007328168119173528,0.009770893950345305,0.0081973492451064,-0.002442725831171777,-0.0008691811259328719,1,1,1
null_global,96200003,random_growth128,8000000,10000000,0.8,0.8000398686002028,0.009380801118526239,0.010995764653958018,0.009904849372956881,-0.0016149635354317793,-0.0005240482544306424,1,0,1
null_global,96200004,random_growth128,8000000,10000000,0.8,0.8000398686002028,0.01143133243341704,0.009057878698602861,0.010145329913768264,0.0023734537348141793,0.0012860025196487768,0,1,0
null_global,96200005,random_growth128,8000000,10000000,0.8,0.8000398686002028,0.010204715193503189,0.014080343402813278,0.01048803137033455,-0.003875628209310089,-0.0002833161768313608,0,0,0
null_global,96200006,random_growth128,8000000,10000000,0.8,0.8000398686002028,0.013522745137203751,0.014561604282277152,0.011285961817419254,-0.0010388591450734008,0.0022367833197844966,0,0,0
null_global,96200007,random_growth128,8000000,10000000,0.8,0.8000398686002028,0.009563362496368022,0.013546756608095123,0.009619075814784717,-0.003983394111727101,-5.571331841669469e-05,1,0,1
null_global,96200008,random_growth128,8000000,10000000,0.8,0.8000398686002028,0.013946868236401677,0.018200029203097712,0.015067764420217844,-0.004253160966696035,-0.0011208961838161668,0,0,0
null_global,96200009,random_growth128,8000000,10000000,0.8,0.8000398686002028,0.008886710861654157,0.010483458611124596,0.00916702260576907,-0.0015967477494704396,-0.0002803117441149139,1,0,1
null_global,96200010,random_growth128,8000000,10000000,0.8,0.8000398686002028,0.009808338560993168,0.01024087549448971,0.012228893356025616,-0.0004325369334965412,-0.002420554795032448,1,0,0
null_global,96200011,random_growth128,8000000,10000000,0.8,0.8000398686002028,0.009399529046638933,0.009739774810686552,0.014317671592123382,-0.00034024576404761975,-0.00491814254548445,1,1,0
null_global,96200012,random_growth128,8000000,10000000,0.8,0.8000398686002028,0.012968970348298359,0.014489124424844402,0.012769249874632682,-0.001520154076546043,0.00019972047366567658,0,0,0
null_global,96200013,random_growth128,8000000,10000000,0.8,0.8000398686002028,0.009352343840248412,0.011854743555684721,0.009673133968142011,-0.00250239971543631,-0.00032079012789359984,1,0,1
null_global,96200014,random_growth128,8000000,10000000,0.8,0.8000398686002028,0.012720295669906567,0.01393741586900954,0.008640087840079247,-0.0012171201991029723,0.00408020782982732,0,0,1
null_global,96200015,random_growth128,8000000,10000000,0.8,0.8000398686002028,0.01332757619739483,0.018469963284073743,0.012720889944769553,-0.005142387086678912,0.000606686252625277,0,0,0
null_global,96200016,random_growth128,8000000,10000000,0.8,0.8000398686002028,0.008024613098703892,0.01791237352942615,0.01879204129387957,-0.009887760430722259,-0.010767428195175677,1,0,0
null_global,96200017,random_growth128,8000000,10000000,0.8,0.8000398686002028,0.0042132949852413115,0.009371619756981087,0.006941269640695968,-0.005158324771739775,-0.002727974655454657,1,1,1
null_global,96200018,random_growth128,8000000,10000000,0.8,0.8000398686002028,0.009202098518542645,0.01225641031803859,0.014315481580022493,-0.0030543117994959457,-0.005113383061479848,1,0,0
null_global,96200019,random_growth128,8000000,10000000,0.8,0.8000398686002028,0.006228608667739388,0.006366671957063197,0.007188314917270455,-0.00013806328932380874,-0.0009597062495310671,1,1,1
null_global,96200020,random_growth128,8000000,10000000,0.8,0.8000398686002028,0.006875967977060804,0.009891679874831416,0.010331847218731205,-0.003015711897770612,-0.003455879241670401,1,1,0
null_global,96200021,random_growth128,8000000,10000000,0.8,0.8000398686002028,0.008270297916200209,0.011073901058717861,0.010690627412498765,-0.002803603142517652,-0.0024203294962985566,1,0,0
null_global,96200022,random_growth128,8000000,10000000,0.8,0.8000398686002028,0.008730550550993976,0.01548198191085598,0.014835343333967521,-0.0067514313598620035,-0.006104792782973545,1,0,0
null_global,96200023,random_growth128,8000000,10000000,0.8,0.8000398686002028,0.00724062727343866,0.014544316944796465,0.010489821270055155,-0.007303689671357805,-0.003249193996616495,1,0,0
null_global,96200024,random_growth128,8000000,10000000,0.8,0.8000398686002028,0.01416651776353045,0.014646641360296642,0.011334895103866205,-0.000480123596766191,0.0028316226596642458,0,0,0
null_global,96200025,random_growth128,8000000,10000000,0.8,0.8000398686002028,0.004205516095846351,0.014039530688884028,0.00745916339058611,-0.009834014593037677,-0.0032536472947397588,1,0,1
null_global,96200026,random_growth128,8000000,10000000,0.8,0.8000398686002028,0.00888904908489424,0.014143050041777128,0.008586795998656638,-0.005254000956882887,0.0003022530862376027,1,0,1
null_global,96200027,random_growth128,8000000,10000000,0.8,0.8000398686002028,0.014623766250337122,0.011974254215654567,0.01978324718828156,0.002649512034682555,-0.005159480937944438,0,0,0
null_global,96200028,random_growth128,8000000,10000000,0.8,0.8000398686002028,0.011833308662875852,0.01100697287725122,0.011338741979782074,0.0008263357856246323,0.0004945666830937778,0,0,0
null_global,96200029,random_growth128,8000000,10000000,0.8,0.8000398686002028,0.006416399911348958,0.006427586907711169,0.005681745007048156,-1.1186996362211321e-05,0.0007346549043008022,1,1,1
null_global,96200030,random_growth128,8000000,10000000,0.8,0.8000398686002028,0.006589644827213081,0.004834903898518816,0.00464477193606877,0.001754740928694265,0.0019448728911443114,1,1,1
null_global,96200031,random_growth128,8000000,10000000,0.8,0.8000398686002028,0.018856785409395282,0.012072506520494797,0.01955494599154528,0.006784278888900486,-0.0006981605821499981,0,0,0
null_global,96200000,random_growth138,8000000,10000000,0.8,0.800040280079275,0.010201306959927048,0.009756017289084762,0.011574092511235645,0.000445289670842286,-0.0013727855513085974,0,1,0
null_global,96200001,random_growth138,8000000,10000000,0.8,0.800040280079275,0.009699308021276276,0.014311311755068223,0.011166473834845758,-0.004612003733791947,-0.001467165813569482,1,0,0
null_global,96200002,random_growth138,8000000,10000000,0.8,0.800040280079275,0.007328168119173528,0.008993384825649375,0.006465236610562641,-0.0016652167064758472,0.0008629315086108869,1,1,1
null_global,96200003,random_growth138,8000000,10000000,0.8,0.800040280079275,0.009380801118526239,0.014699249148172056,0.012923083888878417,-0.005318448029645817,-0.0035422827703521786,1,0,0
null_global,96200004,random_growth138,8000000,10000000,0.8,0.800040280079275,0.01143133243341704,0.010616191900414573,0.00916613890647594,0.0008151405330024675,0.0022651935269411005,0,0,1
null_global,96200005,random_growth138,8000000,10000000,0.8,0.800040280079275,0.010204715193503189,0.008824744988671085,0.010866584270904311,0.0013799702048321039,-0.0006618690774011227,0,1,0
null_global,96200006,random_growth138,8000000,10000000,0.8,0.800040280079275,0.013522745137203751,0.016318605620301407,0.018744073263515126,-0.0027958604830976563,-0.005221328126311375,0,0,0
null_global,96200007,random_growth138,8000000,10000000,0.8,0.800040280079275,0.009563362496368022,0.0168226110245302,0.006112338229001146,-0.007259248528162177,0.0034510242673668756,1,0,1
null_global,96200008,random_growth138,8000000,10000000,0.8,0.800040280079275,0.013946868236401677,0.01919351824421911,0.017406259319590223,-0.005246650007817433,-0.0034593910831885455,0,0,0
null_global,96200009,random_growth138,8000000,10000000,0.8,0.800040280079275,0.008886710861654157,0.011768527348149371,0.009461845337243147,-0.0028818164864952145,-0.0005751344755889898,1,0,1
null_global,96200010,random_growth138,8000000,10000000,0.8,0.800040280079275,0.009808338560993168,0.006621741351108601,0.008518803538192454,0.0031865972098845674,0.001289535022800714,1,1,1
null_global,96200011,random_growth138,8000000,10000000,0.8,0.800040280079275,0.009399529046638933,0.016656159711335328,0.011544826645692008,-0.007256630664696395,-0.0021452975990530754,1,0,0
null_global,96200012,random_growth138,8000000,10000000,0.8,0.800040280079275,0.012968970348298359,0.016047506570391334,0.017482391267316155,-0.0030785362220929757,-0.0045134209190177965,0,0,0
null_global,96200013,random_growth138,8000000,10000000,0.8,0.800040280079275,0.009352343840248412,0.014607559703765371,0.009951937859193516,-0.00525521586351696,-0.0005995940189451043,1,0,1
null_global,96200014,random_growth138,8000000,10000000,0.8,0.800040280079275,0.012720295669906567,0.012240066593083632,0.009311035994661376,0.0004802290768229356,0.003409259675245191,0,0,1
null_global,96200015,random_growth138,8000000,10000000,0.8,0.800040280079275,0.01332757619739483,0.010359081579957574,0.008803588951228458,0.002968494617437256,0.004523987246166372,0,0,1
null_global,96200016,random_growth138,8000000,10000000,0.8,0.800040280079275,0.008024613098703892,0.016988890986096683,0.0078122420155895544,-0.00896427788739279,0.00021237108311433772,1,0,1
null_global,96200017,random_growth138,8000000,10000000,0.8,0.800040280079275,0.0042132949852413115,0.009562271749949725,0.013266892922641549,-0.005348976764708413,-0.009053597937400237,1,1,0
null_global,96200018,random_growth138,8000000,10000000,0.8,0.800040280079275,0.009202098518542645,0.010690761513497349,0.007506002702901471,-0.0014886629949547037,0.0016960958156411743,1,0,1
null_global,96200019,random_growth138,8000000,10000000,0.8,0.800040280079275,0.006228608667739388,0.009343716470244623,0.009359080221837013,-0.0031151078025052348,-0.0031304715540976247,1,1,1
null_global,96200020,random_growth138,8000000,10000000,0.8,0.800040280079275,0.006875967977060804,0.01735018600619498,0.010507697175694553,-0.010474218029134175,-0.0036317291986337485,1,0,0
null_global,96200021,random_growth138,8000000,10000000,0.8,0.800040280079275,0.008270297916200209,0.01039657513934178,0.010722917003463839,-0.0021262772231415705,-0.00245261908726363,1,0,0
null_global,96200022,random_growth138,8000000,10000000,0.8,0.800040280079275,0.008730550550993976,0.012000888272491239,0.009514268923921598,-0.003270337721497263,-0.000783718372927622,1,0,1
null_global,96200023,random_growth138,8000000,10000000,0.8,0.800040280079275,0.00724062727343866,0.007703733424116566,0.006950904973268168,-0.0004631061506779055,0.00028972230017049183,1,1,1
null_global,96200024,random_growth138,8000000,10000000,0.8,0.800040280079275,0.01416651776353045,0.01692771783874275,0.013884482516634156,-0.0027612000752123,0.000282035246896295,0,0,0
null_global,96200025,random_growth138,8000000,10000000,0.8,0.800040280079275,0.004205516095846351,0.010358332165341044,0.014583671632590223,-0.006152816069494693,-0.010378155536743872,1,0,0
null_global,96200026,random_growth138,8000000,10000000,0.8,0.800040280079275,0.00888904908489424,0.007171261294772857,0.005845095214265461,0.0017177877901213834,0.0030439538706287794,1,1,1
null_global,96200027,random_growth138,8000000,10000000,0.8,0.800040280079275,0.014623766250337122,0.014320493813662294,0.00808024997838902,0.0003032724366748285,0.006543516271948102,0,0,1
null_global,96200028,random_growth138,8000000,10000000,0.8,0.800040280079275,0.011833308662875852,0.008280014889441523,0.006656974510389879,0.0035532937734343295,0.005176334152485973,0,1,1
null_global,96200029,random_growth138,8000000,10000000,0.8,0.800040280079275,0.006416399911348958,0.009481776709104661,0.006675719477649333,-0.0030653767977557034,-0.00025931956630037556,1,1,1
null_global,96200030,random_growth138,8000000,10000000,0.8,0.800040280079275,0.006589644827213081,0.007532990762108727,0.004686087926451532,-0.0009433459348956452,0.0019035569007615494,1,1,1
null_global,96200031,random_growth138,8000000,10000000,0.8,0.800040280079275,0.018856785409395282,0.015140326151050265,0.008637643571005493,0.0037164592583450173,0.01021914183838979,0,0,1
null_global,96200000,fixed7,8000000,10000000,0.8,0.8000078431109235,0.010201306959927048,0.007897031704612312,0.008036336513394027,0.002304275255314736,0.002164970446533021,0,1,1
null_global,96200001,fixed7,8000000,10000000,0.8,0.8000078431109235,0.009699308021276276,0.011466083042173614,0.009445602010277054,-0.0017667750208973376,0.00025370601099922174,1,0,1
null_global,96200002,fixed7,8000000,10000000,0.8,0.8000078431109235,0.007328168119173528,0.006357049788121183,0.005320009104104628,0.0009711183310523452,0.0020081590150689,1,1,1
null_global,96200003,fixed7,8000000,10000000,0.8,0.8000078431109235,0.009380801118526239,0.013199050726592276,0.010625744250402247,-0.0038182496080660377,-0.0012449431318760085,1,0,0
null_global,96200004,fixed7,8000000,10000000,0.8,0.8000078431109235,0.01143133243341704,0.009443867020233032,0.011051840650659672,0.0019874654131840086,0.0003794917827573685,0,1,0
null_global,96200005,fixed7,8000000,10000000,0.8,0.8000078431109235,0.010204715193503189,0.008954628982373591,0.010854232088613636,0.0012500862111295974,-0.0006495168951104469,0,1,0
null_global,96200006,fixed7,8000000,10000000,0.8,0.8000078431109235,0.013522745137203751,0.014652063325641174,0.010908689538941752,-0.0011293181884374226,0.0026140555982619995,0,0,0
null_global,96200007,fixed7,8000000,10000000,0.8,0.8000078431109235,0.009563362496368022,0.014208516691219142,0.012482121880014518,-0.00464515419485112,-0.0029187593836464965,1,0,0
null_global,96200008,fixed7,8000000,10000000,0.8,0.8000078431109235,0.013946868236401677,0.02179675932172792,0.021757682018828994,-0.007849891085326244,-0.007810813782427317,0,0,0
null_global,96200009,fixed7,8000000,10000000,0.8,0.8000078431109235,0.008886710861654157,0.008982356072648856,0.009477277144061436,-9.564521099469925e-05,-0.0005905662824072788,1,1,1
null_global,96200010,fixed7,8000000,10000000,0.8,0.8000078431109235,0.009808338560993168,0.008328754459261178,0.005011851833773007,0.00147958410173199,0.004796486727220162,1,1,1
null_global,96200011,fixed7,8000000,10000000,0.8,0.8000078431109235,0.009399529046638933,0.0120821810226579,0.009993849642336683,-0.002682651976018968,-0.0005943205956977504,1,0,1
null_global,96200012,fixed7,8000000,10000000,0.8,0.8000078431109235,0.012968970348298359,0.012024149086199587,0.013069369417587573,0.0009448212620987717,-0.00010039906928921427,0,0,0
null_global,96200013,fixed7,8000000,10000000,0.8,0.8000078431109235,0.009352343840248412,0.015438069595162751,0.010883515651626263,-0.0060857257549143395,-0.0015311718113778516,1,0,0
null_global,96200014,fixed7,8000000,10000000,0.8,0.8000078431109235,0.012720295669906567,0.008332404488108403,0.006271742705274308,0.004387891181798165,0.006448552964632259,0,1,1
null_global,96200015,fixed7,8000000,10000000,0.8,0.8000078431109235,0.01332757619739483,0.014280682067276784,0.011903704781381863,-0.0009531058698819539,0.0014238714160129673,0,0,0
null_global,96200016,fixed7,8000000,10000000,0.8,0.8000078431109235,0.008024613098703892,0.014769069484111552,0.01132426781864232,-0.00674445638540766,-0.0032996547199384274,1,0,0
null_global,96200017,fixed7,8000000,10000000,0.8,0.8000078431109235,0.0042132949852413115,0.008466490250056469,0.012695252729015616,-0.004253195264815157,-0.008481957743774304,1,1,0
null_global,96200018,fixed7,8000000,10000000,0.8,0.8000078431109235,0.009202098518542645,0.006131628367117892,0.005084509008752125,0.0030704701514247534,0.00411758950979052,1,1,1
null_global,96200019,fixed7,8000000,10000000,0.8,0.8000078431109235,0.006228608667739388,0.009343864145407776,0.00945072820512377,-0.0031152554776683883,-0.0032221195373843825,1,1,1
null_global,96200020,fixed7,8000000,10000000,0.8,0.8000078431109235,0.006875967977060804,0.0160764204439916,0.010077966074044653,-0.009200452466930797,-0.003201998096983849,1,0,0
null_global,96200021,fixed7,8000000,10000000,0.8,0.8000078431109235,0.008270297916200209,0.009872972479630093,0.011502828354502448,-0.0016026745634298845,-0.003232530438302239,1,1,0
null_global,96200022,fixed7,8000000,10000000,0.8,0.8000078431109235,0.008730550550993976,0.012296075308996512,0.010199558875454928,-0.003565524758002536,-0.001469008324460952,1,0,0
null_global,96200023,fixed7,8000000,10000000,0.8,0.8000078431109235,0.00724062727343866,0.008881204272681853,0.004710300750115248,-0.0016405769992431929,0.002530326523323412,1,1,1
null_global,96200024,fixed7,8000000,10000000,0.8,0.8000078431109235,0.01416651776353045,0.015670767711403744,0.008991464940844573,-0.001504249947873293,0.005175052822685877,0,0,1
null_global,96200025,fixed7,8000000,10000000,0.8,0.8000078431109235,0.004205516095846351,0.009714346844669153,0.011370235694531716,-0.005508830748822802,-0.007164719598685365,1,1,0
null_global,96200026,fixed7,8000000,10000000,0.8,0.8000078431109235,0.00888904908489424,0.007977002147442236,0.008274806987592254,0.0009120469374520046,0.0006142420973019869,1,1,1
null_global,96200027,fixed7,8000000,10000000,0.8,0.8000078431109235,0.014623766250337122,0.011277881463901573,0.008611038621616662,0.003345884786435549,0.00601272762872046,0,0,1
null_global,96200028,fixed7,8000000,10000000,0.8,0.8000078431109235,0.011833308662875852,0.009050652663181113,0.009897618518812323,0.0027826559996947386,0.0019356901440635288,0,1,1
null_global,96200029,fixed7,8000000,10000000,0.8,0.8000078431109235,0.006416399911348958,0.007635905001713461,0.004948212145796438,-0.0012195050903645033,0.00146818776555252,1,1,1
null_global,96200030,fixed7,8000000,10000000,0.8,0.8000078431109235,0.006589644827213081,0.003929217031304444,0.005537619129966087,0.0026604277959086375,0.0010520256972469944,1,1,1
null_global,96200031,fixed7,8000000,10000000,0.8,0.8000078431109235,0.018856785409395282,0.010571227870139699,0.00848594574777567,0.008285557539255584,0.010370839661619613,0,0,1
lowrank_noiseless_global,96200000,random_growth128,6400000,8000000,0.8,0.799998560673342,2.1287514678479974e-06,1.1226821829945618e-06,1.1327415953450731e-07,1.0060692848534356e-06,2.01547730831349e-06,1,1,1
lowrank_noiseless_global,96200001,random_growth128,6400000,8000000,0.8,0.799998560673342,6.697476282345863e-08,4.5481701289904276e-08,2.1758372744863244e-07,2.1493061533554354e-08,-1.5060896462517381e-07,1,1,1
lowrank_noiseless_global,96200002,random_growth128,6400000,8000000,0.8,0.799998560673342,1.9879941213196476e-07,1.3871297964553343e-07,4.1951375270677396e-07,6.008643248643133e-08,-2.207143405748092e-07,1,1,1
lowrank_noiseless_global,96200003,random_growth128,6400000,8000000,0.8,0.799998560673342,1.6362711507229684e-07,1.1684981714826528e-07,4.84502080337064e-08,4.677729792403155e-08,1.1517690703859043e-07,1,1,1
lowrank_noiseless_global,96200004,random_growth128,6400000,8000000,0.8,0.799998560673342,2.2612548045551718e-07,1.9802625150837145e-07,1.086950770579648e-07,2.809922894714573e-08,1.1743040339755238e-07,1,1,1
lowrank_noiseless_global,96200005,random_growth128,6400000,8000000,0.8,0.799998560673342,4.66033279503751e-07,8.712240534984645e-08,1.1807626241614941e-07,3.7891087415390455e-07,3.479570170876016e-07,1,1,1
lowrank_noiseless_global,96200006,random_growth128,6400000,8000000,0.8,0.799998560673342,9.164353247482318e-07,8.152023865973514e-09,3.7538462772570185e-08,9.082833008822583e-07,8.788968619756616e-07,1,1,1
lowrank_noiseless_global,96200007,random_growth128,6400000,8000000,0.8,0.799998560673342,2.0224579004148413e-07,7.066163291673762e-08,1.6298732263165177e-07,1.3158415712474652e-07,3.925846740983236e-08,1,1,1
lowrank_noiseless_global,96200008,random_growth128,6400000,8000000,0.8,0.799998560673342,3.1970911542447295e-07,1.274625781908001e-07,2.5527962906758627e-07,1.9224653723367283e-07,6.442948635688668e-08,1,1,1
lowrank_noiseless_global,96200009,random_growth128,6400000,8000000,0.8,0.799998560673342,4.893251375391127e-07,3.757598746062505e-08,1.0151569864863551e-07,4.5174915007848765e-07,3.8780943889047716e-07,1,1,1
lowrank_noiseless_global,96200010,random_growth128,6400000,8000000,0.8,0.799998560673342,1.2151628255930706e-07,1.799519056518545e-07,3.2493921589253646e-07,-5.8435623092547445e-08,-2.034229333332294e-07,1,1,1
lowrank_noiseless_global,96200011,random_growth128,6400000,8000000,0.8,0.799998560673342,1.8184902080217471e-07,9.970004193180912e-08,2.5359206016250067e-07,8.21489788703656e-08,-7.174303936032595e-08,1,1,1
lowrank_noiseless_global,96200012,random_growth128,6400000,8000000,0.8,0.799998560673342,9.982347589703573e-08,5.8641051024280585e-08,7.052802872625394e-08,4.118242487275515e-08,2.9295447170781793e-08,1,1,1
lowrank_noiseless_global,96200013,random_growth128,6400000,8000000,0.8,0.799998560673342,6.772203729475281e-07,7.356070757964308e-08,2.306798713295548e-07,6.03659665367885e-07,4.4654050161797326e-07,1,1,1
lowrank_noiseless_global,96200014,random_growth128,6400000,8000000,0.8,0.799998560673342,2.896002559237754e-07,9.071102990467062e-08,4.922077628243771e-08,1.9888922601910475e-07,2.4037947964133767e-07,1,1,1
lowrank_noiseless_global,96200015,random_growth128,6400000,8000000,0.8,0.799998560673342,3.367054741438478e-07,7.202394760353524e-08,1.245104567719391e-07,2.6468152654031256e-07,2.121950173719087e-07,1,1,1
lowrank_noiseless_global,96200016,random_growth128,6400000,8000000,0.8,0.799998560673342,8.377946273922286e-07,3.7211334075502157e-08,2.953008599570195e-07,8.005832933167264e-07,5.424937674352092e-07,1,1,1
lowrank_noiseless_global,96200017,random_growth128,6400000,8000000,0.8,0.799998560673342,2.3493623857288297e-07,8.718985906476854e-08,8.990139107354444e-08,1.4774637950811445e-07,1.4503484749933855e-07,1,1,1
lowrank_noiseless_global,96200018,random_growth128,6400000,8000000,0.8,0.799998560673342,1.3586228983734415e-07,3.460381094503002e-07,9.881071919516792e-08,-2.1017581961295605e-07,3.705157064217624e-08,1,1,1
lowrank_noiseless_global,96200019,random_growth128,6400000,8000000,0.8,0.799998560673342,2.019696237040093e-07,4.298402046660006e-09,1.9320694043954275e-07,1.976712216573493e-07,8.762683264466555e-09,1,1,1
lowrank_noiseless_global,96200020,random_growth128,6400000,8000000,0.8,0.799998560673342,1.6564952040586082e-07,8.096106104480658e-07,4.328050833289729e-07,-6.43961090042205e-07,-2.671555629231121e-07,1,1,1
lowrank_noiseless_global,96200021,random_growth128,6400000,8000000,0.8,0.799998560673342,2.1398451508248895e-07,9.081240452951679e-08,2.1388327222626007e-07,1.2317211055297216e-07,1.0124285622887932e-10,1,1,1
lowrank_noiseless_global,96200022,random_growth128,6400000,8000000,0.8,0.799998560673342,1.4801560430701505e-07,4.3571065287609446e-08,1.2952728017538572e-07,1.044445390194056e-07,1.8488324131629328e-08,1,1,1
lowrank_noiseless_global,96200023,random_growth128,6400000,8000000,0.8,0.799998560673342,8.593810780146763e-08,4.7407563860465354e-08,3.0487918331263194e-07,3.853054394100228e-08,-2.189410755111643e-07,1,1,1
lowrank_noiseless_global,96200024,random_growth128,6400000,8000000,0.8,0.799998560673342,1.473720237194085e-07,3.795509133301707e-08,1.3580153650885504e-07,1.0941693238639141e-07,1.1570487210553448e-08,1,1,1
lowrank_noiseless_global,96200025,random_growth128,6400000,8000000,0.8,0.799998560673342,6.554979235630434e-07,2.2079555609064517e-07,2.0902660114828349e-07,4.3470236747239827e-07,4.4647132241476e-07,1,1,1
lowrank_noiseless_global,96200026,random_growth128,6400000,8000000,0.8,0.799998560673342,1.0257683425855114e-06,5.441032112006351e-07,3.8868177022908056e-07,4.816651313848763e-07,6.370865723564308e-07,1,1,1
lowrank_noiseless_global,96200027,random_growth128,6400000,8000000,0.8,0.799998560673342,1.6317750898683446e-07,1.2501550398621067e-08,6.296156752109695e-08,1.506759585882134e-07,1.002159414657375e-07,1,1,1
lowrank_noiseless_global,96200028,random_growth128,6400000,8000000,0.8,0.799998560673342,9.153721092447041e-08,7.047716290207296e-08,8.774136597407496e-08,2.106004802239745e-08,3.795844950395444e-09,1,1,1
lowrank_noiseless_global,96200029,random_growth128,6400000,8000000,0.8,0.799998560673342,3.34237231208001e-07,2.835728232650333e-07,6.709968879358973e-07,5.066440794296769e-08,-3.3675965672789636e-07,1,1,1
lowrank_noiseless_global,96200030,random_growth128,6400000,8000000,0.8,0.799998560673342,1.0932007526777396e-07,1.6208812686737243e-07,2.699231775335703e-07,-5.276805159959846e-08,-1.6060310226579634e-07,1,1,1
lowrank_noiseless_global,96200031,random_growth128,6400000,8000000,0.8,0.799998560673342,1.9759111367530639e-07,4.146463672652136e-08,5.612145743348472e-08,1.5612647694878504e-07,1.4146965624182166e-07,1,1,1
lowrank_noiseless_global,96200000,random_growth138,6400000,8000000,0.8,0.7999923891279246,2.1287514678479974e-06,3.5407972169977124e-07,5.658060190489564e-06,1.774671746148226e-06,-3.5293087226415664e-06,1,1,1
lowrank_noiseless_global,96200001,random_growth138,6400000,8000000,0.8,0.7999923891279246,6.697476282345863e-08,1.9986543685293665e-07,7.969868430800657e-08,-1.3289067402947802e-07,-1.2723921484547944e-08,1,1,1
lowrank_noiseless_global,96200002,random_growth138,6400000,8000000,0.8,0.7999923891279246,1.9879941213196476e-07,4.40868079839258e-08,1.3487673760128957e-07,1.5471260414803898e-07,6.392267453067519e-08,1,1,1
lowrank_noiseless_global,96200003,random_growth138,6400000,8000000,0.8,0.7999923891279246,1.6362711507229684e-07,1.4014894856359594e-07,2.1758358814689517e-07,2.3478166508700896e-08,-5.395647307459833e-08,1,1,1
lowrank_noiseless_global,96200004,random_growth138,6400000,8000000,0.8,0.7999923891279246,2.2612548045551718e-07,1.5762499665332482e-07,3.774906069280903e-07,6.850048380219236e-08,-1.5136512647257311e-07,1,1,1
lowrank_noiseless_global,96200005,random_growth138,6400000,8000000,0.8,0.7999923891279246,4.66033279503751e-07,2.2182015397966593e-07,1.9178699460014526e-07,2.442131255240851e-07,2.742462849036058e-07,1,1,1
lowrank_noiseless_global,96200006,random_growth138,6400000,8000000,0.8,0.7999923891279246,9.164353247482318e-07,1.6424783743503078e-08,1.0829118315489259e-07,9.000105410047287e-07,8.081441415933392e-07,1,1,1
lowrank_noiseless_global,96200007,random_growth138,6400000,8000000,0.8,0.7999923891279246,2.0224579004148413e-07,2.776390276491921e-08,3.0293168548812346e-08,1.7448188727656491e-07,1.7195262149267177e-07,1,1,1
lowrank_noiseless_global,96200008,random_growth138,6400000,8000000,0.8,0.7999923891279246,3.1970911542447295e-07,1.1995058636484369e-07,9.71844928192291e-08,1.9975852905962926e-07,2.2252462260524384e-07,1,1,1
lowrank_noiseless_global,96200009,random_growth138,6400000,8000000,0.8,0.7999923891279246,4.893251375391127e-07,7.301126133084888e-08,9.904567956467686e-08,4.163138762082638e-07,3.902794579744358e-07,1,1,1
lowrank_noiseless_global,96200010,random_growth138,6400000,8000000,0.8,0.7999923891279246,1.2151628255930706e-07,6.85877167399912e-08,7.368266512140914e-08,5.292856581931585e-08,4.783361743789792e-08,1,1,1
lowrank_noiseless_global,96200011,random_growth138,6400000,8000000,0.8,0.7999923891279246,1.8184902080217471e-07,1.2116026307478418e-07,2.3510004243765417e-07,6.068875772739054e-08,-5.3251021635479456e-08,1,1,1
lowrank_noiseless_global,96200012,random_growth138,6400000,8000000,0.8,0.7999923891279246,9.982347589703573e-08,7.090786297497633e-08,1.0604254135484989e-07,2.8915612922059408e-08,-6.219065457814156e-09,1,1,1
lowrank_noiseless_global,96200013,random_growth138,6400000,8000000,0.8,0.7999923891279246,6.772203729475281e-07,5.509031731784396e-08,7.51212311625166e-08,6.221300556296841e-07,6.020991417850115e-07,1,1,1
lowrank_noiseless_global,96200014,random_growth138,6400000,8000000,0.8,0.7999923891279246,2.896002559237754e-07,1.2070877394831774e-08,1.6918640801604234e-07,2.775293785289436e-07,1.2041384790773303e-07,1,1,1
lowrank_noiseless_global,96200015,random_growth138,6400000,8000000,0.8,0.7999923891279246,3.367054741438478e-07,9.998741147084361e-08,7.432103985216228e-08,2.3671806267300418e-07,2.623844342916855e-07,1,1,1
lowrank_noiseless_global,96200016,random_growth138,6400000,8000000,0.8,0.7999923891279246,8.377946273922286e-07,1.282023591716357e-07,2.4104241607676805e-07,7.095922682205929e-07,5.967522113154606e-07,1,1,1
lowrank_noiseless_global,96200017,random_growth138,6400000,8000000,0.8,0.7999923891279246,2.3493623857288297e-07,1.5856442196351857e-08,1.2141800573092413e-07,2.190797963765311e-07,1.1351823284195884e-07,1,1,1
lowrank_noiseless_global,96200018,random_growth138,6400000,8000000,0.8,0.7999923891279246,1.3586228983734415e-07,1.123108464641896e-07,2.801675152321116e-06,2.3551443373154557e-08,-2.6658128624837717e-06,1,1,1
lowrank_noiseless_global,96200019,random_growth138,6400000,8000000,0.8,0.7999923891279246,2.019696237040093e-07,3.226530916998187e-08,3.505098901375581e-08,1.6970431453402743e-07,1.6691863469025348e-07,1,1,1
lowrank_noiseless_global,96200020,random_growth138,6400000,8000000,0.8,0.7999923891279246,1.6564952040586082e-07,5.040639242499076e-08,5.955029862550526e-07,1.1524312798087006e-07,-4.298534658491918e-07,1,1,1
lowrank_noiseless_global,96200021,random_growth138,6400000,8000000,0.8,0.7999923891279246,2.1398451508248895e-07,9.838655942740021e-08,4.078965082349454e-07,1.1559795565508874e-07,-1.9391199315245648e-07,1,1,1
lowrank_noiseless_global,96200022,random_growth138,6400000,8000000,0.8,0.7999923891279246,1.4801560430701505e-07,8.603891075804144e-08,1.0598603703044834e-07,6.19766935489736e-08,4.2029567276566704e-08,1,1,1
lowrank_noiseless_global,96200023,random_growth138,6400000,8000000,0.8,0.7999923891279246,8.593810780146763e-08,8.984377873800775e-08,1.125893694188736e-06,-3.905670936540113e-09,-1.0399555863872684e-06,1,1,1
lowrank_noiseless_global,96200024,random_growth138,6400000,8000000,0.8,0.7999923891279246,1.473720237194085e-07,2.297075118998622e-08,9.09364752728003e-08,1.2440127252942226e-07,5.6435548446608185e-08,1,1,1
lowrank_noiseless_global,96200025,random_growth138,6400000,8000000,0.8,0.7999923891279246,6.554979235630434e-07,1.9667049946742283e-08,4.1381414593470205e-08,6.358308736163012e-07,6.141165089695732e-07,1,1,1
lowrank_noiseless_global,96200026,random_growth138,6400000,8000000,0.8,0.7999923891279246,1.0257683425855114e-06,7.745664431805732e-06,1.3123311339273173e-07,-6.7198960892202204e-06,8.945352291927797e-07,1,1,1
lowrank_noiseless_global,96200027,random_growth138,6400000,8000000,0.8,0.7999923891279246,1.6317750898683446e-07,5.6510902826532385e-08,1.347351148547572e-06,1.0666660616030208e-07,-1.1841736395607375e-06,1,1,1
lowrank_noiseless_global,96200028,random_growth138,6400000,8000000,0.8,0.7999923891279246,9.153721092447041e-08,3.429792953519551e-08,3.435165032598189e-07,5.7239281389274896e-08,-2.519792923353485e-07,1,1,1
lowrank_noiseless_global,96200029,random_growth138,6400000,8000000,0.8,0.7999923891279246,3.34237231208001e-07,5.058767789735735e-08,1.4497022632145092e-07,2.836495533106436e-07,1.8926700488655006e-07,1,1,1
lowrank_noiseless_global,96200030,random_growth138,6400000,8000000,0.8,0.7999923891279246,1.0932007526777396e-07,1.315127383647313e-07,2.907293873907833e-07,-2.2192663096957334e-08,-1.8140931212300935e-07,1,1,1
lowrank_noiseless_global,96200031,random_growth138,6400000,8000000,0.8,0.7999923891279246,1.9759111367530639e-07,1.1387711464352793e-07,2.6231158928220456e-07,8.371399903177845e-08,-6.472047560689817e-08,1,1,1
lowrank_noiseless_global,96200000,fixed7,6400000,8000000,0.8,0.7999864462482581,2.1287514678479974e-06,2.2990408474287318e-05,4.280122566199283e-05,-2.086165700643932e-05,-4.067247419414483e-05,1,1,1
lowrank_noiseless_global,96200001,fixed7,6400000,8000000,0.8,0.7999864462482581,6.697476282345863e-08,2.2574689586848176e-05,3.9212844136695016e-05,-2.2507714824024716e-05,-3.914586937387156e-05,1,1,1
lowrank_noiseless_global,96200002,fixed7,6400000,8000000,0.8,0.7999864462482581,1.9879941213196476e-07,3.654193825508746e-05,7.405438938202213e-05,-3.63431388429555e-05,-7.385558996989016e-05,1,1,1
lowrank_noiseless_global,96200003,fixed7,6400000,8000000,0.8,0.7999864462482581,1.6362711507229684e-07,2.1440801588793634e-05,3.907332968210577e-05,-2.127717447372134e-05,-3.890970256703347e-05,1,1,1
lowrank_noiseless_global,96200004,fixed7,6400000,8000000,0.8,0.7999864462482581,2.2612548045551718e-07,3.7875993449954786e-05,6.825293944947227e-05,-3.764986796949927e-05,-6.802681396901676e-05,1,1,1
lowrank_noiseless_global,96200005,fixed7,6400000,8000000,0.8,0.7999864462482581,4.66033279503751e-07,2.045334100686411e-05,3.782619841400517e-05,-1.9987307727360358e-05,-3.736016513450142e-05,1,1,1
lowrank_noiseless_global,96200006,fixed7,6400000,8000000,0.8,0.7999864462482581,9.164353247482318e-07,3.975478814385465e-05,6.866371247929232e-05,-3.883835281910642e-05,-6.77472771545441e-05,1,1,1
lowrank_noiseless_global,96200007,fixed7,6400000,8000000,0.8,0.7999864462482581,2.0224579004148413e-07,2.1443639712189153e-06,7.550637381417628e-06,-1.942118181177431e-06,-7.348391591376144e-06,1,1,1
lowrank_noiseless_global,96200008,fixed7,6400000,8000000,0.8,0.7999864462482581,3.1970911542447295e-07,8.515037985359935e-06,1.6046367722502142e-05,-8.195328869935462e-06,-1.572665860707767e-05,1,1,1
lowrank_noiseless_global,96200009,fixed7,6400000,8000000,0.8,0.7999864462482581,4.893251375391127e-07,2.1225800801220434e-05,4.086700662064625e-05,-2.073647566368132e-05,-4.037768148310714e-05,1,1,1
lowrank_noiseless_global,96200010,fixed7,6400000,8000000,0.8,0.7999864462482581,1.2151628255930706e-07,1.750264362709628e-05,3.596081183716827e-05,-1.7381127344536973e-05,-3.5839295554608965e-05,1,1,1
lowrank_noiseless_global,96200011,fixed7,6400000,8000000,0.8,0.7999864462482581,1.8184902080217471e-07,7.50181063122389e-06,1.3469005723143472e-05,-7.319961610421715e-06,-1.3287156702341297e-05,1,1,1
lowrank_noiseless_global,96200012,fixed7,6400000,8000000,0.8,0.7999864462482581,9.982347589703573e-08,3.1064291380856366e-05,6.19740141891174e-05,-3.096446790495933e-05,-6.187419071322036e-05,1,1,1
lowrank_noiseless_global,96200013,fixed7,6400000,8000000,0.8,0.7999864462482581,6.772203729475281e-07,1.2501416274136955e-07,9.648324908514466e-07,5.522062102061586e-07,-2.8761211790391854e-07,1,1,1
lowrank_noiseless_global,96200014,fixed7,6400000,8000000,0.8,0.7999864462482581,2.896002559237754e-07,1.4730082336963346e-05,2.9875311347219126e-05,-1.444048208103957e-05,-2.958571109129535e-05,1,1,1
lowrank_noiseless_global,96200015,fixed7,6400000,8000000,0.8,0.7999864462482581,3.367054741438478e-07,5.156779652495211e-07,5.744687216123505e-06,-1.789724911056733e-07,-5.407981741979657e-06,1,1,1
lowrank_noiseless_global,96200016,fixed7,6400000,8000000,0.8,0.7999864462482581,8.377946273922286e-07,3.6637856392542535e-05,6.778603880459986e-05,-3.580006176515031e-05,-6.694824417720764e-05,1,1,1
lowrank_noiseless_global,96200017,fixed7,6400000,8000000,0.8,0.7999864462482581,2.3493623857288297e-07,7.566600692991682e-05,0.00012708521220860185,-7.543107069134394e-05,-0.00012685027597002897,1,1,1
lowrank_noiseless_global,96200018,fixed7,6400000,8000000,0.8,0.7999864462482581,1.3586228983734415e-07,4.0135216074936603e-22,5.000660962635484e-17,1.3586228983734376e-07,1.3586228978733755e-07,1,1,1
lowrank_noiseless_global,96200019,fixed7,6400000,8000000,0.8,0.7999864462482581,2.019696237040093e-07,7.116200394288436e-05,0.00013823083692980062,-7.096003431918035e-05,-0.0001380288673060966,1,1,1
lowrank_noiseless_global,96200020,fixed7,6400000,8000000,0.8,0.7999864462482581,1.6564952040586082e-07,3.81588844628042e-05,6.691125687046691e-05,-3.799323494239834e-05,-6.674560735006104e-05,1,1,1
lowrank_noiseless_global,96200021,fixed7,6400000,8000000,0.8,0.7999864462482581,2.1398451508248895e-07,3.672103405458702e-05,6.90060636906506e-05,-3.650704953950453e-05,-6.879207917556811e-05,1,1,1
lowrank_noiseless_global,96200022,fixed7,6400000,8000000,0.8,0.7999864462482581,1.4801560430701505e-07,1.4118697316907314e-05,2.6691796074833348e-05,-1.3970681712600299e-05,-2.6543780470526335e-05,1,1,1
lowrank_noiseless_global,96200023,fixed7,6400000,8000000,0.8,0.7999864462482581,8.593810780146763e-08,2.9283303219281685e-05,4.840063874121182e-05,-2.9197365111480216e-05,-4.831470063341036e-05,1,1,1
lowrank_noiseless_global,96200024,fixed7,6400000,8000000,0.8,0.7999864462482581,1.473720237194085e-07,2.9241872374956463e-09,1.3467078734519496e-07,1.4444783648191284e-07,1.270123637421353e-08,1,1,1
lowrank_noiseless_global,96200025,fixed7,6400000,8000000,0.8,0.7999864462482581,6.554979235630434e-07,6.336084158459763e-05,0.00012128801264979051,-6.270534366103458e-05,-0.00012063251472622747,1,1,1
lowrank_noiseless_global,96200026,fixed7,6400000,8000000,0.8,0.7999864462482581,1.0257683425855114e-06,9.801445978435984e-06,1.935741997753113e-05,-8.775677635850473e-06,-1.833165163494562e-05,1,1,1
lowrank_noiseless_global,96200027,fixed7,6400000,8000000,0.8,0.7999864462482581,1.6317750898683446e-07,3.1772946660671e-05,7.525313265756353e-05,-3.1609769151684165e-05,-7.50899551485767e-05,1,1,1
lowrank_noiseless_global,96200028,fixed7,6400000,8000000,0.8,0.7999864462482581,9.153721092447041e-08,3.6833158160058637e-09,1.0745093395171753e-07,8.785389510846454e-08,-1.5913723027247125e-08,1,1,1
lowrank_noiseless_global,96200029,fixed7,6400000,8000000,0.8,0.7999864462482581,3.34237231208001e-07,6.9925759947272715e-06,1.640648214271072e-05,-6.6583387635192705e-06,-1.6072244911502717e-05,1,1,1
lowrank_noiseless_global,96200030,fixed7,6400000,8000000,0.8,0.7999864462482581,1.0932007526777396e-07,3.3902349578300824e-05,6.698148007491609e-05,-3.379302950303305e-05,-6.687215999964832e-05,1,1,1
lowrank_noiseless_global,96200031,fixed7,6400000,8000000,0.8,0.7999864462482581,1.9759111367530639e-07,1.2433755436457885e-05,2.416002655399247e-05,-1.2236164322782579e-05,-2.3962435440317164e-05,1,1,1
lowrank_noiseless_global,96200000,random_growth128,8000000,10000000,0.8,0.8000398686002028,1.4791993187699583e-06,2.5019417978604737e-06,1.1226821829945618e-06,-1.0227424790905154e-06,3.565171357753965e-07,1,1,1
lowrank_noiseless_global,96200001,random_growth128,8000000,10000000,0.8,0.8000398686002028,2.1118172904662474e-08,8.532361630672745e-08,4.5481701289904276e-08,-6.420544340206497e-08,-2.4363528385241802e-08,1,1,1
lowrank_noiseless_global,96200002,random_growth128,8000000,10000000,0.8,0.8000398686002028,9.282044394912236e-08,7.745790414650165e-08,1.3871297964553343e-07,1.5362539802620706e-08,-4.589253569641107e-08,1,1,1
lowrank_noiseless_global,96200003,random_growth128,8000000,10000000,0.8,0.8000398686002028,1.1738520614537957e-07,3.138908119308025e-07,1.1684981714826528e-07,-1.9650560578542292e-07,5.353889971142839e-10,1,1,1
lowrank_noiseless_global,96200004,random_growth128,8000000,10000000,0.8,0.8000398686002028,1.1603103658062358e-07,5.700451514620673e-08,1.9802625150837145e-07,5.902652143441685e-08,-8.199521492774788e-08,1,1,1
lowrank_noiseless_global,96200005,random_growth128,8000000,10000000,0.8,0.8000398686002028,7.79342416255117e-08,2.2459703635197047e-08,8.712240534984645e-08,5.547453799031466e-08,-9.188163724334744e-09,1,1,1
lowrank_noiseless_global,96200006,random_growth128,8000000,10000000,0.8,0.8000398686002028,4.191470052938949e-07,2.5962872407400872e-09,8.152023865973514e-09,4.1655071805315483e-07,4.109949814279214e-07,1,1,1
lowrank_noiseless_global,96200007,random_growth128,8000000,10000000,0.8,0.8000398686002028,1.0629379744031751e-07,4.1952355110066335e-08,7.066163291673762e-08,6.434144233025118e-08,3.563216452357989e-08,1,1,1
lowrank_noiseless_global,96200008,random_growth128,8000000,10000000,0.8,0.8000398686002028,1.433395802048084e-07,1.1157494456327851e-07,1.274625781908001e-07,3.1764635641529896e-08,1.5877002014008295e-08,1,1,1
lowrank_noiseless_global,96200009,random_growth128,8000000,10000000,0.8,0.8000398686002028,6.651289484124397e-08,4.6227525639188465e-08,3.757598746062505e-08,2.028536920205551e-08,2.8936907380618923e-08,1,1,1
lowrank_noiseless_global,96200010,random_growth128,8000000,10000000,0.8,0.8000398686002028,4.967152355120206e-08,1.0137597132258742e-07,1.799519056518545e-07,-5.1704447771385366e-08,-1.3028038210065243e-07,1,1,1
lowrank_noiseless_global,96200011,random_growth128,8000000,10000000,0.8,0.8000398686002028,6.05977243136932e-08,5.797103502218006e-08,9.970004193180912e-08,2.626689291513143e-09,-3.9102317618115914e-08,1,1,1
lowrank_noiseless_global,96200012,random_growth128,8000000,10000000,0.8,0.8000398686002028,3.419708097604664e-08,1.0334410261603026e-08,5.8641051024280585e-08,2.3862670714443612e-08,-2.4443970048233948e-08,1,1,1
lowrank_noiseless_global,96200013,random_growth128,8000000,10000000,0.8,0.8000398686002028,2.878680226251266e-07,5.84662946648419e-08,7.356070757964308e-08,2.294017279602847e-07,2.1430731504548352e-07,1,1,1
lowrank_noiseless_global,96200014,random_growth128,8000000,10000000,0.8,0.8000398686002028,8.659831932182188e-08,5.572463892079645e-08,9.071102990467062e-08,3.087368040102543e-08,-4.112710582848743e-09,1,1,1
lowrank_noiseless_global,96200015,random_growth128,8000000,10000000,0.8,0.8000398686002028,1.0107465948539164e-07,4.800691911333645e-08,7.202394760353524e-08,5.306774037205519e-08,2.90507118818564e-08,1,1,1
lowrank_noiseless_global,96200016,random_growth128,8000000,10000000,0.8,0.8000398686002028,1.3114383788104123e-07,6.474172766554481e-09,3.7211334075502157e-08,1.2466966511448674e-07,9.393250380553907e-08,1,1,1
lowrank_noiseless_global,96200017,random_growth128,8000000,10000000,0.8,0.8000398686002028,3.640990407389993e-07,8.465558687129535e-08,8.718985906476854e-08,2.7944345386770394e-07,2.7690918167423076e-07,1,1,1
lowrank_noiseless_global,96200018,random_growth128,8000000,10000000,0.8,0.8000398686002028,2.2364778758463358e-08,2.0888430625580472e-07,3.460381094503002e-07,-1.8651952749734136e-07,-3.2367333069183687e-07,1,1,1
lowrank_noiseless_global,96200019,random_growth128,8000000,10000000,0.8,0.8000398686002028,4.445025729683722e-08,2.9004064459521254e-08,4.298402046660006e-09,1.5446192837315967e-08,4.0151855250177214e-08,1,1,1
lowrank_noiseless_global,96200020,random_growth128,8000000,10000000,0.8,0.8000398686002028,4.648672997753337e-08,2.7869417728146533e-06,8.096106104480658e-07,-2.7404550428371197e-06,-7.631238804705325e-07,1,1,1
lowrank_noiseless_global,96200021,random_growth128,8000000,10000000,0.8,0.8000398686002028,1.005350882255294e-07,1.1703773857023348e-07,9.081240452951679e-08,-1.650265034470408e-08,9.722683696012613e-09,1,1,1
lowrank_noiseless_global,96200022,random_growth128,8000000,10000000,0.8,0.8000398686002028,2.3859291968720184e-08,6.648446327411651e-08,4.3571065287609446e-08,-4.2625171305396324e-08,-1.9711773318889262e-08,1,1,1
lowrank_noiseless_global,96200023,random_growth128,8000000,10000000,0.8,0.8000398686002028,4.184342295678178e-08,1.5655624478512088e-09,4.7407563860465354e-08,4.027786050893057e-08,-5.564140903683577e-09,1,1,1
lowrank_noiseless_global,96200024,random_growth128,8000000,10000000,0.8,0.8000398686002028,7.014259156292422e-08,7.311285442725663e-09,3.795509133301707e-08,6.283130612019855e-08,3.218750022990715e-08,1,1,1
lowrank_noiseless_global,96200025,random_growth128,8000000,10000000,0.8,0.8000398686002028,6.141726778052764e-08,5.689333087915369e-08,2.2079555609064517e-07,4.52393690137395e-09,-1.5937828831011753e-07,1,1,1
lowrank_noiseless_global,96200026,random_growth128,8000000,10000000,0.8,0.8000398686002028,1.9210037299565717e-07,3.620138805910938e-07,5.441032112006351e-07,-1.6991350759543661e-07,-3.5200283820497795e-07,1,1,1
lowrank_noiseless_global,96200027,random_growth128,8000000,10000000,0.8,0.8000398686002028,8.692543443912403e-08,1.7981023106067567e-06,1.2501550398621067e-08,-1.7111768761676327e-06,7.442388404050295e-08,1,1,1
lowrank_noiseless_global,96200028,random_growth128,8000000,10000000,0.8,0.8000398686002028,4.5149794188879365e-08,9.675207119390563e-09,7.047716290207296e-08,3.54745870694888e-08,-2.5327368713193593e-08,1,1,1
lowrank_noiseless_global,96200029,random_growth128,8000000,10000000,0.8,0.8000398686002028,3.324945200119693e-07,8.116225836928416e-08,2.835728232650333e-07,2.5133226164268515e-07,4.8921696746935995e-08,1,1,1
lowrank_noiseless_global,96200030,random_growth128,8000000,10000000,0.8,0.8000398686002028,3.37282191082076e-08,1.4789754249906813e-07,1.6208812686737243e-07,-1.1416932339086052e-07,-1.2835990775916482e-07,1,1,1
lowrank_noiseless_global,96200031,random_growth128,8000000,10000000,0.8,0.8000398686002028,1.3508291588281797e-07,7.899665545543437e-09,4.146463672652136e-08,1.2718325033727453e-07,9.361827915629662e-08,1,1,1
lowrank_noiseless_global,96200000,random_growth138,8000000,10000000,0.8,0.800040280079275,1.4791993187699583e-06,2.0764291356360482e-08,3.5407972169977124e-07,1.4584350274135977e-06,1.1251195970701871e-06,1,1,1
lowrank_noiseless_global,96200001,random_growth138,8000000,10000000,0.8,0.800040280079275,2.1118172904662474e-08,3.068416806856481e-08,1.9986543685293665e-07,-9.565995163902334e-09,-1.7874726394827417e-07,1,1,1
lowrank_noiseless_global,96200002,random_growth138,8000000,10000000,0.8,0.800040280079275,9.282044394912236e-08,6.057267754815663e-08,4.40868079839258e-08,3.224776640096573e-08,4.873363596519656e-08,1,1,1
lowrank_noiseless_global,96200003,random_growth138,8000000,10000000,0.8,0.800040280079275,1.1738520614537957e-07,5.699884231372458e-08,1.4014894856359594e-07,6.038636383165499e-08,-2.2763742418216372e-08,1,1,1
lowrank_noiseless_global,96200004,random_growth138,8000000,10000000,0.8,0.800040280079275,1.1603103658062358e-07,2.725895305388915e-07,1.5762499665332482e-07,-1.5655849395826791e-07,-4.1593960072701244e-08,1,1,1
lowrank_noiseless_global,96200005,random_growth138,8000000,10000000,0.8,0.800040280079275,7.79342416255117e-08,7.225975841484539e-08,2.2182015397966593e-07,5.674483210666312e-09,-1.438859123541542e-07,1,1,1
lowrank_noiseless_global,96200006,random_growth138,8000000,10000000,0.8,0.800040280079275,4.191470052938949e-07,2.9505994325991437e-08,1.6424783743503078e-08,3.8964101096790344e-07,4.027222215503918e-07,1,1,1
lowrank_noiseless_global,96200007,random_growth138,8000000,10000000,0.8,0.800040280079275,1.0629379744031751e-07,9.97158232384713e-09,2.776390276491921e-08,9.632221511647038e-08,7.85298946753983e-08,1,1,1
lowrank_noiseless_global,96200008,random_growth138,8000000,10000000,0.8,0.800040280079275,1.433395802048084e-07,1.851697248495482e-08,1.1995058636484369e-07,1.2482260771985358e-07,2.338899383996472e-08,1,1,1
lowrank_noiseless_global,96200009,random_growth138,8000000,10000000,0.8,0.800040280079275,6.651289484124397e-08,7.85319159198681e-08,7.301126133084888e-08,-1.201902107862412e-08,-6.49836648960491e-09,1,1,1
lowrank_noiseless_global,96200010,random_growth138,8000000,10000000,0.8,0.800040280079275,4.967152355120206e-08,5.650016867685769e-08,6.85877167399912e-08,-6.828645125655634e-09,-1.8916193188789146e-08,1,1,1
lowrank_noiseless_global,96200011,random_growth138,8000000,10000000,0.8,0.800040280079275,6.05977243136932e-08,7.598257386826773e-08,1.2116026307478418e-07,-1.538484955457453e-08,-6.056253876109098e-08,1,1,1
lowrank_noiseless_global,96200012,random_growth138,8000000,10000000,0.8,0.800040280079275,3.419708097604664e-08,4.788402002091146e-08,7.090786297497633e-08,-1.368693904486482e-08,-3.671078199892969e-08,1,1,1
lowrank_noiseless_global,96200013,random_growth138,8000000,10000000,0.8,0.800040280079275,2.878680226251266e-07,2.433506685417528e-08,5.509031731784396e-08,2.635329557709513e-07,2.3277770530728263e-07,1,1,1
lowrank_noiseless_global,96200014,random_growth138,8000000,10000000,0.8,0.800040280079275,8.659831932182188e-08,1.1769708461665237e-07,1.2070877394831774e-08,-3.109876529483049e-08,7.45274419269901e-08,1,1,1
lowrank_noiseless_global,96200015,random_growth138,8000000,10000000,0.8,0.800040280079275,1.0107465948539164e-07,2.5238885482380024e-08,9.998741147084361e-08,7.583577400301162e-08,1.0872480145480305e-09,1,1,1
lowrank_noiseless_global,96200016,random_growth138,8000000,10000000,0.8,0.800040280079275,1.3114383788104123e-07,8.027026592814644e-08,1.282023591716357e-07,5.0873571952894796e-08,2.9414787094055383e-09,1,1,1
lowrank_noiseless_global,96200017,random_growth138,8000000,10000000,0.8,0.800040280079275,3.640990407389993e-07,3.36070973380808e-09,1.5856442196351857e-08,3.607383310051912e-07,3.482425985426474e-07,1,1,1
lowrank_noiseless_global,96200018,random_growth138,8000000,10000000,0.8,0.800040280079275,2.2364778758463358e-08,3.4248371244535145e-07,1.123108464641896e-07,-3.201189336868881e-07,-8.994606770572623e-08,1,1,1
lowrank_noiseless_global,96200019,random_growth138,8000000,10000000,0.8,0.800040280079275,4.445025729683722e-08,1.1700293616422599e-08,3.226530916998187e-08,3.274996368041462e-08,1.218494812685535e-08,1,1,1
lowrank_noiseless_global,96200020,random_growth138,8000000,10000000,0.8,0.800040280079275,4.648672997753337e-08,4.1419742283640874e-08,5.040639242499076e-08,5.066987693892495e-09,-3.919662447457393e-09,1,1,1
lowrank_noiseless_global,96200021,random_growth138,8000000,10000000,0.8,0.800040280079275,1.005350882255294e-07,4.025904569340428e-07,9.838655942740021e-08,-3.020553687085134e-07,2.1485287981291923e-09,1,1,1
lowrank_noiseless_global,96200022,random_growth138,8000000,10000000,0.8,0.800040280079275,2.3859291968720184e-08,8.274253220758587e-08,8.603891075804144e-08,-5.888324023886568e-08,-6.217961878932125e-08,1,1,1
lowrank_noiseless_global,96200023,random_growth138,8000000,10000000,0.8,0.800040280079275,4.184342295678178e-08,4.292940390752084e-08,8.984377873800775e-08,-1.085980950739063e-09,-4.800035578122597e-08,1,1,1
lowrank_noiseless_global,96200024,random_growth138,8000000,10000000,0.8,0.800040280079275,7.014259156292422e-08,1.2145462742551083e-08,2.297075118998622e-08,5.7997128820373135e-08,4.7171840372938e-08,1,1,1
lowrank_noiseless_global,96200025,random_growth138,8000000,10000000,0.8,0.800040280079275,6.141726778052764e-08,1.0891687463458911e-08,1.9667049946742283e-08,5.052558031706873e-08,4.175021783378536e-08,1,1,1
lowrank_noiseless_global,96200026,random_growth138,8000000,10000000,0.8,0.800040280079275,1.9210037299565717e-07,7.2072494518041055e-06,7.745664431805732e-06,-7.015149078808448e-06,-7.553564058810075e-06,1,1,1
lowrank_noiseless_global,96200027,random_growth138,8000000,10000000,0.8,0.800040280079275,8.692543443912403e-08,5.066632775634661e-08,5.6510902826532385e-08,3.625910668277742e-08,3.041453161259164e-08,1,1,1
lowrank_noiseless_global,96200028,random_growth138,8000000,10000000,0.8,0.800040280079275,4.5149794188879365e-08,2.4849053619700587e-08,3.429792953519551e-08,2.0300740569178778e-08,1.0851864653683853e-08,1,1,1
lowrank_noiseless_global,96200029,random_growth138,8000000,10000000,0.8,0.800040280079275,3.324945200119693e-07,7.69249146243059e-08,5.058767789735735e-08,2.5556960538766337e-07,2.819068421146119e-07,1,1,1
lowrank_noiseless_global,96200030,random_growth138,8000000,10000000,0.8,0.800040280079275,3.37282191082076e-08,8.392856987950804e-08,1.315127383647313e-07,-5.020035077130044e-08,-9.778451925652369e-08,1,1,1
lowrank_noiseless_global,96200031,random_growth138,8000000,10000000,0.8,0.800040280079275,1.3508291588281797e-07,6.491210194250216e-08,1.1387711464352793e-07,7.017081394031581e-08,2.120580123929004e-08,1,1,1
lowrank_noiseless_global,96200000,fixed7,8000000,10000000,0.8,0.8000078431109235,1.4791993187699583e-06,1.2183624834760624e-05,2.2990408474287318e-05,-1.0704425515990666e-05,-2.151120915551736e-05,1,1,1
lowrank_noiseless_global,96200001,fixed7,8000000,10000000,0.8,0.8000078431109235,2.1118172904662474e-08,1.1627722174470328e-05,2.2574689586848176e-05,-1.1606604001565665e-05,-2.2553571413943515e-05,1,1,1
lowrank_noiseless_global,96200002,fixed7,8000000,10000000,0.8,0.8000078431109235,9.282044394912236e-08,1.789650688087672e-05,3.654193825508746e-05,-1.78036864369276e-05,-3.6449117811138343e-05,1,1,1
lowrank_noiseless_global,96200003,fixed7,8000000,10000000,0.8,0.8000078431109235,1.1738520614537957e-07,1.0588904935308685e-05,2.1440801588793634e-05,-1.0471519729163305e-05,-2.1323416382648256e-05,1,1,1
lowrank_noiseless_global,96200004,fixed7,8000000,10000000,0.8,0.8000078431109235,1.1603103658062358e-07,2.0975986240990962e-05,3.7875993449954786e-05,-2.0859955204410338e-05,-3.775996241337416e-05,1,1,1
lowrank_noiseless_global,96200005,fixed7,8000000,10000000,0.8,0.8000078431109235,7.79342416255117e-08,9.844706686386815e-06,2.045334100686411e-05,-9.766772444761303e-06,-2.03754067652386e-05,1,1,1
lowrank_noiseless_global,96200006,fixed7,8000000,10000000,0.8,0.8000078431109235,4.191470052938949e-07,2.2299871287234443e-05,3.975478814385465e-05,-2.188072428194055e-05,-3.9335641138560755e-05,1,1,1
lowrank_noiseless_global,96200007,fixed7,8000000,10000000,0.8,0.8000078431109235,1.0629379744031751e-07,5.071359406584107e-07,2.1443639712189153e-06,-4.0084214321809317e-07,-2.038070173778598e-06,1,1,1
lowrank_noiseless_global,96200008,fixed7,8000000,10000000,0.8,0.8000078431109235,1.433395802048084e-07,4.803705447204875e-06,8.515037985359935e-06,-4.660365867000066e-06,-8.371698405155126e-06,1,1,1
lowrank_noiseless_global,96200009,fixed7,8000000,10000000,0.8,0.8000078431109235,6.651289484124397e-08,1.0067542024954037e-05,2.1225800801220434e-05,-1.0001029130112794e-05,-2.115928790637919e-05,1,1,1
lowrank_noiseless_global,96200010,fixed7,8000000,10000000,0.8,0.8000078431109235,4.967152355120206e-08,8.54638501382304e-06,1.750264362709628e-05,-8.496713490271838e-06,-1.745297210354508e-05,1,1,1
lowrank_noiseless_global,96200011,fixed7,8000000,10000000,0.8,0.8000078431109235,6.05977243136932e-08,4.165431328058196e-06,7.50181063122389e-06,-4.104833603744503e-06,-7.441212906910197e-06,1,1,1
lowrank_noiseless_global,96200012,fixed7,8000000,10000000,0.8,0.8000078431109235,3.419708097604664e-08,1.637028244079229e-05,3.1064291380856366e-05,-1.6336085359816242e-05,-3.103009429988032e-05,1,1,1
lowrank_noiseless_global,96200013,fixed7,8000000,10000000,0.8,0.8000078431109235,2.878680226251266e-07,3.67919807733644e-09,1.2501416274136955e-07,2.8418882454779016e-07,1.6285385988375704e-07,1,1,1
lowrank_noiseless_global,96200014,fixed7,8000000,10000000,0.8,0.8000078431109235,8.659831932182188e-08,7.337611164668931e-06,1.4730082336963346e-05,-7.251012845347109e-06,-1.4643484017641524e-05,1,1,1
lowrank_noiseless_global,96200015,fixed7,8000000,10000000,0.8,0.8000078431109235,1.0107465948539164e-07,2.2601600236750057e-08,5.156779652495211e-07,7.847305924864158e-08,-4.1460330576412943e-07,1,1,1
lowrank_noiseless_global,96200016,fixed7,8000000,10000000,0.8,0.8000078431109235,1.3114383788104123e-07,1.957616808271758e-05,3.6637856392542535e-05,-1.944502424483654e-05,-3.6506712554661494e-05,1,1,1
lowrank_noiseless_global,96200017,fixed7,8000000,10000000,0.8,0.8000078431109235,3.640990407389993e-07,4.259433053537158e-05,7.566600692991682e-05,-4.223023149463258e-05,-7.530190788917782e-05,1,1,1
lowrank_noiseless_global,96200018,fixed7,8000000,10000000,0.8,0.8000078431109235,2.2364778758463358e-08,3.1995270133090784e-27,4.0135216074936603e-22,2.2364778758463358e-08,2.2364778758462958e-08,1,1,1
lowrank_noiseless_global,96200019,fixed7,8000000,10000000,0.8,0.8000078431109235,4.445025729683722e-08,3.5989510939102026e-05,7.116200394288436e-05,-3.594506068180519e-05,-7.111755368558752e-05,1,1,1
lowrank_noiseless_global,96200020,fixed7,8000000,10000000,0.8,0.8000078431109235,4.648672997753337e-08,2.015811418546943e-05,3.81588844628042e-05,-2.0111627455491896e-05,-3.8112397732826665e-05,1,1,1
lowrank_noiseless_global,96200021,fixed7,8000000,10000000,0.8,0.8000078431109235,1.005350882255294e-07,2.098549369542912e-05,3.672103405458702e-05,-2.088495860720359e-05,-3.662049896636149e-05,1,1,1
lowrank_noiseless_global,96200022,fixed7,8000000,10000000,0.8,0.8000078431109235,2.3859291968720184e-08,7.678255008624987e-06,1.4118697316907314e-05,-7.654395716656266e-06,-1.4094838024938593e-05,1,1,1
lowrank_noiseless_global,96200023,fixed7,8000000,10000000,0.8,0.8000078431109235,4.184342295678178e-08,1.681725750016148e-05,2.9283303219281685e-05,-1.67754140772047e-05,-2.9241459796324902e-05,1,1,1
lowrank_noiseless_global,96200024,fixed7,8000000,10000000,0.8,0.8000078431109235,7.014259156292422e-08,1.4766819438561622e-11,2.9241872374956463e-09,7.012782474348566e-08,6.721840432542857e-08,1,1,1
lowrank_noiseless_global,96200025,fixed7,8000000,10000000,0.8,0.8000078431109235,6.141726778052764e-08,3.6627015671137524e-05,6.336084158459763e-05,-3.6565598403357e-05,-6.32994243168171e-05,1,1,1
lowrank_noiseless_global,96200026,fixed7,8000000,10000000,0.8,0.8000078431109235,1.9210037299565717e-07,7.164126811826583e-06,9.801445978435984e-06,-6.972026438830926e-06,-9.609345605440327e-06,1,1,1
lowrank_noiseless_global,96200027,fixed7,8000000,10000000,0.8,0.8000078431109235,8.692543443912403e-08,1.587972815907136e-05,3.1772946660671e-05,-1.5792802724632235e-05,-3.168602122623188e-05,1,1,1
lowrank_noiseless_global,96200028,fixed7,8000000,10000000,0.8,0.8000078431109235,4.5149794188879365e-08,6.987344355913622e-11,3.6833158160058637e-09,4.507992074532023e-08,4.14664783728735e-08,1,1,1
lowrank_noiseless_global,96200029,fixed7,8000000,10000000,0.8,0.8000078431109235,3.324945200119693e-07,3.3926861655101453e-06,6.9925759947272715e-06,-3.060191645498176e-06,-6.660081474715302e-06,1,1,1
lowrank_noiseless_global,96200030,fixed7,8000000,10000000,0.8,0.8000078431109235,3.37282191082076e-08,1.8611975688361327e-05,3.3902349578300824e-05,-1.857824746925312e-05,-3.3868621359192616e-05,1,1,1
lowrank_noiseless_global,96200031,fixed7,8000000,10000000,0.8,0.8000078431109235,1.3508291588281797e-07,6.038866804150608e-06,1.2433755436457885e-05,-5.90378388826779e-06,-1.2298672520575067e-05,1,1,1
indefinite_noisy_local,96100000,random_growth128,6400000,8000000,0.8,0.799998560673342,0.006162595686730915,0.0071804112263073455,0.004053032983437094,-0.0010178155395764305,0.0021095627032938213,1,1,1
indefinite_noisy_local,96100001,random_growth128,6400000,8000000,0.8,0.799998560673342,0.0026111414730146387,0.004072859744373936,0.0034513541225580785,-0.0014617182713592969,-0.0008402126495434398,1,1,1
indefinite_noisy_local,96100002,random_growth128,6400000,8000000,0.8,0.799998560673342,0.004925204951272494,0.005815992227729105,0.005127911311466893,-0.0008907872764566116,-0.00020270636019439903,1,1,1
indefinite_noisy_local,96100003,random_growth128,6400000,8000000,0.8,0.799998560673342,0.004255476144689491,0.004995769534382841,0.0043876644075475785,-0.00074029338969335,-0.00013218826285808782,1,1,1
indefinite_noisy_local,96100004,random_growth128,6400000,8000000,0.8,0.799998560673342,0.006924358164273281,0.00427042476593871,0.003807769666742067,0.002653933398334571,0.003116588497531214,1,1,1
indefinite_noisy_local,96100005,random_growth128,6400000,8000000,0.8,0.799998560673342,0.006158980291436064,0.00609298414369229,0.0069543655506620755,6.599614774377427e-05,-0.0007953852592260113,1,1,1
indefinite_noisy_local,96100006,random_growth128,6400000,8000000,0.8,0.799998560673342,0.004547574118128797,0.005911507200594898,0.00571788180164981,-0.0013639330824661011,-0.001170307683521013,1,1,1
indefinite_noisy_local,96100007,random_growth128,6400000,8000000,0.8,0.799998560673342,0.00365824251820393,0.00414454916890819,0.00435988507505812,-0.00048630665070426016,-0.0007016425568541901,1,1,1
indefinite_noisy_local,96100008,random_growth128,6400000,8000000,0.8,0.799998560673342,0.0044847047330375395,0.003518802051129588,0.003916056281266664,0.0009659026819079514,0.0005686484517708756,1,1,1
indefinite_noisy_local,96100009,random_growth128,6400000,8000000,0.8,0.799998560673342,0.004337924710007837,0.004252364964842881,0.0042176432100467925,8.555974516495646e-05,0.00012028149996104465,1,1,1
indefinite_noisy_local,96100010,random_growth128,6400000,8000000,0.8,0.799998560673342,0.0033760174954145378,0.005752435457013136,0.0038138594723793606,-0.002376417961598598,-0.00043784197696482285,1,1,1
indefinite_noisy_local,96100011,random_growth128,6400000,8000000,0.8,0.799998560673342,0.004681270457135608,0.004414987765689091,0.006272799858270714,0.00026628269144651773,-0.0015915294011351055,1,1,1
indefinite_noisy_local,96100012,random_growth128,6400000,8000000,0.8,0.799998560673342,0.005337195531909922,0.006063815973278874,0.006160354884288455,-0.0007266204413689525,-0.000823159352378533,1,1,1
indefinite_noisy_local,96100013,random_growth128,6400000,8000000,0.8,0.799998560673342,0.0033039713235598345,0.0039039630716628942,0.00598868831443157,-0.0005999917481030598,-0.0026847169908717355,1,1,1
indefinite_noisy_local,96100014,random_growth128,6400000,8000000,0.8,0.799998560673342,0.006073864311735233,0.0077514461044363575,0.007459571150030861,-0.0016775817927011244,-0.0013857068382956278,1,1,1
indefinite_noisy_local,96100015,random_growth128,6400000,8000000,0.8,0.799998560673342,0.004559479890786686,0.0067054570328665825,0.005888003072147166,-0.0021459771420798968,-0.0013285231813604803,1,1,1
indefinite_noisy_local,96100016,random_growth128,6400000,8000000,0.8,0.799998560673342,0.003977669269658049,0.004767842412680606,0.0036452477781750148,-0.0007901731430225573,0.00033242149148303424,1,1,1
indefinite_noisy_local,96100017,random_growth128,6400000,8000000,0.8,0.799998560673342,0.005224278403412441,0.005014307018350636,0.006157516944753416,0.00020997138506180513,-0.000933238541340975,1,1,1
indefinite_noisy_local,96100018,random_growth128,6400000,8000000,0.8,0.799998560673342,0.003485869060159616,0.004781424974651907,0.0029068331756146454,-0.0012955559144922912,0.0005790358845449706,1,1,1
indefinite_noisy_local,96100019,random_growth128,6400000,8000000,0.8,0.799998560673342,0.00544529123739404,0.00423935263421206,0.005075436425252711,0.0012059386031819802,0.0003698548121413292,1,1,1
indefinite_noisy_local,96100020,random_growth128,6400000,8000000,0.8,0.799998560673342,0.005517147437845357,0.0067434613535067855,0.0062478856521601955,-0.0012263139156614283,-0.0007307382143148383,1,1,1
indefinite_noisy_local,96100021,random_growth128,6400000,8000000,0.8,0.799998560673342,0.004041295733126615,0.0063470975908931915,0.005768865430661005,-0.002305801857766576,-0.0017275696975343896,1,1,1
indefinite_noisy_local,96100022,random_growth128,6400000,8000000,0.8,0.799998560673342,0.007077747247317787,0.008202747984709172,0.008053225900348349,-0.001125000737391385,-0.000975478653030562,1,1,1
indefinite_noisy_local,96100023,random_growth128,6400000,8000000,0.8,0.799998560673342,0.00488664576332884,0.006450585030215922,0.004487147743994377,-0.0015639392668870822,0.0003994980193344627,1,1,1
indefinite_noisy_local,96100024,random_growth128,6400000,8000000,0.8,0.799998560673342,0.0043752149416800695,0.004583224932120725,0.0037987020479582773,-0.00020800999044065516,0.0005765128937217923,1,1,1
indefinite_noisy_local,96100025,random_growth128,6400000,8000000,0.8,0.799998560673342,0.004297490642914986,0.010352152270901166,0.006466879884900606,-0.00605466162798618,-0.0021693892419856198,1,0,1
indefinite_noisy_local,96100026,random_growth128,6400000,8000000,0.8,0.799998560673342,0.0047898963358800895,0.00664913517318351,0.00789651573982457,-0.0018592388373034202,-0.00310661940394448,1,1,1
indefinite_noisy_local,96100027,random_growth128,6400000,8000000,0.8,0.799998560673342,0.004029908614847991,0.00420654877603735,0.005208512418222844,-0.0001766401611893592,-0.001178603803374853,1,1,1
indefinite_noisy_local,96100028,random_growth128,6400000,8000000,0.8,0.799998560673342,0.003662506852106742,0.0062666051077594626,0.005192904645437479,-0.0026040982556527204,-0.0015303977933307372,1,1,1
indefinite_noisy_local,96100029,random_growth128,6400000,8000000,0.8,0.799998560673342,0.0039608757531999494,0.004481080897048753,0.005470687283451181,-0.0005202051438488037,-0.0015098115302512316,1,1,1
indefinite_noisy_local,96100030,random_growth128,6400000,8000000,0.8,0.799998560673342,0.004826484116241314,0.005804937197492074,0.005676462127766013,-0.0009784530812507602,-0.0008499780115246991,1,1,1
indefinite_noisy_local,96100031,random_growth128,6400000,8000000,0.8,0.799998560673342,0.00381498297138215,0.004000543371073653,0.0038160085333191485,-0.0001855603996915034,-1.0255619369986535e-06,1,1,1
indefinite_noisy_local,96100000,random_growth138,6400000,8000000,0.8,0.7999923891279246,0.006162595686730915,0.004127200042737422,0.005101524367623872,0.002035395643993493,0.0010610713191070431,1,1,1
indefinite_noisy_local,96100001,random_growth138,6400000,8000000,0.8,0.7999923891279246,0.0026111414730146387,0.003338665542565719,0.00389523615645318,-0.0007275240695510804,-0.0012840946834385414,1,1,1
indefinite_noisy_local,96100002,random_growth138,6400000,8000000,0.8,0.7999923891279246,0.004925204951272494,0.004427678415025241,0.005818017075320592,0.0004975265362472531,-0.000892812124048098,1,1,1
indefinite_noisy_local,96100003,random_growth138,6400000,8000000,0.8,0.7999923891279246,0.004255476144689491,0.004115093323599495,0.0031253557541139343,0.000140382821089996,0.0011301203905755564,1,1,1
indefinite_noisy_local,96100004,random_growth138,6400000,8000000,0.8,0.7999923891279246,0.006924358164273281,0.004981088671705186,0.004738726927814685,0.001943269492568095,0.002185631236458596,1,1,1
indefinite_noisy_local,96100005,random_growth138,6400000,8000000,0.8,0.7999923891279246,0.006158980291436064,0.009516185985204345,0.00898250499570194,-0.003357205693768281,-0.0028235247042658757,1,1,1
indefinite_noisy_local,96100006,random_growth138,6400000,8000000,0.8,0.7999923891279246,0.004547574118128797,0.005881283145266328,0.005248622727330371,-0.0013337090271375307,-0.0007010486092015739,1,1,1
indefinite_noisy_local,96100007,random_growth138,6400000,8000000,0.8,0.7999923891279246,0.00365824251820393,0.006227349918305189,0.004254124413884702,-0.0025691074001012587,-0.0005958818956807721,1,1,1
indefinite_noisy_local,96100008,random_growth138,6400000,8000000,0.8,0.7999923891279246,0.0044847047330375395,0.003789929981280568,0.002975178329952713,0.0006947747517569713,0.0015095264030848266,1,1,1
indefinite_noisy_local,96100009,random_growth138,6400000,8000000,0.8,0.7999923891279246,0.004337924710007837,0.004742339581634822,0.005041608850097731,-0.00040441487162698464,-0.0007036841400898941,1,1,1
indefinite_noisy_local,96100010,random_growth138,6400000,8000000,0.8,0.7999923891279246,0.0033760174954145378,0.004759804902093809,0.003131692457838814,-0.001383787406679271,0.0002443250375757239,1,1,1
indefinite_noisy_local,96100011,random_growth138,6400000,8000000,0.8,0.7999923891279246,0.004681270457135608,0.006089429279521039,0.005931126052980212,-0.0014081588223854302,-0.001249855595844604,1,1,1
indefinite_noisy_local,96100012,random_growth138,6400000,8000000,0.8,0.7999923891279246,0.005337195531909922,0.006619152775091855,0.005726161027563695,-0.0012819572431819332,-0.00038896549565377303,1,1,1
indefinite_noisy_local,96100013,random_growth138,6400000,8000000,0.8,0.7999923891279246,0.0033039713235598345,0.004647734046623789,0.004580565882678814,-0.0013437627230639543,-0.0012765945591189792,1,1,1
indefinite_noisy_local,96100014,random_growth138,6400000,8000000,0.8,0.7999923891279246,0.006073864311735233,0.005968844829211006,0.006893986842194652,0.00010501948252422677,-0.000820122530459419,1,1,1
indefinite_noisy_local,96100015,random_growth138,6400000,8000000,0.8,0.7999923891279246,0.004559479890786686,0.004871870876266254,0.006679517206054544,-0.00031239098547956867,-0.0021200373152678587,1,1,1
indefinite_noisy_local,96100016,random_growth138,6400000,8000000,0.8,0.7999923891279246,0.003977669269658049,0.004517134801878667,0.0048681263330340036,-0.0005394655322206177,-0.0008904570633759545,1,1,1
indefinite_noisy_local,96100017,random_growth138,6400000,8000000,0.8,0.7999923891279246,0.005224278403412441,0.00508016227347502,0.005307647448985764,0.00014411612993742162,-8.33690455733227e-05,1,1,1
indefinite_noisy_local,96100018,random_growth138,6400000,8000000,0.8,0.7999923891279246,0.003485869060159616,0.0035923725251367777,0.0048623856007693755,-0.00010650346497716179,-0.0013765165406097596,1,1,1
indefinite_noisy_local,96100019,random_growth138,6400000,8000000,0.8,0.7999923891279246,0.00544529123739404,0.004901994063088139,0.0053602265690327056,0.0005432971743059012,8.50646683613343e-05,1,1,1
indefinite_noisy_local,96100020,random_growth138,6400000,8000000,0.8,0.7999923891279246,0.005517147437845357,0.006563396988832654,0.007213254026536678,-0.0010462495509872966,-0.0016961065886913207,1,1,1
indefinite_noisy_local,96100021,random_growth138,6400000,8000000,0.8,0.7999923891279246,0.004041295733126615,0.006125736299186835,0.005888295104746685,-0.0020844405660602194,-0.00184699937162007,1,1,1
indefinite_noisy_local,96100022,random_growth138,6400000,8000000,0.8,0.7999923891279246,0.007077747247317787,0.00708864045705869,0.006697064937136968,-1.0893209740903131e-05,0.00038068231018081877,1,1,1
indefinite_noisy_local,96100023,random_growth138,6400000,8000000,0.8,0.7999923891279246,0.00488664576332884,0.005486788814829224,0.0074821217169393495,-0.0006001430515003847,-0.00259547595361051,1,1,1
indefinite_noisy_local,96100024,random_growth138,6400000,8000000,0.8,0.7999923891279246,0.0043752149416800695,0.005580072254599,0.005521096580025156,-0.0012048573129189305,-0.0011458816383450865,1,1,1
indefinite_noisy_local,96100025,random_growth138,6400000,8000000,0.8,0.7999923891279246,0.004297490642914986,0.00516231754576485,0.004587997800634222,-0.0008648269028498634,-0.00029050715771923585,1,1,1
indefinite_noisy_local,96100026,random_growth138,6400000,8000000,0.8,0.7999923891279246,0.0047898963358800895,0.007325981779117363,0.007557737307304649,-0.0025360854432372737,-0.0027678409714245594,1,1,1
indefinite_noisy_local,96100027,random_growth138,6400000,8000000,0.8,0.7999923891279246,0.004029908614847991,0.0057977341979319474,0.0033030667561610993,-0.0017678255830839568,0.0007268418586868913,1,1,1
indefinite_noisy_local,96100028,random_growth138,6400000,8000000,0.8,0.7999923891279246,0.003662506852106742,0.005829116608907919,0.003924173440806908,-0.002166609756801177,-0.0002616665887001657,1,1,1
indefinite_noisy_local,96100029,random_growth138,6400000,8000000,0.8,0.7999923891279246,0.0039608757531999494,0.004359405795901564,0.00453758147839689,-0.0003985300427016142,-0.000576705725196941,1,1,1
indefinite_noisy_local,96100030,random_growth138,6400000,8000000,0.8,0.7999923891279246,0.004826484116241314,0.00664899291476935,0.007087468573765063,-0.0018225087985280358,-0.0022609844575237487,1,1,1
indefinite_noisy_local,96100031,random_growth138,6400000,8000000,0.8,0.7999923891279246,0.00381498297138215,0.004589031330021559,0.004914367206525924,-0.0007740483586394092,-0.0010993842351437744,1,1,1
indefinite_noisy_local,96100000,fixed7,6400000,8000000,0.8,0.7999864462482581,0.006162595686730915,0.00446046967250531,0.004814291692870551,0.001702126014225605,0.0013483039938603641,1,1,1
indefinite_noisy_local,96100001,fixed7,6400000,8000000,0.8,0.7999864462482581,0.0026111414730146387,0.004051282963192501,0.006216494506843029,-0.0014401414901778625,-0.00360535303382839,1,1,1
indefinite_noisy_local,96100002,fixed7,6400000,8000000,0.8,0.7999864462482581,0.004925204951272494,0.005749855318932823,0.005168544717361084,-0.000824650367660329,-0.00024333976608859054,1,1,1
indefinite_noisy_local,96100003,fixed7,6400000,8000000,0.8,0.7999864462482581,0.004255476144689491,0.5996798412480348,0.6040810374346768,-0.5954243651033453,-0.5998255612899873,1,0,0
indefinite_noisy_local,96100004,fixed7,6400000,8000000,0.8,0.7999864462482581,0.006924358164273281,0.004991930526169239,0.006231935267786634,0.0019324276381040423,0.0006924228964866469,1,1,1
indefinite_noisy_local,96100005,fixed7,6400000,8000000,0.8,0.7999864462482581,0.006158980291436064,0.006500509057532591,0.007997297750841362,-0.00034152876609652716,-0.0018383174594052976,1,1,1
indefinite_noisy_local,96100006,fixed7,6400000,8000000,0.8,0.7999864462482581,0.004547574118128797,0.008125052619501902,0.007062013391297445,-0.0035774785013731047,-0.0025144392731686477,1,1,1
indefinite_noisy_local,96100007,fixed7,6400000,8000000,0.8,0.7999864462482581,0.00365824251820393,0.004970437742219891,0.006274937965550481,-0.0013121952240159607,-0.002616695447346551,1,1,1
indefinite_noisy_local,96100008,fixed7,6400000,8000000,0.8,0.7999864462482581,0.0044847047330375395,0.003283875193409558,0.004058444783022308,0.0012008295396279817,0.0004262599500152314,1,1,1
indefinite_noisy_local,96100009,fixed7,6400000,8000000,0.8,0.7999864462482581,0.004337924710007837,0.0037945939293294456,0.0038400251753627768,0.0005433307806783916,0.0004978995346450604,1,1,1
indefinite_noisy_local,96100010,fixed7,6400000,8000000,0.8,0.7999864462482581,0.0033760174954145378,0.006667569006281265,0.004250733949531155,-0.0032915515108667276,-0.0008747164541166169,1,1,1
indefinite_noisy_local,96100011,fixed7,6400000,8000000,0.8,0.7999864462482581,0.004681270457135608,0.004157228184807363,0.00489603288865903,0.0005240422723282456,-0.00021476243152342145,1,1,1
indefinite_noisy_local,96100012,fixed7,6400000,8000000,0.8,0.7999864462482581,0.005337195531909922,0.007707501892336002,0.005525857400201811,-0.0023703063604260804,-0.00018866186829188947,1,1,1
indefinite_noisy_local,96100013,fixed7,6400000,8000000,0.8,0.7999864462482581,0.0033039713235598345,0.004775635600189954,0.004758647179105138,-0.0014716642766301191,-0.0014546758555453038,1,1,1
indefinite_noisy_local,96100014,fixed7,6400000,8000000,0.8,0.7999864462482581,0.006073864311735233,0.007109536148863685,0.006491084056476526,-0.0010356718371284518,-0.00041721974474129286,1,1,1
indefinite_noisy_local,96100015,fixed7,6400000,8000000,0.8,0.7999864462482581,0.004559479890786686,0.005019953284776571,0.004875538398320264,-0.0004604733939898853,-0.00031605850753357867,1,1,1
indefinite_noisy_local,96100016,fixed7,6400000,8000000,0.8,0.7999864462482581,0.003977669269658049,0.004034413278488469,0.005749818557511777,-5.674400883041997e-05,-0.0017721492878537276,1,1,1
indefinite_noisy_local,96100017,fixed7,6400000,8000000,0.8,0.7999864462482581,0.005224278403412441,0.005588064166095641,0.006052606348677922,-0.00036378576268319973,-0.0008283279452654807,1,1,1
indefinite_noisy_local,96100018,fixed7,6400000,8000000,0.8,0.7999864462482581,0.003485869060159616,0.003919932464618692,0.004773088422784108,-0.00043406340445907576,-0.001287219362624492,1,1,1
indefinite_noisy_local,96100019,fixed7,6400000,8000000,0.8,0.7999864462482581,0.00544529123739404,0.0053504102473604515,0.004573258432791993,9.488099003358841e-05,0.0008720328046020465,1,1,1
indefinite_noisy_local,96100020,fixed7,6400000,8000000,0.8,0.7999864462482581,0.005517147437845357,0.005751570279876786,0.006780363961561314,-0.0002344228420314287,-0.001263216523715957,1,1,1
indefinite_noisy_local,96100021,fixed7,6400000,8000000,0.8,0.7999864462482581,0.004041295733126615,0.005154249900833671,0.005029730112982453,-0.001112954167707056,-0.0009884343798558376,1,1,1
indefinite_noisy_local,96100022,fixed7,6400000,8000000,0.8,0.7999864462482581,0.007077747247317787,0.008794017129402143,0.006369282938926316,-0.0017162698820843564,0.000708464308391471,1,1,1
indefinite_noisy_local,96100023,fixed7,6400000,8000000,0.8,0.7999864462482581,0.00488664576332884,0.006496391140754079,0.008828417859940318,-0.0016097453774252396,-0.003941772096611479,1,1,1
indefinite_noisy_local,96100024,fixed7,6400000,8000000,0.8,0.7999864462482581,0.0043752149416800695,0.004968756094468771,0.004119308931267857,-0.0005935411527887013,0.00025590601041221295,1,1,1
indefinite_noisy_local,96100025,fixed7,6400000,8000000,0.8,0.7999864462482581,0.004297490642914986,0.08880917404891897,0.08914522411599524,-0.08451168340600398,-0.08484773347308025,1,0,0
indefinite_noisy_local,96100026,fixed7,6400000,8000000,0.8,0.7999864462482581,0.0047898963358800895,0.006359105067780771,0.0060055772079979225,-0.0015692087319006814,-0.001215680872117833,1,1,1
indefinite_noisy_local,96100027,fixed7,6400000,8000000,0.8,0.7999864462482581,0.004029908614847991,0.0064449897416783,0.006506898517378026,-0.0024150811268303096,-0.0024769899025300357,1,1,1
indefinite_noisy_local,96100028,fixed7,6400000,8000000,0.8,0.7999864462482581,0.003662506852106742,0.004028696424763681,0.004079436369159459,-0.00036618957265693863,-0.0004169295170527165,1,1,1
indefinite_noisy_local,96100029,fixed7,6400000,8000000,0.8,0.7999864462482581,0.0039608757531999494,0.004508277426340801,0.004918839963046512,-0.0005474016731408515,-0.0009579642098465624,1,1,1
indefinite_noisy_local,96100030,fixed7,6400000,8000000,0.8,0.7999864462482581,0.004826484116241314,0.0058064126337058625,0.007182783646910787,-0.0009799285174645483,-0.002356299530669473,1,1,1
indefinite_noisy_local,96100031,fixed7,6400000,8000000,0.8,0.7999864462482581,0.00381498297138215,0.004858999152457619,0.004166865030895195,-0.001044016181075469,-0.0003518820595130451,1,1,1
indefinite_noisy_local,96100000,random_growth128,8000000,10000000,0.8,0.8000398686002028,0.006156649070210268,0.006186395283848289,0.0071804112263073455,-2.9746213638021102e-05,-0.0010237621560970772,1,1,1
indefinite_noisy_local,96100001,random_growth128,8000000,10000000,0.8,0.8000398686002028,0.003789837754796535,0.0043074267398122285,0.004072859744373936,-0.0005175889850156934,-0.00028302198957740055,1,1,1
indefinite_noisy_local,96100002,random_growth128,8000000,10000000,0.8,0.8000398686002028,0.004478848097418067,0.005308505449414663,0.005815992227729105,-0.0008296573519965961,-0.0013371441303110382,1,1,1
indefinite_noisy_local,96100003,random_growth128,8000000,10000000,0.8,0.8000398686002028,0.00415089417578475,0.005303951786933714,0.004995769534382841,-0.0011530576111489638,-0.0008448753585980906,1,1,1
indefinite_noisy_local,96100004,random_growth128,8000000,10000000,0.8,0.8000398686002028,0.006773271558373151,0.004660926362978338,0.00427042476593871,0.002112345195394813,0.0025028467924344405,1,1,1
indefinite_noisy_local,96100005,random_growth128,8000000,10000000,0.8,0.8000398686002028,0.005303223445117244,0.0058376339734445,0.00609298414369229,-0.000534410528327256,-0.0007897606985750455,1,1,1
indefinite_noisy_local,96100006,random_growth128,8000000,10000000,0.8,0.8000398686002028,0.006090970263783579,0.006304245860033392,0.005911507200594898,-0.0002132755962498123,0.00017946306318868122,1,1,1
indefinite_noisy_local,96100007,random_growth128,8000000,10000000,0.8,0.8000398686002028,0.0031425210416927557,0.006920784618225484,0.00414454916890819,-0.0037782635765327283,-0.0010020281272154347,1,1,1
indefinite_noisy_local,96100008,random_growth128,8000000,10000000,0.8,0.8000398686002028,0.0038958743118854694,0.004164655948733539,0.003518802051129588,-0.00026878163684807,0.0003770722607558813,1,1,1
indefinite_noisy_local,96100009,random_growth128,8000000,10000000,0.8,0.8000398686002028,0.005048705506074766,0.004373815058445238,0.004252364964842881,0.0006748904476295281,0.0007963405412318852,1,1,1
indefinite_noisy_local,96100010,random_growth128,8000000,10000000,0.8,0.8000398686002028,0.0038993396931302493,0.0051097810022163875,0.005752435457013136,-0.0012104413090861382,-0.0018530957638828865,1,1,1
indefinite_noisy_local,96100011,random_growth128,8000000,10000000,0.8,0.8000398686002028,0.004892983130657974,0.005906037736843839,0.004414987765689091,-0.0010130546061858647,0.0004779953649688834,1,1,1
indefinite_noisy_local,96100012,random_growth128,8000000,10000000,0.8,0.8000398686002028,0.004986697660458242,0.005307067162277454,0.006063815973278874,-0.0003203695018192121,-0.0010771183128206324,1,1,1
indefinite_noisy_local,96100013,random_growth128,8000000,10000000,0.8,0.8000398686002028,0.0027236746029370013,0.004077898979456637,0.0039039630716628942,-0.001354224376519636,-0.001180288468725893,1,1,1
indefinite_noisy_local,96100014,random_growth128,8000000,10000000,0.8,0.8000398686002028,0.00661282747413551,0.00840477347707333,0.0077514461044363575,-0.0017919460029378192,-0.0011386186303008472,1,1,1
indefinite_noisy_local,96100015,random_growth128,8000000,10000000,0.8,0.8000398686002028,0.005312868079164895,0.00663851366166901,0.0067054570328665825,-0.0013256455825041147,-0.0013925889537016872,1,1,1
indefinite_noisy_local,96100016,random_growth128,8000000,10000000,0.8,0.8000398686002028,0.0049441060562773476,0.004377748992359667,0.004767842412680606,0.0005663570639176801,0.0001762636435967413,1,1,1
indefinite_noisy_local,96100017,random_growth128,8000000,10000000,0.8,0.8000398686002028,0.005371792515177373,0.004868539024344393,0.005014307018350636,0.0005032534908329805,0.00035748549682673714,1,1,1
indefinite_noisy_local,96100018,random_growth128,8000000,10000000,0.8,0.8000398686002028,0.004224283672997611,0.003688554893286816,0.004781424974651907,0.0005357287797107951,-0.0005571413016542959,1,1,1
indefinite_noisy_local,96100019,random_growth128,8000000,10000000,0.8,0.8000398686002028,0.004454307473111388,0.0044541055369621135,0.00423935263421206,2.0193614927443981e-07,0.00021495483889932832,1,1,1
indefinite_noisy_local,96100020,random_growth128,8000000,10000000,0.8,0.8000398686002028,0.005405197504903592,0.00631508512756869,0.0067434613535067855,-0.0009098876226650982,-0.001338263848603194,1,1,1
indefinite_noisy_local,96100021,random_growth128,8000000,10000000,0.8,0.8000398686002028,0.004822395063028506,0.0043629532044327235,0.0063470975908931915,0.0004594418585957827,-0.0015247025278646853,1,1,1
indefinite_noisy_local,96100022,random_growth128,8000000,10000000,0.8,0.8000398686002028,0.0067227807723949096,0.010372876394700678,0.008202747984709172,-0.0036500956223057685,-0.001479967212314262,1,0,1
indefinite_noisy_local,96100023,random_growth128,8000000,10000000,0.8,0.8000398686002028,0.0047043097582993715,0.004947109401623961,0.006450585030215922,-0.00024279964332458992,-0.0017462752719165503,1,1,1
indefinite_noisy_local,96100024,random_growth128,8000000,10000000,0.8,0.8000398686002028,0.004373689599459399,0.005342757896543857,0.004583224932120725,-0.0009690682970844577,-0.00020953533266132585,1,1,1
indefinite_noisy_local,96100025,random_growth128,8000000,10000000,0.8,0.8000398686002028,0.004720807373256905,0.00910276987548854,0.010352152270901166,-0.004381962502231634,-0.005631344897644261,1,1,0
indefinite_noisy_local,96100026,random_growth128,8000000,10000000,0.8,0.8000398686002028,0.005503753689956703,0.005595532187624319,0.00664913517318351,-9.177849766761614e-05,-0.0011453814832268067,1,1,1
indefinite_noisy_local,96100027,random_growth128,8000000,10000000,0.8,0.8000398686002028,0.004394439654596155,0.005566957987589258,0.00420654877603735,-0.0011725183329931027,0.00018789087855880515,1,1,1
indefinite_noisy_local,96100028,random_growth128,8000000,10000000,0.8,0.8000398686002028,0.004338373331273279,0.006928858177544586,0.0062666051077594626,-0.002590484846271307,-0.0019282317764861834,1,1,1
indefinite_noisy_local,96100029,random_growth128,8000000,10000000,0.8,0.8000398686002028,0.003633875036503642,0.004640592396456464,0.004481080897048753,-0.0010067173599528217,-0.000847205860545111,1,1,1
indefinite_noisy_local,96100030,random_growth128,8000000,10000000,0.8,0.8000398686002028,0.004324903969101901,0.006285913919008401,0.005804937197492074,-0.0019610099499065003,-0.0014800332283901735,1,1,1
indefinite_noisy_local,96100031,random_growth128,8000000,10000000,0.8,0.8000398686002028,0.003369827228126898,0.003460165295760806,0.004000543371073653,-9.033806763390773e-05,-0.000630716142946755,1,1,1
indefinite_noisy_local,96100000,random_growth138,8000000,10000000,0.8,0.800040280079275,0.006156649070210268,0.005317281555417913,0.004127200042737422,0.0008393675147923552,0.002029449027472846,1,1,1
indefinite_noisy_local,96100001,random_growth138,8000000,10000000,0.8,0.800040280079275,0.003789837754796535,0.005305948845211808,0.003338665542565719,-0.001516111090415273,0.00045117221223081594,1,1,1
indefinite_noisy_local,96100002,random_growth138,8000000,10000000,0.8,0.800040280079275,0.004478848097418067,0.004222883968173233,0.004427678415025241,0.00025596412924483447,5.116968239282649e-05,1,1,1
indefinite_noisy_local,96100003,random_growth138,8000000,10000000,0.8,0.800040280079275,0.00415089417578475,0.0046985602752568495,0.004115093323599495,-0.0005476660994720994,3.5800852185255416e-05,1,1,1
indefinite_noisy_local,96100004,random_growth138,8000000,10000000,0.8,0.800040280079275,0.006773271558373151,0.0049684689355522504,0.004981088671705186,0.0018048026228209002,0.0017921828866679645,1,1,1
indefinite_noisy_local,96100005,random_growth138,8000000,10000000,0.8,0.800040280079275,0.005303223445117244,0.009376573582802472,0.009516185985204345,-0.004073350137685228,-0.004212962540087101,1,1,1
indefinite_noisy_local,96100006,random_growth138,8000000,10000000,0.8,0.800040280079275,0.006090970263783579,0.006225896583052004,0.005881283145266328,-0.0001349263192684247,0.00020968711851725164,1,1,1
indefinite_noisy_local,96100007,random_growth138,8000000,10000000,0.8,0.800040280079275,0.0031425210416927557,0.004586056934198335,0.006227349918305189,-0.0014435358925055791,-0.003084828876612433,1,1,1
indefinite_noisy_local,96100008,random_growth138,8000000,10000000,0.8,0.800040280079275,0.0038958743118854694,0.0036781212801707125,0.003789929981280568,0.0002177530317147569,0.00010594433060490127,1,1,1
indefinite_noisy_local,96100009,random_growth138,8000000,10000000,0.8,0.800040280079275,0.005048705506074766,0.006978171281690704,0.004742339581634822,-0.0019294657756159378,0.00030636592443994415,1,1,1
indefinite_noisy_local,96100010,random_growth138,8000000,10000000,0.8,0.800040280079275,0.0038993396931302493,0.005999853970995353,0.004759804902093809,-0.0021005142778651037,-0.0008604652089635595,1,1,1
indefinite_noisy_local,96100011,random_growth138,8000000,10000000,0.8,0.800040280079275,0.004892983130657974,0.0047415013778102505,0.006089429279521039,0.00015148175284772358,-0.0011964461488630646,1,1,1
indefinite_noisy_local,96100012,random_growth138,8000000,10000000,0.8,0.800040280079275,0.004986697660458242,0.005078287957959976,0.006619152775091855,-9.159029750173409e-05,-0.001632455114633613,1,1,1
indefinite_noisy_local,96100013,random_growth138,8000000,10000000,0.8,0.800040280079275,0.0027236746029370013,0.003498011398161166,0.004647734046623789,-0.0007743367952241648,-0.0019240594436867875,1,1,1
indefinite_noisy_local,96100014,random_growth138,8000000,10000000,0.8,0.800040280079275,0.00661282747413551,0.006468057256351731,0.005968844829211006,0.00014477021778377952,0.000643982644924504,1,1,1
indefinite_noisy_local,96100015,random_growth138,8000000,10000000,0.8,0.800040280079275,0.005312868079164895,0.007133589382250283,0.004871870876266254,-0.0018207213030853875,0.00044099720289864086,1,1,1
indefinite_noisy_local,96100016,random_growth138,8000000,10000000,0.8,0.800040280079275,0.0049441060562773476,0.00450955988291607,0.004517134801878667,0.00043454617336127765,0.0004269712543986809,1,1,1
indefinite_noisy_local,96100017,random_growth138,8000000,10000000,0.8,0.800040280079275,0.005371792515177373,0.0054392966338213805,0.00508016227347502,-6.75041186440073e-05,0.00029163024170235363,1,1,1
indefinite_noisy_local,96100018,random_growth138,8000000,10000000,0.8,0.800040280079275,0.004224283672997611,0.004356322877465096,0.0035923725251367777,-0.00013203920446748507,0.0006319111478608336,1,1,1
indefinite_noisy_local,96100019,random_growth138,8000000,10000000,0.8,0.800040280079275,0.004454307473111388,0.005662858558543538,0.004901994063088139,-0.0012085510854321496,-0.0004476865899767507,1,1,1
indefinite_noisy_local,96100020,random_growth138,8000000,10000000,0.8,0.800040280079275,0.005405197504903592,0.007232630187270786,0.006563396988832654,-0.0018274326823671944,-0.0011581994839290621,1,1,1
indefinite_noisy_local,96100021,random_growth138,8000000,10000000,0.8,0.800040280079275,0.004822395063028506,0.004294827091752454,0.006125736299186835,0.0005275679712760523,-0.0013033412361583285,1,1,1
indefinite_noisy_local,96100022,random_growth138,8000000,10000000,0.8,0.800040280079275,0.0067227807723949096,0.006479787313479493,0.00708864045705869,0.00024299345891541646,-0.00036585968466378016,1,1,1
indefinite_noisy_local,96100023,random_growth138,8000000,10000000,0.8,0.800040280079275,0.0047043097582993715,0.005000458295258525,0.005486788814829224,-0.0002961485369591538,-0.0007824790565298528,1,1,1
indefinite_noisy_local,96100024,random_growth138,8000000,10000000,0.8,0.800040280079275,0.004373689599459399,0.005089800676380554,0.005580072254599,-0.0007161110769211554,-0.0012063826551396012,1,1,1
indefinite_noisy_local,96100025,random_growth138,8000000,10000000,0.8,0.800040280079275,0.004720807373256905,0.007722057657308962,0.00516231754576485,-0.0030012502840520566,-0.00044151017250794455,1,1,1
indefinite_noisy_local,96100026,random_growth138,8000000,10000000,0.8,0.800040280079275,0.005503753689956703,0.006782319926346134,0.007325981779117363,-0.0012785662363894307,-0.0018222280891606601,1,1,1
indefinite_noisy_local,96100027,random_growth138,8000000,10000000,0.8,0.800040280079275,0.004394439654596155,0.004639718935635334,0.0057977341979319474,-0.00024527928103917906,-0.0014032945433357924,1,1,1
indefinite_noisy_local,96100028,random_growth138,8000000,10000000,0.8,0.800040280079275,0.004338373331273279,0.006928590750051505,0.005829116608907919,-0.002590217418778226,-0.0014907432776346402,1,1,1
indefinite_noisy_local,96100029,random_growth138,8000000,10000000,0.8,0.800040280079275,0.003633875036503642,0.0056938579659819855,0.004359405795901564,-0.0020599829294783434,-0.0007255307593979216,1,1,1
indefinite_noisy_local,96100030,random_growth138,8000000,10000000,0.8,0.800040280079275,0.004324903969101901,0.006430561599928733,0.00664899291476935,-0.002105657630826832,-0.002324088945667449,1,1,1
indefinite_noisy_local,96100031,random_growth138,8000000,10000000,0.8,0.800040280079275,0.003369827228126898,0.006137728953298463,0.004589031330021559,-0.002767901725171565,-0.0012192041018946609,1,1,1
indefinite_noisy_local,96100000,fixed7,8000000,10000000,0.8,0.8000078431109235,0.006156649070210268,0.00543775223811567,0.00446046967250531,0.0007188968320945982,0.0016961793977049583,1,1,1
indefinite_noisy_local,96100001,fixed7,8000000,10000000,0.8,0.8000078431109235,0.003789837754796535,0.004865332681996945,0.004051282963192501,-0.00107549492720041,-0.0002614452083959662,1,1,1
indefinite_noisy_local,96100002,fixed7,8000000,10000000,0.8,0.8000078431109235,0.004478848097418067,0.005084974033080378,0.005749855318932823,-0.0006061259356623105,-0.0012710072215147555,1,1,1
indefinite_noisy_local,96100003,fixed7,8000000,10000000,0.8,0.8000078431109235,0.00415089417578475,0.0877511307463659,0.5996798412480348,-0.08360023657058115,-0.59552894707225,1,0,0
indefinite_noisy_local,96100004,fixed7,8000000,10000000,0.8,0.8000078431109235,0.006773271558373151,0.004681543297914523,0.004991930526169239,0.002091728260458628,0.001781341032203912,1,1,1
indefinite_noisy_local,96100005,fixed7,8000000,10000000,0.8,0.8000078431109235,0.005303223445117244,0.008241218786982973,0.006500509057532591,-0.002937995341865729,-0.001197285612415347,1,1,1
indefinite_noisy_local,96100006,fixed7,8000000,10000000,0.8,0.8000078431109235,0.006090970263783579,0.006167527570234352,0.008125052619501902,-7.655730645077241e-05,-0.0020340823557183224,1,1,1
indefinite_noisy_local,96100007,fixed7,8000000,10000000,0.8,0.8000078431109235,0.0031425210416927557,0.005751368879911109,0.004970437742219891,-0.0026088478382183533,-0.0018279167005271352,1,1,1
indefinite_noisy_local,96100008,fixed7,8000000,10000000,0.8,0.8000078431109235,0.0038958743118854694,0.004954461826394779,0.003283875193409558,-0.0010585875145093099,0.0006119991184759116,1,1,1
indefinite_noisy_local,96100009,fixed7,8000000,10000000,0.8,0.8000078431109235,0.005048705506074766,0.005788281714148011,0.0037945939293294456,-0.0007395762080732449,0.0012541115767453204,1,1,1
indefinite_noisy_local,96100010,fixed7,8000000,10000000,0.8,0.8000078431109235,0.0038993396931302493,0.006191441429210354,0.006667569006281265,-0.0022921017360801044,-0.002768229313151016,1,1,1
indefinite_noisy_local,96100011,fixed7,8000000,10000000,0.8,0.8000078431109235,0.004892983130657974,0.004974135074979513,0.004157228184807363,-8.115194432153916e-05,0.0007357549458506113,1,1,1
indefinite_noisy_local,96100012,fixed7,8000000,10000000,0.8,0.8000078431109235,0.004986697660458242,0.004957550054094095,0.007707501892336002,2.9147606364146594e-05,-0.0027208042318777603,1,1,1
indefinite_noisy_local,96100013,fixed7,8000000,10000000,0.8,0.8000078431109235,0.0027236746029370013,0.00515424311630025,0.004775635600189954,-0.0024305685133632488,-0.0020519609972529523,1,1,1
indefinite_noisy_local,96100014,fixed7,8000000,10000000,0.8,0.8000078431109235,0.00661282747413551,0.008053697594624154,0.007109536148863685,-0.0014408701204886437,-0.0004967086747281746,1,1,1
indefinite_noisy_local,96100015,fixed7,8000000,10000000,0.8,0.8000078431109235,0.005312868079164895,0.010962887751094996,0.005019953284776571,-0.005650019671930101,0.00029291479438832424,1,0,1
indefinite_noisy_local,96100016,fixed7,8000000,10000000,0.8,0.8000078431109235,0.0049441060562773476,0.005033350354977817,0.004034413278488469,-8.924429870046935e-05,0.0009096927777888786,1,1,1
indefinite_noisy_local,96100017,fixed7,8000000,10000000,0.8,0.8000078431109235,0.005371792515177373,0.006753316422065864,0.005588064166095641,-0.0013815239068884905,-0.00021627165091826772,1,1,1
indefinite_noisy_local,96100018,fixed7,8000000,10000000,0.8,0.8000078431109235,0.004224283672997611,0.004041191894558496,0.003919932464618692,0.00018309177843911506,0.0003043512083789196,1,1,1
indefinite_noisy_local,96100019,fixed7,8000000,10000000,0.8,0.8000078431109235,0.004454307473111388,0.005997777054308595,0.0053504102473604515,-0.0015434695811972071,-0.0008961027742490635,1,1,1
indefinite_noisy_local,96100020,fixed7,8000000,10000000,0.8,0.8000078431109235,0.005405197504903592,0.007304950396013851,0.005751570279876786,-0.0018997528911102596,-0.0003463727749731943,1,1,1
indefinite_noisy_local,96100021,fixed7,8000000,10000000,0.8,0.8000078431109235,0.004822395063028506,0.005199163750405855,0.005154249900833671,-0.00037676868737734903,-0.000331854837805165,1,1,1
indefinite_noisy_local,96100022,fixed7,8000000,10000000,0.8,0.8000078431109235,0.0067227807723949096,0.006026996164586296,0.008794017129402143,0.0006957846078086138,-0.0020712363570072334,1,1,1
indefinite_noisy_local,96100023,fixed7,8000000,10000000,0.8,0.8000078431109235,0.0047043097582993715,0.005811215498635586,0.006496391140754079,-0.0011069057403362142,-0.0017920813824547077,1,1,1
indefinite_noisy_local,96100024,fixed7,8000000,10000000,0.8,0.8000078431109235,0.004373689599459399,0.006461979314386163,0.004968756094468771,-0.0020882897149267637,-0.000595066495009372,1,1,1
indefinite_noisy_local,96100025,fixed7,8000000,10000000,0.8,0.8000078431109235,0.004720807373256905,0.09029746238121034,0.08880917404891897,-0.08557665500795343,-0.08408836667566207,1,0,0
indefinite_noisy_local,96100026,fixed7,8000000,10000000,0.8,0.8000078431109235,0.005503753689956703,0.005779289853646619,0.006359105067780771,-0.0002755361636899156,-0.0008553513778240679,1,1,1
indefinite_noisy_local,96100027,fixed7,8000000,10000000,0.8,0.8000078431109235,0.004394439654596155,0.007108763803655521,0.0064449897416783,-0.002714324149059366,-0.0020505500870821453,1,1,1
indefinite_noisy_local,96100028,fixed7,8000000,10000000,0.8,0.8000078431109235,0.004338373331273279,0.005042412632712837,0.004028696424763681,-0.0007040393014395574,0.00030967690650959834,1,1,1
indefinite_noisy_local,96100029,fixed7,8000000,10000000,0.8,0.8000078431109235,0.003633875036503642,0.004775535781340087,0.004508277426340801,-0.0011416607448364452,-0.0008744023898371589,1,1,1
indefinite_noisy_local,96100030,fixed7,8000000,10000000,0.8,0.8000078431109235,0.004324903969101901,0.0059130439975404875,0.0058064126337058625,-0.0015881400284385866,-0.0014815086646039616,1,1,1
indefinite_noisy_local,96100031,fixed7,8000000,10000000,0.8,0.8000078431109235,0.003369827228126898,0.005239527826774518,0.004858999152457619,-0.0018697005986476195,-0.0014891719243307205,1,1,1
