group,seed,comparator,historical_auc,comparator_auc,difference
indefinite_noisy_global,96100000,random_growth128,0.006947343034506338,0.006132078771264588,0.00081526426324175
indefinite_noisy_global,96100001,random_growth128,0.003691898274773941,0.0044820052788243836,-0.0007901070040504427
indefinite_noisy_global,96100002,random_growth128,0.005003970542640941,0.0056373758506871804,-0.0006334053080462396
indefinite_noisy_global,96100003,random_growth128,0.003942267792808218,0.004799676083333927,-0.000857408290525709
indefinite_noisy_global,96100004,random_growth128,0.006740415512290311,0.005676544307317804,0.001063871204972507
indefinite_noisy_global,96100005,random_growth128,0.006376889627033691,0.00659714943350886,-0.0002202598064751692
indefinite_noisy_global,96100006,random_growth128,0.006322492890139805,0.00680263144039974,-0.00048013855025993545
indefinite_noisy_global,96100007,random_growth128,0.004115585536805062,0.005440847468581717,-0.0013252619317766553
indefinite_noisy_global,96100008,random_growth128,0.004544018984462791,0.003953667060815787,0.0005903519236470037
indefinite_noisy_global,96100009,random_growth128,0.006098038283878848,0.006043413135874391,5.462514800445677e-05
indefinite_noisy_global,96100010,random_growth128,0.004647785595342551,0.004947743782225572,-0.0002999581868830207
indefinite_noisy_global,96100011,random_growth128,0.005541889012863212,0.00519629692134402,0.000345592091519192
indefinite_noisy_global,96100012,random_growth128,0.005705608585303631,0.006479883346030052,-0.0007742747607264212
indefinite_noisy_global,96100013,random_growth128,0.0038914398882128097,0.004877651124274264,-0.000986211236061454
indefinite_noisy_global,96100014,random_growth128,0.007173131498963267,0.008306347531639483,-0.0011332160326762162
indefinite_noisy_global,96100015,random_growth128,0.0063704994169261385,0.00625419015077195,0.0001163092661541883
indefinite_noisy_global,96100016,random_growth128,0.004538900433134356,0.0050139692641537935,-0.00047506883101943766
indefinite_noisy_global,96100017,random_growth128,0.005209142765410327,0.005785567839490012,-0.0005764250740796853
indefinite_noisy_global,96100018,random_growth128,0.0045741932933605406,0.003736643393055855,0.0008375499003046858
indefinite_noisy_global,96100019,random_growth128,0.005187015253217297,0.0059534097767022405,-0.0007663945234849439
indefinite_noisy_global,96100020,random_growth128,0.006215833586115857,0.006438649454624423,-0.00022281586850856575
indefinite_noisy_global,96100021,random_growth128,0.005880935557876491,0.00563364439145997,0.00024729116641652137
indefinite_noisy_global,96100022,random_growth128,0.008897883369150457,0.008988681993902112,-9.07986247516545e-05
indefinite_noisy_global,96100023,random_growth128,0.004817407909660845,0.005117685283362771,-0.000300277373701926
indefinite_noisy_global,96100024,random_growth128,0.004920065296591701,0.005378199943767931,-0.00045813464717622994
indefinite_noisy_global,96100025,random_growth128,0.005162484889507803,0.007340106013027579,-0.0021776211235197762
indefinite_noisy_global,96100026,random_growth128,0.006570651259765701,0.007589792621059619,-0.0010191413612939178
indefinite_noisy_global,96100027,random_growth128,0.004309408544647778,0.004624803555982776,-0.0003153950113349976
indefinite_noisy_global,96100028,random_growth128,0.004480897617881741,0.007074703503753602,-0.0025938058858718614
indefinite_noisy_global,96100029,random_growth128,0.004823409466826499,0.005284982792776621,-0.00046157332595012177
indefinite_noisy_global,96100030,random_growth128,0.0055368837330290474,0.006258075154140036,-0.0007211914211109885
indefinite_noisy_global,96100031,random_growth128,0.0036769373288918403,0.003995139732074679,-0.0003182024031828383
indefinite_noisy_global,96100032,random_growth128,0.007846050780505454,0.008541210755159961,-0.0006951599746545072
indefinite_noisy_global,96100033,random_growth128,0.004127614380529914,0.00452485003371176,-0.0003972356531818464
indefinite_noisy_global,96100034,random_growth128,0.003850023053306212,0.0049439149826589115,-0.0010938919293526994
indefinite_noisy_global,96100035,random_growth128,0.005197995498727709,0.0054238222722760385,-0.0002258267735483297
indefinite_noisy_global,96100036,random_growth128,0.00566358521373082,0.0060087437163500075,-0.0003451585026191875
indefinite_noisy_global,96100037,random_growth128,0.00344509501598473,0.00432047603351518,-0.0008753810175304503
indefinite_noisy_global,96100038,random_growth128,0.006113150603068817,0.007028962543514144,-0.0009158119404453274
indefinite_noisy_global,96100039,random_growth128,0.00473510243468622,0.00688889630439563,-0.0021537938697094097
indefinite_noisy_global,96100040,random_growth128,0.005491755336824722,0.0052785841785993465,0.00021317115822537536
indefinite_noisy_global,96100041,random_growth128,0.004614756048285696,0.0046659451368658445,-5.118908858014852e-05
indefinite_noisy_global,96100042,random_growth128,0.005586263740562627,0.00610188299049568,-0.0005156192499330527
indefinite_noisy_global,96100043,random_growth128,0.006017914909675965,0.005758746460067049,0.0002591684496089158
indefinite_noisy_global,96100044,random_growth128,0.004650018230772658,0.005935929842526554,-0.0012859116117538965
indefinite_noisy_global,96100045,random_growth128,0.004584875109758448,0.005332268755103425,-0.000747393645344977
indefinite_noisy_global,96100046,random_growth128,0.005618420735238004,0.005035513402005142,0.000582907333232862
indefinite_noisy_global,96100047,random_growth128,0.005140672227081459,0.004695362635060467,0.00044530959202099263
indefinite_noisy_global,96100048,random_growth128,0.004888108510520213,0.0051073884990342315,-0.0002192799885140182
indefinite_noisy_global,96100049,random_growth128,0.005413326500301333,0.006080569195811685,-0.0006672426955103518
indefinite_noisy_global,96100050,random_growth128,0.004673652823783496,0.004216142519352971,0.0004575103044305246
indefinite_noisy_global,96100051,random_growth128,0.005663120070057886,0.00546127961067657,0.00020184045938131598
indefinite_noisy_global,96100052,random_growth128,0.006362631879857917,0.007358613537298342,-0.000995981657440425
indefinite_noisy_global,96100053,random_growth128,0.006692254046064684,0.007222377852156626,-0.0005301238060919419
indefinite_noisy_global,96100054,random_growth128,0.0052880290410745176,0.005779928445225595,-0.0004918994041510777
indefinite_noisy_global,96100055,random_growth128,0.006628198510608932,0.007496061458844899,-0.0008678629482359668
indefinite_noisy_global,96100056,random_growth128,0.006184409593169983,0.0075083498969981555,-0.0013239403038281727
indefinite_noisy_global,96100057,random_growth128,0.006924681392718645,0.00857973937935444,-0.0016550579866357945
indefinite_noisy_global,96100058,random_growth128,0.004426079859962004,0.004786810053497909,-0.00036073019353590526
indefinite_noisy_global,96100059,random_growth128,0.005391398061042297,0.005954209411511663,-0.0005628113504693661
indefinite_noisy_global,96100060,random_growth128,0.005682380332205863,0.006518140912480392,-0.0008357605802745286
indefinite_noisy_global,96100061,random_growth128,0.006553946022807245,0.006496013916633376,5.79321061738693e-05
indefinite_noisy_global,96100062,random_growth128,0.007064432171850375,0.007757093772716592,-0.0006926616008662168
indefinite_noisy_global,96100063,random_growth128,0.005273406398274052,0.0061544021012137125,-0.0008809957029396603
indefinite_noisy_global,96100064,random_growth128,0.005362059042983517,0.005102040710044035,0.0002600183329394814
indefinite_noisy_global,96100065,random_growth128,0.0055642059982268345,0.006226965411799469,-0.0006627594135726342
indefinite_noisy_global,96100066,random_growth128,0.004727241458046723,0.004311545848337634,0.0004156956097090894
indefinite_noisy_global,96100067,random_growth128,0.004093507561636488,0.004400953332110975,-0.0003074457704744871
indefinite_noisy_global,96100068,random_growth128,0.00504014438044097,0.005836978214655398,-0.0007968338342144278
indefinite_noisy_global,96100069,random_growth128,0.00498530346625668,0.0059571961678231145,-0.0009718927015664345
indefinite_noisy_global,96100070,random_growth128,0.006369527957100862,0.006090852101345188,0.0002786758557556737
indefinite_noisy_global,96100071,random_growth128,0.00510008636455877,0.005303808009870348,-0.00020372164531157807
indefinite_noisy_global,96100072,random_growth128,0.004904030321515496,0.006136620173594234,-0.0012325898520787384
indefinite_noisy_global,96100073,random_growth128,0.0039972916494056656,0.0055760908169106,-0.001578799167504934
indefinite_noisy_global,96100074,random_growth128,0.006268791070259437,0.006896723982181065,-0.0006279329119216279
indefinite_noisy_global,96100075,random_growth128,0.0038967314245393586,0.004649342966923012,-0.0007526115423836534
indefinite_noisy_global,96100076,random_growth128,0.004848406606240515,0.005098112819587651,-0.00024970621334713654
indefinite_noisy_global,96100077,random_growth128,0.005273424608702079,0.005841776335268529,-0.0005683517265664502
indefinite_noisy_global,96100078,random_growth128,0.006387830627743235,0.006616997968446749,-0.00022916734070351462
indefinite_noisy_global,96100079,random_growth128,0.004843725196909258,0.005750006319988016,-0.0009062811230787582
indefinite_noisy_global,96100080,random_growth128,0.0057823786476109,0.008482224791113553,-0.002699846143502653
indefinite_noisy_global,96100081,random_growth128,0.00467164302096314,0.00426014786374032,0.0004114951572228194
indefinite_noisy_global,96100082,random_growth128,0.005314836386541232,0.005927245452430862,-0.0006124090658896301
indefinite_noisy_global,96100083,random_growth128,0.005428197111968031,0.007011917545304062,-0.0015837204333360305
indefinite_noisy_global,96100084,random_growth128,0.0062140413877600975,0.006073949031086534,0.0001400923566735636
indefinite_noisy_global,96100085,random_growth128,0.006252554815454032,0.00692082387776095,-0.0006682690623069183
indefinite_noisy_global,96100086,random_growth128,0.0034140418258442854,0.0045733748517450615,-0.0011593330259007761
indefinite_noisy_global,96100087,random_growth128,0.006628857919099246,0.007075427902935581,-0.0004465699838363353
indefinite_noisy_global,96100088,random_growth128,0.004286157106647727,0.005206389760190052,-0.0009202326535423253
indefinite_noisy_global,96100089,random_growth128,0.005523991597763982,0.005520253430951371,3.7381668126111253e-06
indefinite_noisy_global,96100090,random_growth128,0.005382486326905314,0.006332560831339952,-0.0009500745044346377
indefinite_noisy_global,96100091,random_growth128,0.00602811515172007,0.006706472292655887,-0.0006783571409358169
indefinite_noisy_global,96100092,random_growth128,0.00503115525063916,0.005870294547210168,-0.0008391392965710074
indefinite_noisy_global,96100093,random_growth128,0.005566287475727316,0.00700587383780527,-0.001439586362077954
indefinite_noisy_global,96100094,random_growth128,0.0043688467857752366,0.004475627486111585,-0.0001067807003363487
indefinite_noisy_global,96100095,random_growth128,0.005873534010986416,0.007489084112285648,-0.0016155501012992315
indefinite_noisy_global,96100096,random_growth128,0.005061858762381064,0.004887802125422592,0.00017405663695847264
indefinite_noisy_global,96100097,random_growth128,0.006138231262892534,0.0065730084877773315,-0.0004347772248847973
indefinite_noisy_global,96100098,random_growth128,0.005652565372292726,0.006206959077521946,-0.0005543937052292199
indefinite_noisy_global,96100099,random_growth128,0.006529430317226798,0.007905251847783398,-0.0013758215305565997
indefinite_noisy_global,96100100,random_growth128,0.004496470027527744,0.00444636044577171,5.010958175603354e-05
indefinite_noisy_global,96100101,random_growth128,0.004884777153721419,0.004418478737231582,0.00046629841648983695
indefinite_noisy_global,96100102,random_growth128,0.004860624636772137,0.005113480445874126,-0.00025285580910198915
indefinite_noisy_global,96100103,random_growth128,0.005350880446481093,0.006235487342634128,-0.000884606896153035
indefinite_noisy_global,96100104,random_growth128,0.004581800478865249,0.004836747312000863,-0.00025494683313561414
indefinite_noisy_global,96100105,random_growth128,0.0077236538633353976,0.008403336072992762,-0.0006796822096573644
indefinite_noisy_global,96100106,random_growth128,0.005881916864793543,0.006009310813863058,-0.00012739394906951477
indefinite_noisy_global,96100107,random_growth128,0.005053830192981005,0.004770026702868209,0.00028380349011279584
indefinite_noisy_global,96100108,random_growth128,0.004904065578729998,0.005236286102747757,-0.00033222052401775913
indefinite_noisy_global,96100109,random_growth128,0.004910180989912445,0.005952003342122986,-0.0010418223522105415
indefinite_noisy_global,96100110,random_growth128,0.0038213815669631513,0.004739543118616281,-0.0009181615516531292
indefinite_noisy_global,96100111,random_growth128,0.0060237830121582575,0.008320549450980689,-0.002296766438822431
indefinite_noisy_global,96100112,random_growth128,0.006803435641493819,0.00594503556318748,0.0008584000783063393
indefinite_noisy_global,96100113,random_growth128,0.005675090516786182,0.006643964058546192,-0.0009688735417600096
indefinite_noisy_global,96100114,random_growth128,0.005591671200271123,0.005889759152859736,-0.00029808795258861286
indefinite_noisy_global,96100115,random_growth128,0.005944424300867225,0.006856299372276193,-0.0009118750714089685
indefinite_noisy_global,96100116,random_growth128,0.004276425649020096,0.004975870936483646,-0.0006994452874635503
indefinite_noisy_global,96100117,random_growth128,0.006761340318273542,0.007164337664916385,-0.00040299734664284246
indefinite_noisy_global,96100118,random_growth128,0.0056246853530749685,0.006505387740228151,-0.0008807023871531825
indefinite_noisy_global,96100119,random_growth128,0.005052490681084807,0.007317843121808516,-0.0022653524407237084
indefinite_noisy_global,96100120,random_growth128,0.004531812626066905,0.004900286826698357,-0.00036847420063145127
indefinite_noisy_global,96100121,random_growth128,0.00638369681785299,0.00660289419299348,-0.0002191973751404907
indefinite_noisy_global,96100122,random_growth128,0.0051612089772385345,0.005463888593819055,-0.0003026796165805203
indefinite_noisy_global,96100123,random_growth128,0.006136481757670991,0.006855799366537823,-0.0007193176088668317
indefinite_noisy_global,96100124,random_growth128,0.006366514362048002,0.00697864177071725,-0.0006121274086692483
indefinite_noisy_global,96100125,random_growth128,0.0042036223001451775,0.005024087072017618,-0.0008204647718724409
indefinite_noisy_global,96100126,random_growth128,0.005946308339571493,0.006622287192627776,-0.0006759788530562826
indefinite_noisy_global,96100127,random_growth128,0.004553818976662066,0.006554295055591673,-0.002000476078929607
indefinite_noisy_global,96100128,random_growth128,0.005223475347955429,0.005428010398656201,-0.00020453505070077219
indefinite_noisy_global,96100129,random_growth128,0.008085012837869644,0.009368225714121858,-0.0012832128762522137
indefinite_noisy_global,96100130,random_growth128,0.005038290548955372,0.005173637268750931,-0.0001353467197955597
indefinite_noisy_global,96100131,random_growth128,0.005462237436080227,0.007419104638630052,-0.001956867202549825
indefinite_noisy_global,96100132,random_growth128,0.0037824724624757407,0.0044739159062393485,-0.0006914434437636078
indefinite_noisy_global,96100133,random_growth128,0.0055443381123953086,0.006365095628110867,-0.000820757515715558
indefinite_noisy_global,96100134,random_growth128,0.005301015700052377,0.006186379116143455,-0.0008853634160910775
indefinite_noisy_global,96100135,random_growth128,0.005194594143574837,0.005250976339624227,-5.638219604939005e-05
indefinite_noisy_global,96100136,random_growth128,0.0036583464834430072,0.0052882918733545186,-0.0016299453899115113
indefinite_noisy_global,96100137,random_growth128,0.006408310956055016,0.006397570283521112,1.074067253390397e-05
indefinite_noisy_global,96100138,random_growth128,0.006642441334024123,0.008366796731922678,-0.0017243553978985547
indefinite_noisy_global,96100139,random_growth128,0.005933292403968238,0.005795146389003844,0.0001381460149643939
indefinite_noisy_global,96100140,random_growth128,0.004488741318801879,0.00466538630925662,-0.0001766449904547409
indefinite_noisy_global,96100141,random_growth128,0.004116121112374557,0.0048622452529118,-0.0007461241405372432
indefinite_noisy_global,96100142,random_growth128,0.005489471224528178,0.006051045434111921,-0.0005615742095837423
indefinite_noisy_global,96100143,random_growth128,0.0031427548415507824,0.0036444696028839316,-0.0005017147613331492
indefinite_noisy_global,96100144,random_growth128,0.006456092481012621,0.007461601710824173,-0.0010055092298115516
indefinite_noisy_global,96100145,random_growth128,0.0039712246254844374,0.004970818438202884,-0.0009995938127184464
indefinite_noisy_global,96100146,random_growth128,0.005089086996098427,0.005632096694265036,-0.0005430096981666084
indefinite_noisy_global,96100147,random_growth128,0.004045723666618703,0.004061659975654834,-1.5936309036131135e-05
indefinite_noisy_global,96100148,random_growth128,0.005697943382529493,0.005574956976126848,0.00012298640640264532
indefinite_noisy_global,96100149,random_growth128,0.005371202721097852,0.005630020258934167,-0.00025881753783631514
indefinite_noisy_global,96100150,random_growth128,0.004977796173497225,0.005881601065872664,-0.0009038048923754394
indefinite_noisy_global,96100151,random_growth128,0.005515414176734971,0.005180642306399658,0.0003347718703353127
indefinite_noisy_global,96100152,random_growth128,0.005487209674619633,0.005091144322465068,0.0003960653521545652
indefinite_noisy_global,96100153,random_growth128,0.00510444711264374,0.006057940109270386,-0.000953492996626646
indefinite_noisy_global,96100154,random_growth128,0.005845416523209183,0.006138380015013671,-0.00029296349180448714
indefinite_noisy_global,96100155,random_growth128,0.004483977380221941,0.006235182723070178,-0.0017512053428482372
indefinite_noisy_global,96100156,random_growth128,0.006322522255753266,0.00724006175683088,-0.0009175395010776136
indefinite_noisy_global,96100157,random_growth128,0.004733416463978911,0.00570519205547554,-0.0009717755914966297
indefinite_noisy_global,96100158,random_growth128,0.0057019179492613856,0.0065400174914614145,-0.0008380995422000289
indefinite_noisy_global,96100159,random_growth128,0.006192209127315899,0.006923319145955066,-0.0007311100186391667
indefinite_noisy_global,96100160,random_growth128,0.004429170207735326,0.005412368875561647,-0.0009831986678263214
indefinite_noisy_global,96100161,random_growth128,0.004389810856435019,0.004755656336037337,-0.000365845479602318
indefinite_noisy_global,96100162,random_growth128,0.006855892620382344,0.007381959916850717,-0.0005260672964683731
indefinite_noisy_global,96100163,random_growth128,0.00508215488519581,0.005461728624453974,-0.0003795737392581636
indefinite_noisy_global,96100164,random_growth128,0.005314453375985077,0.005363775170010996,-4.932179402591941e-05
indefinite_noisy_global,96100165,random_growth128,0.005998176840858542,0.0062444504066907,-0.000246273565832158
indefinite_noisy_global,96100166,random_growth128,0.005838128529806625,0.005319692060245236,0.0005184364695613895
indefinite_noisy_global,96100167,random_growth128,0.004129751273078628,0.0049773741572994535,-0.0008476228842208252
indefinite_noisy_global,96100168,random_growth128,0.008266427084339653,0.009226900006147638,-0.0009604729218079845
indefinite_noisy_global,96100169,random_growth128,0.004370506734406165,0.006000065334585053,-0.001629558600178888
indefinite_noisy_global,96100170,random_growth128,0.004767821773018707,0.005578423188698047,-0.0008106014156793392
indefinite_noisy_global,96100171,random_growth128,0.004270652310814886,0.0051477500477458155,-0.0008770977369309298
indefinite_noisy_global,96100172,random_growth128,0.005281803423558679,0.005459100983337242,-0.00017729755977856278
indefinite_noisy_global,96100173,random_growth128,0.004672828574222249,0.00484956942054809,-0.0001767408463258409
indefinite_noisy_global,96100174,random_growth128,0.00519500239713223,0.006001398043527531,-0.0008063956463953015
indefinite_noisy_global,96100175,random_growth128,0.005123519436109873,0.0063369284483483,-0.0012134090122384268
indefinite_noisy_global,96100176,random_growth128,0.0052501538153707375,0.005471765707285206,-0.00022161189191446853
indefinite_noisy_global,96100177,random_growth128,0.004555382664697756,0.005171876371812272,-0.0006164937071145155
indefinite_noisy_global,96100178,random_growth128,0.004759078248650562,0.00702277056426179,-0.0022636923156112284
indefinite_noisy_global,96100179,random_growth128,0.004918553211025528,0.005132276125115685,-0.00021372291409015726
indefinite_noisy_global,96100180,random_growth128,0.006858014445424595,0.007643866561956286,-0.0007858521165316915
indefinite_noisy_global,96100181,random_growth128,0.004226935164584958,0.0040360021846732146,0.00019093297991174332
indefinite_noisy_global,96100182,random_growth128,0.005709934162313393,0.0061238387958991326,-0.00041390463358573996
indefinite_noisy_global,96100183,random_growth128,0.004747941759172695,0.005558973024905181,-0.0008110312657324866
indefinite_noisy_global,96100184,random_growth128,0.008034125629285745,0.008797637823070564,-0.000763512193784819
indefinite_noisy_global,96100185,random_growth128,0.0051359077026952036,0.005990755306005509,-0.0008548476033103051
indefinite_noisy_global,96100186,random_growth128,0.004387374712160684,0.004243886696393136,0.00014348801576754763
indefinite_noisy_global,96100187,random_growth128,0.005853148305288721,0.006651095096635332,-0.0007979467913466105
indefinite_noisy_global,96100188,random_growth128,0.005791859960705941,0.006338482335988503,-0.000546622375282562
indefinite_noisy_global,96100189,random_growth128,0.0043873728179298814,0.005296792010652016,-0.000909419192722135
indefinite_noisy_global,96100190,random_growth128,0.005179789335839761,0.005743049452405425,-0.0005632601165656637
indefinite_noisy_global,96100191,random_growth128,0.00513559084121868,0.005520966342688722,-0.000385375501470042
indefinite_noisy_global,96100192,random_growth128,0.008421193176027348,0.009700789155789171,-0.0012795959797618234
indefinite_noisy_global,96100193,random_growth128,0.003826298878189099,0.005004198685522986,-0.0011778998073338873
indefinite_noisy_global,96100194,random_growth128,0.00705627490466424,0.007799203972843823,-0.0007429290681795833
indefinite_noisy_global,96100195,random_growth128,0.004837746699648512,0.005097921390682042,-0.00026017469103353005
indefinite_noisy_global,96100196,random_growth128,0.004412927991483709,0.004605471385603981,-0.0001925433941202719
indefinite_noisy_global,96100197,random_growth128,0.0066255752309982464,0.008027839425589866,-0.0014022641945916191
indefinite_noisy_global,96100198,random_growth128,0.005905124929723738,0.006321870032197964,-0.00041674510247422577
indefinite_noisy_global,96100199,random_growth128,0.004720953893673023,0.005809348461353933,-0.0010883945676809104
indefinite_noisy_global,96100200,random_growth128,0.00544298453174404,0.00574209429725496,-0.00029910976551091994
indefinite_noisy_global,96100201,random_growth128,0.005590677129952531,0.007447404583323948,-0.0018567274533714167
indefinite_noisy_global,96100202,random_growth128,0.005561031260491721,0.006797001644695333,-0.001235970384203612
indefinite_noisy_global,96100203,random_growth128,0.003525267557628886,0.00369446994271103,-0.00016920238508214393
indefinite_noisy_global,96100204,random_growth128,0.004301628660275618,0.004709207604633518,-0.0004075789443578996
indefinite_noisy_global,96100205,random_growth128,0.007308678753577203,0.008116459927106107,-0.0008077811735289035
indefinite_noisy_global,96100206,random_growth128,0.007258554260088861,0.007462452583259288,-0.00020389832317042628
indefinite_noisy_global,96100207,random_growth128,0.005526404712316317,0.005939106071297368,-0.0004127013589810503
indefinite_noisy_global,96100208,random_growth128,0.006296508847636664,0.008852592261709149,-0.0025560834140724844
indefinite_noisy_global,96100209,random_growth128,0.007777309546465109,0.008517455445490789,-0.0007401458990256796
indefinite_noisy_global,96100210,random_growth128,0.005157438130664698,0.00594368462427403,-0.0007862464936093322
indefinite_noisy_global,96100211,random_growth128,0.006174995080522397,0.006377950209020909,-0.0002029551284985125
indefinite_noisy_global,96100212,random_growth128,0.00833603905045022,0.008020511005983983,0.00031552804446623693
indefinite_noisy_global,96100213,random_growth128,0.006149324684451022,0.007238169305255512,-0.0010888446208044897
indefinite_noisy_global,96100214,random_growth128,0.004035561661660849,0.004404380926224612,-0.00036881926456376266
indefinite_noisy_global,96100215,random_growth128,0.003932272182291911,0.0047183665336418285,-0.0007860943513499172
indefinite_noisy_global,96100216,random_growth128,0.005213285636831338,0.00616354459346828,-0.0009502589566369414
indefinite_noisy_global,96100217,random_growth128,0.004129286524449347,0.004215059058046596,-8.57725335972493e-05
indefinite_noisy_global,96100218,random_growth128,0.004345037956472762,0.0031687033859780335,0.001176334570494728
indefinite_noisy_global,96100219,random_growth128,0.004814238709121388,0.005345702108145181,-0.0005314633990237934
indefinite_noisy_global,96100220,random_growth128,0.0036753985619380996,0.004463137242610662,-0.0007877386806725627
indefinite_noisy_global,96100221,random_growth128,0.003961473297453094,0.004736392734111648,-0.0007749194366585537
indefinite_noisy_global,96100222,random_growth128,0.005598902006971435,0.006443681470772657,-0.0008447794638012217
indefinite_noisy_global,96100223,random_growth128,0.00611237530303732,0.0063956701122597605,-0.0002832948092224407
indefinite_noisy_global,96100224,random_growth128,0.0050858910459057795,0.006118953333309858,-0.0010330622874040784
indefinite_noisy_global,96100225,random_growth128,0.004424700581802024,0.004723469712286733,-0.0002987691304847089
indefinite_noisy_global,96100226,random_growth128,0.004814767326426315,0.005708134200971565,-0.0008933668745452501
indefinite_noisy_global,96100227,random_growth128,0.005466781189523828,0.0056664901145732595,-0.00019970892504943185
indefinite_noisy_global,96100228,random_growth128,0.006015947278016303,0.006717550055657561,-0.0007016027776412578
indefinite_noisy_global,96100229,random_growth128,0.004220449623142787,0.005347456633590817,-0.0011270070104480306
indefinite_noisy_global,96100230,random_growth128,0.004335383266175461,0.005235622817059212,-0.0009002395508837507
indefinite_noisy_global,96100231,random_growth128,0.006300568648385949,0.00614522733928375,0.00015534130910219938
indefinite_noisy_global,96100232,random_growth128,0.005968879851440996,0.005559692811857529,0.0004091870395834668
indefinite_noisy_global,96100233,random_growth128,0.004140866266147104,0.004470434033473363,-0.0003295677673262583
indefinite_noisy_global,96100234,random_growth128,0.0045761366891572,0.00572555233284908,-0.0011494156436918802
indefinite_noisy_global,96100235,random_growth128,0.004220831129617217,0.00494049816968186,-0.0007196670400646437
indefinite_noisy_global,96100236,random_growth128,0.004105914191276623,0.004798848136027306,-0.0006929339447506837
indefinite_noisy_global,96100237,random_growth128,0.005379740939167714,0.004939936767615823,0.000439804171551891
indefinite_noisy_global,96100238,random_growth128,0.005902014460481691,0.00630083955339519,-0.00039882509291349916
indefinite_noisy_global,96100239,random_growth128,0.005029681768536169,0.006342278650939934,-0.0013125968824037647
indefinite_noisy_global,96100240,random_growth128,0.006150866199895055,0.006634612368000007,-0.000483746168104952
indefinite_noisy_global,96100241,random_growth128,0.004139259384912142,0.004749700098252163,-0.000610440713340021
indefinite_noisy_global,96100242,random_growth128,0.006155708561105577,0.005092616990250147,0.0010630915708554301
indefinite_noisy_global,96100243,random_growth128,0.004875502232181367,0.006200464822471882,-0.001324962590290515
indefinite_noisy_global,96100244,random_growth128,0.0067754000792838226,0.006921121042984272,-0.00014572096370044953
indefinite_noisy_global,96100245,random_growth128,0.005116120885391116,0.0054414336349453436,-0.0003253127495542272
indefinite_noisy_global,96100246,random_growth128,0.006353322077528982,0.007555298025031324,-0.0012019759475023414
indefinite_noisy_global,96100247,random_growth128,0.005534362699559145,0.006367830974285891,-0.0008334682747267461
indefinite_noisy_global,96100248,random_growth128,0.00659369933128633,0.006609384751964833,-1.5685420678502975e-05
indefinite_noisy_global,96100249,random_growth128,0.004684318738175461,0.004791355195256088,-0.00010703645708062728
indefinite_noisy_global,96100250,random_growth128,0.004119039022470064,0.005154818436709643,-0.001035779414239579
indefinite_noisy_global,96100251,random_growth128,0.005141872383697061,0.0059107344974562446,-0.0007688621137591839
indefinite_noisy_global,96100252,random_growth128,0.004830593239842755,0.005561754105195986,-0.0007311608653532307
indefinite_noisy_global,96100253,random_growth128,0.004489479262833699,0.004474542052574192,1.4937210259506443e-05
indefinite_noisy_global,96100254,random_growth128,0.006709273089052917,0.007453927940627694,-0.0007446548515747768
indefinite_noisy_global,96100255,random_growth128,0.006330020298277555,0.00617166852676495,0.00015835177151260482
indefinite_noisy_global,96100000,random_growth138,0.006947343034506338,0.006014868903617438,0.0009324741308888995
indefinite_noisy_global,96100001,random_growth138,0.003691898274773941,0.004152958379747131,-0.0004610601049731904
indefinite_noisy_global,96100002,random_growth138,0.005003970542640941,0.00568776813952038,-0.000683797596879439
indefinite_noisy_global,96100003,random_growth138,0.003942267792808218,0.004296592665359712,-0.0003543248725514942
indefinite_noisy_global,96100004,random_growth138,0.006740415512290311,0.005996739812865442,0.0007436756994248696
indefinite_noisy_global,96100005,random_growth138,0.006376889627033691,0.008022016699880457,-0.0016451270728467665
indefinite_noisy_global,96100006,random_growth138,0.006322492890139805,0.007274214376829124,-0.000951721486689319
indefinite_noisy_global,96100007,random_growth138,0.004115585536805062,0.00500592396910387,-0.0008903384322988079
indefinite_noisy_global,96100008,random_growth138,0.004544018984462791,0.004581095623493086,-3.707663903029443e-05
indefinite_noisy_global,96100009,random_growth138,0.006098038283878848,0.007246251464279879,-0.0011482131804010313
indefinite_noisy_global,96100010,random_growth138,0.004647785595342551,0.004177486266649322,0.0004702993286932293
indefinite_noisy_global,96100011,random_growth138,0.005541889012863212,0.006380338858164148,-0.0008384498453009367
indefinite_noisy_global,96100012,random_growth138,0.005705608585303631,0.0060187901803205966,-0.00031318159501696544
indefinite_noisy_global,96100013,random_growth138,0.0038914398882128097,0.004936346460436732,-0.0010449065722239219
indefinite_noisy_global,96100014,random_growth138,0.007173131498963267,0.007516559025540551,-0.0003434275265772847
indefinite_noisy_global,96100015,random_growth138,0.0063704994169261385,0.005986973084128602,0.0003835263327975364
indefinite_noisy_global,96100016,random_growth138,0.004538900433134356,0.005408176603797042,-0.0008692761706626858
indefinite_noisy_global,96100017,random_growth138,0.005209142765410327,0.004881351551207632,0.00032779121420269466
indefinite_noisy_global,96100018,random_growth138,0.0045741932933605406,0.004452125017460209,0.00012206827590033158
indefinite_noisy_global,96100019,random_growth138,0.005187015253217297,0.005600079394350547,-0.00041306414113325036
indefinite_noisy_global,96100020,random_growth138,0.006215833586115857,0.007642826423949427,-0.00142699283783357
indefinite_noisy_global,96100021,random_growth138,0.005880935557876491,0.005385494905862323,0.0004954406520141681
indefinite_noisy_global,96100022,random_growth138,0.008897883369150457,0.009114372495638052,-0.00021648912648759497
indefinite_noisy_global,96100023,random_growth138,0.004817407909660845,0.0074350629970076415,-0.0026176550873467964
indefinite_noisy_global,96100024,random_growth138,0.004920065296591701,0.004922111639120773,-2.0463425290714182e-06
indefinite_noisy_global,96100025,random_growth138,0.005162484889507803,0.00599656396732179,-0.0008340790778139876
indefinite_noisy_global,96100026,random_growth138,0.006570651259765701,0.007520985250274194,-0.0009503339905084923
indefinite_noisy_global,96100027,random_growth138,0.004309408544647778,0.005405475101308123,-0.0010960665566603451
indefinite_noisy_global,96100028,random_growth138,0.004480897617881741,0.005908349800753531,-0.0014274521828717907
indefinite_noisy_global,96100029,random_growth138,0.004823409466826499,0.004514152825527284,0.00030925664129921506
indefinite_noisy_global,96100030,random_growth138,0.0055368837330290474,0.007415837511491972,-0.0018789537784629244
indefinite_noisy_global,96100031,random_growth138,0.0036769373288918403,0.005104750422204624,-0.0014278130933127833
indefinite_noisy_global,96100032,random_growth138,0.007846050780505454,0.007016782327997222,0.0008292684525082316
indefinite_noisy_global,96100033,random_growth138,0.004127614380529914,0.00559514032199553,-0.0014675259414656163
indefinite_noisy_global,96100034,random_growth138,0.003850023053306212,0.004917929802134649,-0.0010679067488284372
indefinite_noisy_global,96100035,random_growth138,0.005197995498727709,0.006007746107360674,-0.0008097506086329649
indefinite_noisy_global,96100036,random_growth138,0.00566358521373082,0.005312673953609282,0.0003509112601215378
indefinite_noisy_global,96100037,random_growth138,0.00344509501598473,0.004283208530675579,-0.0008381135146908491
indefinite_noisy_global,96100038,random_growth138,0.006113150603068817,0.005863488290349411,0.0002496623127194054
indefinite_noisy_global,96100039,random_growth138,0.00473510243468622,0.0036523962642635785,0.0010827061704226414
indefinite_noisy_global,96100040,random_growth138,0.005491755336824722,0.005164667305376815,0.00032708803144790646
indefinite_noisy_global,96100041,random_growth138,0.004614756048285696,0.006291810413202244,-0.0016770543649165482
indefinite_noisy_global,96100042,random_growth138,0.005586263740562627,0.005071654258249763,0.0005146094823128642
indefinite_noisy_global,96100043,random_growth138,0.006017914909675965,0.0073647774173319115,-0.0013468625076559467
indefinite_noisy_global,96100044,random_growth138,0.004650018230772658,0.0056789197532855175,-0.0010289015225128598
indefinite_noisy_global,96100045,random_growth138,0.004584875109758448,0.004677457731384117,-9.258262162566838e-05
indefinite_noisy_global,96100046,random_growth138,0.005618420735238004,0.00491027698670834,0.0007081437485296641
indefinite_noisy_global,96100047,random_growth138,0.005140672227081459,0.005530579476148919,-0.00038990724906745947
indefinite_noisy_global,96100048,random_growth138,0.004888108510520213,0.005796526463842132,-0.0009084179533219187
indefinite_noisy_global,96100049,random_growth138,0.005413326500301333,0.005361178650769048,5.214784953228458e-05
indefinite_noisy_global,96100050,random_growth138,0.004673652823783496,0.006026970033064924,-0.0013533172092814278
indefinite_noisy_global,96100051,random_growth138,0.005663120070057886,0.006000113679236846,-0.0003369936091789597
indefinite_noisy_global,96100052,random_growth138,0.006362631879857917,0.006734313369832035,-0.00037168148997411814
indefinite_noisy_global,96100053,random_growth138,0.006692254046064684,0.006480147445784674,0.00021210660028000983
indefinite_noisy_global,96100054,random_growth138,0.0052880290410745176,0.005431632127899156,-0.00014360308682463858
indefinite_noisy_global,96100055,random_growth138,0.006628198510608932,0.006078453461955713,0.0005497450486532185
indefinite_noisy_global,96100056,random_growth138,0.006184409593169983,0.00739543079089432,-0.0012110211977243374
indefinite_noisy_global,96100057,random_growth138,0.006924681392718645,0.006525310572003357,0.00039937082071528785
indefinite_noisy_global,96100058,random_growth138,0.004426079859962004,0.0051942298317066895,-0.0007681499717446857
indefinite_noisy_global,96100059,random_growth138,0.005391398061042297,0.005215472765856054,0.00017592529518624216
indefinite_noisy_global,96100060,random_growth138,0.005682380332205863,0.005254359752559016,0.0004280205796468473
indefinite_noisy_global,96100061,random_growth138,0.006553946022807245,0.006311630006546344,0.0002423160162609017
indefinite_noisy_global,96100062,random_growth138,0.007064432171850375,0.005750970404366811,0.0013134617674835638
indefinite_noisy_global,96100063,random_growth138,0.005273406398274052,0.00583537606660618,-0.0005619696683321282
indefinite_noisy_global,96100064,random_growth138,0.005362059042983517,0.005634765484110975,-0.0002727064411274585
indefinite_noisy_global,96100065,random_growth138,0.0055642059982268345,0.005891927170240603,-0.00032772117201376825
indefinite_noisy_global,96100066,random_growth138,0.004727241458046723,0.00418412034760507,0.0005431211104416529
indefinite_noisy_global,96100067,random_growth138,0.004093507561636488,0.0034664529760598246,0.0006270545855766633
indefinite_noisy_global,96100068,random_growth138,0.00504014438044097,0.006206838258425515,-0.0011666938779845443
indefinite_noisy_global,96100069,random_growth138,0.00498530346625668,0.004505088193251628,0.0004802152730050517
indefinite_noisy_global,96100070,random_growth138,0.006369527957100862,0.007340447937595024,-0.0009709199804941622
indefinite_noisy_global,96100071,random_growth138,0.00510008636455877,0.005102746429673391,-2.6600651146209756e-06
indefinite_noisy_global,96100072,random_growth138,0.004904030321515496,0.005017182185047863,-0.00011315186353236684
indefinite_noisy_global,96100073,random_growth138,0.0039972916494056656,0.004284180023229688,-0.00028688837382402285
indefinite_noisy_global,96100074,random_growth138,0.006268791070259437,0.006563004777256348,-0.00029421370699691043
indefinite_noisy_global,96100075,random_growth138,0.0038967314245393586,0.005342450592488603,-0.0014457191679492442
indefinite_noisy_global,96100076,random_growth138,0.004848406606240515,0.004920443195087303,-7.203658884678832e-05
indefinite_noisy_global,96100077,random_growth138,0.005273424608702079,0.005279840060079524,-6.415451377445036e-06
indefinite_noisy_global,96100078,random_growth138,0.006387830627743235,0.006153032352312202,0.00023479827543103262
indefinite_noisy_global,96100079,random_growth138,0.004843725196909258,0.0060357622297280925,-0.0011920370328188344
indefinite_noisy_global,96100080,random_growth138,0.0057823786476109,0.00786386179853499,-0.0020814831509240895
indefinite_noisy_global,96100081,random_growth138,0.00467164302096314,0.006859373721791421,-0.0021877307008282814
indefinite_noisy_global,96100082,random_growth138,0.005314836386541232,0.004954888946816588,0.00035994743972464407
indefinite_noisy_global,96100083,random_growth138,0.005428197111968031,0.006882849190899424,-0.0014546520789313925
indefinite_noisy_global,96100084,random_growth138,0.0062140413877600975,0.006277841703432268,-6.380031567217084e-05
indefinite_noisy_global,96100085,random_growth138,0.006252554815454032,0.005920498621012968,0.0003320561944410638
indefinite_noisy_global,96100086,random_growth138,0.0034140418258442854,0.0047756966360925045,-0.0013616548102482191
indefinite_noisy_global,96100087,random_growth138,0.006628857919099246,0.00844190632781258,-0.0018130484087133343
indefinite_noisy_global,96100088,random_growth138,0.004286157106647727,0.003968419383089433,0.00031773772355829337
indefinite_noisy_global,96100089,random_growth138,0.005523991597763982,0.005486456637220892,3.753496054309004e-05
indefinite_noisy_global,96100090,random_growth138,0.005382486326905314,0.0053133785021933985,6.910782471191562e-05
indefinite_noisy_global,96100091,random_growth138,0.00602811515172007,0.005580259317521166,0.000447855834198904
indefinite_noisy_global,96100092,random_growth138,0.00503115525063916,0.0045760646386151915,0.00045509061202396884
indefinite_noisy_global,96100093,random_growth138,0.005566287475727316,0.006524572002996548,-0.000958284527269232
indefinite_noisy_global,96100094,random_growth138,0.0043688467857752366,0.006023326868857301,-0.0016544800830820645
indefinite_noisy_global,96100095,random_growth138,0.005873534010986416,0.006310628898357794,-0.0004370948873713776
indefinite_noisy_global,96100096,random_growth138,0.005061858762381064,0.004751496418571673,0.00031036234380939134
indefinite_noisy_global,96100097,random_growth138,0.006138231262892534,0.00664169955152459,-0.0005034682886320557
indefinite_noisy_global,96100098,random_growth138,0.005652565372292726,0.005367839391921484,0.0002847259803712421
indefinite_noisy_global,96100099,random_growth138,0.006529430317226798,0.006245841093241176,0.0002835892239856216
indefinite_noisy_global,96100100,random_growth138,0.004496470027527744,0.006059051695733376,-0.0015625816682056318
indefinite_noisy_global,96100101,random_growth138,0.004884777153721419,0.005140633999436647,-0.0002558568457152275
indefinite_noisy_global,96100102,random_growth138,0.004860624636772137,0.005900297460501676,-0.0010396728237295396
indefinite_noisy_global,96100103,random_growth138,0.005350880446481093,0.004547956668811013,0.0008029237776700799
indefinite_noisy_global,96100104,random_growth138,0.004581800478865249,0.00577954121331804,-0.0011977407344527912
indefinite_noisy_global,96100105,random_growth138,0.0077236538633353976,0.007258771772309039,0.000464882091026359
indefinite_noisy_global,96100106,random_growth138,0.005881916864793543,0.004993759541891506,0.0008881573229020372
indefinite_noisy_global,96100107,random_growth138,0.005053830192981005,0.006541959697806753,-0.0014881295048257484
indefinite_noisy_global,96100108,random_growth138,0.004904065578729998,0.006143177531042784,-0.0012391119523127861
indefinite_noisy_global,96100109,random_growth138,0.004910180989912445,0.004671574982727093,0.00023860600718535185
indefinite_noisy_global,96100110,random_growth138,0.0038213815669631513,0.005315412248272108,-0.0014940306813089567
indefinite_noisy_global,96100111,random_growth138,0.0060237830121582575,0.0067660933183649186,-0.0007423103062066611
indefinite_noisy_global,96100112,random_growth138,0.006803435641493819,0.005625431600958735,0.0011780040405350838
indefinite_noisy_global,96100113,random_growth138,0.005675090516786182,0.00606815491727194,-0.00039306440048575766
indefinite_noisy_global,96100114,random_growth138,0.005591671200271123,0.004514084786714593,0.0010775864135565303
indefinite_noisy_global,96100115,random_growth138,0.005944424300867225,0.007064062680096975,-0.00111963837922975
indefinite_noisy_global,96100116,random_growth138,0.004276425649020096,0.004487916346927709,-0.0002114906979076136
indefinite_noisy_global,96100117,random_growth138,0.006761340318273542,0.005205013607922448,0.0015563267103510942
indefinite_noisy_global,96100118,random_growth138,0.0056246853530749685,0.006439745536388892,-0.0008150601833139233
indefinite_noisy_global,96100119,random_growth138,0.005052490681084807,0.008249236515793432,-0.003196745834708625
indefinite_noisy_global,96100120,random_growth138,0.004531812626066905,0.004770876191342609,-0.00023906356527570328
indefinite_noisy_global,96100121,random_growth138,0.00638369681785299,0.007919211855382408,-0.0015355150375294183
indefinite_noisy_global,96100122,random_growth138,0.0051612089772385345,0.005089792554158907,7.141642307962725e-05
indefinite_noisy_global,96100123,random_growth138,0.006136481757670991,0.006662149162163417,-0.0005256674044924262
indefinite_noisy_global,96100124,random_growth138,0.006366514362048002,0.005580686950072223,0.0007858274119757792
indefinite_noisy_global,96100125,random_growth138,0.0042036223001451775,0.005273995603421962,-0.0010703733032767842
indefinite_noisy_global,96100126,random_growth138,0.005946308339571493,0.005767136522193831,0.00017917181737766262
indefinite_noisy_global,96100127,random_growth138,0.004553818976662066,0.007767631920293905,-0.0032138129436318393
indefinite_noisy_global,96100128,random_growth138,0.005223475347955429,0.0067343841092257425,-0.0015109087612703133
indefinite_noisy_global,96100129,random_growth138,0.008085012837869644,0.007714416844289909,0.00037059599357973545
indefinite_noisy_global,96100130,random_growth138,0.005038290548955372,0.006539479974072538,-0.0015011894251171663
indefinite_noisy_global,96100131,random_growth138,0.005462237436080227,0.005731669047578785,-0.00026943161149855805
indefinite_noisy_global,96100132,random_growth138,0.0037824724624757407,0.004928457087211178,-0.0011459846247354375
indefinite_noisy_global,96100133,random_growth138,0.0055443381123953086,0.00591366948287575,-0.0003693313704804411
indefinite_noisy_global,96100134,random_growth138,0.005301015700052377,0.005848135150050414,-0.0005471194499980367
indefinite_noisy_global,96100135,random_growth138,0.005194594143574837,0.005271041492514799,-7.644734893996145e-05
indefinite_noisy_global,96100136,random_growth138,0.0036583464834430072,0.003966921232844258,-0.0003085747494012505
indefinite_noisy_global,96100137,random_growth138,0.006408310956055016,0.006608966556331521,-0.00020065560027650482
indefinite_noisy_global,96100138,random_growth138,0.006642441334024123,0.00666299014609375,-2.0548812069626395e-05
indefinite_noisy_global,96100139,random_growth138,0.005933292403968238,0.00521532934663271,0.0007179630573355281
indefinite_noisy_global,96100140,random_growth138,0.004488741318801879,0.005400425080256479,-0.0009116837614545998
indefinite_noisy_global,96100141,random_growth138,0.004116121112374557,0.003861940945417262,0.0002541801669572949
indefinite_noisy_global,96100142,random_growth138,0.005489471224528178,0.003869201999232756,0.0016202692252954222
indefinite_noisy_global,96100143,random_growth138,0.0031427548415507824,0.004740464120975773,-0.0015977092794249902
indefinite_noisy_global,96100144,random_growth138,0.006456092481012621,0.00512365874542871,0.0013324337355839115
indefinite_noisy_global,96100145,random_growth138,0.0039712246254844374,0.004389776026244088,-0.0004185514007596508
indefinite_noisy_global,96100146,random_growth138,0.005089086996098427,0.005716423870399032,-0.000627336874300605
indefinite_noisy_global,96100147,random_growth138,0.004045723666618703,0.004825744989846811,-0.000780021323228108
indefinite_noisy_global,96100148,random_growth138,0.005697943382529493,0.0068744937685764574,-0.0011765503860469645
indefinite_noisy_global,96100149,random_growth138,0.005371202721097852,0.0054684105566988606,-9.720783560100872e-05
indefinite_noisy_global,96100150,random_growth138,0.004977796173497225,0.00597871744041714,-0.001000921266919915
indefinite_noisy_global,96100151,random_growth138,0.005515414176734971,0.006690533364894431,-0.0011751191881594599
indefinite_noisy_global,96100152,random_growth138,0.005487209674619633,0.005116742691570295,0.00037046698304933883
indefinite_noisy_global,96100153,random_growth138,0.00510444711264374,0.006425198473227523,-0.0013207513605837835
indefinite_noisy_global,96100154,random_growth138,0.005845416523209183,0.004816492259843078,0.0010289242633661055
indefinite_noisy_global,96100155,random_growth138,0.004483977380221941,0.006179018480782865,-0.0016950411005609237
indefinite_noisy_global,96100156,random_growth138,0.006322522255753266,0.005125922192167592,0.001196600063585674
indefinite_noisy_global,96100157,random_growth138,0.004733416463978911,0.006074034035644245,-0.0013406175716653345
indefinite_noisy_global,96100158,random_growth138,0.0057019179492613856,0.00644768796549051,-0.0007457700162291246
indefinite_noisy_global,96100159,random_growth138,0.006192209127315899,0.007167858098730802,-0.0009756489714149033
indefinite_noisy_global,96100160,random_growth138,0.004429170207735326,0.005722550247814176,-0.0012933800400788502
indefinite_noisy_global,96100161,random_growth138,0.004389810856435019,0.004232585891348942,0.0001572249650860771
indefinite_noisy_global,96100162,random_growth138,0.006855892620382344,0.006391237692097346,0.00046465492828499846
indefinite_noisy_global,96100163,random_growth138,0.00508215488519581,0.005258595511875251,-0.0001764406266794409
indefinite_noisy_global,96100164,random_growth138,0.005314453375985077,0.005337057788026519,-2.2604412041442486e-05
indefinite_noisy_global,96100165,random_growth138,0.005998176840858542,0.006572356138465108,-0.0005741792976065663
indefinite_noisy_global,96100166,random_growth138,0.005838128529806625,0.006447931093939789,-0.0006098025641331634
indefinite_noisy_global,96100167,random_growth138,0.004129751273078628,0.004383133308638703,-0.00025338203556007476
indefinite_noisy_global,96100168,random_growth138,0.008266427084339653,0.005932303500901544,0.002334123583438109
indefinite_noisy_global,96100169,random_growth138,0.004370506734406165,0.004780690022464555,-0.00041018328805839024
indefinite_noisy_global,96100170,random_growth138,0.004767821773018707,0.005905226436423164,-0.0011374046634044562
indefinite_noisy_global,96100171,random_growth138,0.004270652310814886,0.005448205608046958,-0.0011775532972320719
indefinite_noisy_global,96100172,random_growth138,0.005281803423558679,0.005782460703133238,-0.0005006572795745587
indefinite_noisy_global,96100173,random_growth138,0.004672828574222249,0.006055177156704221,-0.0013823485824819718
indefinite_noisy_global,96100174,random_growth138,0.00519500239713223,0.006361599778850118,-0.0011665973817178883
indefinite_noisy_global,96100175,random_growth138,0.005123519436109873,0.007410449916905551,-0.002286930480795678
indefinite_noisy_global,96100176,random_growth138,0.0052501538153707375,0.006268157119376643,-0.0010180033040059055
indefinite_noisy_global,96100177,random_growth138,0.004555382664697756,0.0038348767240277437,0.0007205059406700126
indefinite_noisy_global,96100178,random_growth138,0.004759078248650562,0.00563759197458225,-0.0008785137259316881
indefinite_noisy_global,96100179,random_growth138,0.004918553211025528,0.005334910325070121,-0.0004163571140445932
indefinite_noisy_global,96100180,random_growth138,0.006858014445424595,0.0073814984965197864,-0.0005234840510951917
indefinite_noisy_global,96100181,random_growth138,0.004226935164584958,0.004123537969313327,0.0001033971952716312
indefinite_noisy_global,96100182,random_growth138,0.005709934162313393,0.007515271317332466,-0.0018053371550190737
indefinite_noisy_global,96100183,random_growth138,0.004747941759172695,0.005627599469897046,-0.0008796577107243516
indefinite_noisy_global,96100184,random_growth138,0.008034125629285745,0.00926652895059464,-0.0012324033213088961
indefinite_noisy_global,96100185,random_growth138,0.0051359077026952036,0.006035366936878308,-0.0008994592341831044
indefinite_noisy_global,96100186,random_growth138,0.004387374712160684,0.004596185493881197,-0.00020881078172051322
indefinite_noisy_global,96100187,random_growth138,0.005853148305288721,0.005301014929064581,0.0005521333762241402
indefinite_noisy_global,96100188,random_growth138,0.005791859960705941,0.007887917495158594,-0.0020960575344526533
indefinite_noisy_global,96100189,random_growth138,0.0043873728179298814,0.004334565975211897,5.2806842717984664e-05
indefinite_noisy_global,96100190,random_growth138,0.005179789335839761,0.005407176168070727,-0.000227386832230966
indefinite_noisy_global,96100191,random_growth138,0.00513559084121868,0.005025441041741603,0.00011014979947707778
indefinite_noisy_global,96100192,random_growth138,0.008421193176027348,0.007228991425531652,0.0011922017504956955
indefinite_noisy_global,96100193,random_growth138,0.003826298878189099,0.004974473149627278,-0.0011481742714381789
indefinite_noisy_global,96100194,random_growth138,0.00705627490466424,0.005251653804804269,0.0018046210998599712
indefinite_noisy_global,96100195,random_growth138,0.004837746699648512,0.00454850771662851,0.000289238983020002
indefinite_noisy_global,96100196,random_growth138,0.004412927991483709,0.0052953730417563604,-0.0008824450502726514
indefinite_noisy_global,96100197,random_growth138,0.0066255752309982464,0.006318101011737148,0.0003074742192610983
indefinite_noisy_global,96100198,random_growth138,0.005905124929723738,0.007951028855351415,-0.002045903925627677
indefinite_noisy_global,96100199,random_growth138,0.004720953893673023,0.004545497439614308,0.0001754564540587143
indefinite_noisy_global,96100200,random_growth138,0.00544298453174404,0.005094308359880949,0.0003486761718630906
indefinite_noisy_global,96100201,random_growth138,0.005590677129952531,0.006181205281330493,-0.0005905281513779621
indefinite_noisy_global,96100202,random_growth138,0.005561031260491721,0.006567235705901981,-0.00100620444541026
indefinite_noisy_global,96100203,random_growth138,0.003525267557628886,0.0053715998168944006,-0.0018463322592655144
indefinite_noisy_global,96100204,random_growth138,0.004301628660275618,0.004853921064485424,-0.0005522924042098056
indefinite_noisy_global,96100205,random_growth138,0.007308678753577203,0.0072831066574052744,2.5572096171928675e-05
indefinite_noisy_global,96100206,random_growth138,0.007258554260088861,0.007507261052408721,-0.0002487067923198595
indefinite_noisy_global,96100207,random_growth138,0.005526404712316317,0.005799034533159182,-0.00027262982084286496
indefinite_noisy_global,96100208,random_growth138,0.006296508847636664,0.006634541270175556,-0.00033803242253889216
indefinite_noisy_global,96100209,random_growth138,0.007777309546465109,0.00971330448692562,-0.0019359949404605115
indefinite_noisy_global,96100210,random_growth138,0.005157438130664698,0.005255773017188755,-9.833488652405669e-05
indefinite_noisy_global,96100211,random_growth138,0.006174995080522397,0.007116508091611178,-0.0009415130110887815
indefinite_noisy_global,96100212,random_growth138,0.00833603905045022,0.006687635617110531,0.0016484034333396893
indefinite_noisy_global,96100213,random_growth138,0.006149324684451022,0.006927917011957569,-0.0007785923275065469
indefinite_noisy_global,96100214,random_growth138,0.004035561661660849,0.004335944662924293,-0.00030038300126344376
indefinite_noisy_global,96100215,random_growth138,0.003932272182291911,0.004606566876441969,-0.0006742946941500575
indefinite_noisy_global,96100216,random_growth138,0.005213285636831338,0.0058328947870672975,-0.0006196091502359592
indefinite_noisy_global,96100217,random_growth138,0.004129286524449347,0.004432167370400967,-0.0003028808459516197
indefinite_noisy_global,96100218,random_growth138,0.004345037956472762,0.005410455195480936,-0.0010654172390081743
indefinite_noisy_global,96100219,random_growth138,0.004814238709121388,0.006087552716741159,-0.0012733140076197713
indefinite_noisy_global,96100220,random_growth138,0.0036753985619380996,0.004721803747290648,-0.0010464051853525482
indefinite_noisy_global,96100221,random_growth138,0.003961473297453094,0.0056865423535465195,-0.0017250690560934251
indefinite_noisy_global,96100222,random_growth138,0.005598902006971435,0.00541357640225476,0.00018532560471667524
indefinite_noisy_global,96100223,random_growth138,0.00611237530303732,0.006861913846889198,-0.0007495385438518786
indefinite_noisy_global,96100224,random_growth138,0.0050858910459057795,0.005377760209438431,-0.0002918691635326511
indefinite_noisy_global,96100225,random_growth138,0.004424700581802024,0.0056384015183605,-0.0012137009365584756
indefinite_noisy_global,96100226,random_growth138,0.004814767326426315,0.004934412526567713,-0.00011964520014139807
indefinite_noisy_global,96100227,random_growth138,0.005466781189523828,0.0042612849821409724,0.0012054962073828552
indefinite_noisy_global,96100228,random_growth138,0.006015947278016303,0.007184631200387418,-0.0011686839223711146
indefinite_noisy_global,96100229,random_growth138,0.004220449623142787,0.004824469704947607,-0.0006040200818048201
indefinite_noisy_global,96100230,random_growth138,0.004335383266175461,0.005975308186683023,-0.0016399249205075617
indefinite_noisy_global,96100231,random_growth138,0.006300568648385949,0.007659329482727381,-0.0013587608343414315
indefinite_noisy_global,96100232,random_growth138,0.005968879851440996,0.0067134249992692515,-0.0007445451478282558
indefinite_noisy_global,96100233,random_growth138,0.004140866266147104,0.0043152113139431824,-0.0001743450477960781
indefinite_noisy_global,96100234,random_growth138,0.0045761366891572,0.0045131446173581466,6.299207179905324e-05
indefinite_noisy_global,96100235,random_growth138,0.004220831129617217,0.005724008636036896,-0.0015031775064196793
indefinite_noisy_global,96100236,random_growth138,0.004105914191276623,0.004575410773942292,-0.000469496582665669
indefinite_noisy_global,96100237,random_growth138,0.005379740939167714,0.00417877260126275,0.0012009683379049637
indefinite_noisy_global,96100238,random_growth138,0.005902014460481691,0.006953314071832956,-0.001051299611351265
indefinite_noisy_global,96100239,random_growth138,0.005029681768536169,0.006687153453621009,-0.0016574716850848402
indefinite_noisy_global,96100240,random_growth138,0.006150866199895055,0.0074703574106328805,-0.0013194912107378255
indefinite_noisy_global,96100241,random_growth138,0.004139259384912142,0.00476921978086073,-0.0006299603959485879
indefinite_noisy_global,96100242,random_growth138,0.006155708561105577,0.005242364306163738,0.0009133442549418393
indefinite_noisy_global,96100243,random_growth138,0.004875502232181367,0.003999804395112503,0.0008756978370688647
indefinite_noisy_global,96100244,random_growth138,0.0067754000792838226,0.0060375370774203,0.0007378630018635224
indefinite_noisy_global,96100245,random_growth138,0.005116120885391116,0.005312663727898404,-0.00019654284250728796
indefinite_noisy_global,96100246,random_growth138,0.006353322077528982,0.0061555573285275375,0.00019776474900144465
indefinite_noisy_global,96100247,random_growth138,0.005534362699559145,0.005660121231299156,-0.00012575853174001065
indefinite_noisy_global,96100248,random_growth138,0.00659369933128633,0.006130492588330869,0.0004632067429554609
indefinite_noisy_global,96100249,random_growth138,0.004684318738175461,0.004766799630795861,-8.248089262040056e-05
indefinite_noisy_global,96100250,random_growth138,0.004119039022470064,0.006084310267382327,-0.0019652712449122634
indefinite_noisy_global,96100251,random_growth138,0.005141872383697061,0.005097700517587439,4.417186610962149e-05
indefinite_noisy_global,96100252,random_growth138,0.004830593239842755,0.007581689774559986,-0.002751096534717231
indefinite_noisy_global,96100253,random_growth138,0.004489479262833699,0.004690914390885035,-0.0002014351280513367
indefinite_noisy_global,96100254,random_growth138,0.006709273089052917,0.006914011450403925,-0.00020473836135100846
indefinite_noisy_global,96100255,random_growth138,0.006330020298277555,0.0058396415819998194,0.0004903787162777356
indefinite_noisy_global,96100000,fixed7,0.006947343034506338,0.004402293380410235,0.0025450496540961026
indefinite_noisy_global,96100001,fixed7,0.003691898274773941,0.00404527940785504,-0.00035338113308109936
indefinite_noisy_global,96100002,fixed7,0.005003970542640941,0.004836359095662429,0.00016761144697851216
indefinite_noisy_global,96100003,fixed7,0.003942267792808218,0.5493268095399018,-0.5453845417470935
indefinite_noisy_global,96100004,fixed7,0.006740415512290311,0.005518661255961482,0.001221754256328829
indefinite_noisy_global,96100005,fixed7,0.006376889627033691,0.007201759684692406,-0.0008248700576587156
indefinite_noisy_global,96100006,fixed7,0.006322492890139805,0.007864343205208369,-0.0015418503150685641
indefinite_noisy_global,96100007,fixed7,0.004115585536805062,0.00478433071721816,-0.0006687451804130978
indefinite_noisy_global,96100008,fixed7,0.004544018984462791,0.004230875238172616,0.0003131437462901756
indefinite_noisy_global,96100009,fixed7,0.006098038283878848,0.004530406318191748,0.0015676319656870996
indefinite_noisy_global,96100010,fixed7,0.004647785595342551,0.005142873811463819,-0.0004950882161212679
indefinite_noisy_global,96100011,fixed7,0.005541889012863212,0.0045184693635017,0.0010234196493615118
indefinite_noisy_global,96100012,fixed7,0.005705608585303631,0.005837695258199649,-0.00013208667289601756
indefinite_noisy_global,96100013,fixed7,0.0038914398882128097,0.0043295751416329705,-0.0004381352534201608
indefinite_noisy_global,96100014,fixed7,0.007173131498963267,0.00675560440286554,0.000417527096097727
indefinite_noisy_global,96100015,fixed7,0.0063704994169261385,0.00589313492359306,0.00047736449333307847
indefinite_noisy_global,96100016,fixed7,0.004538900433134356,0.0053690283165965975,-0.0008301278834622417
indefinite_noisy_global,96100017,fixed7,0.005209142765410327,0.005524461528737199,-0.0003153187633268715
indefinite_noisy_global,96100018,fixed7,0.0045741932933605406,0.004216487374437216,0.0003577059189233244
indefinite_noisy_global,96100019,fixed7,0.005187015253217297,0.005172023181686481,1.4992071530815256e-05
indefinite_noisy_global,96100020,fixed7,0.006215833586115857,0.0064985277574497475,-0.00028269417133389065
indefinite_noisy_global,96100021,fixed7,0.005880935557876491,0.0046691544241412196,0.0012117811337352714
indefinite_noisy_global,96100022,fixed7,0.008897883369150457,0.0067837594460729315,0.0021141239230775257
indefinite_noisy_global,96100023,fixed7,0.004817407909660845,0.006943028895055061,-0.002125620985394216
indefinite_noisy_global,96100024,fixed7,0.004920065296591701,0.0048922179630299005,2.784733356180069e-05
indefinite_noisy_global,96100025,fixed7,0.005162484889507803,0.08937505294363879,-0.08421256805413099
indefinite_noisy_global,96100026,fixed7,0.006570651259765701,0.0060422586212901435,0.0005283926384755579
indefinite_noisy_global,96100027,fixed7,0.004309408544647778,0.006088518092613909,-0.0017791095479661309
indefinite_noisy_global,96100028,fixed7,0.004480897617881741,0.00402332397341553,0.0004575736444662106
indefinite_noisy_global,96100029,fixed7,0.004823409466826499,0.004653461605263127,0.00016994786156337201
indefinite_noisy_global,96100030,fixed7,0.0055368837330290474,0.006050040615077465,-0.0005131568820484177
indefinite_noisy_global,96100031,fixed7,0.0036769373288918403,0.004327782912449107,-0.0006508455835572669
indefinite_noisy_global,96100032,fixed7,0.007846050780505454,0.00616784881036331,0.0016782019701421435
indefinite_noisy_global,96100033,fixed7,0.004127614380529914,0.004386995947722564,-0.00025938156719265
indefinite_noisy_global,96100034,fixed7,0.003850023053306212,0.0044319806547634425,-0.0005819576014572305
indefinite_noisy_global,96100035,fixed7,0.005197995498727709,0.0058149592623942615,-0.0006169637636665526
indefinite_noisy_global,96100036,fixed7,0.00566358521373082,0.0044899151229598954,0.0011736700907709246
indefinite_noisy_global,96100037,fixed7,0.00344509501598473,0.004134008078098971,-0.0006889130621142406
indefinite_noisy_global,96100038,fixed7,0.006113150603068817,0.005032264206345109,0.0010808863967237074
indefinite_noisy_global,96100039,fixed7,0.00473510243468622,0.00358235934096797,0.00115274309371825
indefinite_noisy_global,96100040,fixed7,0.005491755336824722,0.003862717396337873,0.0016290379404868488
indefinite_noisy_global,96100041,fixed7,0.004614756048285696,0.005412211509516061,-0.0007974554612303654
indefinite_noisy_global,96100042,fixed7,0.005586263740562627,0.004441844782817207,0.0011444189577454198
indefinite_noisy_global,96100043,fixed7,0.006017914909675965,0.005032956566400718,0.000984958343275247
indefinite_noisy_global,96100044,fixed7,0.004650018230772658,0.004460599440440851,0.0001894187903318063
indefinite_noisy_global,96100045,fixed7,0.004584875109758448,0.004694260049991525,-0.00010938494023307686
indefinite_noisy_global,96100046,fixed7,0.005618420735238004,0.004768306238001035,0.0008501144972369694
indefinite_noisy_global,96100047,fixed7,0.005140672227081459,0.005879221652697476,-0.0007385494256160171
indefinite_noisy_global,96100048,fixed7,0.004888108510520213,0.003914113817260202,0.0009739946932600116
indefinite_noisy_global,96100049,fixed7,0.005413326500301333,0.004686242184929232,0.0007270843153721011
indefinite_noisy_global,96100050,fixed7,0.004673652823783496,0.005535124254504484,-0.0008614714307209883
indefinite_noisy_global,96100051,fixed7,0.005663120070057886,0.006156840639482043,-0.0004937205694241567
indefinite_noisy_global,96100052,fixed7,0.006362631879857917,0.004963125769629022,0.0013995061102288955
indefinite_noisy_global,96100053,fixed7,0.006692254046064684,0.005564300305240143,0.0011279537408245407
indefinite_noisy_global,96100054,fixed7,0.0052880290410745176,0.0051240475313566,0.00016398150971791772
indefinite_noisy_global,96100055,fixed7,0.006628198510608932,0.005868532733553152,0.0007596657770557796
indefinite_noisy_global,96100056,fixed7,0.006184409593169983,0.005505469728998747,0.0006789398641712362
indefinite_noisy_global,96100057,fixed7,0.006924681392718645,0.0052451254674259155,0.0016795559252927297
indefinite_noisy_global,96100058,fixed7,0.004426079859962004,0.0036991212103292754,0.0007269586496327285
indefinite_noisy_global,96100059,fixed7,0.005391398061042297,0.005330482296174711,6.091576486758586e-05
indefinite_noisy_global,96100060,fixed7,0.005682380332205863,0.006048149113529908,-0.00036576878132404435
indefinite_noisy_global,96100061,fixed7,0.006553946022807245,0.005276197782284042,0.0012777482405232033
indefinite_noisy_global,96100062,fixed7,0.007064432171850375,0.005977779071042621,0.0010866531008077536
indefinite_noisy_global,96100063,fixed7,0.005273406398274052,0.14250578711167097,-0.1372323807133969
indefinite_noisy_global,96100064,fixed7,0.005362059042983517,0.004977379256110942,0.00038467978687257466
indefinite_noisy_global,96100065,fixed7,0.0055642059982268345,0.006380637603571444,-0.0008164316053446098
indefinite_noisy_global,96100066,fixed7,0.004727241458046723,0.004582475750587658,0.0001447657074590651
indefinite_noisy_global,96100067,fixed7,0.004093507561636488,0.0034664759293470252,0.0006270316322894627
indefinite_noisy_global,96100068,fixed7,0.00504014438044097,0.004711479263783175,0.0003286651166577951
indefinite_noisy_global,96100069,fixed7,0.00498530346625668,0.6006574968313904,-0.5956721933651337
indefinite_noisy_global,96100070,fixed7,0.006369527957100862,0.005036287663790439,0.0013332402933104231
indefinite_noisy_global,96100071,fixed7,0.00510008636455877,0.004680739688083275,0.0004193466764754947
indefinite_noisy_global,96100072,fixed7,0.004904030321515496,0.00462788909722157,0.000276141224293926
indefinite_noisy_global,96100073,fixed7,0.0039972916494056656,0.004576464491877926,-0.0005791728424722606
indefinite_noisy_global,96100074,fixed7,0.006268791070259437,0.0067232218908016205,-0.00045443082054218327
indefinite_noisy_global,96100075,fixed7,0.0038967314245393586,0.01859610870689767,-0.01469937728235831
indefinite_noisy_global,96100076,fixed7,0.004848406606240515,0.004941322777461194,-9.291617122067931e-05
indefinite_noisy_global,96100077,fixed7,0.005273424608702079,0.0044056113843373365,0.0008678132243647423
indefinite_noisy_global,96100078,fixed7,0.006387830627743235,0.004783689684519085,0.0016041409432241494
indefinite_noisy_global,96100079,fixed7,0.004843725196909258,0.005473058727211839,-0.0006293335303025806
indefinite_noisy_global,96100080,fixed7,0.0057823786476109,0.006138179417223519,-0.00035580076961261916
indefinite_noisy_global,96100081,fixed7,0.00467164302096314,0.005078635954867911,-0.00040699293390477134
indefinite_noisy_global,96100082,fixed7,0.005314836386541232,0.005020257764246838,0.00029457862229439417
indefinite_noisy_global,96100083,fixed7,0.005428197111968031,0.004882084878971314,0.000546112232996717
indefinite_noisy_global,96100084,fixed7,0.0062140413877600975,0.005091398888848656,0.0011226424989114418
indefinite_noisy_global,96100085,fixed7,0.006252554815454032,0.005350866154471737,0.0009016886609822953
indefinite_noisy_global,96100086,fixed7,0.0034140418258442854,0.004477412106436712,-0.0010633702805924266
indefinite_noisy_global,96100087,fixed7,0.006628857919099246,0.005767989663798422,0.0008608682553008238
indefinite_noisy_global,96100088,fixed7,0.004286157106647727,0.0032298606826802897,0.001056296423967437
indefinite_noisy_global,96100089,fixed7,0.005523991597763982,0.004732432481687515,0.0007915591160764669
indefinite_noisy_global,96100090,fixed7,0.005382486326905314,0.0054957637815409915,-0.00011327745463567736
indefinite_noisy_global,96100091,fixed7,0.00602811515172007,0.00506623135878713,0.00096188379293294
indefinite_noisy_global,96100092,fixed7,0.00503115525063916,0.004913543367832126,0.00011761188280703418
indefinite_noisy_global,96100093,fixed7,0.005566287475727316,0.006027145010136497,-0.00046085753440918125
indefinite_noisy_global,96100094,fixed7,0.0043688467857752366,0.0044602877710965706,-9.1440985321334e-05
indefinite_noisy_global,96100095,fixed7,0.005873534010986416,0.005822314462707865,5.121954827855095e-05
indefinite_noisy_global,96100096,fixed7,0.005061858762381064,0.004129151211734115,0.0009327075506469495
indefinite_noisy_global,96100097,fixed7,0.006138231262892534,0.005580793284227418,0.000557437978665116
indefinite_noisy_global,96100098,fixed7,0.005652565372292726,0.004748564207470219,0.000904001164822507
indefinite_noisy_global,96100099,fixed7,0.006529430317226798,0.005532549795078492,0.0009968805221483058
indefinite_noisy_global,96100100,fixed7,0.004496470027527744,0.005814238173161599,-0.0013177681456338552
indefinite_noisy_global,96100101,fixed7,0.004884777153721419,0.005082010540184952,-0.00019723338646353283
indefinite_noisy_global,96100102,fixed7,0.004860624636772137,0.004773744758589381,8.687987818275546e-05
indefinite_noisy_global,96100103,fixed7,0.005350880446481093,0.0037250678722106053,0.0016258125742704879
indefinite_noisy_global,96100104,fixed7,0.004581800478865249,0.005666730815991112,-0.0010849303371258633
indefinite_noisy_global,96100105,fixed7,0.0077236538633353976,0.06893560035542608,-0.06121194649209068
indefinite_noisy_global,96100106,fixed7,0.005881916864793543,0.005248092590305582,0.0006338242744879609
indefinite_noisy_global,96100107,fixed7,0.005053830192981005,0.0053072995447558426,-0.00025346935177483765
indefinite_noisy_global,96100108,fixed7,0.004904065578729998,0.005490383049008405,-0.0005863174702784068
indefinite_noisy_global,96100109,fixed7,0.004910180989912445,0.004770863855978883,0.00013931713393356207
indefinite_noisy_global,96100110,fixed7,0.0038213815669631513,0.004979780267646732,-0.0011583987006835803
indefinite_noisy_global,96100111,fixed7,0.0060237830121582575,0.004443590000219485,0.0015801930119387726
indefinite_noisy_global,96100112,fixed7,0.006803435641493819,0.0052770907932236525,0.0015263448482701666
indefinite_noisy_global,96100113,fixed7,0.005675090516786182,0.004907862726419556,0.000767227790366626
indefinite_noisy_global,96100114,fixed7,0.005591671200271123,0.004212668580880347,0.0013790026193907763
indefinite_noisy_global,96100115,fixed7,0.005944424300867225,0.005108985419205328,0.0008354388816618962
indefinite_noisy_global,96100116,fixed7,0.004276425649020096,0.0031830007063107764,0.0010934249427093194
indefinite_noisy_global,96100117,fixed7,0.006761340318273542,0.004085120509324967,0.0026762198089485753
indefinite_noisy_global,96100118,fixed7,0.0056246853530749685,0.005607527076467867,1.7158276607101564e-05
indefinite_noisy_global,96100119,fixed7,0.005052490681084807,0.005409954689582334,-0.0003574640084975265
indefinite_noisy_global,96100120,fixed7,0.004531812626066905,0.004506262811194907,2.554981487199858e-05
indefinite_noisy_global,96100121,fixed7,0.00638369681785299,0.007283717018050524,-0.0009000202001975344
indefinite_noisy_global,96100122,fixed7,0.0051612089772385345,0.006140582031493253,-0.0009793730542547183
indefinite_noisy_global,96100123,fixed7,0.006136481757670991,0.005651714462095515,0.0004847672955754761
indefinite_noisy_global,96100124,fixed7,0.006366514362048002,0.004797093567246844,0.0015694207948011582
indefinite_noisy_global,96100125,fixed7,0.0042036223001451775,0.18006057748485388,-0.1758569551847087
indefinite_noisy_global,96100126,fixed7,0.005946308339571493,0.005504165166431063,0.0004421431731404307
indefinite_noisy_global,96100127,fixed7,0.004553818976662066,0.005726119910896702,-0.001172300934234636
indefinite_noisy_global,96100128,fixed7,0.005223475347955429,0.005253895009797925,-3.0419661842496018e-05
indefinite_noisy_global,96100129,fixed7,0.008085012837869644,0.006971728402220669,0.0011132844356489752
indefinite_noisy_global,96100130,fixed7,0.005038290548955372,0.005390728980080728,-0.0003524384311253568
indefinite_noisy_global,96100131,fixed7,0.005462237436080227,0.006133344368460473,-0.0006711069323802462
indefinite_noisy_global,96100132,fixed7,0.0037824724624757407,0.00478442248454558,-0.0010019500220698392
indefinite_noisy_global,96100133,fixed7,0.0055443381123953086,0.006185959415056944,-0.0006416213026616355
indefinite_noisy_global,96100134,fixed7,0.005301015700052377,0.005305920503007832,-4.90480295545475e-06
indefinite_noisy_global,96100135,fixed7,0.005194594143574837,0.004460475221670891,0.0007341189219039462
indefinite_noisy_global,96100136,fixed7,0.0036583464834430072,0.08546256518355895,-0.08180421870011595
indefinite_noisy_global,96100137,fixed7,0.006408310956055016,0.005482257238417694,0.0009260537176373216
indefinite_noisy_global,96100138,fixed7,0.006642441334024123,0.00577173797059835,0.0008707033634257734
indefinite_noisy_global,96100139,fixed7,0.005933292403968238,0.00438265785676651,0.001550634547201728
indefinite_noisy_global,96100140,fixed7,0.004488741318801879,0.00452157065963412,-3.282934083224075e-05
indefinite_noisy_global,96100141,fixed7,0.004116121112374557,0.003882767774344255,0.00023335333803030205
indefinite_noisy_global,96100142,fixed7,0.005489471224528178,0.003522081264514092,0.0019673899600140864
indefinite_noisy_global,96100143,fixed7,0.0031427548415507824,0.021173710140787737,-0.018030955299236956
indefinite_noisy_global,96100144,fixed7,0.006456092481012621,0.04602876154170702,-0.0395726690606944
indefinite_noisy_global,96100145,fixed7,0.0039712246254844374,0.00406856696990152,-9.734234441708279e-05
indefinite_noisy_global,96100146,fixed7,0.005089086996098427,0.004522332742984728,0.0005667542531136993
indefinite_noisy_global,96100147,fixed7,0.004045723666618703,0.0031165513177656284,0.0009291723488530747
indefinite_noisy_global,96100148,fixed7,0.005697943382529493,0.006656263073885943,-0.0009583196913564504
indefinite_noisy_global,96100149,fixed7,0.005371202721097852,0.004404485502208448,0.0009667172188894037
indefinite_noisy_global,96100150,fixed7,0.004977796173497225,0.004814997024056276,0.00016279914944094913
indefinite_noisy_global,96100151,fixed7,0.005515414176734971,0.005241777335029701,0.00027363684170527043
indefinite_noisy_global,96100152,fixed7,0.005487209674619633,0.004659928907553004,0.0008272807670666295
indefinite_noisy_global,96100153,fixed7,0.00510444711264374,0.005657602075865922,-0.0005531549632221827
indefinite_noisy_global,96100154,fixed7,0.005845416523209183,0.0038523727533053653,0.001993043769903818
indefinite_noisy_global,96100155,fixed7,0.004483977380221941,0.08020976916072085,-0.07572579178049892
indefinite_noisy_global,96100156,fixed7,0.006322522255753266,0.004591913453062034,0.0017306088026912327
indefinite_noisy_global,96100157,fixed7,0.004733416463978911,0.005276821282722885,-0.0005434048187439745
indefinite_noisy_global,96100158,fixed7,0.0057019179492613856,0.005408856171075551,0.0002930617781858342
indefinite_noisy_global,96100159,fixed7,0.006192209127315899,0.006391657405010968,-0.00019944827769506884
indefinite_noisy_global,96100160,fixed7,0.004429170207735326,0.08763411271302655,-0.08320494250529123
indefinite_noisy_global,96100161,fixed7,0.004389810856435019,0.0047505219727961194,-0.0003607111163611001
indefinite_noisy_global,96100162,fixed7,0.006855892620382344,0.06384455815252968,-0.056988665532147334
indefinite_noisy_global,96100163,fixed7,0.00508215488519581,0.004782786131140779,0.00029936875405503147
indefinite_noisy_global,96100164,fixed7,0.005314453375985077,0.005277376759261924,3.707661672315305e-05
indefinite_noisy_global,96100165,fixed7,0.005998176840858542,0.006124024483695936,-0.00012584764283739454
indefinite_noisy_global,96100166,fixed7,0.005838128529806625,0.006312945512208781,-0.0004748169824021556
indefinite_noisy_global,96100167,fixed7,0.004129751273078628,0.0038937665924396827,0.00023598468063894566
indefinite_noisy_global,96100168,fixed7,0.008266427084339653,0.005783827811984381,0.0024825992723552723
indefinite_noisy_global,96100169,fixed7,0.004370506734406165,0.0051177689347971555,-0.0007472622003909905
indefinite_noisy_global,96100170,fixed7,0.004767821773018707,0.006271081895100149,-0.0015032601220814415
indefinite_noisy_global,96100171,fixed7,0.004270652310814886,0.0038496950393803182,0.00042095727143456755
indefinite_noisy_global,96100172,fixed7,0.005281803423558679,0.004482639832577896,0.0007991635909807837
indefinite_noisy_global,96100173,fixed7,0.004672828574222249,0.005772887468451932,-0.0011000588942296826
indefinite_noisy_global,96100174,fixed7,0.00519500239713223,0.0048603112726910615,0.0003346911244411681
indefinite_noisy_global,96100175,fixed7,0.005123519436109873,0.17436199593934734,-0.16923847650323748
indefinite_noisy_global,96100176,fixed7,0.0052501538153707375,0.005277596877984023,-2.7443062613285475e-05
indefinite_noisy_global,96100177,fixed7,0.004555382664697756,0.005149350555403331,-0.0005939678907055752
indefinite_noisy_global,96100178,fixed7,0.004759078248650562,0.0030314654982139086,0.0017276127504366533
indefinite_noisy_global,96100179,fixed7,0.004918553211025528,0.004483355888056988,0.00043519732296853995
indefinite_noisy_global,96100180,fixed7,0.006858014445424595,0.007390786301990325,-0.0005327718565657303
indefinite_noisy_global,96100181,fixed7,0.004226935164584958,0.0037161893010966666,0.0005107458634882912
indefinite_noisy_global,96100182,fixed7,0.005709934162313393,0.00443810887155359,0.0012718252907598024
indefinite_noisy_global,96100183,fixed7,0.004747941759172695,0.004770782324438087,-2.284056526539232e-05
indefinite_noisy_global,96100184,fixed7,0.008034125629285745,0.007610103499268121,0.00042402213001762386
indefinite_noisy_global,96100185,fixed7,0.0051359077026952036,0.07896344896515942,-0.07382754126246421
indefinite_noisy_global,96100186,fixed7,0.004387374712160684,0.0031055230712756505,0.0012818516408850335
indefinite_noisy_global,96100187,fixed7,0.005853148305288721,0.004865824530423261,0.00098732377486546
indefinite_noisy_global,96100188,fixed7,0.005791859960705941,0.0066064544701256184,-0.0008145945094196775
indefinite_noisy_global,96100189,fixed7,0.0043873728179298814,0.0045256858402518575,-0.00013831302232197602
indefinite_noisy_global,96100190,fixed7,0.005179789335839761,0.005506685610549196,-0.000326896274709435
indefinite_noisy_global,96100191,fixed7,0.00513559084121868,0.004698163107151768,0.00043742773406691207
indefinite_noisy_global,96100192,fixed7,0.008421193176027348,0.0070188743984383895,0.0014023187775889581
indefinite_noisy_global,96100193,fixed7,0.003826298878189099,0.003433941925436448,0.0003923569527526506
indefinite_noisy_global,96100194,fixed7,0.00705627490466424,0.005264421874597782,0.0017918530300664575
indefinite_noisy_global,96100195,fixed7,0.004837746699648512,0.004085580363526553,0.0007521663361219596
indefinite_noisy_global,96100196,fixed7,0.004412927991483709,0.004876439067813871,-0.0004635110763301616
indefinite_noisy_global,96100197,fixed7,0.0066255752309982464,0.005142123191350766,0.0014834520396474803
indefinite_noisy_global,96100198,fixed7,0.005905124929723738,0.005351390432413062,0.0005537344973106763
indefinite_noisy_global,96100199,fixed7,0.004720953893673023,0.004964629883435982,-0.00024367598976295958
indefinite_noisy_global,96100200,fixed7,0.00544298453174404,0.00441511138694597,0.0010278731447980697
indefinite_noisy_global,96100201,fixed7,0.005590677129952531,0.005698453450066455,-0.00010777632011392362
indefinite_noisy_global,96100202,fixed7,0.005561031260491721,0.0059546669955318045,-0.0003936357350400833
indefinite_noisy_global,96100203,fixed7,0.003525267557628886,0.004564752086711523,-0.0010394845290826373
indefinite_noisy_global,96100204,fixed7,0.004301628660275618,0.004593935920777292,-0.0002923072605016735
indefinite_noisy_global,96100205,fixed7,0.007308678753577203,0.006193972016874816,0.0011147067367023875
indefinite_noisy_global,96100206,fixed7,0.007258554260088861,0.006987525797019658,0.0002710284630692032
indefinite_noisy_global,96100207,fixed7,0.005526404712316317,0.00544715200592233,7.925270639398772e-05
indefinite_noisy_global,96100208,fixed7,0.006296508847636664,0.004413503901376833,0.0018830049462598315
indefinite_noisy_global,96100209,fixed7,0.007777309546465109,0.006580020140592129,0.00119728940587298
indefinite_noisy_global,96100210,fixed7,0.005157438130664698,0.004892109022513155,0.0002653291081515432
indefinite_noisy_global,96100211,fixed7,0.006174995080522397,0.007192340174222807,-0.0010173450937004105
indefinite_noisy_global,96100212,fixed7,0.00833603905045022,0.006390119476193624,0.0019459195742565962
indefinite_noisy_global,96100213,fixed7,0.006149324684451022,0.00508910604714759,0.0010602186373034322
indefinite_noisy_global,96100214,fixed7,0.004035561661660849,0.003952665815316387,8.289584634446276e-05
indefinite_noisy_global,96100215,fixed7,0.003932272182291911,0.004149827998622056,-0.00021755581633014446
indefinite_noisy_global,96100216,fixed7,0.005213285636831338,0.019698788051193815,-0.014485502414362476
indefinite_noisy_global,96100217,fixed7,0.004129286524449347,0.0047645959660623455,-0.0006353094416129985
indefinite_noisy_global,96100218,fixed7,0.004345037956472762,0.004543509325753782,-0.00019847136928102024
indefinite_noisy_global,96100219,fixed7,0.004814238709121388,0.005544807876991089,-0.0007305691678697011
indefinite_noisy_global,96100220,fixed7,0.0036753985619380996,0.004460436473546244,-0.0007850379116081442
indefinite_noisy_global,96100221,fixed7,0.003961473297453094,0.005087369298184224,-0.00112589600073113
indefinite_noisy_global,96100222,fixed7,0.005598902006971435,0.006050955822754507,-0.0004520538157830722
indefinite_noisy_global,96100223,fixed7,0.00611237530303732,0.08924525296226042,-0.0831328776592231
indefinite_noisy_global,96100224,fixed7,0.0050858910459057795,0.0057460959300877365,-0.000660204884181957
indefinite_noisy_global,96100225,fixed7,0.004424700581802024,0.005284856226927971,-0.0008601556451259471
indefinite_noisy_global,96100226,fixed7,0.004814767326426315,0.004438886893609009,0.00037588043281730574
indefinite_noisy_global,96100227,fixed7,0.005466781189523828,0.004258679613889732,0.0012081015756340956
indefinite_noisy_global,96100228,fixed7,0.006015947278016303,0.005398473809081503,0.0006174734689348002
indefinite_noisy_global,96100229,fixed7,0.004220449623142787,0.0042940136021341144,-7.356397899132769e-05
indefinite_noisy_global,96100230,fixed7,0.004335383266175461,0.00473934485412508,-0.0004039615879496191
indefinite_noisy_global,96100231,fixed7,0.006300568648385949,0.006950344717681567,-0.0006497760692956173
indefinite_noisy_global,96100232,fixed7,0.005968879851440996,0.006357973644774531,-0.00038909379333353523
indefinite_noisy_global,96100233,fixed7,0.004140866266147104,0.003990594986695284,0.00015027127945182062
indefinite_noisy_global,96100234,fixed7,0.0045761366891572,0.0047882196107363415,-0.00021208292157914171
indefinite_noisy_global,96100235,fixed7,0.004220831129617217,0.004433442353674138,-0.00021261122405692116
indefinite_noisy_global,96100236,fixed7,0.004105914191276623,0.004241103469168578,-0.00013518927789195508
indefinite_noisy_global,96100237,fixed7,0.005379740939167714,0.004409701874042183,0.0009700390651255315
indefinite_noisy_global,96100238,fixed7,0.005902014460481691,0.20319366838138703,-0.19729165392090534
indefinite_noisy_global,96100239,fixed7,0.005029681768536169,0.005388067719622143,-0.000358385951085974
indefinite_noisy_global,96100240,fixed7,0.006150866199895055,0.006551764570589223,-0.0004008983706941683
indefinite_noisy_global,96100241,fixed7,0.004139259384912142,0.003970203973449057,0.00016905541146308538
indefinite_noisy_global,96100242,fixed7,0.006155708561105577,0.005114535594556015,0.0010411729665495625
indefinite_noisy_global,96100243,fixed7,0.004875502232181367,0.004110512712955932,0.000764989519225435
indefinite_noisy_global,96100244,fixed7,0.0067754000792838226,0.005732106301116462,0.0010432937781673602
indefinite_noisy_global,96100245,fixed7,0.005116120885391116,0.005107132466769578,8.98841862153818e-06
indefinite_noisy_global,96100246,fixed7,0.006353322077528982,0.005586242641224968,0.0007670794363040141
indefinite_noisy_global,96100247,fixed7,0.005534362699559145,0.0049800639678167485,0.0005542987317423967
indefinite_noisy_global,96100248,fixed7,0.00659369933128633,0.004352639549741535,0.002241059781544795
indefinite_noisy_global,96100249,fixed7,0.004684318738175461,0.004843679288821411,-0.0001593605506459506
indefinite_noisy_global,96100250,fixed7,0.004119039022470064,0.021730474618284562,-0.017611435595814497
indefinite_noisy_global,96100251,fixed7,0.005141872383697061,0.004813171983659211,0.00032870040003784955
indefinite_noisy_global,96100252,fixed7,0.004830593239842755,0.0060962056511479935,-0.0012656124113052383
indefinite_noisy_global,96100253,fixed7,0.004489479262833699,0.004912299420774179,-0.0004228201579404801
indefinite_noisy_global,96100254,fixed7,0.006709273089052917,0.005895889021706223,0.0008133840673466937
indefinite_noisy_global,96100255,fixed7,0.006330020298277555,0.006411250727789491,-8.123042951193628e-05
null_global,96200000,random_growth128,0.007088190546222147,0.00843799487520501,-0.001349804328982863
null_global,96200001,random_growth128,0.0074751587774220165,0.010559100174323844,-0.003083941396901827
null_global,96200002,random_growth128,0.006427161736738704,0.006258169430133612,0.00016899230660509176
null_global,96200003,random_growth128,0.007596937915189055,0.011744223690145906,-0.00414728577495685
null_global,96200004,random_growth128,0.009828238780741953,0.00879818002300755,0.0010300587577344034
null_global,96200005,random_growth128,0.009448387905551985,0.009896516415988738,-0.00044812851043675266
null_global,96200006,random_growth128,0.010488997328252791,0.008349533053314342,0.0021394642749384494
null_global,96200007,random_growth128,0.009201213525120502,0.009163193342236297,3.8020182884205764e-05
null_global,96200008,random_growth128,0.013695709588108382,0.013141615311606016,0.0005540942765023659
null_global,96200009,random_growth128,0.004846928832330895,0.008012833291307836,-0.0031659044589769413
null_global,96200010,random_growth128,0.006985044013740646,0.009125823608326996,-0.0021407795945863504
null_global,96200011,random_growth128,0.009010570555259698,0.009775124176013044,-0.0007645536207533457
null_global,96200012,random_growth128,0.01054923852374387,0.012005846073534313,-0.0014566075497904427
null_global,96200013,random_growth128,0.006272694264931218,0.009873522422031123,-0.0036008281570999046
null_global,96200014,random_growth128,0.009730031302802603,0.01121506145487696,-0.0014850301520743566
null_global,96200015,random_growth128,0.011983603446814714,0.011117513629904277,0.0008660898169104373
null_global,96200016,random_growth128,0.010893782896772277,0.010977222086517215,-8.34391897449379e-05
null_global,96200017,random_growth128,0.004861893000307824,0.0049807330576872085,-0.0001188400573793845
null_global,96200018,random_growth128,0.007198097734528129,0.009551457730383,-0.002353359995854871
null_global,96200019,random_growth128,0.005361802074603123,0.003929566852277174,0.001432235222325949
null_global,96200020,random_growth128,0.007561285749541194,0.011464047283167949,-0.003902761533626755
null_global,96200021,random_growth128,0.0062438082717141815,0.007816953860839655,-0.001573145589125473
null_global,96200022,random_growth128,0.0074450753852811765,0.010327507128564718,-0.002882431743283541
null_global,96200023,random_growth128,0.006355548635933187,0.00992906757776438,-0.0035735189418311924
null_global,96200024,random_growth128,0.010163073195292843,0.011169367904688497,-0.0010062947093956547
null_global,96200025,random_growth128,0.004378294861307021,0.007985361898084737,-0.0036070670367777157
null_global,96200026,random_growth128,0.00911054423499535,0.008106966930241544,0.0010035773047538058
null_global,96200027,random_growth128,0.011292958301388569,0.011126675380030683,0.00016628292135788605
null_global,96200028,random_growth128,0.0095963276155017,0.007566803163504891,0.0020295244519968093
null_global,96200029,random_growth128,0.0034437480242803954,0.0034504511513407696,-6.703127060374205e-06
null_global,96200030,random_growth128,0.004737030912814634,0.0049367091512937614,-0.00019967823847912708
null_global,96200031,random_growth128,0.011990052036388118,0.013249975796325213,-0.0012599237599370955
null_global,96200000,random_growth138,0.007088190546222147,0.010000297054746603,-0.0029121065085244563
null_global,96200001,random_growth138,0.0074751587774220165,0.010080677777252594,-0.002605518999830577
null_global,96200002,random_growth138,0.006427161736738704,0.005965505682557064,0.0004616560541816396
null_global,96200003,random_growth138,0.007596937915189055,0.009886018564940875,-0.00228908064975182
null_global,96200004,random_growth138,0.009828238780741953,0.007082261486196877,0.002745977294545076
null_global,96200005,random_growth138,0.009448387905551985,0.006263218466140383,0.0031851694394116016
null_global,96200006,random_growth138,0.010488997328252791,0.017931088344258835,-0.007442091016006043
null_global,96200007,random_growth138,0.009201213525120502,0.009903072971208493,-0.0007018594460879903
null_global,96200008,random_growth138,0.013695709588108382,0.014856855604025408,-0.0011611460159170264
null_global,96200009,random_growth138,0.004846928832330895,0.009381393360413864,-0.004534464528082969
null_global,96200010,random_growth138,0.006985044013740646,0.006958766830453586,2.6277183287059906e-05
null_global,96200011,random_growth138,0.009010570555259698,0.009767411336679174,-0.0007568407814194759
null_global,96200012,random_growth138,0.01054923852374387,0.012731946779198927,-0.0021827082554550566
null_global,96200013,random_growth138,0.006272694264931218,0.009473934763921107,-0.0032012404989898886
null_global,96200014,random_growth138,0.009730031302802603,0.007421572906029288,0.002308458396773315
null_global,96200015,random_growth138,0.011983603446814714,0.008906165562553586,0.0030774378842611284
null_global,96200016,random_growth138,0.010893782896772277,0.011875430723908087,-0.00098164782713581
null_global,96200017,random_growth138,0.004861893000307824,0.009869922923633008,-0.005008029923325184
null_global,96200018,random_growth138,0.007198097734528129,0.004673657247041903,0.002524440487486226
null_global,96200019,random_growth138,0.005361802074603123,0.00792456632172584,-0.0025627642471227167
null_global,96200020,random_growth138,0.007561285749541194,0.011245045426293414,-0.0036837596767522202
null_global,96200021,random_growth138,0.0062438082717141815,0.009673101812750586,-0.003429293541036404
null_global,96200022,random_growth138,0.0074450753852811765,0.005408732512703712,0.0020363428725774643
null_global,96200023,random_growth138,0.006355548635933187,0.005584788554786271,0.0007707600811469161
null_global,96200024,random_growth138,0.010163073195292843,0.010795309811422233,-0.0006322366161293901
null_global,96200025,random_growth138,0.004378294861307021,0.01025898883513085,-0.005880693973823829
null_global,96200026,random_growth138,0.00911054423499535,0.006070188236894707,0.0030403559981006427
null_global,96200027,random_growth138,0.011292958301388569,0.010264865093967481,0.001028093207421088
null_global,96200028,random_growth138,0.0095963276155017,0.007814289520071138,0.0017820380954305624
null_global,96200029,random_growth138,0.0034437480242803954,0.005994159207860798,-0.0025504111835804024
null_global,96200030,random_growth138,0.004737030912814634,0.003474950583195734,0.0012620803296189004
null_global,96200031,random_growth138,0.011990052036388118,0.008009727017005372,0.003980325019382745
null_global,96200000,fixed7,0.007088190546222147,0.006429987964659401,0.000658202581562746
null_global,96200001,fixed7,0.0074751587774220165,0.0073297135738618156,0.00014544520356020094
null_global,96200002,fixed7,0.006427161736738704,0.0037954065441402666,0.002631755192598437
null_global,96200003,fixed7,0.007596937915189055,0.007455797471321439,0.0001411404438676168
null_global,96200004,fixed7,0.009828238780741953,0.0071436036935554155,0.002684635087186538
null_global,96200005,fixed7,0.009448387905551985,0.006109176461588918,0.0033392114439630667
null_global,96200006,fixed7,0.010488997328252791,0.010483333721806565,5.6636064462260716e-06
null_global,96200007,fixed7,0.009201213525120502,0.01164917392724015,-0.0024479604021196474
null_global,96200008,fixed7,0.013695709588108382,0.020097307867199828,-0.006401598279091446
null_global,96200009,fixed7,0.004846928832330895,0.008177356545282026,-0.0033304277129511317
null_global,96200010,fixed7,0.006985044013740646,0.0044251384999261165,0.0025599055138145295
null_global,96200011,fixed7,0.009010570555259698,0.005113305397461983,0.0038972651577977154
null_global,96200012,fixed7,0.01054923852374387,0.00889648417756305,0.0016527543461808195
null_global,96200013,fixed7,0.006272694264931218,0.009978523987828806,-0.003705829722897588
null_global,96200014,fixed7,0.009730031302802603,0.005955649019173066,0.0037743822836295363
null_global,96200015,fixed7,0.011983603446814714,0.007215930098391028,0.004767673348423687
null_global,96200016,fixed7,0.010893782896772277,0.009056458776212011,0.0018373241205602662
null_global,96200017,fixed7,0.004861893000307824,0.007139904650150894,-0.00227801164984307
null_global,96200018,fixed7,0.007198097734528129,0.0047046299337023855,0.0024934678008257435
null_global,96200019,fixed7,0.005361802074603123,0.005501961721596333,-0.00014015964699320982
null_global,96200020,fixed7,0.007561285749541194,0.009692272775162528,-0.002130987025621334
null_global,96200021,fixed7,0.0062438082717141815,0.006879358755083035,-0.0006355504833688531
null_global,96200022,fixed7,0.0074450753852811765,0.0061194429883839494,0.001325632396897227
null_global,96200023,fixed7,0.006355548635933187,0.006016572305467615,0.00033897633046557196
null_global,96200024,fixed7,0.010163073195292843,0.00702357334883641,0.0031394998464564323
null_global,96200025,fixed7,0.004378294861307021,0.00744957091401448,-0.0030712760527074594
null_global,96200026,fixed7,0.00911054423499535,0.004111086595118238,0.004999457639877112
null_global,96200027,fixed7,0.011292958301388569,0.008040303612385951,0.0032526546890026178
null_global,96200028,fixed7,0.0095963276155017,0.006376415420147352,0.0032199121953543483
null_global,96200029,fixed7,0.0034437480242803954,0.0045966484076464115,-0.0011529003833660161
null_global,96200030,fixed7,0.004737030912814634,0.0034289543043063125,0.0013080766085083219
null_global,96200031,fixed7,0.011990052036388118,0.0053915826724198115,0.006598469363968306
lowrank_noiseless_global,96200000,random_growth128,3.2535724682234373e-06,1.5869070570205548e-06,1.6666654112028825e-06
lowrank_noiseless_global,96200001,random_growth128,3.377579786717209e-07,1.761754587847643e-06,-1.423996609175922e-06
lowrank_noiseless_global,96200002,random_growth128,9.883876522291826e-07,7.395964886223984e-07,2.487911636067842e-07
lowrank_noiseless_global,96200003,random_growth128,1.1186650919222828e-06,5.739431340915746e-07,5.447219578307082e-07
lowrank_noiseless_global,96200004,random_growth128,1.023662988850577e-06,4.386362347273404e-07,5.850267541232366e-07
lowrank_noiseless_global,96200005,random_growth128,2.1416029140114694e-06,3.6080322111036054e-07,1.780799692901109e-06
lowrank_noiseless_global,96200006,random_growth128,2.632900612617653e-06,1.5368072184969303e-07,2.4792198907679597e-06
lowrank_noiseless_global,96200007,random_growth128,4.429426343308533e-07,3.169681145858145e-07,1.259745197450388e-07
lowrank_noiseless_global,96200008,random_growth128,1.011948605606921e-06,5.916747623833422e-07,4.202738432235787e-07
lowrank_noiseless_global,96200009,random_growth128,1.3992807273227132e-06,4.457919650711497e-07,9.534887622515634e-07
lowrank_noiseless_global,96200010,random_growth128,4.545644068372921e-07,5.876583591037342e-07,-1.3309395226644207e-07
lowrank_noiseless_global,96200011,random_growth128,6.554451507005456e-07,5.630451137408013e-07,9.240003695974432e-08
lowrank_noiseless_global,96200012,random_growth128,6.900128181091358e-07,2.0554534788908466e-07,4.844674702200511e-07
lowrank_noiseless_global,96200013,random_growth128,3.2434200836167796e-06,3.9466391541737043e-07,2.8487561681994093e-06
lowrank_noiseless_global,96200014,random_growth128,8.032375801824682e-07,2.808219954718878e-07,5.224155847105804e-07
lowrank_noiseless_global,96200015,random_growth128,1.041157464418879e-06,3.450925834187687e-07,6.960648810001102e-07
lowrank_noiseless_global,96200016,random_growth128,1.530314751224694e-06,3.268114021098626e-07,1.2035033491148314e-06
lowrank_noiseless_global,96200017,random_growth128,9.940276228275596e-07,2.425957054384559e-07,7.514319173891037e-07
lowrank_noiseless_global,96200018,random_growth128,3.8158354298310433e-07,9.257909440002363e-07,-5.44207401017132e-07
lowrank_noiseless_global,96200019,random_growth128,5.532571523227881e-07,8.095143643831643e-07,-2.562572120603762e-07
lowrank_noiseless_global,96200020,random_growth128,7.183294845091451e-07,2.755027943995372e-06,-2.0366984594862265e-06
lowrank_noiseless_global,96200021,random_growth128,4.5742432437645844e-07,3.55681817572439e-07,1.0174250680401944e-07
lowrank_noiseless_global,96200022,random_growth128,5.633466141615437e-07,1.6755749388630023e-06,-1.1122283247014586e-06
lowrank_noiseless_global,96200023,random_growth128,5.739333397459768e-07,3.9102023620903267e-07,1.829131035369441e-07
lowrank_noiseless_global,96200024,random_growth128,1.1349147269997998e-06,9.142062723778581e-07,2.207084546219417e-07
lowrank_noiseless_global,96200025,random_growth128,8.928499097142166e-07,8.880876079634471e-07,4.762301750769539e-09
lowrank_noiseless_global,96200026,random_growth128,2.1478614870214405e-06,2.730612739676234e-06,-5.827512526547937e-07
lowrank_noiseless_global,96200027,random_growth128,6.059632880012258e-07,8.21658157358163e-07,-2.1569486935693717e-07
lowrank_noiseless_global,96200028,random_growth128,1.178550462316452e-06,3.926203621595838e-07,7.859301001568683e-07
lowrank_noiseless_global,96200029,random_growth128,2.291198247804916e-06,9.001466236358449e-07,1.391051624169071e-06
lowrank_noiseless_global,96200030,random_growth128,6.898717406697416e-07,6.580255118173264e-07,3.184622885241514e-08
lowrank_noiseless_global,96200031,random_growth128,5.988822121186706e-07,3.1158132396057895e-07,2.873008881580917e-07
lowrank_noiseless_global,96200000,random_growth138,3.2535724682234373e-06,3.0131429115378696e-06,2.4042955668556763e-07
lowrank_noiseless_global,96200001,random_growth138,3.377579786717209e-07,3.9531299803795865e-07,-5.7555019366237754e-08
lowrank_noiseless_global,96200002,random_growth138,9.883876522291826e-07,2.9265494484327504e-07,6.957327073859075e-07
lowrank_noiseless_global,96200003,random_growth138,1.1186650919222828e-06,8.387810752777347e-07,2.7988401664454813e-07
lowrank_noiseless_global,96200004,random_growth138,1.023662988850577e-06,6.224311133713267e-07,4.0123187547925026e-07
lowrank_noiseless_global,96200005,random_growth138,2.1416029140114694e-06,5.255121480358129e-07,1.6160907659756565e-06
lowrank_noiseless_global,96200006,random_growth138,2.632900612617653e-06,3.8205678901137805e-07,2.250843823606275e-06
lowrank_noiseless_global,96200007,random_growth138,4.429426343308533e-07,1.7065013361242286e-07,2.722925007184304e-07
lowrank_noiseless_global,96200008,random_growth138,1.011948605606921e-06,3.5150266247871196e-07,6.60445943128209e-07
lowrank_noiseless_global,96200009,random_growth138,1.3992807273227132e-06,3.6103865354160027e-07,1.038242073781113e-06
lowrank_noiseless_global,96200010,random_growth138,4.545644068372921e-07,3.2806028073750454e-07,1.2650412609978753e-07
lowrank_noiseless_global,96200011,random_growth138,6.554451507005456e-07,3.8825383821433644e-07,2.6719131248620913e-07
lowrank_noiseless_global,96200012,random_growth138,6.900128181091358e-07,5.760864449989306e-07,1.1392637311020527e-07
lowrank_noiseless_global,96200013,random_growth138,3.2434200836167796e-06,7.396853277220639e-07,2.5037347558947156e-06
lowrank_noiseless_global,96200014,random_growth138,8.032375801824682e-07,5.237684703800721e-07,2.794691098023961e-07
lowrank_noiseless_global,96200015,random_growth138,1.041157464418879e-06,4.997584704914784e-07,5.413989939274006e-07
lowrank_noiseless_global,96200016,random_growth138,1.530314751224694e-06,6.502768442219309e-07,8.80037907002763e-07
lowrank_noiseless_global,96200017,random_growth138,9.940276228275596e-07,3.322494183360822e-07,6.617782044914774e-07
lowrank_noiseless_global,96200018,random_growth138,3.8158354298310433e-07,2.9446242099420008e-06,-2.5630406669588966e-06
lowrank_noiseless_global,96200019,random_growth138,5.532571523227881e-07,3.728698986906961e-07,1.8038725363209201e-07
lowrank_noiseless_global,96200020,random_growth138,7.183294845091451e-07,1.2301424206612024e-06,-5.118129361520573e-07
lowrank_noiseless_global,96200021,random_growth138,4.5742432437645844e-07,8.388437876901846e-07,-3.814194633137262e-07
lowrank_noiseless_global,96200022,random_growth138,5.633466141615437e-07,3.115348457186594e-07,2.5181176844288424e-07
lowrank_noiseless_global,96200023,random_growth138,5.739333397459768e-07,7.099921325268465e-07,-1.360587927808697e-07
lowrank_noiseless_global,96200024,random_growth138,1.1349147269997998e-06,6.781090630100511e-07,4.568056639897487e-07
lowrank_noiseless_global,96200025,random_growth138,8.928499097142166e-07,1.911646020839574e-07,7.016853076302593e-07
lowrank_noiseless_global,96200026,random_growth138,2.1478614870214405e-06,5.153729305976956e-06,-3.0058678189555157e-06
lowrank_noiseless_global,96200027,random_growth138,6.059632880012258e-07,1.1439365696180358e-06,-5.379732816168101e-07
lowrank_noiseless_global,96200028,random_growth138,1.178550462316452e-06,8.523810045364061e-07,3.26169457780046e-07
lowrank_noiseless_global,96200029,random_growth138,2.291198247804916e-06,9.204439923676616e-07,1.3707542554372543e-06
lowrank_noiseless_global,96200030,random_growth138,6.898717406697416e-07,1.0259612443257356e-06,-3.360895036559941e-07
lowrank_noiseless_global,96200031,random_growth138,5.988822121186706e-07,4.770809812927444e-07,1.2180123082592622e-07
lowrank_noiseless_global,96200000,fixed7,3.2535724682234373e-06,0.0001003463140023079,-9.709274153408446e-05
lowrank_noiseless_global,96200001,fixed7,3.377579786717209e-07,7.105881739696867e-05,-7.072105941829695e-05
lowrank_noiseless_global,96200002,fixed7,9.883876522291826e-07,0.00019819949653428795,-0.00019721110888205876
lowrank_noiseless_global,96200003,fixed7,1.1186650919222828e-06,0.00010741192646019612,-0.00010629326136827385
lowrank_noiseless_global,96200004,fixed7,1.023662988850577e-06,0.00015081308389329546,-0.0001497894209044449
lowrank_noiseless_global,96200005,fixed7,2.1416029140114694e-06,8.477054546646879e-05,-8.262894255245732e-05
lowrank_noiseless_global,96200006,fixed7,2.632900612617653e-06,0.00014724045242518028,-0.00014460755181256262
lowrank_noiseless_global,96200007,fixed7,4.429426343308533e-07,3.5747095856361025e-05,-3.530415322203017e-05
lowrank_noiseless_global,96200008,fixed7,1.011948605606921e-06,3.395252646850463e-05,-3.294057786289771e-05
lowrank_noiseless_global,96200009,fixed7,1.3992807273227132e-06,9.336920946585383e-05,-9.196992873853112e-05
lowrank_noiseless_global,96200010,fixed7,4.545644068372921e-07,0.00010581174951220575,-0.00010535718510536847
lowrank_noiseless_global,96200011,fixed7,6.554451507005456e-07,2.6184653725452435e-05,-2.552920857475189e-05
lowrank_noiseless_global,96200012,fixed7,6.900128181091358e-07,0.00017383321951850803,-0.00017314320670039888
lowrank_noiseless_global,96200013,fixed7,3.2434200836167796e-06,9.40973378791866e-06,-6.1663137043018795e-06
lowrank_noiseless_global,96200014,fixed7,8.032375801824682e-07,9.435473106646645e-05,-9.355149348628398e-05
lowrank_noiseless_global,96200015,fixed7,1.041157464418879e-06,9.565494343364441e-05,-9.461378596922553e-05
lowrank_noiseless_global,96200016,fixed7,1.530314751224694e-06,0.0001473588556916513,-0.0001458285409404266
lowrank_noiseless_global,96200017,fixed7,9.940276228275596e-07,0.00026182918752803324,-0.0002608351599052057
lowrank_noiseless_global,96200018,fixed7,3.8158354298310433e-07,2.9240528909316172e-08,3.523430140737882e-07
lowrank_noiseless_global,96200019,fixed7,5.532571523227881e-07,0.0003295096811505871,-0.0003289564239982643
lowrank_noiseless_global,96200020,fixed7,7.183294845091451e-07,0.00013629876199279615,-0.000135580432508287
lowrank_noiseless_global,96200021,fixed7,4.5742432437645844e-07,0.00014287317777808472,-0.00014241575345370826
lowrank_noiseless_global,96200022,fixed7,5.633466141615437e-07,5.587439587894476e-05,-5.531104926478322e-05
lowrank_noiseless_global,96200023,fixed7,5.739333397459768e-07,9.856737561568448e-05,-9.79934422759385e-05
lowrank_noiseless_global,96200024,fixed7,1.1349147269997998e-06,1.281029802310405e-05,-1.167538329610425e-05
lowrank_noiseless_global,96200025,fixed7,8.928499097142166e-07,0.0002834553239199888,-0.0002825624740102746
lowrank_noiseless_global,96200026,fixed7,2.1478614870214405e-06,5.237330566054491e-05,-5.022544417352347e-05
lowrank_noiseless_global,96200027,fixed7,6.059632880012258e-07,0.00013168540727716779,-0.00013107944398916657
lowrank_noiseless_global,96200028,fixed7,1.178550462316452e-06,6.996134973667032e-06,-5.8175845113505796e-06
lowrank_noiseless_global,96200029,fixed7,2.291198247804916e-06,6.583702577929274e-05,-6.354582753148782e-05
lowrank_noiseless_global,96200030,fixed7,6.898717406697416e-07,0.00014685364824172447,-0.00014616377650105474
lowrank_noiseless_global,96200031,fixed7,5.988822121186706e-07,9.133858385966576e-05,-9.073970164754708e-05
indefinite_noisy_local,96100000,random_growth128,0.006249824831471667,0.005457247810633746,0.0007925770208379208
indefinite_noisy_local,96100001,random_growth128,0.003139621095956516,0.003686388499820844,-0.0005467674038643279
indefinite_noisy_local,96100002,random_growth128,0.004786247969337093,0.005382423248577426,-0.0005961752792403331
indefinite_noisy_local,96100003,random_growth128,0.0041176146525622485,0.0042566377007749925,-0.00013902304821274396
indefinite_noisy_local,96100004,random_growth128,0.006015305245134367,0.003971364430257334,0.002043940814877033
indefinite_noisy_local,96100005,random_growth128,0.0058848151819938166,0.006315840313696571,-0.0004310251317027544
indefinite_noisy_local,96100006,random_growth128,0.00542801221041615,0.006379403874681198,-0.0009513916642650477
indefinite_noisy_local,96100007,random_growth128,0.0034008363760851873,0.004441122436746034,-0.0010402860606608466
indefinite_noisy_local,96100008,random_growth128,0.0037797111866763465,0.0035954089359034112,0.0001843022507729353
indefinite_noisy_local,96100009,random_growth128,0.004883064940644436,0.004634714095045671,0.0002483508455987651
indefinite_noisy_local,96100010,random_growth128,0.003973489827680057,0.00445426116870326,-0.00048077134102320323
indefinite_noisy_local,96100011,random_growth128,0.004910688713506784,0.005048825970862541,-0.00013813725735575735
indefinite_noisy_local,96100012,random_growth128,0.005628880678090301,0.005905862800245824,-0.00027698212215552295
indefinite_noisy_local,96100013,random_growth128,0.003060123124532163,0.0038081896544169005,-0.0007480665298847376
indefinite_noisy_local,96100014,random_growth128,0.006653263771585502,0.007576512770262652,-0.0009232489986771503
indefinite_noisy_local,96100015,random_growth128,0.004963275726695795,0.006289256182520406,-0.0013259804558246107
indefinite_noisy_local,96100016,random_growth128,0.00442160767960451,0.004492626672673884,-7.101899306937408e-05
indefinite_noisy_local,96100017,random_growth128,0.0050254580520600065,0.005065464920335918,-4.0006868275911656e-05
indefinite_noisy_local,96100018,random_growth128,0.0035591400668982805,0.0030942505950011987,0.00046488947189708175
indefinite_noisy_local,96100019,random_growth128,0.0046659138671517894,0.004656547993127851,9.365874023938188e-06
indefinite_noisy_local,96100020,random_growth128,0.005133120060884593,0.006074127094642222,-0.0009410070337576293
indefinite_noisy_local,96100021,random_growth128,0.004198955471175387,0.005088171280398997,-0.0008892158092236105
indefinite_noisy_local,96100022,random_growth128,0.0070977594530343205,0.00814179949051831,-0.0010440400374839894
indefinite_noisy_local,96100023,random_growth128,0.004680922605171512,0.0047282200804692216,-4.729747529770914e-05
indefinite_noisy_local,96100024,random_growth128,0.00436072085571832,0.015989749142085972,-0.011629028286367651
indefinite_noisy_local,96100025,random_growth128,0.0048496437166030875,0.007079390638380305,-0.0022297469217772174
indefinite_noisy_local,96100026,random_growth128,0.00553926592537982,0.006374509252552098,-0.0008352433271722774
indefinite_noisy_local,96100027,random_growth128,0.004057944054613482,0.004459088080133143,-0.000401144025519661
indefinite_noisy_local,96100028,random_growth128,0.003762808392450284,0.005221895004573737,-0.0014590866121234531
indefinite_noisy_local,96100029,random_growth128,0.0039193253356132295,0.004489072206518234,-0.0005697468709050047
indefinite_noisy_local,96100030,random_growth128,0.004512596005100624,0.005668935118922383,-0.0011563391138217595
indefinite_noisy_local,96100031,random_growth128,0.0033904482240626533,0.0036333029757822325,-0.0002428547517195792
indefinite_noisy_local,96100000,random_growth138,0.006249824831471667,0.004319028543118215,0.0019307962883534516
indefinite_noisy_local,96100001,random_growth138,0.003139621095956516,0.00373485633515837,-0.000595235239201854
indefinite_noisy_local,96100002,random_growth138,0.004786247969337093,0.00436614357643294,0.0004201043929041529
indefinite_noisy_local,96100003,random_growth138,0.0041176146525622485,0.0036641686899056896,0.00045344596265655887
indefinite_noisy_local,96100004,random_growth138,0.006015305245134367,0.004717500725476777,0.00129780451965759
indefinite_noisy_local,96100005,random_growth138,0.0058848151819938166,0.008197639450404333,-0.0023128242684105167
indefinite_noisy_local,96100006,random_growth138,0.00542801221041615,0.005794926502850337,-0.00036691429243418654
indefinite_noisy_local,96100007,random_growth138,0.0034008363760851873,0.004228920487235226,-0.0008280841111500386
indefinite_noisy_local,96100008,random_growth138,0.0037797111866763465,0.003500567921529706,0.0002791432651466407
indefinite_noisy_local,96100009,random_growth138,0.004883064940644436,0.005507429137043547,-0.000624364196399111
indefinite_noisy_local,96100010,random_growth138,0.003973489827680057,0.004012884548051831,-3.939472037177427e-05
indefinite_noisy_local,96100011,random_growth138,0.004910688713506784,0.005103425368008274,-0.0001927366545014901
indefinite_noisy_local,96100012,random_growth138,0.005628880678090301,0.0057331794352048545,-0.00010429875711455341
indefinite_noisy_local,96100013,random_growth138,0.003060123124532163,0.003925723546885193,-0.0008656004223530304
indefinite_noisy_local,96100014,random_growth138,0.006653263771585502,0.006757222701137693,-0.00010395892955219165
indefinite_noisy_local,96100015,random_growth138,0.004963275726695795,0.006494319943513328,-0.0015310442168175332
indefinite_noisy_local,96100016,random_growth138,0.00442160767960451,0.0048769167797048,-0.00045530910010029013
indefinite_noisy_local,96100017,random_growth138,0.0050254580520600065,0.0046590776950117185,0.000366380357048288
indefinite_noisy_local,96100018,random_growth138,0.0035591400668982805,0.003922047594732975,-0.0003629075278346948
indefinite_noisy_local,96100019,random_growth138,0.0046659138671517894,0.004886016110151754,-0.00022010224299996457
indefinite_noisy_local,96100020,random_growth138,0.005133120060884593,0.0067155367227797755,-0.0015824166618951824
indefinite_noisy_local,96100021,random_growth138,0.004198955471175387,0.004933617115718191,-0.0007346616445428038
indefinite_noisy_local,96100022,random_growth138,0.0070977594530343205,0.006931468733944708,0.00016629071908961287
indefinite_noisy_local,96100023,random_growth138,0.004680922605171512,0.0066126592821934595,-0.001931736677021947
indefinite_noisy_local,96100024,random_growth138,0.00436072085571832,0.020879388834393473,-0.016518667978675152
indefinite_noisy_local,96100025,random_growth138,0.0048496437166030875,0.005593609840996894,-0.0007439661243938064
indefinite_noisy_local,96100026,random_growth138,0.00553926592537982,0.006713362334665049,-0.0011740964092852284
indefinite_noisy_local,96100027,random_growth138,0.004057944054613482,0.004455401543496457,-0.00039745748888297527
indefinite_noisy_local,96100028,random_growth138,0.003762808392450284,0.00504671308098467,-0.001283904688534386
indefinite_noisy_local,96100029,random_growth138,0.0039193253356132295,0.004379705937268811,-0.00046038060165558194
indefinite_noisy_local,96100030,random_growth138,0.004512596005100624,0.0064555133325021235,-0.0019429173274014997
indefinite_noisy_local,96100031,random_growth138,0.0033904482240626533,0.00449237175002483,-0.0011019235259621765
indefinite_noisy_local,96100000,fixed7,0.006249824831471667,0.004402293380410235,0.0018475314510614316
indefinite_noisy_local,96100001,fixed7,0.003139621095956516,0.00404527940785504,-0.0009056583118985241
indefinite_noisy_local,96100002,fixed7,0.004786247969337093,0.004836359095662429,-5.011112632533586e-05
indefinite_noisy_local,96100003,fixed7,0.0041176146525622485,0.5493268095399018,-0.5452091948873395
indefinite_noisy_local,96100004,fixed7,0.006015305245134367,0.005518661255961482,0.0004966439891728848
indefinite_noisy_local,96100005,fixed7,0.0058848151819938166,0.007201759684692406,-0.0013169445026985898
indefinite_noisy_local,96100006,fixed7,0.00542801221041615,0.007864343205208369,-0.0024363309947922187
indefinite_noisy_local,96100007,fixed7,0.0034008363760851873,0.00478433071721816,-0.0013834943411329724
indefinite_noisy_local,96100008,fixed7,0.0037797111866763465,0.004230875238172616,-0.00045116405149626905
indefinite_noisy_local,96100009,fixed7,0.004883064940644436,0.004530406318191748,0.00035265862245268797
indefinite_noisy_local,96100010,fixed7,0.003973489827680057,0.005142873811463819,-0.0011693839837837623
indefinite_noisy_local,96100011,fixed7,0.004910688713506784,0.0045184693635017,0.000392219350005084
indefinite_noisy_local,96100012,fixed7,0.005628880678090301,0.005837695258199649,-0.00020881458010934759
indefinite_noisy_local,96100013,fixed7,0.003060123124532163,0.0043295751416329705,-0.0012694520171008077
indefinite_noisy_local,96100014,fixed7,0.006653263771585502,0.00675560440286554,-0.00010234063128003804
indefinite_noisy_local,96100015,fixed7,0.004963275726695795,0.00589313492359306,-0.0009298591968972649
indefinite_noisy_local,96100016,fixed7,0.00442160767960451,0.0053690283165965975,-0.0009474206369920876
indefinite_noisy_local,96100017,fixed7,0.0050254580520600065,0.005524461528737199,-0.0004990034766771921
indefinite_noisy_local,96100018,fixed7,0.0035591400668982805,0.004216487374437216,-0.0006573473075389357
indefinite_noisy_local,96100019,fixed7,0.0046659138671517894,0.005172023181686481,-0.0005061093145346919
indefinite_noisy_local,96100020,fixed7,0.005133120060884593,0.0064985277574497475,-0.0013654076965651544
indefinite_noisy_local,96100021,fixed7,0.004198955471175387,0.0046691544241412196,-0.0004701989529658328
indefinite_noisy_local,96100022,fixed7,0.0070977594530343205,0.0067837594460729315,0.000314000006961389
indefinite_noisy_local,96100023,fixed7,0.004680922605171512,0.006943028895055061,-0.0022621062898835484
indefinite_noisy_local,96100024,fixed7,0.00436072085571832,0.0048922179630299005,-0.0005314971073115803
indefinite_noisy_local,96100025,fixed7,0.0048496437166030875,0.08937505294363879,-0.0845254092270357
indefinite_noisy_local,96100026,fixed7,0.00553926592537982,0.0060422586212901435,-0.0005029926959103231
indefinite_noisy_local,96100027,fixed7,0.004057944054613482,0.006088518092613909,-0.002030574038000427
indefinite_noisy_local,96100028,fixed7,0.003762808392450284,0.00402332397341553,-0.0002605155809652462
indefinite_noisy_local,96100029,fixed7,0.0039193253356132295,0.004653461605263127,-0.0007341362696498977
indefinite_noisy_local,96100030,fixed7,0.004512596005100624,0.006050040615077465,-0.0015374446099768414
indefinite_noisy_local,96100031,fixed7,0.0033904482240626533,0.004327782912449107,-0.0009373346883864539
