group,task,age_mode,seed,method,auc
indefinite_noisy_global,indefinite_noisy,global,96100000,historical_moment,0.006947343034506338
indefinite_noisy_global,indefinite_noisy,global,96100001,historical_moment,0.003691898274773941
indefinite_noisy_global,indefinite_noisy,global,96100002,historical_moment,0.005003970542640941
indefinite_noisy_global,indefinite_noisy,global,96100003,historical_moment,0.003942267792808218
indefinite_noisy_global,indefinite_noisy,global,96100004,historical_moment,0.006740415512290311
indefinite_noisy_global,indefinite_noisy,global,96100005,historical_moment,0.006376889627033691
indefinite_noisy_global,indefinite_noisy,global,96100006,historical_moment,0.006322492890139805
indefinite_noisy_global,indefinite_noisy,global,96100007,historical_moment,0.004115585536805062
indefinite_noisy_global,indefinite_noisy,global,96100008,historical_moment,0.004544018984462791
indefinite_noisy_global,indefinite_noisy,global,96100009,historical_moment,0.006098038283878848
indefinite_noisy_global,indefinite_noisy,global,96100010,historical_moment,0.004647785595342551
indefinite_noisy_global,indefinite_noisy,global,96100011,historical_moment,0.005541889012863212
indefinite_noisy_global,indefinite_noisy,global,96100012,historical_moment,0.005705608585303631
indefinite_noisy_global,indefinite_noisy,global,96100013,historical_moment,0.0038914398882128097
indefinite_noisy_global,indefinite_noisy,global,96100014,historical_moment,0.007173131498963267
indefinite_noisy_global,indefinite_noisy,global,96100015,historical_moment,0.0063704994169261385
indefinite_noisy_global,indefinite_noisy,global,96100016,historical_moment,0.004538900433134356
indefinite_noisy_global,indefinite_noisy,global,96100017,historical_moment,0.005209142765410327
indefinite_noisy_global,indefinite_noisy,global,96100018,historical_moment,0.0045741932933605406
indefinite_noisy_global,indefinite_noisy,global,96100019,historical_moment,0.005187015253217297
indefinite_noisy_global,indefinite_noisy,global,96100020,historical_moment,0.006215833586115857
indefinite_noisy_global,indefinite_noisy,global,96100021,historical_moment,0.005880935557876491
indefinite_noisy_global,indefinite_noisy,global,96100022,historical_moment,0.008897883369150457
indefinite_noisy_global,indefinite_noisy,global,96100023,historical_moment,0.004817407909660845
indefinite_noisy_global,indefinite_noisy,global,96100024,historical_moment,0.004920065296591701
indefinite_noisy_global,indefinite_noisy,global,96100025,historical_moment,0.005162484889507803
indefinite_noisy_global,indefinite_noisy,global,96100026,historical_moment,0.006570651259765701
indefinite_noisy_global,indefinite_noisy,global,96100027,historical_moment,0.004309408544647778
indefinite_noisy_global,indefinite_noisy,global,96100028,historical_moment,0.004480897617881741
indefinite_noisy_global,indefinite_noisy,global,96100029,historical_moment,0.004823409466826499
indefinite_noisy_global,indefinite_noisy,global,96100030,historical_moment,0.0055368837330290474
indefinite_noisy_global,indefinite_noisy,global,96100031,historical_moment,0.0036769373288918403
indefinite_noisy_global,indefinite_noisy,global,96100032,historical_moment,0.007846050780505454
indefinite_noisy_global,indefinite_noisy,global,96100033,historical_moment,0.004127614380529914
indefinite_noisy_global,indefinite_noisy,global,96100034,historical_moment,0.003850023053306212
indefinite_noisy_global,indefinite_noisy,global,96100035,historical_moment,0.005197995498727709
indefinite_noisy_global,indefinite_noisy,global,96100036,historical_moment,0.00566358521373082
indefinite_noisy_global,indefinite_noisy,global,96100037,historical_moment,0.00344509501598473
indefinite_noisy_global,indefinite_noisy,global,96100038,historical_moment,0.006113150603068817
indefinite_noisy_global,indefinite_noisy,global,96100039,historical_moment,0.00473510243468622
indefinite_noisy_global,indefinite_noisy,global,96100040,historical_moment,0.005491755336824722
indefinite_noisy_global,indefinite_noisy,global,96100041,historical_moment,0.004614756048285696
indefinite_noisy_global,indefinite_noisy,global,96100042,historical_moment,0.005586263740562627
indefinite_noisy_global,indefinite_noisy,global,96100043,historical_moment,0.006017914909675965
indefinite_noisy_global,indefinite_noisy,global,96100044,historical_moment,0.004650018230772658
indefinite_noisy_global,indefinite_noisy,global,96100045,historical_moment,0.004584875109758448
indefinite_noisy_global,indefinite_noisy,global,96100046,historical_moment,0.005618420735238004
indefinite_noisy_global,indefinite_noisy,global,96100047,historical_moment,0.005140672227081459
indefinite_noisy_global,indefinite_noisy,global,96100048,historical_moment,0.004888108510520213
indefinite_noisy_global,indefinite_noisy,global,96100049,historical_moment,0.005413326500301333
indefinite_noisy_global,indefinite_noisy,global,96100050,historical_moment,0.004673652823783496
indefinite_noisy_global,indefinite_noisy,global,96100051,historical_moment,0.005663120070057886
indefinite_noisy_global,indefinite_noisy,global,96100052,historical_moment,0.006362631879857917
indefinite_noisy_global,indefinite_noisy,global,96100053,historical_moment,0.006692254046064684
indefinite_noisy_global,indefinite_noisy,global,96100054,historical_moment,0.0052880290410745176
indefinite_noisy_global,indefinite_noisy,global,96100055,historical_moment,0.006628198510608932
indefinite_noisy_global,indefinite_noisy,global,96100056,historical_moment,0.006184409593169983
indefinite_noisy_global,indefinite_noisy,global,96100057,historical_moment,0.006924681392718645
indefinite_noisy_global,indefinite_noisy,global,96100058,historical_moment,0.004426079859962004
indefinite_noisy_global,indefinite_noisy,global,96100059,historical_moment,0.005391398061042297
indefinite_noisy_global,indefinite_noisy,global,96100060,historical_moment,0.005682380332205863
indefinite_noisy_global,indefinite_noisy,global,96100061,historical_moment,0.006553946022807245
indefinite_noisy_global,indefinite_noisy,global,96100062,historical_moment,0.007064432171850375
indefinite_noisy_global,indefinite_noisy,global,96100063,historical_moment,0.005273406398274052
indefinite_noisy_global,indefinite_noisy,global,96100064,historical_moment,0.005362059042983517
indefinite_noisy_global,indefinite_noisy,global,96100065,historical_moment,0.0055642059982268345
indefinite_noisy_global,indefinite_noisy,global,96100066,historical_moment,0.004727241458046723
indefinite_noisy_global,indefinite_noisy,global,96100067,historical_moment,0.004093507561636488
indefinite_noisy_global,indefinite_noisy,global,96100068,historical_moment,0.00504014438044097
indefinite_noisy_global,indefinite_noisy,global,96100069,historical_moment,0.00498530346625668
indefinite_noisy_global,indefinite_noisy,global,96100070,historical_moment,0.006369527957100862
indefinite_noisy_global,indefinite_noisy,global,96100071,historical_moment,0.00510008636455877
indefinite_noisy_global,indefinite_noisy,global,96100072,historical_moment,0.004904030321515496
indefinite_noisy_global,indefinite_noisy,global,96100073,historical_moment,0.0039972916494056656
indefinite_noisy_global,indefinite_noisy,global,96100074,historical_moment,0.006268791070259437
indefinite_noisy_global,indefinite_noisy,global,96100075,historical_moment,0.0038967314245393586
indefinite_noisy_global,indefinite_noisy,global,96100076,historical_moment,0.004848406606240515
indefinite_noisy_global,indefinite_noisy,global,96100077,historical_moment,0.005273424608702079
indefinite_noisy_global,indefinite_noisy,global,96100078,historical_moment,0.006387830627743235
indefinite_noisy_global,indefinite_noisy,global,96100079,historical_moment,0.004843725196909258
indefinite_noisy_global,indefinite_noisy,global,96100080,historical_moment,0.0057823786476109
indefinite_noisy_global,indefinite_noisy,global,96100081,historical_moment,0.00467164302096314
indefinite_noisy_global,indefinite_noisy,global,96100082,historical_moment,0.005314836386541232
indefinite_noisy_global,indefinite_noisy,global,96100083,historical_moment,0.005428197111968031
indefinite_noisy_global,indefinite_noisy,global,96100084,historical_moment,0.0062140413877600975
indefinite_noisy_global,indefinite_noisy,global,96100085,historical_moment,0.006252554815454032
indefinite_noisy_global,indefinite_noisy,global,96100086,historical_moment,0.0034140418258442854
indefinite_noisy_global,indefinite_noisy,global,96100087,historical_moment,0.006628857919099246
indefinite_noisy_global,indefinite_noisy,global,96100088,historical_moment,0.004286157106647727
indefinite_noisy_global,indefinite_noisy,global,96100089,historical_moment,0.005523991597763982
indefinite_noisy_global,indefinite_noisy,global,96100090,historical_moment,0.005382486326905314
indefinite_noisy_global,indefinite_noisy,global,96100091,historical_moment,0.00602811515172007
indefinite_noisy_global,indefinite_noisy,global,96100092,historical_moment,0.00503115525063916
indefinite_noisy_global,indefinite_noisy,global,96100093,historical_moment,0.005566287475727316
indefinite_noisy_global,indefinite_noisy,global,96100094,historical_moment,0.0043688467857752366
indefinite_noisy_global,indefinite_noisy,global,96100095,historical_moment,0.005873534010986416
indefinite_noisy_global,indefinite_noisy,global,96100096,historical_moment,0.005061858762381064
indefinite_noisy_global,indefinite_noisy,global,96100097,historical_moment,0.006138231262892534
indefinite_noisy_global,indefinite_noisy,global,96100098,historical_moment,0.005652565372292726
indefinite_noisy_global,indefinite_noisy,global,96100099,historical_moment,0.006529430317226798
indefinite_noisy_global,indefinite_noisy,global,96100100,historical_moment,0.004496470027527744
indefinite_noisy_global,indefinite_noisy,global,96100101,historical_moment,0.004884777153721419
indefinite_noisy_global,indefinite_noisy,global,96100102,historical_moment,0.004860624636772137
indefinite_noisy_global,indefinite_noisy,global,96100103,historical_moment,0.005350880446481093
indefinite_noisy_global,indefinite_noisy,global,96100104,historical_moment,0.004581800478865249
indefinite_noisy_global,indefinite_noisy,global,96100105,historical_moment,0.0077236538633353976
indefinite_noisy_global,indefinite_noisy,global,96100106,historical_moment,0.005881916864793543
indefinite_noisy_global,indefinite_noisy,global,96100107,historical_moment,0.005053830192981005
indefinite_noisy_global,indefinite_noisy,global,96100108,historical_moment,0.004904065578729998
indefinite_noisy_global,indefinite_noisy,global,96100109,historical_moment,0.004910180989912445
indefinite_noisy_global,indefinite_noisy,global,96100110,historical_moment,0.0038213815669631513
indefinite_noisy_global,indefinite_noisy,global,96100111,historical_moment,0.0060237830121582575
indefinite_noisy_global,indefinite_noisy,global,96100112,historical_moment,0.006803435641493819
indefinite_noisy_global,indefinite_noisy,global,96100113,historical_moment,0.005675090516786182
indefinite_noisy_global,indefinite_noisy,global,96100114,historical_moment,0.005591671200271123
indefinite_noisy_global,indefinite_noisy,global,96100115,historical_moment,0.005944424300867225
indefinite_noisy_global,indefinite_noisy,global,96100116,historical_moment,0.004276425649020096
indefinite_noisy_global,indefinite_noisy,global,96100117,historical_moment,0.006761340318273542
indefinite_noisy_global,indefinite_noisy,global,96100118,historical_moment,0.0056246853530749685
indefinite_noisy_global,indefinite_noisy,global,96100119,historical_moment,0.005052490681084807
indefinite_noisy_global,indefinite_noisy,global,96100120,historical_moment,0.004531812626066905
indefinite_noisy_global,indefinite_noisy,global,96100121,historical_moment,0.00638369681785299
indefinite_noisy_global,indefinite_noisy,global,96100122,historical_moment,0.0051612089772385345
indefinite_noisy_global,indefinite_noisy,global,96100123,historical_moment,0.006136481757670991
indefinite_noisy_global,indefinite_noisy,global,96100124,historical_moment,0.006366514362048002
indefinite_noisy_global,indefinite_noisy,global,96100125,historical_moment,0.0042036223001451775
indefinite_noisy_global,indefinite_noisy,global,96100126,historical_moment,0.005946308339571493
indefinite_noisy_global,indefinite_noisy,global,96100127,historical_moment,0.004553818976662066
indefinite_noisy_global,indefinite_noisy,global,96100128,historical_moment,0.005223475347955429
indefinite_noisy_global,indefinite_noisy,global,96100129,historical_moment,0.008085012837869644
indefinite_noisy_global,indefinite_noisy,global,96100130,historical_moment,0.005038290548955372
indefinite_noisy_global,indefinite_noisy,global,96100131,historical_moment,0.005462237436080227
indefinite_noisy_global,indefinite_noisy,global,96100132,historical_moment,0.0037824724624757407
indefinite_noisy_global,indefinite_noisy,global,96100133,historical_moment,0.0055443381123953086
indefinite_noisy_global,indefinite_noisy,global,96100134,historical_moment,0.005301015700052377
indefinite_noisy_global,indefinite_noisy,global,96100135,historical_moment,0.005194594143574837
indefinite_noisy_global,indefinite_noisy,global,96100136,historical_moment,0.0036583464834430072
indefinite_noisy_global,indefinite_noisy,global,96100137,historical_moment,0.006408310956055016
indefinite_noisy_global,indefinite_noisy,global,96100138,historical_moment,0.006642441334024123
indefinite_noisy_global,indefinite_noisy,global,96100139,historical_moment,0.005933292403968238
indefinite_noisy_global,indefinite_noisy,global,96100140,historical_moment,0.004488741318801879
indefinite_noisy_global,indefinite_noisy,global,96100141,historical_moment,0.004116121112374557
indefinite_noisy_global,indefinite_noisy,global,96100142,historical_moment,0.005489471224528178
indefinite_noisy_global,indefinite_noisy,global,96100143,historical_moment,0.0031427548415507824
indefinite_noisy_global,indefinite_noisy,global,96100144,historical_moment,0.006456092481012621
indefinite_noisy_global,indefinite_noisy,global,96100145,historical_moment,0.0039712246254844374
indefinite_noisy_global,indefinite_noisy,global,96100146,historical_moment,0.005089086996098427
indefinite_noisy_global,indefinite_noisy,global,96100147,historical_moment,0.004045723666618703
indefinite_noisy_global,indefinite_noisy,global,96100148,historical_moment,0.005697943382529493
indefinite_noisy_global,indefinite_noisy,global,96100149,historical_moment,0.005371202721097852
indefinite_noisy_global,indefinite_noisy,global,96100150,historical_moment,0.004977796173497225
indefinite_noisy_global,indefinite_noisy,global,96100151,historical_moment,0.005515414176734971
indefinite_noisy_global,indefinite_noisy,global,96100152,historical_moment,0.005487209674619633
indefinite_noisy_global,indefinite_noisy,global,96100153,historical_moment,0.00510444711264374
indefinite_noisy_global,indefinite_noisy,global,96100154,historical_moment,0.005845416523209183
indefinite_noisy_global,indefinite_noisy,global,96100155,historical_moment,0.004483977380221941
indefinite_noisy_global,indefinite_noisy,global,96100156,historical_moment,0.006322522255753266
indefinite_noisy_global,indefinite_noisy,global,96100157,historical_moment,0.004733416463978911
indefinite_noisy_global,indefinite_noisy,global,96100158,historical_moment,0.0057019179492613856
indefinite_noisy_global,indefinite_noisy,global,96100159,historical_moment,0.006192209127315899
indefinite_noisy_global,indefinite_noisy,global,96100160,historical_moment,0.004429170207735326
indefinite_noisy_global,indefinite_noisy,global,96100161,historical_moment,0.004389810856435019
indefinite_noisy_global,indefinite_noisy,global,96100162,historical_moment,0.006855892620382344
indefinite_noisy_global,indefinite_noisy,global,96100163,historical_moment,0.00508215488519581
indefinite_noisy_global,indefinite_noisy,global,96100164,historical_moment,0.005314453375985077
indefinite_noisy_global,indefinite_noisy,global,96100165,historical_moment,0.005998176840858542
indefinite_noisy_global,indefinite_noisy,global,96100166,historical_moment,0.005838128529806625
indefinite_noisy_global,indefinite_noisy,global,96100167,historical_moment,0.004129751273078628
indefinite_noisy_global,indefinite_noisy,global,96100168,historical_moment,0.008266427084339653
indefinite_noisy_global,indefinite_noisy,global,96100169,historical_moment,0.004370506734406165
indefinite_noisy_global,indefinite_noisy,global,96100170,historical_moment,0.004767821773018707
indefinite_noisy_global,indefinite_noisy,global,96100171,historical_moment,0.004270652310814886
indefinite_noisy_global,indefinite_noisy,global,96100172,historical_moment,0.005281803423558679
indefinite_noisy_global,indefinite_noisy,global,96100173,historical_moment,0.004672828574222249
indefinite_noisy_global,indefinite_noisy,global,96100174,historical_moment,0.00519500239713223
indefinite_noisy_global,indefinite_noisy,global,96100175,historical_moment,0.005123519436109873
indefinite_noisy_global,indefinite_noisy,global,96100176,historical_moment,0.0052501538153707375
indefinite_noisy_global,indefinite_noisy,global,96100177,historical_moment,0.004555382664697756
indefinite_noisy_global,indefinite_noisy,global,96100178,historical_moment,0.004759078248650562
indefinite_noisy_global,indefinite_noisy,global,96100179,historical_moment,0.004918553211025528
indefinite_noisy_global,indefinite_noisy,global,96100180,historical_moment,0.006858014445424595
indefinite_noisy_global,indefinite_noisy,global,96100181,historical_moment,0.004226935164584958
indefinite_noisy_global,indefinite_noisy,global,96100182,historical_moment,0.005709934162313393
indefinite_noisy_global,indefinite_noisy,global,96100183,historical_moment,0.004747941759172695
indefinite_noisy_global,indefinite_noisy,global,96100184,historical_moment,0.008034125629285745
indefinite_noisy_global,indefinite_noisy,global,96100185,historical_moment,0.0051359077026952036
indefinite_noisy_global,indefinite_noisy,global,96100186,historical_moment,0.004387374712160684
indefinite_noisy_global,indefinite_noisy,global,96100187,historical_moment,0.005853148305288721
indefinite_noisy_global,indefinite_noisy,global,96100188,historical_moment,0.005791859960705941
indefinite_noisy_global,indefinite_noisy,global,96100189,historical_moment,0.0043873728179298814
indefinite_noisy_global,indefinite_noisy,global,96100190,historical_moment,0.005179789335839761
indefinite_noisy_global,indefinite_noisy,global,96100191,historical_moment,0.00513559084121868
indefinite_noisy_global,indefinite_noisy,global,96100192,historical_moment,0.008421193176027348
indefinite_noisy_global,indefinite_noisy,global,96100193,historical_moment,0.003826298878189099
indefinite_noisy_global,indefinite_noisy,global,96100194,historical_moment,0.00705627490466424
indefinite_noisy_global,indefinite_noisy,global,96100195,historical_moment,0.004837746699648512
indefinite_noisy_global,indefinite_noisy,global,96100196,historical_moment,0.004412927991483709
indefinite_noisy_global,indefinite_noisy,global,96100197,historical_moment,0.0066255752309982464
indefinite_noisy_global,indefinite_noisy,global,96100198,historical_moment,0.005905124929723738
indefinite_noisy_global,indefinite_noisy,global,96100199,historical_moment,0.004720953893673023
indefinite_noisy_global,indefinite_noisy,global,96100200,historical_moment,0.00544298453174404
indefinite_noisy_global,indefinite_noisy,global,96100201,historical_moment,0.005590677129952531
indefinite_noisy_global,indefinite_noisy,global,96100202,historical_moment,0.005561031260491721
indefinite_noisy_global,indefinite_noisy,global,96100203,historical_moment,0.003525267557628886
indefinite_noisy_global,indefinite_noisy,global,96100204,historical_moment,0.004301628660275618
indefinite_noisy_global,indefinite_noisy,global,96100205,historical_moment,0.007308678753577203
indefinite_noisy_global,indefinite_noisy,global,96100206,historical_moment,0.007258554260088861
indefinite_noisy_global,indefinite_noisy,global,96100207,historical_moment,0.005526404712316317
indefinite_noisy_global,indefinite_noisy,global,96100208,historical_moment,0.006296508847636664
indefinite_noisy_global,indefinite_noisy,global,96100209,historical_moment,0.007777309546465109
indefinite_noisy_global,indefinite_noisy,global,96100210,historical_moment,0.005157438130664698
indefinite_noisy_global,indefinite_noisy,global,96100211,historical_moment,0.006174995080522397
indefinite_noisy_global,indefinite_noisy,global,96100212,historical_moment,0.00833603905045022
indefinite_noisy_global,indefinite_noisy,global,96100213,historical_moment,0.006149324684451022
indefinite_noisy_global,indefinite_noisy,global,96100214,historical_moment,0.004035561661660849
indefinite_noisy_global,indefinite_noisy,global,96100215,historical_moment,0.003932272182291911
indefinite_noisy_global,indefinite_noisy,global,96100216,historical_moment,0.005213285636831338
indefinite_noisy_global,indefinite_noisy,global,96100217,historical_moment,0.004129286524449347
indefinite_noisy_global,indefinite_noisy,global,96100218,historical_moment,0.004345037956472762
indefinite_noisy_global,indefinite_noisy,global,96100219,historical_moment,0.004814238709121388
indefinite_noisy_global,indefinite_noisy,global,96100220,historical_moment,0.0036753985619380996
indefinite_noisy_global,indefinite_noisy,global,96100221,historical_moment,0.003961473297453094
indefinite_noisy_global,indefinite_noisy,global,96100222,historical_moment,0.005598902006971435
indefinite_noisy_global,indefinite_noisy,global,96100223,historical_moment,0.00611237530303732
indefinite_noisy_global,indefinite_noisy,global,96100224,historical_moment,0.0050858910459057795
indefinite_noisy_global,indefinite_noisy,global,96100225,historical_moment,0.004424700581802024
indefinite_noisy_global,indefinite_noisy,global,96100226,historical_moment,0.004814767326426315
indefinite_noisy_global,indefinite_noisy,global,96100227,historical_moment,0.005466781189523828
indefinite_noisy_global,indefinite_noisy,global,96100228,historical_moment,0.006015947278016303
indefinite_noisy_global,indefinite_noisy,global,96100229,historical_moment,0.004220449623142787
indefinite_noisy_global,indefinite_noisy,global,96100230,historical_moment,0.004335383266175461
indefinite_noisy_global,indefinite_noisy,global,96100231,historical_moment,0.006300568648385949
indefinite_noisy_global,indefinite_noisy,global,96100232,historical_moment,0.005968879851440996
indefinite_noisy_global,indefinite_noisy,global,96100233,historical_moment,0.004140866266147104
indefinite_noisy_global,indefinite_noisy,global,96100234,historical_moment,0.0045761366891572
indefinite_noisy_global,indefinite_noisy,global,96100235,historical_moment,0.004220831129617217
indefinite_noisy_global,indefinite_noisy,global,96100236,historical_moment,0.004105914191276623
indefinite_noisy_global,indefinite_noisy,global,96100237,historical_moment,0.005379740939167714
indefinite_noisy_global,indefinite_noisy,global,96100238,historical_moment,0.005902014460481691
indefinite_noisy_global,indefinite_noisy,global,96100239,historical_moment,0.005029681768536169
indefinite_noisy_global,indefinite_noisy,global,96100240,historical_moment,0.006150866199895055
indefinite_noisy_global,indefinite_noisy,global,96100241,historical_moment,0.004139259384912142
indefinite_noisy_global,indefinite_noisy,global,96100242,historical_moment,0.006155708561105577
indefinite_noisy_global,indefinite_noisy,global,96100243,historical_moment,0.004875502232181367
indefinite_noisy_global,indefinite_noisy,global,96100244,historical_moment,0.0067754000792838226
indefinite_noisy_global,indefinite_noisy,global,96100245,historical_moment,0.005116120885391116
indefinite_noisy_global,indefinite_noisy,global,96100246,historical_moment,0.006353322077528982
indefinite_noisy_global,indefinite_noisy,global,96100247,historical_moment,0.005534362699559145
indefinite_noisy_global,indefinite_noisy,global,96100248,historical_moment,0.00659369933128633
indefinite_noisy_global,indefinite_noisy,global,96100249,historical_moment,0.004684318738175461
indefinite_noisy_global,indefinite_noisy,global,96100250,historical_moment,0.004119039022470064
indefinite_noisy_global,indefinite_noisy,global,96100251,historical_moment,0.005141872383697061
indefinite_noisy_global,indefinite_noisy,global,96100252,historical_moment,0.004830593239842755
indefinite_noisy_global,indefinite_noisy,global,96100253,historical_moment,0.004489479262833699
indefinite_noisy_global,indefinite_noisy,global,96100254,historical_moment,0.006709273089052917
indefinite_noisy_global,indefinite_noisy,global,96100255,historical_moment,0.006330020298277555
indefinite_noisy_global,indefinite_noisy,global,96100000,random_growth128,0.006132078771264588
indefinite_noisy_global,indefinite_noisy,global,96100001,random_growth128,0.0044820052788243836
indefinite_noisy_global,indefinite_noisy,global,96100002,random_growth128,0.0056373758506871804
indefinite_noisy_global,indefinite_noisy,global,96100003,random_growth128,0.004799676083333927
indefinite_noisy_global,indefinite_noisy,global,96100004,random_growth128,0.005676544307317804
indefinite_noisy_global,indefinite_noisy,global,96100005,random_growth128,0.00659714943350886
indefinite_noisy_global,indefinite_noisy,global,96100006,random_growth128,0.00680263144039974
indefinite_noisy_global,indefinite_noisy,global,96100007,random_growth128,0.005440847468581717
indefinite_noisy_global,indefinite_noisy,global,96100008,random_growth128,0.003953667060815787
indefinite_noisy_global,indefinite_noisy,global,96100009,random_growth128,0.006043413135874391
indefinite_noisy_global,indefinite_noisy,global,96100010,random_growth128,0.004947743782225572
indefinite_noisy_global,indefinite_noisy,global,96100011,random_growth128,0.00519629692134402
indefinite_noisy_global,indefinite_noisy,global,96100012,random_growth128,0.006479883346030052
indefinite_noisy_global,indefinite_noisy,global,96100013,random_growth128,0.004877651124274264
indefinite_noisy_global,indefinite_noisy,global,96100014,random_growth128,0.008306347531639483
indefinite_noisy_global,indefinite_noisy,global,96100015,random_growth128,0.00625419015077195
indefinite_noisy_global,indefinite_noisy,global,96100016,random_growth128,0.0050139692641537935
indefinite_noisy_global,indefinite_noisy,global,96100017,random_growth128,0.005785567839490012
indefinite_noisy_global,indefinite_noisy,global,96100018,random_growth128,0.003736643393055855
indefinite_noisy_global,indefinite_noisy,global,96100019,random_growth128,0.0059534097767022405
indefinite_noisy_global,indefinite_noisy,global,96100020,random_growth128,0.006438649454624423
indefinite_noisy_global,indefinite_noisy,global,96100021,random_growth128,0.00563364439145997
indefinite_noisy_global,indefinite_noisy,global,96100022,random_growth128,0.008988681993902112
indefinite_noisy_global,indefinite_noisy,global,96100023,random_growth128,0.005117685283362771
indefinite_noisy_global,indefinite_noisy,global,96100024,random_growth128,0.005378199943767931
indefinite_noisy_global,indefinite_noisy,global,96100025,random_growth128,0.007340106013027579
indefinite_noisy_global,indefinite_noisy,global,96100026,random_growth128,0.007589792621059619
indefinite_noisy_global,indefinite_noisy,global,96100027,random_growth128,0.004624803555982776
indefinite_noisy_global,indefinite_noisy,global,96100028,random_growth128,0.007074703503753602
indefinite_noisy_global,indefinite_noisy,global,96100029,random_growth128,0.005284982792776621
indefinite_noisy_global,indefinite_noisy,global,96100030,random_growth128,0.006258075154140036
indefinite_noisy_global,indefinite_noisy,global,96100031,random_growth128,0.003995139732074679
indefinite_noisy_global,indefinite_noisy,global,96100032,random_growth128,0.008541210755159961
indefinite_noisy_global,indefinite_noisy,global,96100033,random_growth128,0.00452485003371176
indefinite_noisy_global,indefinite_noisy,global,96100034,random_growth128,0.0049439149826589115
indefinite_noisy_global,indefinite_noisy,global,96100035,random_growth128,0.0054238222722760385
indefinite_noisy_global,indefinite_noisy,global,96100036,random_growth128,0.0060087437163500075
indefinite_noisy_global,indefinite_noisy,global,96100037,random_growth128,0.00432047603351518
indefinite_noisy_global,indefinite_noisy,global,96100038,random_growth128,0.007028962543514144
indefinite_noisy_global,indefinite_noisy,global,96100039,random_growth128,0.00688889630439563
indefinite_noisy_global,indefinite_noisy,global,96100040,random_growth128,0.0052785841785993465
indefinite_noisy_global,indefinite_noisy,global,96100041,random_growth128,0.0046659451368658445
indefinite_noisy_global,indefinite_noisy,global,96100042,random_growth128,0.00610188299049568
indefinite_noisy_global,indefinite_noisy,global,96100043,random_growth128,0.005758746460067049
indefinite_noisy_global,indefinite_noisy,global,96100044,random_growth128,0.005935929842526554
indefinite_noisy_global,indefinite_noisy,global,96100045,random_growth128,0.005332268755103425
indefinite_noisy_global,indefinite_noisy,global,96100046,random_growth128,0.005035513402005142
indefinite_noisy_global,indefinite_noisy,global,96100047,random_growth128,0.004695362635060467
indefinite_noisy_global,indefinite_noisy,global,96100048,random_growth128,0.0051073884990342315
indefinite_noisy_global,indefinite_noisy,global,96100049,random_growth128,0.006080569195811685
indefinite_noisy_global,indefinite_noisy,global,96100050,random_growth128,0.004216142519352971
indefinite_noisy_global,indefinite_noisy,global,96100051,random_growth128,0.00546127961067657
indefinite_noisy_global,indefinite_noisy,global,96100052,random_growth128,0.007358613537298342
indefinite_noisy_global,indefinite_noisy,global,96100053,random_growth128,0.007222377852156626
indefinite_noisy_global,indefinite_noisy,global,96100054,random_growth128,0.005779928445225595
indefinite_noisy_global,indefinite_noisy,global,96100055,random_growth128,0.007496061458844899
indefinite_noisy_global,indefinite_noisy,global,96100056,random_growth128,0.0075083498969981555
indefinite_noisy_global,indefinite_noisy,global,96100057,random_growth128,0.00857973937935444
indefinite_noisy_global,indefinite_noisy,global,96100058,random_growth128,0.004786810053497909
indefinite_noisy_global,indefinite_noisy,global,96100059,random_growth128,0.005954209411511663
indefinite_noisy_global,indefinite_noisy,global,96100060,random_growth128,0.006518140912480392
indefinite_noisy_global,indefinite_noisy,global,96100061,random_growth128,0.006496013916633376
indefinite_noisy_global,indefinite_noisy,global,96100062,random_growth128,0.007757093772716592
indefinite_noisy_global,indefinite_noisy,global,96100063,random_growth128,0.0061544021012137125
indefinite_noisy_global,indefinite_noisy,global,96100064,random_growth128,0.005102040710044035
indefinite_noisy_global,indefinite_noisy,global,96100065,random_growth128,0.006226965411799469
indefinite_noisy_global,indefinite_noisy,global,96100066,random_growth128,0.004311545848337634
indefinite_noisy_global,indefinite_noisy,global,96100067,random_growth128,0.004400953332110975
indefinite_noisy_global,indefinite_noisy,global,96100068,random_growth128,0.005836978214655398
indefinite_noisy_global,indefinite_noisy,global,96100069,random_growth128,0.0059571961678231145
indefinite_noisy_global,indefinite_noisy,global,96100070,random_growth128,0.006090852101345188
indefinite_noisy_global,indefinite_noisy,global,96100071,random_growth128,0.005303808009870348
indefinite_noisy_global,indefinite_noisy,global,96100072,random_growth128,0.006136620173594234
indefinite_noisy_global,indefinite_noisy,global,96100073,random_growth128,0.0055760908169106
indefinite_noisy_global,indefinite_noisy,global,96100074,random_growth128,0.006896723982181065
indefinite_noisy_global,indefinite_noisy,global,96100075,random_growth128,0.004649342966923012
indefinite_noisy_global,indefinite_noisy,global,96100076,random_growth128,0.005098112819587651
indefinite_noisy_global,indefinite_noisy,global,96100077,random_growth128,0.005841776335268529
indefinite_noisy_global,indefinite_noisy,global,96100078,random_growth128,0.006616997968446749
indefinite_noisy_global,indefinite_noisy,global,96100079,random_growth128,0.005750006319988016
indefinite_noisy_global,indefinite_noisy,global,96100080,random_growth128,0.008482224791113553
indefinite_noisy_global,indefinite_noisy,global,96100081,random_growth128,0.00426014786374032
indefinite_noisy_global,indefinite_noisy,global,96100082,random_growth128,0.005927245452430862
indefinite_noisy_global,indefinite_noisy,global,96100083,random_growth128,0.007011917545304062
indefinite_noisy_global,indefinite_noisy,global,96100084,random_growth128,0.006073949031086534
indefinite_noisy_global,indefinite_noisy,global,96100085,random_growth128,0.00692082387776095
indefinite_noisy_global,indefinite_noisy,global,96100086,random_growth128,0.0045733748517450615
indefinite_noisy_global,indefinite_noisy,global,96100087,random_growth128,0.007075427902935581
indefinite_noisy_global,indefinite_noisy,global,96100088,random_growth128,0.005206389760190052
indefinite_noisy_global,indefinite_noisy,global,96100089,random_growth128,0.005520253430951371
indefinite_noisy_global,indefinite_noisy,global,96100090,random_growth128,0.006332560831339952
indefinite_noisy_global,indefinite_noisy,global,96100091,random_growth128,0.006706472292655887
indefinite_noisy_global,indefinite_noisy,global,96100092,random_growth128,0.005870294547210168
indefinite_noisy_global,indefinite_noisy,global,96100093,random_growth128,0.00700587383780527
indefinite_noisy_global,indefinite_noisy,global,96100094,random_growth128,0.004475627486111585
indefinite_noisy_global,indefinite_noisy,global,96100095,random_growth128,0.007489084112285648
indefinite_noisy_global,indefinite_noisy,global,96100096,random_growth128,0.004887802125422592
indefinite_noisy_global,indefinite_noisy,global,96100097,random_growth128,0.0065730084877773315
indefinite_noisy_global,indefinite_noisy,global,96100098,random_growth128,0.006206959077521946
indefinite_noisy_global,indefinite_noisy,global,96100099,random_growth128,0.007905251847783398
indefinite_noisy_global,indefinite_noisy,global,96100100,random_growth128,0.00444636044577171
indefinite_noisy_global,indefinite_noisy,global,96100101,random_growth128,0.004418478737231582
indefinite_noisy_global,indefinite_noisy,global,96100102,random_growth128,0.005113480445874126
indefinite_noisy_global,indefinite_noisy,global,96100103,random_growth128,0.006235487342634128
indefinite_noisy_global,indefinite_noisy,global,96100104,random_growth128,0.004836747312000863
indefinite_noisy_global,indefinite_noisy,global,96100105,random_growth128,0.008403336072992762
indefinite_noisy_global,indefinite_noisy,global,96100106,random_growth128,0.006009310813863058
indefinite_noisy_global,indefinite_noisy,global,96100107,random_growth128,0.004770026702868209
indefinite_noisy_global,indefinite_noisy,global,96100108,random_growth128,0.005236286102747757
indefinite_noisy_global,indefinite_noisy,global,96100109,random_growth128,0.005952003342122986
indefinite_noisy_global,indefinite_noisy,global,96100110,random_growth128,0.004739543118616281
indefinite_noisy_global,indefinite_noisy,global,96100111,random_growth128,0.008320549450980689
indefinite_noisy_global,indefinite_noisy,global,96100112,random_growth128,0.00594503556318748
indefinite_noisy_global,indefinite_noisy,global,96100113,random_growth128,0.006643964058546192
indefinite_noisy_global,indefinite_noisy,global,96100114,random_growth128,0.005889759152859736
indefinite_noisy_global,indefinite_noisy,global,96100115,random_growth128,0.006856299372276193
indefinite_noisy_global,indefinite_noisy,global,96100116,random_growth128,0.004975870936483646
indefinite_noisy_global,indefinite_noisy,global,96100117,random_growth128,0.007164337664916385
indefinite_noisy_global,indefinite_noisy,global,96100118,random_growth128,0.006505387740228151
indefinite_noisy_global,indefinite_noisy,global,96100119,random_growth128,0.007317843121808516
indefinite_noisy_global,indefinite_noisy,global,96100120,random_growth128,0.004900286826698357
indefinite_noisy_global,indefinite_noisy,global,96100121,random_growth128,0.00660289419299348
indefinite_noisy_global,indefinite_noisy,global,96100122,random_growth128,0.005463888593819055
indefinite_noisy_global,indefinite_noisy,global,96100123,random_growth128,0.006855799366537823
indefinite_noisy_global,indefinite_noisy,global,96100124,random_growth128,0.00697864177071725
indefinite_noisy_global,indefinite_noisy,global,96100125,random_growth128,0.005024087072017618
indefinite_noisy_global,indefinite_noisy,global,96100126,random_growth128,0.006622287192627776
indefinite_noisy_global,indefinite_noisy,global,96100127,random_growth128,0.006554295055591673
indefinite_noisy_global,indefinite_noisy,global,96100128,random_growth128,0.005428010398656201
indefinite_noisy_global,indefinite_noisy,global,96100129,random_growth128,0.009368225714121858
indefinite_noisy_global,indefinite_noisy,global,96100130,random_growth128,0.005173637268750931
indefinite_noisy_global,indefinite_noisy,global,96100131,random_growth128,0.007419104638630052
indefinite_noisy_global,indefinite_noisy,global,96100132,random_growth128,0.0044739159062393485
indefinite_noisy_global,indefinite_noisy,global,96100133,random_growth128,0.006365095628110867
indefinite_noisy_global,indefinite_noisy,global,96100134,random_growth128,0.006186379116143455
indefinite_noisy_global,indefinite_noisy,global,96100135,random_growth128,0.005250976339624227
indefinite_noisy_global,indefinite_noisy,global,96100136,random_growth128,0.0052882918733545186
indefinite_noisy_global,indefinite_noisy,global,96100137,random_growth128,0.006397570283521112
indefinite_noisy_global,indefinite_noisy,global,96100138,random_growth128,0.008366796731922678
indefinite_noisy_global,indefinite_noisy,global,96100139,random_growth128,0.005795146389003844
indefinite_noisy_global,indefinite_noisy,global,96100140,random_growth128,0.00466538630925662
indefinite_noisy_global,indefinite_noisy,global,96100141,random_growth128,0.0048622452529118
indefinite_noisy_global,indefinite_noisy,global,96100142,random_growth128,0.006051045434111921
indefinite_noisy_global,indefinite_noisy,global,96100143,random_growth128,0.0036444696028839316
indefinite_noisy_global,indefinite_noisy,global,96100144,random_growth128,0.007461601710824173
indefinite_noisy_global,indefinite_noisy,global,96100145,random_growth128,0.004970818438202884
indefinite_noisy_global,indefinite_noisy,global,96100146,random_growth128,0.005632096694265036
indefinite_noisy_global,indefinite_noisy,global,96100147,random_growth128,0.004061659975654834
indefinite_noisy_global,indefinite_noisy,global,96100148,random_growth128,0.005574956976126848
indefinite_noisy_global,indefinite_noisy,global,96100149,random_growth128,0.005630020258934167
indefinite_noisy_global,indefinite_noisy,global,96100150,random_growth128,0.005881601065872664
indefinite_noisy_global,indefinite_noisy,global,96100151,random_growth128,0.005180642306399658
indefinite_noisy_global,indefinite_noisy,global,96100152,random_growth128,0.005091144322465068
indefinite_noisy_global,indefinite_noisy,global,96100153,random_growth128,0.006057940109270386
indefinite_noisy_global,indefinite_noisy,global,96100154,random_growth128,0.006138380015013671
indefinite_noisy_global,indefinite_noisy,global,96100155,random_growth128,0.006235182723070178
indefinite_noisy_global,indefinite_noisy,global,96100156,random_growth128,0.00724006175683088
indefinite_noisy_global,indefinite_noisy,global,96100157,random_growth128,0.00570519205547554
indefinite_noisy_global,indefinite_noisy,global,96100158,random_growth128,0.0065400174914614145
indefinite_noisy_global,indefinite_noisy,global,96100159,random_growth128,0.006923319145955066
indefinite_noisy_global,indefinite_noisy,global,96100160,random_growth128,0.005412368875561647
indefinite_noisy_global,indefinite_noisy,global,96100161,random_growth128,0.004755656336037337
indefinite_noisy_global,indefinite_noisy,global,96100162,random_growth128,0.007381959916850717
indefinite_noisy_global,indefinite_noisy,global,96100163,random_growth128,0.005461728624453974
indefinite_noisy_global,indefinite_noisy,global,96100164,random_growth128,0.005363775170010996
indefinite_noisy_global,indefinite_noisy,global,96100165,random_growth128,0.0062444504066907
indefinite_noisy_global,indefinite_noisy,global,96100166,random_growth128,0.005319692060245236
indefinite_noisy_global,indefinite_noisy,global,96100167,random_growth128,0.0049773741572994535
indefinite_noisy_global,indefinite_noisy,global,96100168,random_growth128,0.009226900006147638
indefinite_noisy_global,indefinite_noisy,global,96100169,random_growth128,0.006000065334585053
indefinite_noisy_global,indefinite_noisy,global,96100170,random_growth128,0.005578423188698047
indefinite_noisy_global,indefinite_noisy,global,96100171,random_growth128,0.0051477500477458155
indefinite_noisy_global,indefinite_noisy,global,96100172,random_growth128,0.005459100983337242
indefinite_noisy_global,indefinite_noisy,global,96100173,random_growth128,0.00484956942054809
indefinite_noisy_global,indefinite_noisy,global,96100174,random_growth128,0.006001398043527531
indefinite_noisy_global,indefinite_noisy,global,96100175,random_growth128,0.0063369284483483
indefinite_noisy_global,indefinite_noisy,global,96100176,random_growth128,0.005471765707285206
indefinite_noisy_global,indefinite_noisy,global,96100177,random_growth128,0.005171876371812272
indefinite_noisy_global,indefinite_noisy,global,96100178,random_growth128,0.00702277056426179
indefinite_noisy_global,indefinite_noisy,global,96100179,random_growth128,0.005132276125115685
indefinite_noisy_global,indefinite_noisy,global,96100180,random_growth128,0.007643866561956286
indefinite_noisy_global,indefinite_noisy,global,96100181,random_growth128,0.0040360021846732146
indefinite_noisy_global,indefinite_noisy,global,96100182,random_growth128,0.0061238387958991326
indefinite_noisy_global,indefinite_noisy,global,96100183,random_growth128,0.005558973024905181
indefinite_noisy_global,indefinite_noisy,global,96100184,random_growth128,0.008797637823070564
indefinite_noisy_global,indefinite_noisy,global,96100185,random_growth128,0.005990755306005509
indefinite_noisy_global,indefinite_noisy,global,96100186,random_growth128,0.004243886696393136
indefinite_noisy_global,indefinite_noisy,global,96100187,random_growth128,0.006651095096635332
indefinite_noisy_global,indefinite_noisy,global,96100188,random_growth128,0.006338482335988503
indefinite_noisy_global,indefinite_noisy,global,96100189,random_growth128,0.005296792010652016
indefinite_noisy_global,indefinite_noisy,global,96100190,random_growth128,0.005743049452405425
indefinite_noisy_global,indefinite_noisy,global,96100191,random_growth128,0.005520966342688722
indefinite_noisy_global,indefinite_noisy,global,96100192,random_growth128,0.009700789155789171
indefinite_noisy_global,indefinite_noisy,global,96100193,random_growth128,0.005004198685522986
indefinite_noisy_global,indefinite_noisy,global,96100194,random_growth128,0.007799203972843823
indefinite_noisy_global,indefinite_noisy,global,96100195,random_growth128,0.005097921390682042
indefinite_noisy_global,indefinite_noisy,global,96100196,random_growth128,0.004605471385603981
indefinite_noisy_global,indefinite_noisy,global,96100197,random_growth128,0.008027839425589866
indefinite_noisy_global,indefinite_noisy,global,96100198,random_growth128,0.006321870032197964
indefinite_noisy_global,indefinite_noisy,global,96100199,random_growth128,0.005809348461353933
indefinite_noisy_global,indefinite_noisy,global,96100200,random_growth128,0.00574209429725496
indefinite_noisy_global,indefinite_noisy,global,96100201,random_growth128,0.007447404583323948
indefinite_noisy_global,indefinite_noisy,global,96100202,random_growth128,0.006797001644695333
indefinite_noisy_global,indefinite_noisy,global,96100203,random_growth128,0.00369446994271103
indefinite_noisy_global,indefinite_noisy,global,96100204,random_growth128,0.004709207604633518
indefinite_noisy_global,indefinite_noisy,global,96100205,random_growth128,0.008116459927106107
indefinite_noisy_global,indefinite_noisy,global,96100206,random_growth128,0.007462452583259288
indefinite_noisy_global,indefinite_noisy,global,96100207,random_growth128,0.005939106071297368
indefinite_noisy_global,indefinite_noisy,global,96100208,random_growth128,0.008852592261709149
indefinite_noisy_global,indefinite_noisy,global,96100209,random_growth128,0.008517455445490789
indefinite_noisy_global,indefinite_noisy,global,96100210,random_growth128,0.00594368462427403
indefinite_noisy_global,indefinite_noisy,global,96100211,random_growth128,0.006377950209020909
indefinite_noisy_global,indefinite_noisy,global,96100212,random_growth128,0.008020511005983983
indefinite_noisy_global,indefinite_noisy,global,96100213,random_growth128,0.007238169305255512
indefinite_noisy_global,indefinite_noisy,global,96100214,random_growth128,0.004404380926224612
indefinite_noisy_global,indefinite_noisy,global,96100215,random_growth128,0.0047183665336418285
indefinite_noisy_global,indefinite_noisy,global,96100216,random_growth128,0.00616354459346828
indefinite_noisy_global,indefinite_noisy,global,96100217,random_growth128,0.004215059058046596
indefinite_noisy_global,indefinite_noisy,global,96100218,random_growth128,0.0031687033859780335
indefinite_noisy_global,indefinite_noisy,global,96100219,random_growth128,0.005345702108145181
indefinite_noisy_global,indefinite_noisy,global,96100220,random_growth128,0.004463137242610662
indefinite_noisy_global,indefinite_noisy,global,96100221,random_growth128,0.004736392734111648
indefinite_noisy_global,indefinite_noisy,global,96100222,random_growth128,0.006443681470772657
indefinite_noisy_global,indefinite_noisy,global,96100223,random_growth128,0.0063956701122597605
indefinite_noisy_global,indefinite_noisy,global,96100224,random_growth128,0.006118953333309858
indefinite_noisy_global,indefinite_noisy,global,96100225,random_growth128,0.004723469712286733
indefinite_noisy_global,indefinite_noisy,global,96100226,random_growth128,0.005708134200971565
indefinite_noisy_global,indefinite_noisy,global,96100227,random_growth128,0.0056664901145732595
indefinite_noisy_global,indefinite_noisy,global,96100228,random_growth128,0.006717550055657561
indefinite_noisy_global,indefinite_noisy,global,96100229,random_growth128,0.005347456633590817
indefinite_noisy_global,indefinite_noisy,global,96100230,random_growth128,0.005235622817059212
indefinite_noisy_global,indefinite_noisy,global,96100231,random_growth128,0.00614522733928375
indefinite_noisy_global,indefinite_noisy,global,96100232,random_growth128,0.005559692811857529
indefinite_noisy_global,indefinite_noisy,global,96100233,random_growth128,0.004470434033473363
indefinite_noisy_global,indefinite_noisy,global,96100234,random_growth128,0.00572555233284908
indefinite_noisy_global,indefinite_noisy,global,96100235,random_growth128,0.00494049816968186
indefinite_noisy_global,indefinite_noisy,global,96100236,random_growth128,0.004798848136027306
indefinite_noisy_global,indefinite_noisy,global,96100237,random_growth128,0.004939936767615823
indefinite_noisy_global,indefinite_noisy,global,96100238,random_growth128,0.00630083955339519
indefinite_noisy_global,indefinite_noisy,global,96100239,random_growth128,0.006342278650939934
indefinite_noisy_global,indefinite_noisy,global,96100240,random_growth128,0.006634612368000007
indefinite_noisy_global,indefinite_noisy,global,96100241,random_growth128,0.004749700098252163
indefinite_noisy_global,indefinite_noisy,global,96100242,random_growth128,0.005092616990250147
indefinite_noisy_global,indefinite_noisy,global,96100243,random_growth128,0.006200464822471882
indefinite_noisy_global,indefinite_noisy,global,96100244,random_growth128,0.006921121042984272
indefinite_noisy_global,indefinite_noisy,global,96100245,random_growth128,0.0054414336349453436
indefinite_noisy_global,indefinite_noisy,global,96100246,random_growth128,0.007555298025031324
indefinite_noisy_global,indefinite_noisy,global,96100247,random_growth128,0.006367830974285891
indefinite_noisy_global,indefinite_noisy,global,96100248,random_growth128,0.006609384751964833
indefinite_noisy_global,indefinite_noisy,global,96100249,random_growth128,0.004791355195256088
indefinite_noisy_global,indefinite_noisy,global,96100250,random_growth128,0.005154818436709643
indefinite_noisy_global,indefinite_noisy,global,96100251,random_growth128,0.0059107344974562446
indefinite_noisy_global,indefinite_noisy,global,96100252,random_growth128,0.005561754105195986
indefinite_noisy_global,indefinite_noisy,global,96100253,random_growth128,0.004474542052574192
indefinite_noisy_global,indefinite_noisy,global,96100254,random_growth128,0.007453927940627694
indefinite_noisy_global,indefinite_noisy,global,96100255,random_growth128,0.00617166852676495
indefinite_noisy_global,indefinite_noisy,global,96100000,random_growth138,0.006014868903617438
indefinite_noisy_global,indefinite_noisy,global,96100001,random_growth138,0.004152958379747131
indefinite_noisy_global,indefinite_noisy,global,96100002,random_growth138,0.00568776813952038
indefinite_noisy_global,indefinite_noisy,global,96100003,random_growth138,0.004296592665359712
indefinite_noisy_global,indefinite_noisy,global,96100004,random_growth138,0.005996739812865442
indefinite_noisy_global,indefinite_noisy,global,96100005,random_growth138,0.008022016699880457
indefinite_noisy_global,indefinite_noisy,global,96100006,random_growth138,0.007274214376829124
indefinite_noisy_global,indefinite_noisy,global,96100007,random_growth138,0.00500592396910387
indefinite_noisy_global,indefinite_noisy,global,96100008,random_growth138,0.004581095623493086
indefinite_noisy_global,indefinite_noisy,global,96100009,random_growth138,0.007246251464279879
indefinite_noisy_global,indefinite_noisy,global,96100010,random_growth138,0.004177486266649322
indefinite_noisy_global,indefinite_noisy,global,96100011,random_growth138,0.006380338858164148
indefinite_noisy_global,indefinite_noisy,global,96100012,random_growth138,0.0060187901803205966
indefinite_noisy_global,indefinite_noisy,global,96100013,random_growth138,0.004936346460436732
indefinite_noisy_global,indefinite_noisy,global,96100014,random_growth138,0.007516559025540551
indefinite_noisy_global,indefinite_noisy,global,96100015,random_growth138,0.005986973084128602
indefinite_noisy_global,indefinite_noisy,global,96100016,random_growth138,0.005408176603797042
indefinite_noisy_global,indefinite_noisy,global,96100017,random_growth138,0.004881351551207632
indefinite_noisy_global,indefinite_noisy,global,96100018,random_growth138,0.004452125017460209
indefinite_noisy_global,indefinite_noisy,global,96100019,random_growth138,0.005600079394350547
indefinite_noisy_global,indefinite_noisy,global,96100020,random_growth138,0.007642826423949427
indefinite_noisy_global,indefinite_noisy,global,96100021,random_growth138,0.005385494905862323
indefinite_noisy_global,indefinite_noisy,global,96100022,random_growth138,0.009114372495638052
indefinite_noisy_global,indefinite_noisy,global,96100023,random_growth138,0.0074350629970076415
indefinite_noisy_global,indefinite_noisy,global,96100024,random_growth138,0.004922111639120773
indefinite_noisy_global,indefinite_noisy,global,96100025,random_growth138,0.00599656396732179
indefinite_noisy_global,indefinite_noisy,global,96100026,random_growth138,0.007520985250274194
indefinite_noisy_global,indefinite_noisy,global,96100027,random_growth138,0.005405475101308123
indefinite_noisy_global,indefinite_noisy,global,96100028,random_growth138,0.005908349800753531
indefinite_noisy_global,indefinite_noisy,global,96100029,random_growth138,0.004514152825527284
indefinite_noisy_global,indefinite_noisy,global,96100030,random_growth138,0.007415837511491972
indefinite_noisy_global,indefinite_noisy,global,96100031,random_growth138,0.005104750422204624
indefinite_noisy_global,indefinite_noisy,global,96100032,random_growth138,0.007016782327997222
indefinite_noisy_global,indefinite_noisy,global,96100033,random_growth138,0.00559514032199553
indefinite_noisy_global,indefinite_noisy,global,96100034,random_growth138,0.004917929802134649
indefinite_noisy_global,indefinite_noisy,global,96100035,random_growth138,0.006007746107360674
indefinite_noisy_global,indefinite_noisy,global,96100036,random_growth138,0.005312673953609282
indefinite_noisy_global,indefinite_noisy,global,96100037,random_growth138,0.004283208530675579
indefinite_noisy_global,indefinite_noisy,global,96100038,random_growth138,0.005863488290349411
indefinite_noisy_global,indefinite_noisy,global,96100039,random_growth138,0.0036523962642635785
indefinite_noisy_global,indefinite_noisy,global,96100040,random_growth138,0.005164667305376815
indefinite_noisy_global,indefinite_noisy,global,96100041,random_growth138,0.006291810413202244
indefinite_noisy_global,indefinite_noisy,global,96100042,random_growth138,0.005071654258249763
indefinite_noisy_global,indefinite_noisy,global,96100043,random_growth138,0.0073647774173319115
indefinite_noisy_global,indefinite_noisy,global,96100044,random_growth138,0.0056789197532855175
indefinite_noisy_global,indefinite_noisy,global,96100045,random_growth138,0.004677457731384117
indefinite_noisy_global,indefinite_noisy,global,96100046,random_growth138,0.00491027698670834
indefinite_noisy_global,indefinite_noisy,global,96100047,random_growth138,0.005530579476148919
indefinite_noisy_global,indefinite_noisy,global,96100048,random_growth138,0.005796526463842132
indefinite_noisy_global,indefinite_noisy,global,96100049,random_growth138,0.005361178650769048
indefinite_noisy_global,indefinite_noisy,global,96100050,random_growth138,0.006026970033064924
indefinite_noisy_global,indefinite_noisy,global,96100051,random_growth138,0.006000113679236846
indefinite_noisy_global,indefinite_noisy,global,96100052,random_growth138,0.006734313369832035
indefinite_noisy_global,indefinite_noisy,global,96100053,random_growth138,0.006480147445784674
indefinite_noisy_global,indefinite_noisy,global,96100054,random_growth138,0.005431632127899156
indefinite_noisy_global,indefinite_noisy,global,96100055,random_growth138,0.006078453461955713
indefinite_noisy_global,indefinite_noisy,global,96100056,random_growth138,0.00739543079089432
indefinite_noisy_global,indefinite_noisy,global,96100057,random_growth138,0.006525310572003357
indefinite_noisy_global,indefinite_noisy,global,96100058,random_growth138,0.0051942298317066895
indefinite_noisy_global,indefinite_noisy,global,96100059,random_growth138,0.005215472765856054
indefinite_noisy_global,indefinite_noisy,global,96100060,random_growth138,0.005254359752559016
indefinite_noisy_global,indefinite_noisy,global,96100061,random_growth138,0.006311630006546344
indefinite_noisy_global,indefinite_noisy,global,96100062,random_growth138,0.005750970404366811
indefinite_noisy_global,indefinite_noisy,global,96100063,random_growth138,0.00583537606660618
indefinite_noisy_global,indefinite_noisy,global,96100064,random_growth138,0.005634765484110975
indefinite_noisy_global,indefinite_noisy,global,96100065,random_growth138,0.005891927170240603
indefinite_noisy_global,indefinite_noisy,global,96100066,random_growth138,0.00418412034760507
indefinite_noisy_global,indefinite_noisy,global,96100067,random_growth138,0.0034664529760598246
indefinite_noisy_global,indefinite_noisy,global,96100068,random_growth138,0.006206838258425515
indefinite_noisy_global,indefinite_noisy,global,96100069,random_growth138,0.004505088193251628
indefinite_noisy_global,indefinite_noisy,global,96100070,random_growth138,0.007340447937595024
indefinite_noisy_global,indefinite_noisy,global,96100071,random_growth138,0.005102746429673391
indefinite_noisy_global,indefinite_noisy,global,96100072,random_growth138,0.005017182185047863
indefinite_noisy_global,indefinite_noisy,global,96100073,random_growth138,0.004284180023229688
indefinite_noisy_global,indefinite_noisy,global,96100074,random_growth138,0.006563004777256348
indefinite_noisy_global,indefinite_noisy,global,96100075,random_growth138,0.005342450592488603
indefinite_noisy_global,indefinite_noisy,global,96100076,random_growth138,0.004920443195087303
indefinite_noisy_global,indefinite_noisy,global,96100077,random_growth138,0.005279840060079524
indefinite_noisy_global,indefinite_noisy,global,96100078,random_growth138,0.006153032352312202
indefinite_noisy_global,indefinite_noisy,global,96100079,random_growth138,0.0060357622297280925
indefinite_noisy_global,indefinite_noisy,global,96100080,random_growth138,0.00786386179853499
indefinite_noisy_global,indefinite_noisy,global,96100081,random_growth138,0.006859373721791421
indefinite_noisy_global,indefinite_noisy,global,96100082,random_growth138,0.004954888946816588
indefinite_noisy_global,indefinite_noisy,global,96100083,random_growth138,0.006882849190899424
indefinite_noisy_global,indefinite_noisy,global,96100084,random_growth138,0.006277841703432268
indefinite_noisy_global,indefinite_noisy,global,96100085,random_growth138,0.005920498621012968
indefinite_noisy_global,indefinite_noisy,global,96100086,random_growth138,0.0047756966360925045
indefinite_noisy_global,indefinite_noisy,global,96100087,random_growth138,0.00844190632781258
indefinite_noisy_global,indefinite_noisy,global,96100088,random_growth138,0.003968419383089433
indefinite_noisy_global,indefinite_noisy,global,96100089,random_growth138,0.005486456637220892
indefinite_noisy_global,indefinite_noisy,global,96100090,random_growth138,0.0053133785021933985
indefinite_noisy_global,indefinite_noisy,global,96100091,random_growth138,0.005580259317521166
indefinite_noisy_global,indefinite_noisy,global,96100092,random_growth138,0.0045760646386151915
indefinite_noisy_global,indefinite_noisy,global,96100093,random_growth138,0.006524572002996548
indefinite_noisy_global,indefinite_noisy,global,96100094,random_growth138,0.006023326868857301
indefinite_noisy_global,indefinite_noisy,global,96100095,random_growth138,0.006310628898357794
indefinite_noisy_global,indefinite_noisy,global,96100096,random_growth138,0.004751496418571673
indefinite_noisy_global,indefinite_noisy,global,96100097,random_growth138,0.00664169955152459
indefinite_noisy_global,indefinite_noisy,global,96100098,random_growth138,0.005367839391921484
indefinite_noisy_global,indefinite_noisy,global,96100099,random_growth138,0.006245841093241176
indefinite_noisy_global,indefinite_noisy,global,96100100,random_growth138,0.006059051695733376
indefinite_noisy_global,indefinite_noisy,global,96100101,random_growth138,0.005140633999436647
indefinite_noisy_global,indefinite_noisy,global,96100102,random_growth138,0.005900297460501676
indefinite_noisy_global,indefinite_noisy,global,96100103,random_growth138,0.004547956668811013
indefinite_noisy_global,indefinite_noisy,global,96100104,random_growth138,0.00577954121331804
indefinite_noisy_global,indefinite_noisy,global,96100105,random_growth138,0.007258771772309039
indefinite_noisy_global,indefinite_noisy,global,96100106,random_growth138,0.004993759541891506
indefinite_noisy_global,indefinite_noisy,global,96100107,random_growth138,0.006541959697806753
indefinite_noisy_global,indefinite_noisy,global,96100108,random_growth138,0.006143177531042784
indefinite_noisy_global,indefinite_noisy,global,96100109,random_growth138,0.004671574982727093
indefinite_noisy_global,indefinite_noisy,global,96100110,random_growth138,0.005315412248272108
indefinite_noisy_global,indefinite_noisy,global,96100111,random_growth138,0.0067660933183649186
indefinite_noisy_global,indefinite_noisy,global,96100112,random_growth138,0.005625431600958735
indefinite_noisy_global,indefinite_noisy,global,96100113,random_growth138,0.00606815491727194
indefinite_noisy_global,indefinite_noisy,global,96100114,random_growth138,0.004514084786714593
indefinite_noisy_global,indefinite_noisy,global,96100115,random_growth138,0.007064062680096975
indefinite_noisy_global,indefinite_noisy,global,96100116,random_growth138,0.004487916346927709
indefinite_noisy_global,indefinite_noisy,global,96100117,random_growth138,0.005205013607922448
indefinite_noisy_global,indefinite_noisy,global,96100118,random_growth138,0.006439745536388892
indefinite_noisy_global,indefinite_noisy,global,96100119,random_growth138,0.008249236515793432
indefinite_noisy_global,indefinite_noisy,global,96100120,random_growth138,0.004770876191342609
indefinite_noisy_global,indefinite_noisy,global,96100121,random_growth138,0.007919211855382408
indefinite_noisy_global,indefinite_noisy,global,96100122,random_growth138,0.005089792554158907
indefinite_noisy_global,indefinite_noisy,global,96100123,random_growth138,0.006662149162163417
indefinite_noisy_global,indefinite_noisy,global,96100124,random_growth138,0.005580686950072223
indefinite_noisy_global,indefinite_noisy,global,96100125,random_growth138,0.005273995603421962
indefinite_noisy_global,indefinite_noisy,global,96100126,random_growth138,0.005767136522193831
indefinite_noisy_global,indefinite_noisy,global,96100127,random_growth138,0.007767631920293905
indefinite_noisy_global,indefinite_noisy,global,96100128,random_growth138,0.0067343841092257425
indefinite_noisy_global,indefinite_noisy,global,96100129,random_growth138,0.007714416844289909
indefinite_noisy_global,indefinite_noisy,global,96100130,random_growth138,0.006539479974072538
indefinite_noisy_global,indefinite_noisy,global,96100131,random_growth138,0.005731669047578785
indefinite_noisy_global,indefinite_noisy,global,96100132,random_growth138,0.004928457087211178
indefinite_noisy_global,indefinite_noisy,global,96100133,random_growth138,0.00591366948287575
indefinite_noisy_global,indefinite_noisy,global,96100134,random_growth138,0.005848135150050414
indefinite_noisy_global,indefinite_noisy,global,96100135,random_growth138,0.005271041492514799
indefinite_noisy_global,indefinite_noisy,global,96100136,random_growth138,0.003966921232844258
indefinite_noisy_global,indefinite_noisy,global,96100137,random_growth138,0.006608966556331521
indefinite_noisy_global,indefinite_noisy,global,96100138,random_growth138,0.00666299014609375
indefinite_noisy_global,indefinite_noisy,global,96100139,random_growth138,0.00521532934663271
indefinite_noisy_global,indefinite_noisy,global,96100140,random_growth138,0.005400425080256479
indefinite_noisy_global,indefinite_noisy,global,96100141,random_growth138,0.003861940945417262
indefinite_noisy_global,indefinite_noisy,global,96100142,random_growth138,0.003869201999232756
indefinite_noisy_global,indefinite_noisy,global,96100143,random_growth138,0.004740464120975773
indefinite_noisy_global,indefinite_noisy,global,96100144,random_growth138,0.00512365874542871
indefinite_noisy_global,indefinite_noisy,global,96100145,random_growth138,0.004389776026244088
indefinite_noisy_global,indefinite_noisy,global,96100146,random_growth138,0.005716423870399032
indefinite_noisy_global,indefinite_noisy,global,96100147,random_growth138,0.004825744989846811
indefinite_noisy_global,indefinite_noisy,global,96100148,random_growth138,0.0068744937685764574
indefinite_noisy_global,indefinite_noisy,global,96100149,random_growth138,0.0054684105566988606
indefinite_noisy_global,indefinite_noisy,global,96100150,random_growth138,0.00597871744041714
indefinite_noisy_global,indefinite_noisy,global,96100151,random_growth138,0.006690533364894431
indefinite_noisy_global,indefinite_noisy,global,96100152,random_growth138,0.005116742691570295
indefinite_noisy_global,indefinite_noisy,global,96100153,random_growth138,0.006425198473227523
indefinite_noisy_global,indefinite_noisy,global,96100154,random_growth138,0.004816492259843078
indefinite_noisy_global,indefinite_noisy,global,96100155,random_growth138,0.006179018480782865
indefinite_noisy_global,indefinite_noisy,global,96100156,random_growth138,0.005125922192167592
indefinite_noisy_global,indefinite_noisy,global,96100157,random_growth138,0.006074034035644245
indefinite_noisy_global,indefinite_noisy,global,96100158,random_growth138,0.00644768796549051
indefinite_noisy_global,indefinite_noisy,global,96100159,random_growth138,0.007167858098730802
indefinite_noisy_global,indefinite_noisy,global,96100160,random_growth138,0.005722550247814176
indefinite_noisy_global,indefinite_noisy,global,96100161,random_growth138,0.004232585891348942
indefinite_noisy_global,indefinite_noisy,global,96100162,random_growth138,0.006391237692097346
indefinite_noisy_global,indefinite_noisy,global,96100163,random_growth138,0.005258595511875251
indefinite_noisy_global,indefinite_noisy,global,96100164,random_growth138,0.005337057788026519
indefinite_noisy_global,indefinite_noisy,global,96100165,random_growth138,0.006572356138465108
indefinite_noisy_global,indefinite_noisy,global,96100166,random_growth138,0.006447931093939789
indefinite_noisy_global,indefinite_noisy,global,96100167,random_growth138,0.004383133308638703
indefinite_noisy_global,indefinite_noisy,global,96100168,random_growth138,0.005932303500901544
indefinite_noisy_global,indefinite_noisy,global,96100169,random_growth138,0.004780690022464555
indefinite_noisy_global,indefinite_noisy,global,96100170,random_growth138,0.005905226436423164
indefinite_noisy_global,indefinite_noisy,global,96100171,random_growth138,0.005448205608046958
indefinite_noisy_global,indefinite_noisy,global,96100172,random_growth138,0.005782460703133238
indefinite_noisy_global,indefinite_noisy,global,96100173,random_growth138,0.006055177156704221
indefinite_noisy_global,indefinite_noisy,global,96100174,random_growth138,0.006361599778850118
indefinite_noisy_global,indefinite_noisy,global,96100175,random_growth138,0.007410449916905551
indefinite_noisy_global,indefinite_noisy,global,96100176,random_growth138,0.006268157119376643
indefinite_noisy_global,indefinite_noisy,global,96100177,random_growth138,0.0038348767240277437
indefinite_noisy_global,indefinite_noisy,global,96100178,random_growth138,0.00563759197458225
indefinite_noisy_global,indefinite_noisy,global,96100179,random_growth138,0.005334910325070121
indefinite_noisy_global,indefinite_noisy,global,96100180,random_growth138,0.0073814984965197864
indefinite_noisy_global,indefinite_noisy,global,96100181,random_growth138,0.004123537969313327
indefinite_noisy_global,indefinite_noisy,global,96100182,random_growth138,0.007515271317332466
indefinite_noisy_global,indefinite_noisy,global,96100183,random_growth138,0.005627599469897046
indefinite_noisy_global,indefinite_noisy,global,96100184,random_growth138,0.00926652895059464
indefinite_noisy_global,indefinite_noisy,global,96100185,random_growth138,0.006035366936878308
indefinite_noisy_global,indefinite_noisy,global,96100186,random_growth138,0.004596185493881197
indefinite_noisy_global,indefinite_noisy,global,96100187,random_growth138,0.005301014929064581
indefinite_noisy_global,indefinite_noisy,global,96100188,random_growth138,0.007887917495158594
indefinite_noisy_global,indefinite_noisy,global,96100189,random_growth138,0.004334565975211897
indefinite_noisy_global,indefinite_noisy,global,96100190,random_growth138,0.005407176168070727
indefinite_noisy_global,indefinite_noisy,global,96100191,random_growth138,0.005025441041741603
indefinite_noisy_global,indefinite_noisy,global,96100192,random_growth138,0.007228991425531652
indefinite_noisy_global,indefinite_noisy,global,96100193,random_growth138,0.004974473149627278
indefinite_noisy_global,indefinite_noisy,global,96100194,random_growth138,0.005251653804804269
indefinite_noisy_global,indefinite_noisy,global,96100195,random_growth138,0.00454850771662851
indefinite_noisy_global,indefinite_noisy,global,96100196,random_growth138,0.0052953730417563604
indefinite_noisy_global,indefinite_noisy,global,96100197,random_growth138,0.006318101011737148
indefinite_noisy_global,indefinite_noisy,global,96100198,random_growth138,0.007951028855351415
indefinite_noisy_global,indefinite_noisy,global,96100199,random_growth138,0.004545497439614308
indefinite_noisy_global,indefinite_noisy,global,96100200,random_growth138,0.005094308359880949
indefinite_noisy_global,indefinite_noisy,global,96100201,random_growth138,0.006181205281330493
indefinite_noisy_global,indefinite_noisy,global,96100202,random_growth138,0.006567235705901981
indefinite_noisy_global,indefinite_noisy,global,96100203,random_growth138,0.0053715998168944006
indefinite_noisy_global,indefinite_noisy,global,96100204,random_growth138,0.004853921064485424
indefinite_noisy_global,indefinite_noisy,global,96100205,random_growth138,0.0072831066574052744
indefinite_noisy_global,indefinite_noisy,global,96100206,random_growth138,0.007507261052408721
indefinite_noisy_global,indefinite_noisy,global,96100207,random_growth138,0.005799034533159182
indefinite_noisy_global,indefinite_noisy,global,96100208,random_growth138,0.006634541270175556
indefinite_noisy_global,indefinite_noisy,global,96100209,random_growth138,0.00971330448692562
indefinite_noisy_global,indefinite_noisy,global,96100210,random_growth138,0.005255773017188755
indefinite_noisy_global,indefinite_noisy,global,96100211,random_growth138,0.007116508091611178
indefinite_noisy_global,indefinite_noisy,global,96100212,random_growth138,0.006687635617110531
indefinite_noisy_global,indefinite_noisy,global,96100213,random_growth138,0.006927917011957569
indefinite_noisy_global,indefinite_noisy,global,96100214,random_growth138,0.004335944662924293
indefinite_noisy_global,indefinite_noisy,global,96100215,random_growth138,0.004606566876441969
indefinite_noisy_global,indefinite_noisy,global,96100216,random_growth138,0.0058328947870672975
indefinite_noisy_global,indefinite_noisy,global,96100217,random_growth138,0.004432167370400967
indefinite_noisy_global,indefinite_noisy,global,96100218,random_growth138,0.005410455195480936
indefinite_noisy_global,indefinite_noisy,global,96100219,random_growth138,0.006087552716741159
indefinite_noisy_global,indefinite_noisy,global,96100220,random_growth138,0.004721803747290648
indefinite_noisy_global,indefinite_noisy,global,96100221,random_growth138,0.0056865423535465195
indefinite_noisy_global,indefinite_noisy,global,96100222,random_growth138,0.00541357640225476
indefinite_noisy_global,indefinite_noisy,global,96100223,random_growth138,0.006861913846889198
indefinite_noisy_global,indefinite_noisy,global,96100224,random_growth138,0.005377760209438431
indefinite_noisy_global,indefinite_noisy,global,96100225,random_growth138,0.0056384015183605
indefinite_noisy_global,indefinite_noisy,global,96100226,random_growth138,0.004934412526567713
indefinite_noisy_global,indefinite_noisy,global,96100227,random_growth138,0.0042612849821409724
indefinite_noisy_global,indefinite_noisy,global,96100228,random_growth138,0.007184631200387418
indefinite_noisy_global,indefinite_noisy,global,96100229,random_growth138,0.004824469704947607
indefinite_noisy_global,indefinite_noisy,global,96100230,random_growth138,0.005975308186683023
indefinite_noisy_global,indefinite_noisy,global,96100231,random_growth138,0.007659329482727381
indefinite_noisy_global,indefinite_noisy,global,96100232,random_growth138,0.0067134249992692515
indefinite_noisy_global,indefinite_noisy,global,96100233,random_growth138,0.0043152113139431824
indefinite_noisy_global,indefinite_noisy,global,96100234,random_growth138,0.0045131446173581466
indefinite_noisy_global,indefinite_noisy,global,96100235,random_growth138,0.005724008636036896
indefinite_noisy_global,indefinite_noisy,global,96100236,random_growth138,0.004575410773942292
indefinite_noisy_global,indefinite_noisy,global,96100237,random_growth138,0.00417877260126275
indefinite_noisy_global,indefinite_noisy,global,96100238,random_growth138,0.006953314071832956
indefinite_noisy_global,indefinite_noisy,global,96100239,random_growth138,0.006687153453621009
indefinite_noisy_global,indefinite_noisy,global,96100240,random_growth138,0.0074703574106328805
indefinite_noisy_global,indefinite_noisy,global,96100241,random_growth138,0.00476921978086073
indefinite_noisy_global,indefinite_noisy,global,96100242,random_growth138,0.005242364306163738
indefinite_noisy_global,indefinite_noisy,global,96100243,random_growth138,0.003999804395112503
indefinite_noisy_global,indefinite_noisy,global,96100244,random_growth138,0.0060375370774203
indefinite_noisy_global,indefinite_noisy,global,96100245,random_growth138,0.005312663727898404
indefinite_noisy_global,indefinite_noisy,global,96100246,random_growth138,0.0061555573285275375
indefinite_noisy_global,indefinite_noisy,global,96100247,random_growth138,0.005660121231299156
indefinite_noisy_global,indefinite_noisy,global,96100248,random_growth138,0.006130492588330869
indefinite_noisy_global,indefinite_noisy,global,96100249,random_growth138,0.004766799630795861
indefinite_noisy_global,indefinite_noisy,global,96100250,random_growth138,0.006084310267382327
indefinite_noisy_global,indefinite_noisy,global,96100251,random_growth138,0.005097700517587439
indefinite_noisy_global,indefinite_noisy,global,96100252,random_growth138,0.007581689774559986
indefinite_noisy_global,indefinite_noisy,global,96100253,random_growth138,0.004690914390885035
indefinite_noisy_global,indefinite_noisy,global,96100254,random_growth138,0.006914011450403925
indefinite_noisy_global,indefinite_noisy,global,96100255,random_growth138,0.0058396415819998194
indefinite_noisy_global,indefinite_noisy,global,96100000,fixed7,0.004402293380410235
indefinite_noisy_global,indefinite_noisy,global,96100001,fixed7,0.00404527940785504
indefinite_noisy_global,indefinite_noisy,global,96100002,fixed7,0.004836359095662429
indefinite_noisy_global,indefinite_noisy,global,96100003,fixed7,0.5493268095399018
indefinite_noisy_global,indefinite_noisy,global,96100004,fixed7,0.005518661255961482
indefinite_noisy_global,indefinite_noisy,global,96100005,fixed7,0.007201759684692406
indefinite_noisy_global,indefinite_noisy,global,96100006,fixed7,0.007864343205208369
indefinite_noisy_global,indefinite_noisy,global,96100007,fixed7,0.00478433071721816
indefinite_noisy_global,indefinite_noisy,global,96100008,fixed7,0.004230875238172616
indefinite_noisy_global,indefinite_noisy,global,96100009,fixed7,0.004530406318191748
indefinite_noisy_global,indefinite_noisy,global,96100010,fixed7,0.005142873811463819
indefinite_noisy_global,indefinite_noisy,global,96100011,fixed7,0.0045184693635017
indefinite_noisy_global,indefinite_noisy,global,96100012,fixed7,0.005837695258199649
indefinite_noisy_global,indefinite_noisy,global,96100013,fixed7,0.0043295751416329705
indefinite_noisy_global,indefinite_noisy,global,96100014,fixed7,0.00675560440286554
indefinite_noisy_global,indefinite_noisy,global,96100015,fixed7,0.00589313492359306
indefinite_noisy_global,indefinite_noisy,global,96100016,fixed7,0.0053690283165965975
indefinite_noisy_global,indefinite_noisy,global,96100017,fixed7,0.005524461528737199
indefinite_noisy_global,indefinite_noisy,global,96100018,fixed7,0.004216487374437216
indefinite_noisy_global,indefinite_noisy,global,96100019,fixed7,0.005172023181686481
indefinite_noisy_global,indefinite_noisy,global,96100020,fixed7,0.0064985277574497475
indefinite_noisy_global,indefinite_noisy,global,96100021,fixed7,0.0046691544241412196
indefinite_noisy_global,indefinite_noisy,global,96100022,fixed7,0.0067837594460729315
indefinite_noisy_global,indefinite_noisy,global,96100023,fixed7,0.006943028895055061
indefinite_noisy_global,indefinite_noisy,global,96100024,fixed7,0.0048922179630299005
indefinite_noisy_global,indefinite_noisy,global,96100025,fixed7,0.08937505294363879
indefinite_noisy_global,indefinite_noisy,global,96100026,fixed7,0.0060422586212901435
indefinite_noisy_global,indefinite_noisy,global,96100027,fixed7,0.006088518092613909
indefinite_noisy_global,indefinite_noisy,global,96100028,fixed7,0.00402332397341553
indefinite_noisy_global,indefinite_noisy,global,96100029,fixed7,0.004653461605263127
indefinite_noisy_global,indefinite_noisy,global,96100030,fixed7,0.006050040615077465
indefinite_noisy_global,indefinite_noisy,global,96100031,fixed7,0.004327782912449107
indefinite_noisy_global,indefinite_noisy,global,96100032,fixed7,0.00616784881036331
indefinite_noisy_global,indefinite_noisy,global,96100033,fixed7,0.004386995947722564
indefinite_noisy_global,indefinite_noisy,global,96100034,fixed7,0.0044319806547634425
indefinite_noisy_global,indefinite_noisy,global,96100035,fixed7,0.0058149592623942615
indefinite_noisy_global,indefinite_noisy,global,96100036,fixed7,0.0044899151229598954
indefinite_noisy_global,indefinite_noisy,global,96100037,fixed7,0.004134008078098971
indefinite_noisy_global,indefinite_noisy,global,96100038,fixed7,0.005032264206345109
indefinite_noisy_global,indefinite_noisy,global,96100039,fixed7,0.00358235934096797
indefinite_noisy_global,indefinite_noisy,global,96100040,fixed7,0.003862717396337873
indefinite_noisy_global,indefinite_noisy,global,96100041,fixed7,0.005412211509516061
indefinite_noisy_global,indefinite_noisy,global,96100042,fixed7,0.004441844782817207
indefinite_noisy_global,indefinite_noisy,global,96100043,fixed7,0.005032956566400718
indefinite_noisy_global,indefinite_noisy,global,96100044,fixed7,0.004460599440440851
indefinite_noisy_global,indefinite_noisy,global,96100045,fixed7,0.004694260049991525
indefinite_noisy_global,indefinite_noisy,global,96100046,fixed7,0.004768306238001035
indefinite_noisy_global,indefinite_noisy,global,96100047,fixed7,0.005879221652697476
indefinite_noisy_global,indefinite_noisy,global,96100048,fixed7,0.003914113817260202
indefinite_noisy_global,indefinite_noisy,global,96100049,fixed7,0.004686242184929232
indefinite_noisy_global,indefinite_noisy,global,96100050,fixed7,0.005535124254504484
indefinite_noisy_global,indefinite_noisy,global,96100051,fixed7,0.006156840639482043
indefinite_noisy_global,indefinite_noisy,global,96100052,fixed7,0.004963125769629022
indefinite_noisy_global,indefinite_noisy,global,96100053,fixed7,0.005564300305240143
indefinite_noisy_global,indefinite_noisy,global,96100054,fixed7,0.0051240475313566
indefinite_noisy_global,indefinite_noisy,global,96100055,fixed7,0.005868532733553152
indefinite_noisy_global,indefinite_noisy,global,96100056,fixed7,0.005505469728998747
indefinite_noisy_global,indefinite_noisy,global,96100057,fixed7,0.0052451254674259155
indefinite_noisy_global,indefinite_noisy,global,96100058,fixed7,0.0036991212103292754
indefinite_noisy_global,indefinite_noisy,global,96100059,fixed7,0.005330482296174711
indefinite_noisy_global,indefinite_noisy,global,96100060,fixed7,0.006048149113529908
indefinite_noisy_global,indefinite_noisy,global,96100061,fixed7,0.005276197782284042
indefinite_noisy_global,indefinite_noisy,global,96100062,fixed7,0.005977779071042621
indefinite_noisy_global,indefinite_noisy,global,96100063,fixed7,0.14250578711167097
indefinite_noisy_global,indefinite_noisy,global,96100064,fixed7,0.004977379256110942
indefinite_noisy_global,indefinite_noisy,global,96100065,fixed7,0.006380637603571444
indefinite_noisy_global,indefinite_noisy,global,96100066,fixed7,0.004582475750587658
indefinite_noisy_global,indefinite_noisy,global,96100067,fixed7,0.0034664759293470252
indefinite_noisy_global,indefinite_noisy,global,96100068,fixed7,0.004711479263783175
indefinite_noisy_global,indefinite_noisy,global,96100069,fixed7,0.6006574968313904
indefinite_noisy_global,indefinite_noisy,global,96100070,fixed7,0.005036287663790439
indefinite_noisy_global,indefinite_noisy,global,96100071,fixed7,0.004680739688083275
indefinite_noisy_global,indefinite_noisy,global,96100072,fixed7,0.00462788909722157
indefinite_noisy_global,indefinite_noisy,global,96100073,fixed7,0.004576464491877926
indefinite_noisy_global,indefinite_noisy,global,96100074,fixed7,0.0067232218908016205
indefinite_noisy_global,indefinite_noisy,global,96100075,fixed7,0.01859610870689767
indefinite_noisy_global,indefinite_noisy,global,96100076,fixed7,0.004941322777461194
indefinite_noisy_global,indefinite_noisy,global,96100077,fixed7,0.0044056113843373365
indefinite_noisy_global,indefinite_noisy,global,96100078,fixed7,0.004783689684519085
indefinite_noisy_global,indefinite_noisy,global,96100079,fixed7,0.005473058727211839
indefinite_noisy_global,indefinite_noisy,global,96100080,fixed7,0.006138179417223519
indefinite_noisy_global,indefinite_noisy,global,96100081,fixed7,0.005078635954867911
indefinite_noisy_global,indefinite_noisy,global,96100082,fixed7,0.005020257764246838
indefinite_noisy_global,indefinite_noisy,global,96100083,fixed7,0.004882084878971314
indefinite_noisy_global,indefinite_noisy,global,96100084,fixed7,0.005091398888848656
indefinite_noisy_global,indefinite_noisy,global,96100085,fixed7,0.005350866154471737
indefinite_noisy_global,indefinite_noisy,global,96100086,fixed7,0.004477412106436712
indefinite_noisy_global,indefinite_noisy,global,96100087,fixed7,0.005767989663798422
indefinite_noisy_global,indefinite_noisy,global,96100088,fixed7,0.0032298606826802897
indefinite_noisy_global,indefinite_noisy,global,96100089,fixed7,0.004732432481687515
indefinite_noisy_global,indefinite_noisy,global,96100090,fixed7,0.0054957637815409915
indefinite_noisy_global,indefinite_noisy,global,96100091,fixed7,0.00506623135878713
indefinite_noisy_global,indefinite_noisy,global,96100092,fixed7,0.004913543367832126
indefinite_noisy_global,indefinite_noisy,global,96100093,fixed7,0.006027145010136497
indefinite_noisy_global,indefinite_noisy,global,96100094,fixed7,0.0044602877710965706
indefinite_noisy_global,indefinite_noisy,global,96100095,fixed7,0.005822314462707865
indefinite_noisy_global,indefinite_noisy,global,96100096,fixed7,0.004129151211734115
indefinite_noisy_global,indefinite_noisy,global,96100097,fixed7,0.005580793284227418
indefinite_noisy_global,indefinite_noisy,global,96100098,fixed7,0.004748564207470219
indefinite_noisy_global,indefinite_noisy,global,96100099,fixed7,0.005532549795078492
indefinite_noisy_global,indefinite_noisy,global,96100100,fixed7,0.005814238173161599
indefinite_noisy_global,indefinite_noisy,global,96100101,fixed7,0.005082010540184952
indefinite_noisy_global,indefinite_noisy,global,96100102,fixed7,0.004773744758589381
indefinite_noisy_global,indefinite_noisy,global,96100103,fixed7,0.0037250678722106053
indefinite_noisy_global,indefinite_noisy,global,96100104,fixed7,0.005666730815991112
indefinite_noisy_global,indefinite_noisy,global,96100105,fixed7,0.06893560035542608
indefinite_noisy_global,indefinite_noisy,global,96100106,fixed7,0.005248092590305582
indefinite_noisy_global,indefinite_noisy,global,96100107,fixed7,0.0053072995447558426
indefinite_noisy_global,indefinite_noisy,global,96100108,fixed7,0.005490383049008405
indefinite_noisy_global,indefinite_noisy,global,96100109,fixed7,0.004770863855978883
indefinite_noisy_global,indefinite_noisy,global,96100110,fixed7,0.004979780267646732
indefinite_noisy_global,indefinite_noisy,global,96100111,fixed7,0.004443590000219485
indefinite_noisy_global,indefinite_noisy,global,96100112,fixed7,0.0052770907932236525
indefinite_noisy_global,indefinite_noisy,global,96100113,fixed7,0.004907862726419556
indefinite_noisy_global,indefinite_noisy,global,96100114,fixed7,0.004212668580880347
indefinite_noisy_global,indefinite_noisy,global,96100115,fixed7,0.005108985419205328
indefinite_noisy_global,indefinite_noisy,global,96100116,fixed7,0.0031830007063107764
indefinite_noisy_global,indefinite_noisy,global,96100117,fixed7,0.004085120509324967
indefinite_noisy_global,indefinite_noisy,global,96100118,fixed7,0.005607527076467867
indefinite_noisy_global,indefinite_noisy,global,96100119,fixed7,0.005409954689582334
indefinite_noisy_global,indefinite_noisy,global,96100120,fixed7,0.004506262811194907
indefinite_noisy_global,indefinite_noisy,global,96100121,fixed7,0.007283717018050524
indefinite_noisy_global,indefinite_noisy,global,96100122,fixed7,0.006140582031493253
indefinite_noisy_global,indefinite_noisy,global,96100123,fixed7,0.005651714462095515
indefinite_noisy_global,indefinite_noisy,global,96100124,fixed7,0.004797093567246844
indefinite_noisy_global,indefinite_noisy,global,96100125,fixed7,0.18006057748485388
indefinite_noisy_global,indefinite_noisy,global,96100126,fixed7,0.005504165166431063
indefinite_noisy_global,indefinite_noisy,global,96100127,fixed7,0.005726119910896702
indefinite_noisy_global,indefinite_noisy,global,96100128,fixed7,0.005253895009797925
indefinite_noisy_global,indefinite_noisy,global,96100129,fixed7,0.006971728402220669
indefinite_noisy_global,indefinite_noisy,global,96100130,fixed7,0.005390728980080728
indefinite_noisy_global,indefinite_noisy,global,96100131,fixed7,0.006133344368460473
indefinite_noisy_global,indefinite_noisy,global,96100132,fixed7,0.00478442248454558
indefinite_noisy_global,indefinite_noisy,global,96100133,fixed7,0.006185959415056944
indefinite_noisy_global,indefinite_noisy,global,96100134,fixed7,0.005305920503007832
indefinite_noisy_global,indefinite_noisy,global,96100135,fixed7,0.004460475221670891
indefinite_noisy_global,indefinite_noisy,global,96100136,fixed7,0.08546256518355895
indefinite_noisy_global,indefinite_noisy,global,96100137,fixed7,0.005482257238417694
indefinite_noisy_global,indefinite_noisy,global,96100138,fixed7,0.00577173797059835
indefinite_noisy_global,indefinite_noisy,global,96100139,fixed7,0.00438265785676651
indefinite_noisy_global,indefinite_noisy,global,96100140,fixed7,0.00452157065963412
indefinite_noisy_global,indefinite_noisy,global,96100141,fixed7,0.003882767774344255
indefinite_noisy_global,indefinite_noisy,global,96100142,fixed7,0.003522081264514092
indefinite_noisy_global,indefinite_noisy,global,96100143,fixed7,0.021173710140787737
indefinite_noisy_global,indefinite_noisy,global,96100144,fixed7,0.04602876154170702
indefinite_noisy_global,indefinite_noisy,global,96100145,fixed7,0.00406856696990152
indefinite_noisy_global,indefinite_noisy,global,96100146,fixed7,0.004522332742984728
indefinite_noisy_global,indefinite_noisy,global,96100147,fixed7,0.0031165513177656284
indefinite_noisy_global,indefinite_noisy,global,96100148,fixed7,0.006656263073885943
indefinite_noisy_global,indefinite_noisy,global,96100149,fixed7,0.004404485502208448
indefinite_noisy_global,indefinite_noisy,global,96100150,fixed7,0.004814997024056276
indefinite_noisy_global,indefinite_noisy,global,96100151,fixed7,0.005241777335029701
indefinite_noisy_global,indefinite_noisy,global,96100152,fixed7,0.004659928907553004
indefinite_noisy_global,indefinite_noisy,global,96100153,fixed7,0.005657602075865922
indefinite_noisy_global,indefinite_noisy,global,96100154,fixed7,0.0038523727533053653
indefinite_noisy_global,indefinite_noisy,global,96100155,fixed7,0.08020976916072085
indefinite_noisy_global,indefinite_noisy,global,96100156,fixed7,0.004591913453062034
indefinite_noisy_global,indefinite_noisy,global,96100157,fixed7,0.005276821282722885
indefinite_noisy_global,indefinite_noisy,global,96100158,fixed7,0.005408856171075551
indefinite_noisy_global,indefinite_noisy,global,96100159,fixed7,0.006391657405010968
indefinite_noisy_global,indefinite_noisy,global,96100160,fixed7,0.08763411271302655
indefinite_noisy_global,indefinite_noisy,global,96100161,fixed7,0.0047505219727961194
indefinite_noisy_global,indefinite_noisy,global,96100162,fixed7,0.06384455815252968
indefinite_noisy_global,indefinite_noisy,global,96100163,fixed7,0.004782786131140779
indefinite_noisy_global,indefinite_noisy,global,96100164,fixed7,0.005277376759261924
indefinite_noisy_global,indefinite_noisy,global,96100165,fixed7,0.006124024483695936
indefinite_noisy_global,indefinite_noisy,global,96100166,fixed7,0.006312945512208781
indefinite_noisy_global,indefinite_noisy,global,96100167,fixed7,0.0038937665924396827
indefinite_noisy_global,indefinite_noisy,global,96100168,fixed7,0.005783827811984381
indefinite_noisy_global,indefinite_noisy,global,96100169,fixed7,0.0051177689347971555
indefinite_noisy_global,indefinite_noisy,global,96100170,fixed7,0.006271081895100149
indefinite_noisy_global,indefinite_noisy,global,96100171,fixed7,0.0038496950393803182
indefinite_noisy_global,indefinite_noisy,global,96100172,fixed7,0.004482639832577896
indefinite_noisy_global,indefinite_noisy,global,96100173,fixed7,0.005772887468451932
indefinite_noisy_global,indefinite_noisy,global,96100174,fixed7,0.0048603112726910615
indefinite_noisy_global,indefinite_noisy,global,96100175,fixed7,0.17436199593934734
indefinite_noisy_global,indefinite_noisy,global,96100176,fixed7,0.005277596877984023
indefinite_noisy_global,indefinite_noisy,global,96100177,fixed7,0.005149350555403331
indefinite_noisy_global,indefinite_noisy,global,96100178,fixed7,0.0030314654982139086
indefinite_noisy_global,indefinite_noisy,global,96100179,fixed7,0.004483355888056988
indefinite_noisy_global,indefinite_noisy,global,96100180,fixed7,0.007390786301990325
indefinite_noisy_global,indefinite_noisy,global,96100181,fixed7,0.0037161893010966666
indefinite_noisy_global,indefinite_noisy,global,96100182,fixed7,0.00443810887155359
indefinite_noisy_global,indefinite_noisy,global,96100183,fixed7,0.004770782324438087
indefinite_noisy_global,indefinite_noisy,global,96100184,fixed7,0.007610103499268121
indefinite_noisy_global,indefinite_noisy,global,96100185,fixed7,0.07896344896515942
indefinite_noisy_global,indefinite_noisy,global,96100186,fixed7,0.0031055230712756505
indefinite_noisy_global,indefinite_noisy,global,96100187,fixed7,0.004865824530423261
indefinite_noisy_global,indefinite_noisy,global,96100188,fixed7,0.0066064544701256184
indefinite_noisy_global,indefinite_noisy,global,96100189,fixed7,0.0045256858402518575
indefinite_noisy_global,indefinite_noisy,global,96100190,fixed7,0.005506685610549196
indefinite_noisy_global,indefinite_noisy,global,96100191,fixed7,0.004698163107151768
indefinite_noisy_global,indefinite_noisy,global,96100192,fixed7,0.0070188743984383895
indefinite_noisy_global,indefinite_noisy,global,96100193,fixed7,0.003433941925436448
indefinite_noisy_global,indefinite_noisy,global,96100194,fixed7,0.005264421874597782
indefinite_noisy_global,indefinite_noisy,global,96100195,fixed7,0.004085580363526553
indefinite_noisy_global,indefinite_noisy,global,96100196,fixed7,0.004876439067813871
indefinite_noisy_global,indefinite_noisy,global,96100197,fixed7,0.005142123191350766
indefinite_noisy_global,indefinite_noisy,global,96100198,fixed7,0.005351390432413062
indefinite_noisy_global,indefinite_noisy,global,96100199,fixed7,0.004964629883435982
indefinite_noisy_global,indefinite_noisy,global,96100200,fixed7,0.00441511138694597
indefinite_noisy_global,indefinite_noisy,global,96100201,fixed7,0.005698453450066455
indefinite_noisy_global,indefinite_noisy,global,96100202,fixed7,0.0059546669955318045
indefinite_noisy_global,indefinite_noisy,global,96100203,fixed7,0.004564752086711523
indefinite_noisy_global,indefinite_noisy,global,96100204,fixed7,0.004593935920777292
indefinite_noisy_global,indefinite_noisy,global,96100205,fixed7,0.006193972016874816
indefinite_noisy_global,indefinite_noisy,global,96100206,fixed7,0.006987525797019658
indefinite_noisy_global,indefinite_noisy,global,96100207,fixed7,0.00544715200592233
indefinite_noisy_global,indefinite_noisy,global,96100208,fixed7,0.004413503901376833
indefinite_noisy_global,indefinite_noisy,global,96100209,fixed7,0.006580020140592129
indefinite_noisy_global,indefinite_noisy,global,96100210,fixed7,0.004892109022513155
indefinite_noisy_global,indefinite_noisy,global,96100211,fixed7,0.007192340174222807
indefinite_noisy_global,indefinite_noisy,global,96100212,fixed7,0.006390119476193624
indefinite_noisy_global,indefinite_noisy,global,96100213,fixed7,0.00508910604714759
indefinite_noisy_global,indefinite_noisy,global,96100214,fixed7,0.003952665815316387
indefinite_noisy_global,indefinite_noisy,global,96100215,fixed7,0.004149827998622056
indefinite_noisy_global,indefinite_noisy,global,96100216,fixed7,0.019698788051193815
indefinite_noisy_global,indefinite_noisy,global,96100217,fixed7,0.0047645959660623455
indefinite_noisy_global,indefinite_noisy,global,96100218,fixed7,0.004543509325753782
indefinite_noisy_global,indefinite_noisy,global,96100219,fixed7,0.005544807876991089
indefinite_noisy_global,indefinite_noisy,global,96100220,fixed7,0.004460436473546244
indefinite_noisy_global,indefinite_noisy,global,96100221,fixed7,0.005087369298184224
indefinite_noisy_global,indefinite_noisy,global,96100222,fixed7,0.006050955822754507
indefinite_noisy_global,indefinite_noisy,global,96100223,fixed7,0.08924525296226042
indefinite_noisy_global,indefinite_noisy,global,96100224,fixed7,0.0057460959300877365
indefinite_noisy_global,indefinite_noisy,global,96100225,fixed7,0.005284856226927971
indefinite_noisy_global,indefinite_noisy,global,96100226,fixed7,0.004438886893609009
indefinite_noisy_global,indefinite_noisy,global,96100227,fixed7,0.004258679613889732
indefinite_noisy_global,indefinite_noisy,global,96100228,fixed7,0.005398473809081503
indefinite_noisy_global,indefinite_noisy,global,96100229,fixed7,0.0042940136021341144
indefinite_noisy_global,indefinite_noisy,global,96100230,fixed7,0.00473934485412508
indefinite_noisy_global,indefinite_noisy,global,96100231,fixed7,0.006950344717681567
indefinite_noisy_global,indefinite_noisy,global,96100232,fixed7,0.006357973644774531
indefinite_noisy_global,indefinite_noisy,global,96100233,fixed7,0.003990594986695284
indefinite_noisy_global,indefinite_noisy,global,96100234,fixed7,0.0047882196107363415
indefinite_noisy_global,indefinite_noisy,global,96100235,fixed7,0.004433442353674138
indefinite_noisy_global,indefinite_noisy,global,96100236,fixed7,0.004241103469168578
indefinite_noisy_global,indefinite_noisy,global,96100237,fixed7,0.004409701874042183
indefinite_noisy_global,indefinite_noisy,global,96100238,fixed7,0.20319366838138703
indefinite_noisy_global,indefinite_noisy,global,96100239,fixed7,0.005388067719622143
indefinite_noisy_global,indefinite_noisy,global,96100240,fixed7,0.006551764570589223
indefinite_noisy_global,indefinite_noisy,global,96100241,fixed7,0.003970203973449057
indefinite_noisy_global,indefinite_noisy,global,96100242,fixed7,0.005114535594556015
indefinite_noisy_global,indefinite_noisy,global,96100243,fixed7,0.004110512712955932
indefinite_noisy_global,indefinite_noisy,global,96100244,fixed7,0.005732106301116462
indefinite_noisy_global,indefinite_noisy,global,96100245,fixed7,0.005107132466769578
indefinite_noisy_global,indefinite_noisy,global,96100246,fixed7,0.005586242641224968
indefinite_noisy_global,indefinite_noisy,global,96100247,fixed7,0.0049800639678167485
indefinite_noisy_global,indefinite_noisy,global,96100248,fixed7,0.004352639549741535
indefinite_noisy_global,indefinite_noisy,global,96100249,fixed7,0.004843679288821411
indefinite_noisy_global,indefinite_noisy,global,96100250,fixed7,0.021730474618284562
indefinite_noisy_global,indefinite_noisy,global,96100251,fixed7,0.004813171983659211
indefinite_noisy_global,indefinite_noisy,global,96100252,fixed7,0.0060962056511479935
indefinite_noisy_global,indefinite_noisy,global,96100253,fixed7,0.004912299420774179
indefinite_noisy_global,indefinite_noisy,global,96100254,fixed7,0.005895889021706223
indefinite_noisy_global,indefinite_noisy,global,96100255,fixed7,0.006411250727789491
null_global,null,global,96200000,historical_moment,0.007088190546222147
null_global,null,global,96200001,historical_moment,0.0074751587774220165
null_global,null,global,96200002,historical_moment,0.006427161736738704
null_global,null,global,96200003,historical_moment,0.007596937915189055
null_global,null,global,96200004,historical_moment,0.009828238780741953
null_global,null,global,96200005,historical_moment,0.009448387905551985
null_global,null,global,96200006,historical_moment,0.010488997328252791
null_global,null,global,96200007,historical_moment,0.009201213525120502
null_global,null,global,96200008,historical_moment,0.013695709588108382
null_global,null,global,96200009,historical_moment,0.004846928832330895
null_global,null,global,96200010,historical_moment,0.006985044013740646
null_global,null,global,96200011,historical_moment,0.009010570555259698
null_global,null,global,96200012,historical_moment,0.01054923852374387
null_global,null,global,96200013,historical_moment,0.006272694264931218
null_global,null,global,96200014,historical_moment,0.009730031302802603
null_global,null,global,96200015,historical_moment,0.011983603446814714
null_global,null,global,96200016,historical_moment,0.010893782896772277
null_global,null,global,96200017,historical_moment,0.004861893000307824
null_global,null,global,96200018,historical_moment,0.007198097734528129
null_global,null,global,96200019,historical_moment,0.005361802074603123
null_global,null,global,96200020,historical_moment,0.007561285749541194
null_global,null,global,96200021,historical_moment,0.0062438082717141815
null_global,null,global,96200022,historical_moment,0.0074450753852811765
null_global,null,global,96200023,historical_moment,0.006355548635933187
null_global,null,global,96200024,historical_moment,0.010163073195292843
null_global,null,global,96200025,historical_moment,0.004378294861307021
null_global,null,global,96200026,historical_moment,0.00911054423499535
null_global,null,global,96200027,historical_moment,0.011292958301388569
null_global,null,global,96200028,historical_moment,0.0095963276155017
null_global,null,global,96200029,historical_moment,0.0034437480242803954
null_global,null,global,96200030,historical_moment,0.004737030912814634
null_global,null,global,96200031,historical_moment,0.011990052036388118
null_global,null,global,96200000,random_growth128,0.00843799487520501
null_global,null,global,96200001,random_growth128,0.010559100174323844
null_global,null,global,96200002,random_growth128,0.006258169430133612
null_global,null,global,96200003,random_growth128,0.011744223690145906
null_global,null,global,96200004,random_growth128,0.00879818002300755
null_global,null,global,96200005,random_growth128,0.009896516415988738
null_global,null,global,96200006,random_growth128,0.008349533053314342
null_global,null,global,96200007,random_growth128,0.009163193342236297
null_global,null,global,96200008,random_growth128,0.013141615311606016
null_global,null,global,96200009,random_growth128,0.008012833291307836
null_global,null,global,96200010,random_growth128,0.009125823608326996
null_global,null,global,96200011,random_growth128,0.009775124176013044
null_global,null,global,96200012,random_growth128,0.012005846073534313
null_global,null,global,96200013,random_growth128,0.009873522422031123
null_global,null,global,96200014,random_growth128,0.01121506145487696
null_global,null,global,96200015,random_growth128,0.011117513629904277
null_global,null,global,96200016,random_growth128,0.010977222086517215
null_global,null,global,96200017,random_growth128,0.0049807330576872085
null_global,null,global,96200018,random_growth128,0.009551457730383
null_global,null,global,96200019,random_growth128,0.003929566852277174
null_global,null,global,96200020,random_growth128,0.011464047283167949
null_global,null,global,96200021,random_growth128,0.007816953860839655
null_global,null,global,96200022,random_growth128,0.010327507128564718
null_global,null,global,96200023,random_growth128,0.00992906757776438
null_global,null,global,96200024,random_growth128,0.011169367904688497
null_global,null,global,96200025,random_growth128,0.007985361898084737
null_global,null,global,96200026,random_growth128,0.008106966930241544
null_global,null,global,96200027,random_growth128,0.011126675380030683
null_global,null,global,96200028,random_growth128,0.007566803163504891
null_global,null,global,96200029,random_growth128,0.0034504511513407696
null_global,null,global,96200030,random_growth128,0.0049367091512937614
null_global,null,global,96200031,random_growth128,0.013249975796325213
null_global,null,global,96200000,random_growth138,0.010000297054746603
null_global,null,global,96200001,random_growth138,0.010080677777252594
null_global,null,global,96200002,random_growth138,0.005965505682557064
null_global,null,global,96200003,random_growth138,0.009886018564940875
null_global,null,global,96200004,random_growth138,0.007082261486196877
null_global,null,global,96200005,random_growth138,0.006263218466140383
null_global,null,global,96200006,random_growth138,0.017931088344258835
null_global,null,global,96200007,random_growth138,0.009903072971208493
null_global,null,global,96200008,random_growth138,0.014856855604025408
null_global,null,global,96200009,random_growth138,0.009381393360413864
null_global,null,global,96200010,random_growth138,0.006958766830453586
null_global,null,global,96200011,random_growth138,0.009767411336679174
null_global,null,global,96200012,random_growth138,0.012731946779198927
null_global,null,global,96200013,random_growth138,0.009473934763921107
null_global,null,global,96200014,random_growth138,0.007421572906029288
null_global,null,global,96200015,random_growth138,0.008906165562553586
null_global,null,global,96200016,random_growth138,0.011875430723908087
null_global,null,global,96200017,random_growth138,0.009869922923633008
null_global,null,global,96200018,random_growth138,0.004673657247041903
null_global,null,global,96200019,random_growth138,0.00792456632172584
null_global,null,global,96200020,random_growth138,0.011245045426293414
null_global,null,global,96200021,random_growth138,0.009673101812750586
null_global,null,global,96200022,random_growth138,0.005408732512703712
null_global,null,global,96200023,random_growth138,0.005584788554786271
null_global,null,global,96200024,random_growth138,0.010795309811422233
null_global,null,global,96200025,random_growth138,0.01025898883513085
null_global,null,global,96200026,random_growth138,0.006070188236894707
null_global,null,global,96200027,random_growth138,0.010264865093967481
null_global,null,global,96200028,random_growth138,0.007814289520071138
null_global,null,global,96200029,random_growth138,0.005994159207860798
null_global,null,global,96200030,random_growth138,0.003474950583195734
null_global,null,global,96200031,random_growth138,0.008009727017005372
null_global,null,global,96200000,fixed7,0.006429987964659401
null_global,null,global,96200001,fixed7,0.0073297135738618156
null_global,null,global,96200002,fixed7,0.0037954065441402666
null_global,null,global,96200003,fixed7,0.007455797471321439
null_global,null,global,96200004,fixed7,0.0071436036935554155
null_global,null,global,96200005,fixed7,0.006109176461588918
null_global,null,global,96200006,fixed7,0.010483333721806565
null_global,null,global,96200007,fixed7,0.01164917392724015
null_global,null,global,96200008,fixed7,0.020097307867199828
null_global,null,global,96200009,fixed7,0.008177356545282026
null_global,null,global,96200010,fixed7,0.0044251384999261165
null_global,null,global,96200011,fixed7,0.005113305397461983
null_global,null,global,96200012,fixed7,0.00889648417756305
null_global,null,global,96200013,fixed7,0.009978523987828806
null_global,null,global,96200014,fixed7,0.005955649019173066
null_global,null,global,96200015,fixed7,0.007215930098391028
null_global,null,global,96200016,fixed7,0.009056458776212011
null_global,null,global,96200017,fixed7,0.007139904650150894
null_global,null,global,96200018,fixed7,0.0047046299337023855
null_global,null,global,96200019,fixed7,0.005501961721596333
null_global,null,global,96200020,fixed7,0.009692272775162528
null_global,null,global,96200021,fixed7,0.006879358755083035
null_global,null,global,96200022,fixed7,0.0061194429883839494
null_global,null,global,96200023,fixed7,0.006016572305467615
null_global,null,global,96200024,fixed7,0.00702357334883641
null_global,null,global,96200025,fixed7,0.00744957091401448
null_global,null,global,96200026,fixed7,0.004111086595118238
null_global,null,global,96200027,fixed7,0.008040303612385951
null_global,null,global,96200028,fixed7,0.006376415420147352
null_global,null,global,96200029,fixed7,0.0045966484076464115
null_global,null,global,96200030,fixed7,0.0034289543043063125
null_global,null,global,96200031,fixed7,0.0053915826724198115
lowrank_noiseless_global,lowrank_noiseless,global,96200000,historical_moment,3.2535724682234373e-06
lowrank_noiseless_global,lowrank_noiseless,global,96200001,historical_moment,3.377579786717209e-07
lowrank_noiseless_global,lowrank_noiseless,global,96200002,historical_moment,9.883876522291826e-07
lowrank_noiseless_global,lowrank_noiseless,global,96200003,historical_moment,1.1186650919222828e-06
lowrank_noiseless_global,lowrank_noiseless,global,96200004,historical_moment,1.023662988850577e-06
lowrank_noiseless_global,lowrank_noiseless,global,96200005,historical_moment,2.1416029140114694e-06
lowrank_noiseless_global,lowrank_noiseless,global,96200006,historical_moment,2.632900612617653e-06
lowrank_noiseless_global,lowrank_noiseless,global,96200007,historical_moment,4.429426343308533e-07
lowrank_noiseless_global,lowrank_noiseless,global,96200008,historical_moment,1.011948605606921e-06
lowrank_noiseless_global,lowrank_noiseless,global,96200009,historical_moment,1.3992807273227132e-06
lowrank_noiseless_global,lowrank_noiseless,global,96200010,historical_moment,4.545644068372921e-07
lowrank_noiseless_global,lowrank_noiseless,global,96200011,historical_moment,6.554451507005456e-07
lowrank_noiseless_global,lowrank_noiseless,global,96200012,historical_moment,6.900128181091358e-07
lowrank_noiseless_global,lowrank_noiseless,global,96200013,historical_moment,3.2434200836167796e-06
lowrank_noiseless_global,lowrank_noiseless,global,96200014,historical_moment,8.032375801824682e-07
lowrank_noiseless_global,lowrank_noiseless,global,96200015,historical_moment,1.041157464418879e-06
lowrank_noiseless_global,lowrank_noiseless,global,96200016,historical_moment,1.530314751224694e-06
lowrank_noiseless_global,lowrank_noiseless,global,96200017,historical_moment,9.940276228275596e-07
lowrank_noiseless_global,lowrank_noiseless,global,96200018,historical_moment,3.8158354298310433e-07
lowrank_noiseless_global,lowrank_noiseless,global,96200019,historical_moment,5.532571523227881e-07
lowrank_noiseless_global,lowrank_noiseless,global,96200020,historical_moment,7.183294845091451e-07
lowrank_noiseless_global,lowrank_noiseless,global,96200021,historical_moment,4.5742432437645844e-07
lowrank_noiseless_global,lowrank_noiseless,global,96200022,historical_moment,5.633466141615437e-07
lowrank_noiseless_global,lowrank_noiseless,global,96200023,historical_moment,5.739333397459768e-07
lowrank_noiseless_global,lowrank_noiseless,global,96200024,historical_moment,1.1349147269997998e-06
lowrank_noiseless_global,lowrank_noiseless,global,96200025,historical_moment,8.928499097142166e-07
lowrank_noiseless_global,lowrank_noiseless,global,96200026,historical_moment,2.1478614870214405e-06
lowrank_noiseless_global,lowrank_noiseless,global,96200027,historical_moment,6.059632880012258e-07
lowrank_noiseless_global,lowrank_noiseless,global,96200028,historical_moment,1.178550462316452e-06
lowrank_noiseless_global,lowrank_noiseless,global,96200029,historical_moment,2.291198247804916e-06
lowrank_noiseless_global,lowrank_noiseless,global,96200030,historical_moment,6.898717406697416e-07
lowrank_noiseless_global,lowrank_noiseless,global,96200031,historical_moment,5.988822121186706e-07
lowrank_noiseless_global,lowrank_noiseless,global,96200000,random_growth128,1.5869070570205548e-06
lowrank_noiseless_global,lowrank_noiseless,global,96200001,random_growth128,1.761754587847643e-06
lowrank_noiseless_global,lowrank_noiseless,global,96200002,random_growth128,7.395964886223984e-07
lowrank_noiseless_global,lowrank_noiseless,global,96200003,random_growth128,5.739431340915746e-07
lowrank_noiseless_global,lowrank_noiseless,global,96200004,random_growth128,4.386362347273404e-07
lowrank_noiseless_global,lowrank_noiseless,global,96200005,random_growth128,3.6080322111036054e-07
lowrank_noiseless_global,lowrank_noiseless,global,96200006,random_growth128,1.5368072184969303e-07
lowrank_noiseless_global,lowrank_noiseless,global,96200007,random_growth128,3.169681145858145e-07
lowrank_noiseless_global,lowrank_noiseless,global,96200008,random_growth128,5.916747623833422e-07
lowrank_noiseless_global,lowrank_noiseless,global,96200009,random_growth128,4.457919650711497e-07
lowrank_noiseless_global,lowrank_noiseless,global,96200010,random_growth128,5.876583591037342e-07
lowrank_noiseless_global,lowrank_noiseless,global,96200011,random_growth128,5.630451137408013e-07
lowrank_noiseless_global,lowrank_noiseless,global,96200012,random_growth128,2.0554534788908466e-07
lowrank_noiseless_global,lowrank_noiseless,global,96200013,random_growth128,3.9466391541737043e-07
lowrank_noiseless_global,lowrank_noiseless,global,96200014,random_growth128,2.808219954718878e-07
lowrank_noiseless_global,lowrank_noiseless,global,96200015,random_growth128,3.450925834187687e-07
lowrank_noiseless_global,lowrank_noiseless,global,96200016,random_growth128,3.268114021098626e-07
lowrank_noiseless_global,lowrank_noiseless,global,96200017,random_growth128,2.425957054384559e-07
lowrank_noiseless_global,lowrank_noiseless,global,96200018,random_growth128,9.257909440002363e-07
lowrank_noiseless_global,lowrank_noiseless,global,96200019,random_growth128,8.095143643831643e-07
lowrank_noiseless_global,lowrank_noiseless,global,96200020,random_growth128,2.755027943995372e-06
lowrank_noiseless_global,lowrank_noiseless,global,96200021,random_growth128,3.55681817572439e-07
lowrank_noiseless_global,lowrank_noiseless,global,96200022,random_growth128,1.6755749388630023e-06
lowrank_noiseless_global,lowrank_noiseless,global,96200023,random_growth128,3.9102023620903267e-07
lowrank_noiseless_global,lowrank_noiseless,global,96200024,random_growth128,9.142062723778581e-07
lowrank_noiseless_global,lowrank_noiseless,global,96200025,random_growth128,8.880876079634471e-07
lowrank_noiseless_global,lowrank_noiseless,global,96200026,random_growth128,2.730612739676234e-06
lowrank_noiseless_global,lowrank_noiseless,global,96200027,random_growth128,8.21658157358163e-07
lowrank_noiseless_global,lowrank_noiseless,global,96200028,random_growth128,3.926203621595838e-07
lowrank_noiseless_global,lowrank_noiseless,global,96200029,random_growth128,9.001466236358449e-07
lowrank_noiseless_global,lowrank_noiseless,global,96200030,random_growth128,6.580255118173264e-07
lowrank_noiseless_global,lowrank_noiseless,global,96200031,random_growth128,3.1158132396057895e-07
lowrank_noiseless_global,lowrank_noiseless,global,96200000,random_growth138,3.0131429115378696e-06
lowrank_noiseless_global,lowrank_noiseless,global,96200001,random_growth138,3.9531299803795865e-07
lowrank_noiseless_global,lowrank_noiseless,global,96200002,random_growth138,2.9265494484327504e-07
lowrank_noiseless_global,lowrank_noiseless,global,96200003,random_growth138,8.387810752777347e-07
lowrank_noiseless_global,lowrank_noiseless,global,96200004,random_growth138,6.224311133713267e-07
lowrank_noiseless_global,lowrank_noiseless,global,96200005,random_growth138,5.255121480358129e-07
lowrank_noiseless_global,lowrank_noiseless,global,96200006,random_growth138,3.8205678901137805e-07
lowrank_noiseless_global,lowrank_noiseless,global,96200007,random_growth138,1.7065013361242286e-07
lowrank_noiseless_global,lowrank_noiseless,global,96200008,random_growth138,3.5150266247871196e-07
lowrank_noiseless_global,lowrank_noiseless,global,96200009,random_growth138,3.6103865354160027e-07
lowrank_noiseless_global,lowrank_noiseless,global,96200010,random_growth138,3.2806028073750454e-07
lowrank_noiseless_global,lowrank_noiseless,global,96200011,random_growth138,3.8825383821433644e-07
lowrank_noiseless_global,lowrank_noiseless,global,96200012,random_growth138,5.760864449989306e-07
lowrank_noiseless_global,lowrank_noiseless,global,96200013,random_growth138,7.396853277220639e-07
lowrank_noiseless_global,lowrank_noiseless,global,96200014,random_growth138,5.237684703800721e-07
lowrank_noiseless_global,lowrank_noiseless,global,96200015,random_growth138,4.997584704914784e-07
lowrank_noiseless_global,lowrank_noiseless,global,96200016,random_growth138,6.502768442219309e-07
lowrank_noiseless_global,lowrank_noiseless,global,96200017,random_growth138,3.322494183360822e-07
lowrank_noiseless_global,lowrank_noiseless,global,96200018,random_growth138,2.9446242099420008e-06
lowrank_noiseless_global,lowrank_noiseless,global,96200019,random_growth138,3.728698986906961e-07
lowrank_noiseless_global,lowrank_noiseless,global,96200020,random_growth138,1.2301424206612024e-06
lowrank_noiseless_global,lowrank_noiseless,global,96200021,random_growth138,8.388437876901846e-07
lowrank_noiseless_global,lowrank_noiseless,global,96200022,random_growth138,3.115348457186594e-07
lowrank_noiseless_global,lowrank_noiseless,global,96200023,random_growth138,7.099921325268465e-07
lowrank_noiseless_global,lowrank_noiseless,global,96200024,random_growth138,6.781090630100511e-07
lowrank_noiseless_global,lowrank_noiseless,global,96200025,random_growth138,1.911646020839574e-07
lowrank_noiseless_global,lowrank_noiseless,global,96200026,random_growth138,5.153729305976956e-06
lowrank_noiseless_global,lowrank_noiseless,global,96200027,random_growth138,1.1439365696180358e-06
lowrank_noiseless_global,lowrank_noiseless,global,96200028,random_growth138,8.523810045364061e-07
lowrank_noiseless_global,lowrank_noiseless,global,96200029,random_growth138,9.204439923676616e-07
lowrank_noiseless_global,lowrank_noiseless,global,96200030,random_growth138,1.0259612443257356e-06
lowrank_noiseless_global,lowrank_noiseless,global,96200031,random_growth138,4.770809812927444e-07
lowrank_noiseless_global,lowrank_noiseless,global,96200000,fixed7,0.0001003463140023079
lowrank_noiseless_global,lowrank_noiseless,global,96200001,fixed7,7.105881739696867e-05
lowrank_noiseless_global,lowrank_noiseless,global,96200002,fixed7,0.00019819949653428795
lowrank_noiseless_global,lowrank_noiseless,global,96200003,fixed7,0.00010741192646019612
lowrank_noiseless_global,lowrank_noiseless,global,96200004,fixed7,0.00015081308389329546
lowrank_noiseless_global,lowrank_noiseless,global,96200005,fixed7,8.477054546646879e-05
lowrank_noiseless_global,lowrank_noiseless,global,96200006,fixed7,0.00014724045242518028
lowrank_noiseless_global,lowrank_noiseless,global,96200007,fixed7,3.5747095856361025e-05
lowrank_noiseless_global,lowrank_noiseless,global,96200008,fixed7,3.395252646850463e-05
lowrank_noiseless_global,lowrank_noiseless,global,96200009,fixed7,9.336920946585383e-05
lowrank_noiseless_global,lowrank_noiseless,global,96200010,fixed7,0.00010581174951220575
lowrank_noiseless_global,lowrank_noiseless,global,96200011,fixed7,2.6184653725452435e-05
lowrank_noiseless_global,lowrank_noiseless,global,96200012,fixed7,0.00017383321951850803
lowrank_noiseless_global,lowrank_noiseless,global,96200013,fixed7,9.40973378791866e-06
lowrank_noiseless_global,lowrank_noiseless,global,96200014,fixed7,9.435473106646645e-05
lowrank_noiseless_global,lowrank_noiseless,global,96200015,fixed7,9.565494343364441e-05
lowrank_noiseless_global,lowrank_noiseless,global,96200016,fixed7,0.0001473588556916513
lowrank_noiseless_global,lowrank_noiseless,global,96200017,fixed7,0.00026182918752803324
lowrank_noiseless_global,lowrank_noiseless,global,96200018,fixed7,2.9240528909316172e-08
lowrank_noiseless_global,lowrank_noiseless,global,96200019,fixed7,0.0003295096811505871
lowrank_noiseless_global,lowrank_noiseless,global,96200020,fixed7,0.00013629876199279615
lowrank_noiseless_global,lowrank_noiseless,global,96200021,fixed7,0.00014287317777808472
lowrank_noiseless_global,lowrank_noiseless,global,96200022,fixed7,5.587439587894476e-05
lowrank_noiseless_global,lowrank_noiseless,global,96200023,fixed7,9.856737561568448e-05
lowrank_noiseless_global,lowrank_noiseless,global,96200024,fixed7,1.281029802310405e-05
lowrank_noiseless_global,lowrank_noiseless,global,96200025,fixed7,0.0002834553239199888
lowrank_noiseless_global,lowrank_noiseless,global,96200026,fixed7,5.237330566054491e-05
lowrank_noiseless_global,lowrank_noiseless,global,96200027,fixed7,0.00013168540727716779
lowrank_noiseless_global,lowrank_noiseless,global,96200028,fixed7,6.996134973667032e-06
lowrank_noiseless_global,lowrank_noiseless,global,96200029,fixed7,6.583702577929274e-05
lowrank_noiseless_global,lowrank_noiseless,global,96200030,fixed7,0.00014685364824172447
lowrank_noiseless_global,lowrank_noiseless,global,96200031,fixed7,9.133858385966576e-05
indefinite_noisy_local,indefinite_noisy,local,96100000,historical_moment,0.006249824831471667
indefinite_noisy_local,indefinite_noisy,local,96100001,historical_moment,0.003139621095956516
indefinite_noisy_local,indefinite_noisy,local,96100002,historical_moment,0.004786247969337093
indefinite_noisy_local,indefinite_noisy,local,96100003,historical_moment,0.0041176146525622485
indefinite_noisy_local,indefinite_noisy,local,96100004,historical_moment,0.006015305245134367
indefinite_noisy_local,indefinite_noisy,local,96100005,historical_moment,0.0058848151819938166
indefinite_noisy_local,indefinite_noisy,local,96100006,historical_moment,0.00542801221041615
indefinite_noisy_local,indefinite_noisy,local,96100007,historical_moment,0.0034008363760851873
indefinite_noisy_local,indefinite_noisy,local,96100008,historical_moment,0.0037797111866763465
indefinite_noisy_local,indefinite_noisy,local,96100009,historical_moment,0.004883064940644436
indefinite_noisy_local,indefinite_noisy,local,96100010,historical_moment,0.003973489827680057
indefinite_noisy_local,indefinite_noisy,local,96100011,historical_moment,0.004910688713506784
indefinite_noisy_local,indefinite_noisy,local,96100012,historical_moment,0.005628880678090301
indefinite_noisy_local,indefinite_noisy,local,96100013,historical_moment,0.003060123124532163
indefinite_noisy_local,indefinite_noisy,local,96100014,historical_moment,0.006653263771585502
indefinite_noisy_local,indefinite_noisy,local,96100015,historical_moment,0.004963275726695795
indefinite_noisy_local,indefinite_noisy,local,96100016,historical_moment,0.00442160767960451
indefinite_noisy_local,indefinite_noisy,local,96100017,historical_moment,0.0050254580520600065
indefinite_noisy_local,indefinite_noisy,local,96100018,historical_moment,0.0035591400668982805
indefinite_noisy_local,indefinite_noisy,local,96100019,historical_moment,0.0046659138671517894
indefinite_noisy_local,indefinite_noisy,local,96100020,historical_moment,0.005133120060884593
indefinite_noisy_local,indefinite_noisy,local,96100021,historical_moment,0.004198955471175387
indefinite_noisy_local,indefinite_noisy,local,96100022,historical_moment,0.0070977594530343205
indefinite_noisy_local,indefinite_noisy,local,96100023,historical_moment,0.004680922605171512
indefinite_noisy_local,indefinite_noisy,local,96100024,historical_moment,0.00436072085571832
indefinite_noisy_local,indefinite_noisy,local,96100025,historical_moment,0.0048496437166030875
indefinite_noisy_local,indefinite_noisy,local,96100026,historical_moment,0.00553926592537982
indefinite_noisy_local,indefinite_noisy,local,96100027,historical_moment,0.004057944054613482
indefinite_noisy_local,indefinite_noisy,local,96100028,historical_moment,0.003762808392450284
indefinite_noisy_local,indefinite_noisy,local,96100029,historical_moment,0.0039193253356132295
indefinite_noisy_local,indefinite_noisy,local,96100030,historical_moment,0.004512596005100624
indefinite_noisy_local,indefinite_noisy,local,96100031,historical_moment,0.0033904482240626533
indefinite_noisy_local,indefinite_noisy,local,96100000,random_growth128,0.005457247810633746
indefinite_noisy_local,indefinite_noisy,local,96100001,random_growth128,0.003686388499820844
indefinite_noisy_local,indefinite_noisy,local,96100002,random_growth128,0.005382423248577426
indefinite_noisy_local,indefinite_noisy,local,96100003,random_growth128,0.0042566377007749925
indefinite_noisy_local,indefinite_noisy,local,96100004,random_growth128,0.003971364430257334
indefinite_noisy_local,indefinite_noisy,local,96100005,random_growth128,0.006315840313696571
indefinite_noisy_local,indefinite_noisy,local,96100006,random_growth128,0.006379403874681198
indefinite_noisy_local,indefinite_noisy,local,96100007,random_growth128,0.004441122436746034
indefinite_noisy_local,indefinite_noisy,local,96100008,random_growth128,0.0035954089359034112
indefinite_noisy_local,indefinite_noisy,local,96100009,random_growth128,0.004634714095045671
indefinite_noisy_local,indefinite_noisy,local,96100010,random_growth128,0.00445426116870326
indefinite_noisy_local,indefinite_noisy,local,96100011,random_growth128,0.005048825970862541
indefinite_noisy_local,indefinite_noisy,local,96100012,random_growth128,0.005905862800245824
indefinite_noisy_local,indefinite_noisy,local,96100013,random_growth128,0.0038081896544169005
indefinite_noisy_local,indefinite_noisy,local,96100014,random_growth128,0.007576512770262652
indefinite_noisy_local,indefinite_noisy,local,96100015,random_growth128,0.006289256182520406
indefinite_noisy_local,indefinite_noisy,local,96100016,random_growth128,0.004492626672673884
indefinite_noisy_local,indefinite_noisy,local,96100017,random_growth128,0.005065464920335918
indefinite_noisy_local,indefinite_noisy,local,96100018,random_growth128,0.0030942505950011987
indefinite_noisy_local,indefinite_noisy,local,96100019,random_growth128,0.004656547993127851
indefinite_noisy_local,indefinite_noisy,local,96100020,random_growth128,0.006074127094642222
indefinite_noisy_local,indefinite_noisy,local,96100021,random_growth128,0.005088171280398997
indefinite_noisy_local,indefinite_noisy,local,96100022,random_growth128,0.00814179949051831
indefinite_noisy_local,indefinite_noisy,local,96100023,random_growth128,0.0047282200804692216
indefinite_noisy_local,indefinite_noisy,local,96100024,random_growth128,0.015989749142085972
indefinite_noisy_local,indefinite_noisy,local,96100025,random_growth128,0.007079390638380305
indefinite_noisy_local,indefinite_noisy,local,96100026,random_growth128,0.006374509252552098
indefinite_noisy_local,indefinite_noisy,local,96100027,random_growth128,0.004459088080133143
indefinite_noisy_local,indefinite_noisy,local,96100028,random_growth128,0.005221895004573737
indefinite_noisy_local,indefinite_noisy,local,96100029,random_growth128,0.004489072206518234
indefinite_noisy_local,indefinite_noisy,local,96100030,random_growth128,0.005668935118922383
indefinite_noisy_local,indefinite_noisy,local,96100031,random_growth128,0.0036333029757822325
indefinite_noisy_local,indefinite_noisy,local,96100000,random_growth138,0.004319028543118215
indefinite_noisy_local,indefinite_noisy,local,96100001,random_growth138,0.00373485633515837
indefinite_noisy_local,indefinite_noisy,local,96100002,random_growth138,0.00436614357643294
indefinite_noisy_local,indefinite_noisy,local,96100003,random_growth138,0.0036641686899056896
indefinite_noisy_local,indefinite_noisy,local,96100004,random_growth138,0.004717500725476777
indefinite_noisy_local,indefinite_noisy,local,96100005,random_growth138,0.008197639450404333
indefinite_noisy_local,indefinite_noisy,local,96100006,random_growth138,0.005794926502850337
indefinite_noisy_local,indefinite_noisy,local,96100007,random_growth138,0.004228920487235226
indefinite_noisy_local,indefinite_noisy,local,96100008,random_growth138,0.003500567921529706
indefinite_noisy_local,indefinite_noisy,local,96100009,random_growth138,0.005507429137043547
indefinite_noisy_local,indefinite_noisy,local,96100010,random_growth138,0.004012884548051831
indefinite_noisy_local,indefinite_noisy,local,96100011,random_growth138,0.005103425368008274
indefinite_noisy_local,indefinite_noisy,local,96100012,random_growth138,0.0057331794352048545
indefinite_noisy_local,indefinite_noisy,local,96100013,random_growth138,0.003925723546885193
indefinite_noisy_local,indefinite_noisy,local,96100014,random_growth138,0.006757222701137693
indefinite_noisy_local,indefinite_noisy,local,96100015,random_growth138,0.006494319943513328
indefinite_noisy_local,indefinite_noisy,local,96100016,random_growth138,0.0048769167797048
indefinite_noisy_local,indefinite_noisy,local,96100017,random_growth138,0.0046590776950117185
indefinite_noisy_local,indefinite_noisy,local,96100018,random_growth138,0.003922047594732975
indefinite_noisy_local,indefinite_noisy,local,96100019,random_growth138,0.004886016110151754
indefinite_noisy_local,indefinite_noisy,local,96100020,random_growth138,0.0067155367227797755
indefinite_noisy_local,indefinite_noisy,local,96100021,random_growth138,0.004933617115718191
indefinite_noisy_local,indefinite_noisy,local,96100022,random_growth138,0.006931468733944708
indefinite_noisy_local,indefinite_noisy,local,96100023,random_growth138,0.0066126592821934595
indefinite_noisy_local,indefinite_noisy,local,96100024,random_growth138,0.020879388834393473
indefinite_noisy_local,indefinite_noisy,local,96100025,random_growth138,0.005593609840996894
indefinite_noisy_local,indefinite_noisy,local,96100026,random_growth138,0.006713362334665049
indefinite_noisy_local,indefinite_noisy,local,96100027,random_growth138,0.004455401543496457
indefinite_noisy_local,indefinite_noisy,local,96100028,random_growth138,0.00504671308098467
indefinite_noisy_local,indefinite_noisy,local,96100029,random_growth138,0.004379705937268811
indefinite_noisy_local,indefinite_noisy,local,96100030,random_growth138,0.0064555133325021235
indefinite_noisy_local,indefinite_noisy,local,96100031,random_growth138,0.00449237175002483
indefinite_noisy_local,indefinite_noisy,local,96100000,fixed7,0.004402293380410235
indefinite_noisy_local,indefinite_noisy,local,96100001,fixed7,0.00404527940785504
indefinite_noisy_local,indefinite_noisy,local,96100002,fixed7,0.004836359095662429
indefinite_noisy_local,indefinite_noisy,local,96100003,fixed7,0.5493268095399018
indefinite_noisy_local,indefinite_noisy,local,96100004,fixed7,0.005518661255961482
indefinite_noisy_local,indefinite_noisy,local,96100005,fixed7,0.007201759684692406
indefinite_noisy_local,indefinite_noisy,local,96100006,fixed7,0.007864343205208369
indefinite_noisy_local,indefinite_noisy,local,96100007,fixed7,0.00478433071721816
indefinite_noisy_local,indefinite_noisy,local,96100008,fixed7,0.004230875238172616
indefinite_noisy_local,indefinite_noisy,local,96100009,fixed7,0.004530406318191748
indefinite_noisy_local,indefinite_noisy,local,96100010,fixed7,0.005142873811463819
indefinite_noisy_local,indefinite_noisy,local,96100011,fixed7,0.0045184693635017
indefinite_noisy_local,indefinite_noisy,local,96100012,fixed7,0.005837695258199649
indefinite_noisy_local,indefinite_noisy,local,96100013,fixed7,0.0043295751416329705
indefinite_noisy_local,indefinite_noisy,local,96100014,fixed7,0.00675560440286554
indefinite_noisy_local,indefinite_noisy,local,96100015,fixed7,0.00589313492359306
indefinite_noisy_local,indefinite_noisy,local,96100016,fixed7,0.0053690283165965975
indefinite_noisy_local,indefinite_noisy,local,96100017,fixed7,0.005524461528737199
indefinite_noisy_local,indefinite_noisy,local,96100018,fixed7,0.004216487374437216
indefinite_noisy_local,indefinite_noisy,local,96100019,fixed7,0.005172023181686481
indefinite_noisy_local,indefinite_noisy,local,96100020,fixed7,0.0064985277574497475
indefinite_noisy_local,indefinite_noisy,local,96100021,fixed7,0.0046691544241412196
indefinite_noisy_local,indefinite_noisy,local,96100022,fixed7,0.0067837594460729315
indefinite_noisy_local,indefinite_noisy,local,96100023,fixed7,0.006943028895055061
indefinite_noisy_local,indefinite_noisy,local,96100024,fixed7,0.0048922179630299005
indefinite_noisy_local,indefinite_noisy,local,96100025,fixed7,0.08937505294363879
indefinite_noisy_local,indefinite_noisy,local,96100026,fixed7,0.0060422586212901435
indefinite_noisy_local,indefinite_noisy,local,96100027,fixed7,0.006088518092613909
indefinite_noisy_local,indefinite_noisy,local,96100028,fixed7,0.00402332397341553
indefinite_noisy_local,indefinite_noisy,local,96100029,fixed7,0.004653461605263127
indefinite_noisy_local,indefinite_noisy,local,96100030,fixed7,0.006050040615077465
indefinite_noisy_local,indefinite_noisy,local,96100031,fixed7,0.004327782912449107
