group,seed,method,epsilon,attained,status,any_risk_increase_across_grid,later_grid_failure_after_first_success,event_budget,allocated_total_work,actual_work_at_selected_grid
indefinite_noisy_global,96100000,historical_moment,0.01,True,lowest_grid_point_already_attains,True,False,3200000,22400000,22398221
indefinite_noisy_global,96100001,historical_moment,0.01,True,lowest_grid_point_already_attains,True,False,3200000,22400000,22398221
indefinite_noisy_global,96100002,historical_moment,0.01,True,lowest_grid_point_already_attains,True,False,3200000,22400000,22398221
indefinite_noisy_global,96100003,historical_moment,0.01,True,lowest_grid_point_already_attains,True,False,3200000,22400000,22398221
indefinite_noisy_global,96100004,historical_moment,0.01,True,lowest_grid_point_already_attains,True,False,3200000,22400000,22398221
indefinite_noisy_global,96100005,historical_moment,0.01,True,lowest_grid_point_already_attains,True,False,3200000,22400000,22398221
indefinite_noisy_global,96100006,historical_moment,0.01,True,lowest_grid_point_already_attains,True,False,3200000,22400000,22398221
indefinite_noisy_global,96100007,historical_moment,0.01,True,lowest_grid_point_already_attains,True,False,3200000,22400000,22398221
indefinite_noisy_global,96100008,historical_moment,0.01,True,lowest_grid_point_already_attains,True,False,3200000,22400000,22398221
indefinite_noisy_global,96100009,historical_moment,0.01,True,lowest_grid_point_already_attains,True,False,3200000,22400000,22398221
indefinite_noisy_global,96100010,historical_moment,0.01,True,lowest_grid_point_already_attains,True,False,3200000,22400000,22398221
indefinite_noisy_global,96100011,historical_moment,0.01,True,lowest_grid_point_already_attains,True,False,3200000,22400000,22398221
indefinite_noisy_global,96100012,historical_moment,0.01,True,lowest_grid_point_already_attains,True,False,3200000,22400000,22398221
indefinite_noisy_global,96100013,historical_moment,0.01,True,lowest_grid_point_already_attains,True,False,3200000,22400000,22398221
indefinite_noisy_global,96100014,historical_moment,0.01,True,lowest_grid_point_already_attains,True,False,3200000,22400000,22398221
indefinite_noisy_global,96100015,historical_moment,0.01,True,lowest_grid_point_already_attains,True,False,3200000,22400000,22398221
indefinite_noisy_global,96100016,historical_moment,0.01,True,lowest_grid_point_already_attains,True,False,3200000,22400000,22398221
indefinite_noisy_global,96100017,historical_moment,0.01,True,lowest_grid_point_already_attains,True,False,3200000,22400000,22398221
indefinite_noisy_global,96100018,historical_moment,0.01,True,lowest_grid_point_already_attains,True,False,3200000,22400000,22398221
indefinite_noisy_global,96100019,historical_moment,0.01,True,lowest_grid_point_already_attains,True,False,3200000,22400000,22398221
indefinite_noisy_global,96100020,historical_moment,0.01,True,lowest_grid_point_already_attains,True,False,3200000,22400000,22398221
indefinite_noisy_global,96100021,historical_moment,0.01,True,lowest_grid_point_already_attains,True,False,3200000,22400000,22398221
indefinite_noisy_global,96100022,historical_moment,0.01,True,first_evaluated_final_grid_attainment,True,True,5000000,35000000,34999035
indefinite_noisy_global,96100023,historical_moment,0.01,True,lowest_grid_point_already_attains,True,False,3200000,22400000,22398221
indefinite_noisy_global,96100024,historical_moment,0.01,True,lowest_grid_point_already_attains,True,False,3200000,22400000,22398221
indefinite_noisy_global,96100025,historical_moment,0.01,True,lowest_grid_point_already_attains,True,False,3200000,22400000,22398221
indefinite_noisy_global,96100026,historical_moment,0.01,True,lowest_grid_point_already_attains,True,False,3200000,22400000,22398221
indefinite_noisy_global,96100027,historical_moment,0.01,True,lowest_grid_point_already_attains,True,False,3200000,22400000,22398221
indefinite_noisy_global,96100028,historical_moment,0.01,True,lowest_grid_point_already_attains,True,False,3200000,22400000,22398221
indefinite_noisy_global,96100029,historical_moment,0.01,True,lowest_grid_point_already_attains,True,False,3200000,22400000,22398221
indefinite_noisy_global,96100030,historical_moment,0.01,True,lowest_grid_point_already_attains,True,False,3200000,22400000,22398221
indefinite_noisy_global,96100031,historical_moment,0.01,True,lowest_grid_point_already_attains,True,False,3200000,22400000,22398221
indefinite_noisy_global,96100032,historical_moment,0.01,True,lowest_grid_point_already_attains,True,False,3200000,22400000,22398221
indefinite_noisy_global,96100033,historical_moment,0.01,True,lowest_grid_point_already_attains,True,False,3200000,22400000,22398221
indefinite_noisy_global,96100034,historical_moment,0.01,True,lowest_grid_point_already_attains,True,False,3200000,22400000,22398221
indefinite_noisy_global,96100035,historical_moment,0.01,True,lowest_grid_point_already_attains,True,False,3200000,22400000,22398221
indefinite_noisy_global,96100036,historical_moment,0.01,True,lowest_grid_point_already_attains,True,False,3200000,22400000,22398221
indefinite_noisy_global,96100037,historical_moment,0.01,True,lowest_grid_point_already_attains,True,False,3200000,22400000,22398221
indefinite_noisy_global,96100038,historical_moment,0.01,True,lowest_grid_point_already_attains,True,False,3200000,22400000,22398221
indefinite_noisy_global,96100039,historical_moment,0.01,True,lowest_grid_point_already_attains,True,False,3200000,22400000,22398221
indefinite_noisy_global,96100040,historical_moment,0.01,True,lowest_grid_point_already_attains,True,False,3200000,22400000,22398221
indefinite_noisy_global,96100041,historical_moment,0.01,True,lowest_grid_point_already_attains,True,False,3200000,22400000,22398221
indefinite_noisy_global,96100042,historical_moment,0.01,True,lowest_grid_point_already_attains,True,False,3200000,22400000,22398221
indefinite_noisy_global,96100043,historical_moment,0.01,True,lowest_grid_point_already_attains,True,False,3200000,22400000,22398221
indefinite_noisy_global,96100044,historical_moment,0.01,True,lowest_grid_point_already_attains,True,False,3200000,22400000,22398221
indefinite_noisy_global,96100045,historical_moment,0.01,True,lowest_grid_point_already_attains,True,False,3200000,22400000,22398221
indefinite_noisy_global,96100046,historical_moment,0.01,True,lowest_grid_point_already_attains,True,False,3200000,22400000,22398221
indefinite_noisy_global,96100047,historical_moment,0.01,True,lowest_grid_point_already_attains,True,False,3200000,22400000,22398221
indefinite_noisy_global,96100048,historical_moment,0.01,True,lowest_grid_point_already_attains,True,False,3200000,22400000,22398221
indefinite_noisy_global,96100049,historical_moment,0.01,True,lowest_grid_point_already_attains,True,False,3200000,22400000,22398221
indefinite_noisy_global,96100050,historical_moment,0.01,True,lowest_grid_point_already_attains,True,False,3200000,22400000,22398221
indefinite_noisy_global,96100051,historical_moment,0.01,True,lowest_grid_point_already_attains,True,False,3200000,22400000,22398221
indefinite_noisy_global,96100052,historical_moment,0.01,True,lowest_grid_point_already_attains,True,False,3200000,22400000,22398221
indefinite_noisy_global,96100053,historical_moment,0.01,True,lowest_grid_point_already_attains,True,False,3200000,22400000,22398221
indefinite_noisy_global,96100054,historical_moment,0.01,True,lowest_grid_point_already_attains,True,False,3200000,22400000,22398221
indefinite_noisy_global,96100055,historical_moment,0.01,True,lowest_grid_point_already_attains,True,False,3200000,22400000,22398221
indefinite_noisy_global,96100056,historical_moment,0.01,True,lowest_grid_point_already_attains,True,False,3200000,22400000,22398221
indefinite_noisy_global,96100057,historical_moment,0.01,True,lowest_grid_point_already_attains,True,False,3200000,22400000,22398221
indefinite_noisy_global,96100058,historical_moment,0.01,True,lowest_grid_point_already_attains,True,False,3200000,22400000,22398221
indefinite_noisy_global,96100059,historical_moment,0.01,True,lowest_grid_point_already_attains,True,False,3200000,22400000,22398221
indefinite_noisy_global,96100060,historical_moment,0.01,True,lowest_grid_point_already_attains,True,False,3200000,22400000,22398221
indefinite_noisy_global,96100061,historical_moment,0.01,True,lowest_grid_point_already_attains,True,False,3200000,22400000,22398221
indefinite_noisy_global,96100062,historical_moment,0.01,True,lowest_grid_point_already_attains,True,False,3200000,22400000,22398221
indefinite_noisy_global,96100063,historical_moment,0.01,True,lowest_grid_point_already_attains,True,False,3200000,22400000,22398221
indefinite_noisy_global,96100064,historical_moment,0.01,True,lowest_grid_point_already_attains,True,False,3200000,22400000,22398221
indefinite_noisy_global,96100065,historical_moment,0.01,True,lowest_grid_point_already_attains,True,False,3200000,22400000,22398221
indefinite_noisy_global,96100066,historical_moment,0.01,True,lowest_grid_point_already_attains,True,False,3200000,22400000,22398221
indefinite_noisy_global,96100067,historical_moment,0.01,True,lowest_grid_point_already_attains,True,False,3200000,22400000,22398221
indefinite_noisy_global,96100068,historical_moment,0.01,True,lowest_grid_point_already_attains,True,False,3200000,22400000,22398221
indefinite_noisy_global,96100069,historical_moment,0.01,True,lowest_grid_point_already_attains,True,False,3200000,22400000,22398221
indefinite_noisy_global,96100070,historical_moment,0.01,True,lowest_grid_point_already_attains,True,False,3200000,22400000,22398221
indefinite_noisy_global,96100071,historical_moment,0.01,True,lowest_grid_point_already_attains,True,False,3200000,22400000,22398221
indefinite_noisy_global,96100072,historical_moment,0.01,True,lowest_grid_point_already_attains,True,False,3200000,22400000,22398221
indefinite_noisy_global,96100073,historical_moment,0.01,True,lowest_grid_point_already_attains,True,False,3200000,22400000,22398221
indefinite_noisy_global,96100074,historical_moment,0.01,True,lowest_grid_point_already_attains,True,False,3200000,22400000,22398221
indefinite_noisy_global,96100075,historical_moment,0.01,True,lowest_grid_point_already_attains,True,False,3200000,22400000,22398221
indefinite_noisy_global,96100076,historical_moment,0.01,True,lowest_grid_point_already_attains,True,False,3200000,22400000,22398221
indefinite_noisy_global,96100077,historical_moment,0.01,True,lowest_grid_point_already_attains,True,False,3200000,22400000,22398221
indefinite_noisy_global,96100078,historical_moment,0.01,True,lowest_grid_point_already_attains,True,False,3200000,22400000,22398221
indefinite_noisy_global,96100079,historical_moment,0.01,True,lowest_grid_point_already_attains,True,False,3200000,22400000,22398221
indefinite_noisy_global,96100080,historical_moment,0.01,True,lowest_grid_point_already_attains,True,False,3200000,22400000,22398221
indefinite_noisy_global,96100081,historical_moment,0.01,True,lowest_grid_point_already_attains,True,False,3200000,22400000,22398221
indefinite_noisy_global,96100082,historical_moment,0.01,True,lowest_grid_point_already_attains,True,False,3200000,22400000,22398221
indefinite_noisy_global,96100083,historical_moment,0.01,True,lowest_grid_point_already_attains,True,False,3200000,22400000,22398221
indefinite_noisy_global,96100084,historical_moment,0.01,True,lowest_grid_point_already_attains,True,False,3200000,22400000,22398221
indefinite_noisy_global,96100085,historical_moment,0.01,True,lowest_grid_point_already_attains,True,False,3200000,22400000,22398221
indefinite_noisy_global,96100086,historical_moment,0.01,True,lowest_grid_point_already_attains,True,False,3200000,22400000,22398221
indefinite_noisy_global,96100087,historical_moment,0.01,True,lowest_grid_point_already_attains,True,False,3200000,22400000,22398221
indefinite_noisy_global,96100088,historical_moment,0.01,True,lowest_grid_point_already_attains,True,False,3200000,22400000,22398221
indefinite_noisy_global,96100089,historical_moment,0.01,True,lowest_grid_point_already_attains,True,False,3200000,22400000,22398221
indefinite_noisy_global,96100090,historical_moment,0.01,True,lowest_grid_point_already_attains,True,False,3200000,22400000,22398221
indefinite_noisy_global,96100091,historical_moment,0.01,True,lowest_grid_point_already_attains,True,False,3200000,22400000,22398221
indefinite_noisy_global,96100092,historical_moment,0.01,True,lowest_grid_point_already_attains,True,False,3200000,22400000,22398221
indefinite_noisy_global,96100093,historical_moment,0.01,True,lowest_grid_point_already_attains,True,False,3200000,22400000,22398221
indefinite_noisy_global,96100094,historical_moment,0.01,True,lowest_grid_point_already_attains,True,False,3200000,22400000,22398221
indefinite_noisy_global,96100095,historical_moment,0.01,True,lowest_grid_point_already_attains,True,False,3200000,22400000,22398221
indefinite_noisy_global,96100096,historical_moment,0.01,True,lowest_grid_point_already_attains,True,False,3200000,22400000,22398221
indefinite_noisy_global,96100097,historical_moment,0.01,True,lowest_grid_point_already_attains,True,False,3200000,22400000,22398221
indefinite_noisy_global,96100098,historical_moment,0.01,True,lowest_grid_point_already_attains,True,False,3200000,22400000,22398221
indefinite_noisy_global,96100099,historical_moment,0.01,True,lowest_grid_point_already_attains,True,False,3200000,22400000,22398221
indefinite_noisy_global,96100100,historical_moment,0.01,True,lowest_grid_point_already_attains,True,False,3200000,22400000,22398221
indefinite_noisy_global,96100101,historical_moment,0.01,True,lowest_grid_point_already_attains,True,False,3200000,22400000,22398221
indefinite_noisy_global,96100102,historical_moment,0.01,True,lowest_grid_point_already_attains,True,False,3200000,22400000,22398221
indefinite_noisy_global,96100103,historical_moment,0.01,True,lowest_grid_point_already_attains,True,False,3200000,22400000,22398221
indefinite_noisy_global,96100104,historical_moment,0.01,True,lowest_grid_point_already_attains,True,False,3200000,22400000,22398221
indefinite_noisy_global,96100105,historical_moment,0.01,True,lowest_grid_point_already_attains,True,True,3200000,22400000,22398221
indefinite_noisy_global,96100106,historical_moment,0.01,True,lowest_grid_point_already_attains,True,False,3200000,22400000,22398221
indefinite_noisy_global,96100107,historical_moment,0.01,True,lowest_grid_point_already_attains,True,False,3200000,22400000,22398221
indefinite_noisy_global,96100108,historical_moment,0.01,True,lowest_grid_point_already_attains,True,False,3200000,22400000,22398221
indefinite_noisy_global,96100109,historical_moment,0.01,True,lowest_grid_point_already_attains,True,False,3200000,22400000,22398221
indefinite_noisy_global,96100110,historical_moment,0.01,True,lowest_grid_point_already_attains,True,False,3200000,22400000,22398221
indefinite_noisy_global,96100111,historical_moment,0.01,True,lowest_grid_point_already_attains,True,False,3200000,22400000,22398221
indefinite_noisy_global,96100112,historical_moment,0.01,True,lowest_grid_point_already_attains,True,False,3200000,22400000,22398221
indefinite_noisy_global,96100113,historical_moment,0.01,True,lowest_grid_point_already_attains,True,False,3200000,22400000,22398221
indefinite_noisy_global,96100114,historical_moment,0.01,True,lowest_grid_point_already_attains,True,False,3200000,22400000,22398221
indefinite_noisy_global,96100115,historical_moment,0.01,True,lowest_grid_point_already_attains,True,False,3200000,22400000,22398221
indefinite_noisy_global,96100116,historical_moment,0.01,True,lowest_grid_point_already_attains,True,False,3200000,22400000,22398221
indefinite_noisy_global,96100117,historical_moment,0.01,True,lowest_grid_point_already_attains,True,False,3200000,22400000,22398221
indefinite_noisy_global,96100118,historical_moment,0.01,True,lowest_grid_point_already_attains,True,False,3200000,22400000,22398221
indefinite_noisy_global,96100119,historical_moment,0.01,True,lowest_grid_point_already_attains,True,False,3200000,22400000,22398221
indefinite_noisy_global,96100120,historical_moment,0.01,True,lowest_grid_point_already_attains,True,False,3200000,22400000,22398221
indefinite_noisy_global,96100121,historical_moment,0.01,True,lowest_grid_point_already_attains,True,False,3200000,22400000,22398221
indefinite_noisy_global,96100122,historical_moment,0.01,True,lowest_grid_point_already_attains,True,False,3200000,22400000,22398221
indefinite_noisy_global,96100123,historical_moment,0.01,True,lowest_grid_point_already_attains,True,False,3200000,22400000,22398221
indefinite_noisy_global,96100124,historical_moment,0.01,True,lowest_grid_point_already_attains,True,False,3200000,22400000,22398221
indefinite_noisy_global,96100125,historical_moment,0.01,True,lowest_grid_point_already_attains,True,False,3200000,22400000,22398221
indefinite_noisy_global,96100126,historical_moment,0.01,True,lowest_grid_point_already_attains,True,False,3200000,22400000,22398221
indefinite_noisy_global,96100127,historical_moment,0.01,True,lowest_grid_point_already_attains,True,False,3200000,22400000,22398221
indefinite_noisy_global,96100128,historical_moment,0.01,True,lowest_grid_point_already_attains,True,False,3200000,22400000,22398221
indefinite_noisy_global,96100129,historical_moment,0.01,True,lowest_grid_point_already_attains,True,False,3200000,22400000,22398221
indefinite_noisy_global,96100130,historical_moment,0.01,True,lowest_grid_point_already_attains,True,False,3200000,22400000,22398221
indefinite_noisy_global,96100131,historical_moment,0.01,True,lowest_grid_point_already_attains,True,False,3200000,22400000,22398221
indefinite_noisy_global,96100132,historical_moment,0.01,True,lowest_grid_point_already_attains,True,False,3200000,22400000,22398221
indefinite_noisy_global,96100133,historical_moment,0.01,True,lowest_grid_point_already_attains,True,False,3200000,22400000,22398221
indefinite_noisy_global,96100134,historical_moment,0.01,True,lowest_grid_point_already_attains,True,False,3200000,22400000,22398221
indefinite_noisy_global,96100135,historical_moment,0.01,True,lowest_grid_point_already_attains,True,False,3200000,22400000,22398221
indefinite_noisy_global,96100136,historical_moment,0.01,True,lowest_grid_point_already_attains,True,False,3200000,22400000,22398221
indefinite_noisy_global,96100137,historical_moment,0.01,True,lowest_grid_point_already_attains,True,False,3200000,22400000,22398221
indefinite_noisy_global,96100138,historical_moment,0.01,True,lowest_grid_point_already_attains,True,False,3200000,22400000,22398221
indefinite_noisy_global,96100139,historical_moment,0.01,True,lowest_grid_point_already_attains,True,False,3200000,22400000,22398221
indefinite_noisy_global,96100140,historical_moment,0.01,True,lowest_grid_point_already_attains,True,False,3200000,22400000,22398221
indefinite_noisy_global,96100141,historical_moment,0.01,True,lowest_grid_point_already_attains,True,False,3200000,22400000,22398221
indefinite_noisy_global,96100142,historical_moment,0.01,True,lowest_grid_point_already_attains,True,False,3200000,22400000,22398221
indefinite_noisy_global,96100143,historical_moment,0.01,True,lowest_grid_point_already_attains,True,False,3200000,22400000,22398221
indefinite_noisy_global,96100144,historical_moment,0.01,True,lowest_grid_point_already_attains,True,False,3200000,22400000,22398221
indefinite_noisy_global,96100145,historical_moment,0.01,True,lowest_grid_point_already_attains,True,False,3200000,22400000,22398221
indefinite_noisy_global,96100146,historical_moment,0.01,True,lowest_grid_point_already_attains,True,False,3200000,22400000,22398221
indefinite_noisy_global,96100147,historical_moment,0.01,True,lowest_grid_point_already_attains,True,False,3200000,22400000,22398221
indefinite_noisy_global,96100148,historical_moment,0.01,True,lowest_grid_point_already_attains,True,False,3200000,22400000,22398221
indefinite_noisy_global,96100149,historical_moment,0.01,True,lowest_grid_point_already_attains,True,False,3200000,22400000,22398221
indefinite_noisy_global,96100150,historical_moment,0.01,True,lowest_grid_point_already_attains,True,False,3200000,22400000,22398221
indefinite_noisy_global,96100151,historical_moment,0.01,True,lowest_grid_point_already_attains,True,False,3200000,22400000,22398221
indefinite_noisy_global,96100152,historical_moment,0.01,True,lowest_grid_point_already_attains,True,False,3200000,22400000,22398221
indefinite_noisy_global,96100153,historical_moment,0.01,True,lowest_grid_point_already_attains,True,False,3200000,22400000,22398221
indefinite_noisy_global,96100154,historical_moment,0.01,True,lowest_grid_point_already_attains,True,False,3200000,22400000,22398221
indefinite_noisy_global,96100155,historical_moment,0.01,True,lowest_grid_point_already_attains,True,False,3200000,22400000,22398221
indefinite_noisy_global,96100156,historical_moment,0.01,True,lowest_grid_point_already_attains,True,False,3200000,22400000,22398221
indefinite_noisy_global,96100157,historical_moment,0.01,True,lowest_grid_point_already_attains,True,False,3200000,22400000,22398221
indefinite_noisy_global,96100158,historical_moment,0.01,True,lowest_grid_point_already_attains,True,False,3200000,22400000,22398221
indefinite_noisy_global,96100159,historical_moment,0.01,True,lowest_grid_point_already_attains,True,False,3200000,22400000,22398221
indefinite_noisy_global,96100160,historical_moment,0.01,True,lowest_grid_point_already_attains,True,False,3200000,22400000,22398221
indefinite_noisy_global,96100161,historical_moment,0.01,True,lowest_grid_point_already_attains,True,False,3200000,22400000,22398221
indefinite_noisy_global,96100162,historical_moment,0.01,True,lowest_grid_point_already_attains,True,False,3200000,22400000,22398221
indefinite_noisy_global,96100163,historical_moment,0.01,True,lowest_grid_point_already_attains,True,False,3200000,22400000,22398221
indefinite_noisy_global,96100164,historical_moment,0.01,True,lowest_grid_point_already_attains,True,False,3200000,22400000,22398221
indefinite_noisy_global,96100165,historical_moment,0.01,True,lowest_grid_point_already_attains,True,False,3200000,22400000,22398221
indefinite_noisy_global,96100166,historical_moment,0.01,True,lowest_grid_point_already_attains,True,False,3200000,22400000,22398221
indefinite_noisy_global,96100167,historical_moment,0.01,True,lowest_grid_point_already_attains,True,False,3200000,22400000,22398221
indefinite_noisy_global,96100168,historical_moment,0.01,True,lowest_grid_point_already_attains,True,False,3200000,22400000,22398221
indefinite_noisy_global,96100169,historical_moment,0.01,True,lowest_grid_point_already_attains,True,False,3200000,22400000,22398221
indefinite_noisy_global,96100170,historical_moment,0.01,True,lowest_grid_point_already_attains,True,False,3200000,22400000,22398221
indefinite_noisy_global,96100171,historical_moment,0.01,True,lowest_grid_point_already_attains,True,False,3200000,22400000,22398221
indefinite_noisy_global,96100172,historical_moment,0.01,True,lowest_grid_point_already_attains,True,False,3200000,22400000,22398221
indefinite_noisy_global,96100173,historical_moment,0.01,True,lowest_grid_point_already_attains,True,False,3200000,22400000,22398221
indefinite_noisy_global,96100174,historical_moment,0.01,True,lowest_grid_point_already_attains,True,False,3200000,22400000,22398221
indefinite_noisy_global,96100175,historical_moment,0.01,True,lowest_grid_point_already_attains,True,False,3200000,22400000,22398221
indefinite_noisy_global,96100176,historical_moment,0.01,True,lowest_grid_point_already_attains,True,False,3200000,22400000,22398221
indefinite_noisy_global,96100177,historical_moment,0.01,True,lowest_grid_point_already_attains,True,False,3200000,22400000,22398221
indefinite_noisy_global,96100178,historical_moment,0.01,True,lowest_grid_point_already_attains,True,False,3200000,22400000,22398221
indefinite_noisy_global,96100179,historical_moment,0.01,True,lowest_grid_point_already_attains,True,False,3200000,22400000,22398221
indefinite_noisy_global,96100180,historical_moment,0.01,True,lowest_grid_point_already_attains,True,False,3200000,22400000,22398221
indefinite_noisy_global,96100181,historical_moment,0.01,True,lowest_grid_point_already_attains,True,False,3200000,22400000,22398221
indefinite_noisy_global,96100182,historical_moment,0.01,True,lowest_grid_point_already_attains,True,False,3200000,22400000,22398221
indefinite_noisy_global,96100183,historical_moment,0.01,True,lowest_grid_point_already_attains,True,False,3200000,22400000,22398221
indefinite_noisy_global,96100184,historical_moment,0.01,True,lowest_grid_point_already_attains,True,False,3200000,22400000,22398221
indefinite_noisy_global,96100185,historical_moment,0.01,True,lowest_grid_point_already_attains,True,False,3200000,22400000,22398221
indefinite_noisy_global,96100186,historical_moment,0.01,True,lowest_grid_point_already_attains,True,False,3200000,22400000,22398221
indefinite_noisy_global,96100187,historical_moment,0.01,True,lowest_grid_point_already_attains,True,False,3200000,22400000,22398221
indefinite_noisy_global,96100188,historical_moment,0.01,True,lowest_grid_point_already_attains,True,False,3200000,22400000,22398221
indefinite_noisy_global,96100189,historical_moment,0.01,True,lowest_grid_point_already_attains,True,False,3200000,22400000,22398221
indefinite_noisy_global,96100190,historical_moment,0.01,True,lowest_grid_point_already_attains,True,False,3200000,22400000,22398221
indefinite_noisy_global,96100191,historical_moment,0.01,True,lowest_grid_point_already_attains,True,False,3200000,22400000,22398221
indefinite_noisy_global,96100192,historical_moment,0.01,True,lowest_grid_point_already_attains,True,True,3200000,22400000,22398221
indefinite_noisy_global,96100193,historical_moment,0.01,True,lowest_grid_point_already_attains,True,False,3200000,22400000,22398221
indefinite_noisy_global,96100194,historical_moment,0.01,True,lowest_grid_point_already_attains,True,False,3200000,22400000,22398221
indefinite_noisy_global,96100195,historical_moment,0.01,True,lowest_grid_point_already_attains,True,False,3200000,22400000,22398221
indefinite_noisy_global,96100196,historical_moment,0.01,True,lowest_grid_point_already_attains,True,False,3200000,22400000,22398221
indefinite_noisy_global,96100197,historical_moment,0.01,True,lowest_grid_point_already_attains,True,False,3200000,22400000,22398221
indefinite_noisy_global,96100198,historical_moment,0.01,True,lowest_grid_point_already_attains,True,False,3200000,22400000,22398221
indefinite_noisy_global,96100199,historical_moment,0.01,True,lowest_grid_point_already_attains,True,False,3200000,22400000,22398221
indefinite_noisy_global,96100200,historical_moment,0.01,True,lowest_grid_point_already_attains,True,False,3200000,22400000,22398221
indefinite_noisy_global,96100201,historical_moment,0.01,True,lowest_grid_point_already_attains,True,False,3200000,22400000,22398221
indefinite_noisy_global,96100202,historical_moment,0.01,True,lowest_grid_point_already_attains,True,False,3200000,22400000,22398221
indefinite_noisy_global,96100203,historical_moment,0.01,True,lowest_grid_point_already_attains,True,False,3200000,22400000,22398221
indefinite_noisy_global,96100204,historical_moment,0.01,True,lowest_grid_point_already_attains,True,False,3200000,22400000,22398221
indefinite_noisy_global,96100205,historical_moment,0.01,True,lowest_grid_point_already_attains,True,False,3200000,22400000,22398221
indefinite_noisy_global,96100206,historical_moment,0.01,True,lowest_grid_point_already_attains,True,False,3200000,22400000,22398221
indefinite_noisy_global,96100207,historical_moment,0.01,True,lowest_grid_point_already_attains,True,False,3200000,22400000,22398221
indefinite_noisy_global,96100208,historical_moment,0.01,True,lowest_grid_point_already_attains,True,False,3200000,22400000,22398221
indefinite_noisy_global,96100209,historical_moment,0.01,True,lowest_grid_point_already_attains,True,False,3200000,22400000,22398221
indefinite_noisy_global,96100210,historical_moment,0.01,True,lowest_grid_point_already_attains,True,False,3200000,22400000,22398221
indefinite_noisy_global,96100211,historical_moment,0.01,True,lowest_grid_point_already_attains,True,False,3200000,22400000,22398221
indefinite_noisy_global,96100212,historical_moment,0.01,True,lowest_grid_point_already_attains,True,False,3200000,22400000,22398221
indefinite_noisy_global,96100213,historical_moment,0.01,True,lowest_grid_point_already_attains,True,False,3200000,22400000,22398221
indefinite_noisy_global,96100214,historical_moment,0.01,True,lowest_grid_point_already_attains,True,False,3200000,22400000,22398221
indefinite_noisy_global,96100215,historical_moment,0.01,True,lowest_grid_point_already_attains,True,False,3200000,22400000,22398221
indefinite_noisy_global,96100216,historical_moment,0.01,True,lowest_grid_point_already_attains,True,False,3200000,22400000,22398221
indefinite_noisy_global,96100217,historical_moment,0.01,True,lowest_grid_point_already_attains,True,False,3200000,22400000,22398221
indefinite_noisy_global,96100218,historical_moment,0.01,True,lowest_grid_point_already_attains,True,False,3200000,22400000,22398221
indefinite_noisy_global,96100219,historical_moment,0.01,True,lowest_grid_point_already_attains,True,False,3200000,22400000,22398221
indefinite_noisy_global,96100220,historical_moment,0.01,True,lowest_grid_point_already_attains,True,False,3200000,22400000,22398221
indefinite_noisy_global,96100221,historical_moment,0.01,True,lowest_grid_point_already_attains,True,False,3200000,22400000,22398221
indefinite_noisy_global,96100222,historical_moment,0.01,True,lowest_grid_point_already_attains,True,False,3200000,22400000,22398221
indefinite_noisy_global,96100223,historical_moment,0.01,True,lowest_grid_point_already_attains,True,False,3200000,22400000,22398221
indefinite_noisy_global,96100224,historical_moment,0.01,True,lowest_grid_point_already_attains,True,False,3200000,22400000,22398221
indefinite_noisy_global,96100225,historical_moment,0.01,True,lowest_grid_point_already_attains,True,False,3200000,22400000,22398221
indefinite_noisy_global,96100226,historical_moment,0.01,True,lowest_grid_point_already_attains,True,False,3200000,22400000,22398221
indefinite_noisy_global,96100227,historical_moment,0.01,True,lowest_grid_point_already_attains,True,False,3200000,22400000,22398221
indefinite_noisy_global,96100228,historical_moment,0.01,True,lowest_grid_point_already_attains,True,False,3200000,22400000,22398221
indefinite_noisy_global,96100229,historical_moment,0.01,True,lowest_grid_point_already_attains,True,False,3200000,22400000,22398221
indefinite_noisy_global,96100230,historical_moment,0.01,True,lowest_grid_point_already_attains,True,False,3200000,22400000,22398221
indefinite_noisy_global,96100231,historical_moment,0.01,True,lowest_grid_point_already_attains,True,False,3200000,22400000,22398221
indefinite_noisy_global,96100232,historical_moment,0.01,True,lowest_grid_point_already_attains,True,False,3200000,22400000,22398221
indefinite_noisy_global,96100233,historical_moment,0.01,True,lowest_grid_point_already_attains,True,False,3200000,22400000,22398221
indefinite_noisy_global,96100234,historical_moment,0.01,True,lowest_grid_point_already_attains,True,False,3200000,22400000,22398221
indefinite_noisy_global,96100235,historical_moment,0.01,True,lowest_grid_point_already_attains,True,False,3200000,22400000,22398221
indefinite_noisy_global,96100236,historical_moment,0.01,True,lowest_grid_point_already_attains,True,False,3200000,22400000,22398221
indefinite_noisy_global,96100237,historical_moment,0.01,True,lowest_grid_point_already_attains,True,False,3200000,22400000,22398221
indefinite_noisy_global,96100238,historical_moment,0.01,True,lowest_grid_point_already_attains,True,False,3200000,22400000,22398221
indefinite_noisy_global,96100239,historical_moment,0.01,True,lowest_grid_point_already_attains,True,False,3200000,22400000,22398221
indefinite_noisy_global,96100240,historical_moment,0.01,True,lowest_grid_point_already_attains,True,False,3200000,22400000,22398221
indefinite_noisy_global,96100241,historical_moment,0.01,True,lowest_grid_point_already_attains,True,False,3200000,22400000,22398221
indefinite_noisy_global,96100242,historical_moment,0.01,True,lowest_grid_point_already_attains,True,False,3200000,22400000,22398221
indefinite_noisy_global,96100243,historical_moment,0.01,True,lowest_grid_point_already_attains,True,False,3200000,22400000,22398221
indefinite_noisy_global,96100244,historical_moment,0.01,True,lowest_grid_point_already_attains,True,False,3200000,22400000,22398221
indefinite_noisy_global,96100245,historical_moment,0.01,True,lowest_grid_point_already_attains,True,False,3200000,22400000,22398221
indefinite_noisy_global,96100246,historical_moment,0.01,True,lowest_grid_point_already_attains,True,False,3200000,22400000,22398221
indefinite_noisy_global,96100247,historical_moment,0.01,True,lowest_grid_point_already_attains,True,False,3200000,22400000,22398221
indefinite_noisy_global,96100248,historical_moment,0.01,True,lowest_grid_point_already_attains,True,False,3200000,22400000,22398221
indefinite_noisy_global,96100249,historical_moment,0.01,True,lowest_grid_point_already_attains,True,False,3200000,22400000,22398221
indefinite_noisy_global,96100250,historical_moment,0.01,True,lowest_grid_point_already_attains,True,False,3200000,22400000,22398221
indefinite_noisy_global,96100251,historical_moment,0.01,True,lowest_grid_point_already_attains,True,False,3200000,22400000,22398221
indefinite_noisy_global,96100252,historical_moment,0.01,True,lowest_grid_point_already_attains,True,False,3200000,22400000,22398221
indefinite_noisy_global,96100253,historical_moment,0.01,True,lowest_grid_point_already_attains,True,False,3200000,22400000,22398221
indefinite_noisy_global,96100254,historical_moment,0.01,True,lowest_grid_point_already_attains,True,False,3200000,22400000,22398221
indefinite_noisy_global,96100255,historical_moment,0.01,True,lowest_grid_point_already_attains,True,False,3200000,22400000,22398221
indefinite_noisy_global,96100000,random_growth128,0.01,True,lowest_grid_point_already_attains,True,False,3200000,22400000,22398551
indefinite_noisy_global,96100001,random_growth128,0.01,True,lowest_grid_point_already_attains,True,False,3200000,22400000,22398551
indefinite_noisy_global,96100002,random_growth128,0.01,True,lowest_grid_point_already_attains,True,False,3200000,22400000,22398551
indefinite_noisy_global,96100003,random_growth128,0.01,True,lowest_grid_point_already_attains,True,False,3200000,22400000,22398551
indefinite_noisy_global,96100004,random_growth128,0.01,True,lowest_grid_point_already_attains,True,False,3200000,22400000,22398551
indefinite_noisy_global,96100005,random_growth128,0.01,True,lowest_grid_point_already_attains,True,False,3200000,22400000,22398551
indefinite_noisy_global,96100006,random_growth128,0.01,True,lowest_grid_point_already_attains,True,False,3200000,22400000,22398551
indefinite_noisy_global,96100007,random_growth128,0.01,True,lowest_grid_point_already_attains,True,False,3200000,22400000,22398551
indefinite_noisy_global,96100008,random_growth128,0.01,True,lowest_grid_point_already_attains,True,False,3200000,22400000,22398551
indefinite_noisy_global,96100009,random_growth128,0.01,True,lowest_grid_point_already_attains,True,False,3200000,22400000,22398551
indefinite_noisy_global,96100010,random_growth128,0.01,True,lowest_grid_point_already_attains,True,False,3200000,22400000,22398551
indefinite_noisy_global,96100011,random_growth128,0.01,True,lowest_grid_point_already_attains,True,False,3200000,22400000,22398551
indefinite_noisy_global,96100012,random_growth128,0.01,True,lowest_grid_point_already_attains,True,False,3200000,22400000,22398551
indefinite_noisy_global,96100013,random_growth128,0.01,True,lowest_grid_point_already_attains,True,False,3200000,22400000,22398551
indefinite_noisy_global,96100014,random_growth128,0.01,True,lowest_grid_point_already_attains,True,True,3200000,22400000,22398551
indefinite_noisy_global,96100015,random_growth128,0.01,True,lowest_grid_point_already_attains,True,False,3200000,22400000,22398551
indefinite_noisy_global,96100016,random_growth128,0.01,True,lowest_grid_point_already_attains,True,False,3200000,22400000,22398551
indefinite_noisy_global,96100017,random_growth128,0.01,True,lowest_grid_point_already_attains,True,False,3200000,22400000,22398551
indefinite_noisy_global,96100018,random_growth128,0.01,True,lowest_grid_point_already_attains,True,False,3200000,22400000,22398551
indefinite_noisy_global,96100019,random_growth128,0.01,True,lowest_grid_point_already_attains,True,False,3200000,22400000,22398551
indefinite_noisy_global,96100020,random_growth128,0.01,True,lowest_grid_point_already_attains,True,False,3200000,22400000,22398551
indefinite_noisy_global,96100021,random_growth128,0.01,True,lowest_grid_point_already_attains,True,False,3200000,22400000,22398551
indefinite_noisy_global,96100022,random_growth128,0.01,True,lowest_grid_point_already_attains,True,True,3200000,22400000,22398551
indefinite_noisy_global,96100023,random_growth128,0.01,True,lowest_grid_point_already_attains,True,False,3200000,22400000,22398551
indefinite_noisy_global,96100024,random_growth128,0.01,True,lowest_grid_point_already_attains,True,False,3200000,22400000,22398551
indefinite_noisy_global,96100025,random_growth128,0.01,True,lowest_grid_point_already_attains,True,False,3200000,22400000,22398551
indefinite_noisy_global,96100026,random_growth128,0.01,True,lowest_grid_point_already_attains,True,False,3200000,22400000,22398551
indefinite_noisy_global,96100027,random_growth128,0.01,True,lowest_grid_point_already_attains,True,False,3200000,22400000,22398551
indefinite_noisy_global,96100028,random_growth128,0.01,True,lowest_grid_point_already_attains,True,False,3200000,22400000,22398551
indefinite_noisy_global,96100029,random_growth128,0.01,True,lowest_grid_point_already_attains,True,False,3200000,22400000,22398551
indefinite_noisy_global,96100030,random_growth128,0.01,True,lowest_grid_point_already_attains,True,False,3200000,22400000,22398551
indefinite_noisy_global,96100031,random_growth128,0.01,True,lowest_grid_point_already_attains,True,False,3200000,22400000,22398551
indefinite_noisy_global,96100032,random_growth128,0.01,True,lowest_grid_point_already_attains,True,True,3200000,22400000,22398551
indefinite_noisy_global,96100033,random_growth128,0.01,True,lowest_grid_point_already_attains,True,False,3200000,22400000,22398551
indefinite_noisy_global,96100034,random_growth128,0.01,True,lowest_grid_point_already_attains,True,False,3200000,22400000,22398551
indefinite_noisy_global,96100035,random_growth128,0.01,True,lowest_grid_point_already_attains,True,False,3200000,22400000,22398551
indefinite_noisy_global,96100036,random_growth128,0.01,True,lowest_grid_point_already_attains,True,False,3200000,22400000,22398551
indefinite_noisy_global,96100037,random_growth128,0.01,True,lowest_grid_point_already_attains,True,False,3200000,22400000,22398551
indefinite_noisy_global,96100038,random_growth128,0.01,True,lowest_grid_point_already_attains,True,False,3200000,22400000,22398551
indefinite_noisy_global,96100039,random_growth128,0.01,True,lowest_grid_point_already_attains,True,False,3200000,22400000,22398551
indefinite_noisy_global,96100040,random_growth128,0.01,True,lowest_grid_point_already_attains,True,False,3200000,22400000,22398551
indefinite_noisy_global,96100041,random_growth128,0.01,True,lowest_grid_point_already_attains,True,False,3200000,22400000,22398551
indefinite_noisy_global,96100042,random_growth128,0.01,True,lowest_grid_point_already_attains,True,False,3200000,22400000,22398551
indefinite_noisy_global,96100043,random_growth128,0.01,True,lowest_grid_point_already_attains,True,False,3200000,22400000,22398551
indefinite_noisy_global,96100044,random_growth128,0.01,True,lowest_grid_point_already_attains,True,False,3200000,22400000,22398551
indefinite_noisy_global,96100045,random_growth128,0.01,True,lowest_grid_point_already_attains,True,False,3200000,22400000,22398551
indefinite_noisy_global,96100046,random_growth128,0.01,True,lowest_grid_point_already_attains,True,False,3200000,22400000,22398551
indefinite_noisy_global,96100047,random_growth128,0.01,True,lowest_grid_point_already_attains,True,False,3200000,22400000,22398551
indefinite_noisy_global,96100048,random_growth128,0.01,True,lowest_grid_point_already_attains,True,False,3200000,22400000,22398551
indefinite_noisy_global,96100049,random_growth128,0.01,True,lowest_grid_point_already_attains,True,False,3200000,22400000,22398551
indefinite_noisy_global,96100050,random_growth128,0.01,True,lowest_grid_point_already_attains,True,False,3200000,22400000,22398551
indefinite_noisy_global,96100051,random_growth128,0.01,True,lowest_grid_point_already_attains,True,False,3200000,22400000,22398551
indefinite_noisy_global,96100052,random_growth128,0.01,True,lowest_grid_point_already_attains,True,False,3200000,22400000,22398551
indefinite_noisy_global,96100053,random_growth128,0.01,True,lowest_grid_point_already_attains,True,False,3200000,22400000,22398551
indefinite_noisy_global,96100054,random_growth128,0.01,True,lowest_grid_point_already_attains,True,False,3200000,22400000,22398551
indefinite_noisy_global,96100055,random_growth128,0.01,True,lowest_grid_point_already_attains,True,False,3200000,22400000,22398551
indefinite_noisy_global,96100056,random_growth128,0.01,True,lowest_grid_point_already_attains,True,False,3200000,22400000,22398551
indefinite_noisy_global,96100057,random_growth128,0.01,True,lowest_grid_point_already_attains,True,True,3200000,22400000,22398551
indefinite_noisy_global,96100058,random_growth128,0.01,True,lowest_grid_point_already_attains,True,False,3200000,22400000,22398551
indefinite_noisy_global,96100059,random_growth128,0.01,True,lowest_grid_point_already_attains,True,False,3200000,22400000,22398551
indefinite_noisy_global,96100060,random_growth128,0.01,True,lowest_grid_point_already_attains,True,False,3200000,22400000,22398551
indefinite_noisy_global,96100061,random_growth128,0.01,True,lowest_grid_point_already_attains,True,False,3200000,22400000,22398551
indefinite_noisy_global,96100062,random_growth128,0.01,True,lowest_grid_point_already_attains,True,True,3200000,22400000,22398551
indefinite_noisy_global,96100063,random_growth128,0.01,True,lowest_grid_point_already_attains,True,False,3200000,22400000,22398551
indefinite_noisy_global,96100064,random_growth128,0.01,True,lowest_grid_point_already_attains,True,False,3200000,22400000,22398551
indefinite_noisy_global,96100065,random_growth128,0.01,True,lowest_grid_point_already_attains,True,True,3200000,22400000,22398551
indefinite_noisy_global,96100066,random_growth128,0.01,True,lowest_grid_point_already_attains,True,False,3200000,22400000,22398551
indefinite_noisy_global,96100067,random_growth128,0.01,True,lowest_grid_point_already_attains,True,False,3200000,22400000,22398551
indefinite_noisy_global,96100068,random_growth128,0.01,True,lowest_grid_point_already_attains,True,False,3200000,22400000,22398551
indefinite_noisy_global,96100069,random_growth128,0.01,True,lowest_grid_point_already_attains,True,False,3200000,22400000,22398551
indefinite_noisy_global,96100070,random_growth128,0.01,True,lowest_grid_point_already_attains,True,False,3200000,22400000,22398551
indefinite_noisy_global,96100071,random_growth128,0.01,True,lowest_grid_point_already_attains,True,False,3200000,22400000,22398551
indefinite_noisy_global,96100072,random_growth128,0.01,True,lowest_grid_point_already_attains,True,False,3200000,22400000,22398551
indefinite_noisy_global,96100073,random_growth128,0.01,True,lowest_grid_point_already_attains,True,False,3200000,22400000,22398551
indefinite_noisy_global,96100074,random_growth128,0.01,True,lowest_grid_point_already_attains,True,False,3200000,22400000,22398551
indefinite_noisy_global,96100075,random_growth128,0.01,True,lowest_grid_point_already_attains,True,False,3200000,22400000,22398551
indefinite_noisy_global,96100076,random_growth128,0.01,True,lowest_grid_point_already_attains,True,False,3200000,22400000,22398551
indefinite_noisy_global,96100077,random_growth128,0.01,True,lowest_grid_point_already_attains,True,False,3200000,22400000,22398551
indefinite_noisy_global,96100078,random_growth128,0.01,True,lowest_grid_point_already_attains,True,False,3200000,22400000,22398551
indefinite_noisy_global,96100079,random_growth128,0.01,True,lowest_grid_point_already_attains,True,False,3200000,22400000,22398551
indefinite_noisy_global,96100080,random_growth128,0.01,True,lowest_grid_point_already_attains,True,False,3200000,22400000,22398551
indefinite_noisy_global,96100081,random_growth128,0.01,True,lowest_grid_point_already_attains,True,False,3200000,22400000,22398551
indefinite_noisy_global,96100082,random_growth128,0.01,True,lowest_grid_point_already_attains,True,False,3200000,22400000,22398551
indefinite_noisy_global,96100083,random_growth128,0.01,True,lowest_grid_point_already_attains,True,False,3200000,22400000,22398551
indefinite_noisy_global,96100084,random_growth128,0.01,True,lowest_grid_point_already_attains,True,False,3200000,22400000,22398551
indefinite_noisy_global,96100085,random_growth128,0.01,True,lowest_grid_point_already_attains,True,False,3200000,22400000,22398551
indefinite_noisy_global,96100086,random_growth128,0.01,True,lowest_grid_point_already_attains,True,False,3200000,22400000,22398551
indefinite_noisy_global,96100087,random_growth128,0.01,True,lowest_grid_point_already_attains,True,False,3200000,22400000,22398551
indefinite_noisy_global,96100088,random_growth128,0.01,True,lowest_grid_point_already_attains,True,False,3200000,22400000,22398551
indefinite_noisy_global,96100089,random_growth128,0.01,True,lowest_grid_point_already_attains,True,False,3200000,22400000,22398551
indefinite_noisy_global,96100090,random_growth128,0.01,True,lowest_grid_point_already_attains,True,False,3200000,22400000,22398551
indefinite_noisy_global,96100091,random_growth128,0.01,True,lowest_grid_point_already_attains,True,False,3200000,22400000,22398551
indefinite_noisy_global,96100092,random_growth128,0.01,True,lowest_grid_point_already_attains,True,False,3200000,22400000,22398551
indefinite_noisy_global,96100093,random_growth128,0.01,True,lowest_grid_point_already_attains,True,False,3200000,22400000,22398551
indefinite_noisy_global,96100094,random_growth128,0.01,True,lowest_grid_point_already_attains,True,False,3200000,22400000,22398551
indefinite_noisy_global,96100095,random_growth128,0.01,True,lowest_grid_point_already_attains,True,False,3200000,22400000,22398551
indefinite_noisy_global,96100096,random_growth128,0.01,True,lowest_grid_point_already_attains,True,False,3200000,22400000,22398551
indefinite_noisy_global,96100097,random_growth128,0.01,True,lowest_grid_point_already_attains,True,False,3200000,22400000,22398551
indefinite_noisy_global,96100098,random_growth128,0.01,True,lowest_grid_point_already_attains,True,False,3200000,22400000,22398551
indefinite_noisy_global,96100099,random_growth128,0.01,True,lowest_grid_point_already_attains,True,False,3200000,22400000,22398551
indefinite_noisy_global,96100100,random_growth128,0.01,True,lowest_grid_point_already_attains,True,False,3200000,22400000,22398551
indefinite_noisy_global,96100101,random_growth128,0.01,True,lowest_grid_point_already_attains,True,False,3200000,22400000,22398551
indefinite_noisy_global,96100102,random_growth128,0.01,True,lowest_grid_point_already_attains,True,False,3200000,22400000,22398551
indefinite_noisy_global,96100103,random_growth128,0.01,True,lowest_grid_point_already_attains,True,False,3200000,22400000,22398551
indefinite_noisy_global,96100104,random_growth128,0.01,True,lowest_grid_point_already_attains,True,False,3200000,22400000,22398551
indefinite_noisy_global,96100105,random_growth128,0.01,True,lowest_grid_point_already_attains,True,True,3200000,22400000,22398551
indefinite_noisy_global,96100106,random_growth128,0.01,True,lowest_grid_point_already_attains,True,False,3200000,22400000,22398551
indefinite_noisy_global,96100107,random_growth128,0.01,True,lowest_grid_point_already_attains,True,False,3200000,22400000,22398551
indefinite_noisy_global,96100108,random_growth128,0.01,True,lowest_grid_point_already_attains,True,False,3200000,22400000,22398551
indefinite_noisy_global,96100109,random_growth128,0.01,True,lowest_grid_point_already_attains,True,False,3200000,22400000,22398551
indefinite_noisy_global,96100110,random_growth128,0.01,True,lowest_grid_point_already_attains,True,False,3200000,22400000,22398551
indefinite_noisy_global,96100111,random_growth128,0.01,True,lowest_grid_point_already_attains,True,True,3200000,22400000,22398551
indefinite_noisy_global,96100112,random_growth128,0.01,True,lowest_grid_point_already_attains,True,False,3200000,22400000,22398551
indefinite_noisy_global,96100113,random_growth128,0.01,True,lowest_grid_point_already_attains,True,False,3200000,22400000,22398551
indefinite_noisy_global,96100114,random_growth128,0.01,True,lowest_grid_point_already_attains,True,False,3200000,22400000,22398551
indefinite_noisy_global,96100115,random_growth128,0.01,True,lowest_grid_point_already_attains,True,False,3200000,22400000,22398551
indefinite_noisy_global,96100116,random_growth128,0.01,True,lowest_grid_point_already_attains,True,False,3200000,22400000,22398551
indefinite_noisy_global,96100117,random_growth128,0.01,True,lowest_grid_point_already_attains,True,False,3200000,22400000,22398551
indefinite_noisy_global,96100118,random_growth128,0.01,True,lowest_grid_point_already_attains,True,False,3200000,22400000,22398551
indefinite_noisy_global,96100119,random_growth128,0.01,True,lowest_grid_point_already_attains,True,False,3200000,22400000,22398551
indefinite_noisy_global,96100120,random_growth128,0.01,True,lowest_grid_point_already_attains,True,False,3200000,22400000,22398551
indefinite_noisy_global,96100121,random_growth128,0.01,True,lowest_grid_point_already_attains,True,False,3200000,22400000,22398551
indefinite_noisy_global,96100122,random_growth128,0.01,True,lowest_grid_point_already_attains,True,False,3200000,22400000,22398551
indefinite_noisy_global,96100123,random_growth128,0.01,True,lowest_grid_point_already_attains,True,False,3200000,22400000,22398551
indefinite_noisy_global,96100124,random_growth128,0.01,True,lowest_grid_point_already_attains,True,False,3200000,22400000,22398551
indefinite_noisy_global,96100125,random_growth128,0.01,True,lowest_grid_point_already_attains,True,False,3200000,22400000,22398551
indefinite_noisy_global,96100126,random_growth128,0.01,True,lowest_grid_point_already_attains,True,False,3200000,22400000,22398551
indefinite_noisy_global,96100127,random_growth128,0.01,True,lowest_grid_point_already_attains,True,False,3200000,22400000,22398551
indefinite_noisy_global,96100128,random_growth128,0.01,True,lowest_grid_point_already_attains,True,False,3200000,22400000,22398551
indefinite_noisy_global,96100129,random_growth128,0.01,True,lowest_grid_point_already_attains,True,True,3200000,22400000,22398551
indefinite_noisy_global,96100130,random_growth128,0.01,True,lowest_grid_point_already_attains,True,False,3200000,22400000,22398551
indefinite_noisy_global,96100131,random_growth128,0.01,True,lowest_grid_point_already_attains,True,False,3200000,22400000,22398551
indefinite_noisy_global,96100132,random_growth128,0.01,True,lowest_grid_point_already_attains,True,False,3200000,22400000,22398551
indefinite_noisy_global,96100133,random_growth128,0.01,True,lowest_grid_point_already_attains,True,False,3200000,22400000,22398551
indefinite_noisy_global,96100134,random_growth128,0.01,True,lowest_grid_point_already_attains,True,False,3200000,22400000,22398551
indefinite_noisy_global,96100135,random_growth128,0.01,True,lowest_grid_point_already_attains,True,False,3200000,22400000,22398551
indefinite_noisy_global,96100136,random_growth128,0.01,True,lowest_grid_point_already_attains,True,False,3200000,22400000,22398551
indefinite_noisy_global,96100137,random_growth128,0.01,True,lowest_grid_point_already_attains,True,False,3200000,22400000,22398551
indefinite_noisy_global,96100138,random_growth128,0.01,True,lowest_grid_point_already_attains,True,True,3200000,22400000,22398551
indefinite_noisy_global,96100139,random_growth128,0.01,True,lowest_grid_point_already_attains,True,False,3200000,22400000,22398551
indefinite_noisy_global,96100140,random_growth128,0.01,True,lowest_grid_point_already_attains,True,False,3200000,22400000,22398551
indefinite_noisy_global,96100141,random_growth128,0.01,True,lowest_grid_point_already_attains,True,False,3200000,22400000,22398551
indefinite_noisy_global,96100142,random_growth128,0.01,True,lowest_grid_point_already_attains,True,False,3200000,22400000,22398551
indefinite_noisy_global,96100143,random_growth128,0.01,True,lowest_grid_point_already_attains,True,False,3200000,22400000,22398551
indefinite_noisy_global,96100144,random_growth128,0.01,True,lowest_grid_point_already_attains,True,True,3200000,22400000,22398551
indefinite_noisy_global,96100145,random_growth128,0.01,True,lowest_grid_point_already_attains,True,False,3200000,22400000,22398551
indefinite_noisy_global,96100146,random_growth128,0.01,True,lowest_grid_point_already_attains,True,False,3200000,22400000,22398551
indefinite_noisy_global,96100147,random_growth128,0.01,True,lowest_grid_point_already_attains,True,False,3200000,22400000,22398551
indefinite_noisy_global,96100148,random_growth128,0.01,True,lowest_grid_point_already_attains,True,False,3200000,22400000,22398551
indefinite_noisy_global,96100149,random_growth128,0.01,True,lowest_grid_point_already_attains,True,False,3200000,22400000,22398551
indefinite_noisy_global,96100150,random_growth128,0.01,True,lowest_grid_point_already_attains,True,False,3200000,22400000,22398551
indefinite_noisy_global,96100151,random_growth128,0.01,True,lowest_grid_point_already_attains,True,False,3200000,22400000,22398551
indefinite_noisy_global,96100152,random_growth128,0.01,True,lowest_grid_point_already_attains,True,False,3200000,22400000,22398551
indefinite_noisy_global,96100153,random_growth128,0.01,True,lowest_grid_point_already_attains,True,False,3200000,22400000,22398551
indefinite_noisy_global,96100154,random_growth128,0.01,True,lowest_grid_point_already_attains,True,False,3200000,22400000,22398551
indefinite_noisy_global,96100155,random_growth128,0.01,True,lowest_grid_point_already_attains,True,False,3200000,22400000,22398551
indefinite_noisy_global,96100156,random_growth128,0.01,True,lowest_grid_point_already_attains,True,False,3200000,22400000,22398551
indefinite_noisy_global,96100157,random_growth128,0.01,True,lowest_grid_point_already_attains,True,False,3200000,22400000,22398551
indefinite_noisy_global,96100158,random_growth128,0.01,True,lowest_grid_point_already_attains,True,False,3200000,22400000,22398551
indefinite_noisy_global,96100159,random_growth128,0.01,True,lowest_grid_point_already_attains,True,False,3200000,22400000,22398551
indefinite_noisy_global,96100160,random_growth128,0.01,True,lowest_grid_point_already_attains,True,False,3200000,22400000,22398551
indefinite_noisy_global,96100161,random_growth128,0.01,True,lowest_grid_point_already_attains,True,False,3200000,22400000,22398551
indefinite_noisy_global,96100162,random_growth128,0.01,True,lowest_grid_point_already_attains,True,False,3200000,22400000,22398551
indefinite_noisy_global,96100163,random_growth128,0.01,True,lowest_grid_point_already_attains,True,False,3200000,22400000,22398551
indefinite_noisy_global,96100164,random_growth128,0.01,True,lowest_grid_point_already_attains,True,False,3200000,22400000,22398551
indefinite_noisy_global,96100165,random_growth128,0.01,True,lowest_grid_point_already_attains,True,False,3200000,22400000,22398551
indefinite_noisy_global,96100166,random_growth128,0.01,True,lowest_grid_point_already_attains,True,False,3200000,22400000,22398551
indefinite_noisy_global,96100167,random_growth128,0.01,True,lowest_grid_point_already_attains,True,False,3200000,22400000,22398551
indefinite_noisy_global,96100168,random_growth128,0.01,True,lowest_grid_point_already_attains,True,True,3200000,22400000,22398551
indefinite_noisy_global,96100169,random_growth128,0.01,True,lowest_grid_point_already_attains,True,False,3200000,22400000,22398551
indefinite_noisy_global,96100170,random_growth128,0.01,True,lowest_grid_point_already_attains,True,False,3200000,22400000,22398551
indefinite_noisy_global,96100171,random_growth128,0.01,True,lowest_grid_point_already_attains,True,False,3200000,22400000,22398551
indefinite_noisy_global,96100172,random_growth128,0.01,True,lowest_grid_point_already_attains,True,False,3200000,22400000,22398551
indefinite_noisy_global,96100173,random_growth128,0.01,True,lowest_grid_point_already_attains,True,False,3200000,22400000,22398551
indefinite_noisy_global,96100174,random_growth128,0.01,True,lowest_grid_point_already_attains,True,False,3200000,22400000,22398551
indefinite_noisy_global,96100175,random_growth128,0.01,True,lowest_grid_point_already_attains,True,False,3200000,22400000,22398551
indefinite_noisy_global,96100176,random_growth128,0.01,True,lowest_grid_point_already_attains,True,False,3200000,22400000,22398551
indefinite_noisy_global,96100177,random_growth128,0.01,True,lowest_grid_point_already_attains,True,False,3200000,22400000,22398551
indefinite_noisy_global,96100178,random_growth128,0.01,True,lowest_grid_point_already_attains,True,False,3200000,22400000,22398551
indefinite_noisy_global,96100179,random_growth128,0.01,True,lowest_grid_point_already_attains,True,False,3200000,22400000,22398551
indefinite_noisy_global,96100180,random_growth128,0.01,True,lowest_grid_point_already_attains,True,False,3200000,22400000,22398551
indefinite_noisy_global,96100181,random_growth128,0.01,True,lowest_grid_point_already_attains,True,False,3200000,22400000,22398551
indefinite_noisy_global,96100182,random_growth128,0.01,True,lowest_grid_point_already_attains,True,False,3200000,22400000,22398551
indefinite_noisy_global,96100183,random_growth128,0.01,True,lowest_grid_point_already_attains,True,False,3200000,22400000,22398551
indefinite_noisy_global,96100184,random_growth128,0.01,True,lowest_grid_point_already_attains,True,False,3200000,22400000,22398551
indefinite_noisy_global,96100185,random_growth128,0.01,True,lowest_grid_point_already_attains,True,False,3200000,22400000,22398551
indefinite_noisy_global,96100186,random_growth128,0.01,True,lowest_grid_point_already_attains,True,False,3200000,22400000,22398551
indefinite_noisy_global,96100187,random_growth128,0.01,True,lowest_grid_point_already_attains,True,False,3200000,22400000,22398551
indefinite_noisy_global,96100188,random_growth128,0.01,True,lowest_grid_point_already_attains,True,False,3200000,22400000,22398551
indefinite_noisy_global,96100189,random_growth128,0.01,True,lowest_grid_point_already_attains,True,False,3200000,22400000,22398551
indefinite_noisy_global,96100190,random_growth128,0.01,True,lowest_grid_point_already_attains,True,False,3200000,22400000,22398551
indefinite_noisy_global,96100191,random_growth128,0.01,True,lowest_grid_point_already_attains,True,False,3200000,22400000,22398551
indefinite_noisy_global,96100192,random_growth128,0.01,True,lowest_grid_point_already_attains,True,True,3200000,22400000,22398551
indefinite_noisy_global,96100193,random_growth128,0.01,True,lowest_grid_point_already_attains,True,False,3200000,22400000,22398551
indefinite_noisy_global,96100194,random_growth128,0.01,True,lowest_grid_point_already_attains,True,False,3200000,22400000,22398551
indefinite_noisy_global,96100195,random_growth128,0.01,True,lowest_grid_point_already_attains,True,False,3200000,22400000,22398551
indefinite_noisy_global,96100196,random_growth128,0.01,True,lowest_grid_point_already_attains,True,False,3200000,22400000,22398551
indefinite_noisy_global,96100197,random_growth128,0.01,True,lowest_grid_point_already_attains,True,False,3200000,22400000,22398551
indefinite_noisy_global,96100198,random_growth128,0.01,True,lowest_grid_point_already_attains,True,False,3200000,22400000,22398551
indefinite_noisy_global,96100199,random_growth128,0.01,True,lowest_grid_point_already_attains,True,False,3200000,22400000,22398551
indefinite_noisy_global,96100200,random_growth128,0.01,True,lowest_grid_point_already_attains,True,False,3200000,22400000,22398551
indefinite_noisy_global,96100201,random_growth128,0.01,True,lowest_grid_point_already_attains,True,False,3200000,22400000,22398551
indefinite_noisy_global,96100202,random_growth128,0.01,True,lowest_grid_point_already_attains,True,False,3200000,22400000,22398551
indefinite_noisy_global,96100203,random_growth128,0.01,True,lowest_grid_point_already_attains,True,False,3200000,22400000,22398551
indefinite_noisy_global,96100204,random_growth128,0.01,True,lowest_grid_point_already_attains,True,False,3200000,22400000,22398551
indefinite_noisy_global,96100205,random_growth128,0.01,True,lowest_grid_point_already_attains,True,False,3200000,22400000,22398551
indefinite_noisy_global,96100206,random_growth128,0.01,True,lowest_grid_point_already_attains,True,False,3200000,22400000,22398551
indefinite_noisy_global,96100207,random_growth128,0.01,True,lowest_grid_point_already_attains,True,False,3200000,22400000,22398551
indefinite_noisy_global,96100208,random_growth128,0.01,True,lowest_grid_point_already_attains,True,True,3200000,22400000,22398551
indefinite_noisy_global,96100209,random_growth128,0.01,True,lowest_grid_point_already_attains,True,True,3200000,22400000,22398551
indefinite_noisy_global,96100210,random_growth128,0.01,True,lowest_grid_point_already_attains,True,False,3200000,22400000,22398551
indefinite_noisy_global,96100211,random_growth128,0.01,True,lowest_grid_point_already_attains,True,False,3200000,22400000,22398551
indefinite_noisy_global,96100212,random_growth128,0.01,True,lowest_grid_point_already_attains,True,False,3200000,22400000,22398551
indefinite_noisy_global,96100213,random_growth128,0.01,True,lowest_grid_point_already_attains,True,False,3200000,22400000,22398551
indefinite_noisy_global,96100214,random_growth128,0.01,True,lowest_grid_point_already_attains,True,False,3200000,22400000,22398551
indefinite_noisy_global,96100215,random_growth128,0.01,True,lowest_grid_point_already_attains,True,False,3200000,22400000,22398551
indefinite_noisy_global,96100216,random_growth128,0.01,True,lowest_grid_point_already_attains,True,True,3200000,22400000,22398551
indefinite_noisy_global,96100217,random_growth128,0.01,True,lowest_grid_point_already_attains,True,False,3200000,22400000,22398551
indefinite_noisy_global,96100218,random_growth128,0.01,True,lowest_grid_point_already_attains,True,False,3200000,22400000,22398551
indefinite_noisy_global,96100219,random_growth128,0.01,True,lowest_grid_point_already_attains,True,False,3200000,22400000,22398551
indefinite_noisy_global,96100220,random_growth128,0.01,True,lowest_grid_point_already_attains,True,False,3200000,22400000,22398551
indefinite_noisy_global,96100221,random_growth128,0.01,True,lowest_grid_point_already_attains,True,False,3200000,22400000,22398551
indefinite_noisy_global,96100222,random_growth128,0.01,True,lowest_grid_point_already_attains,True,False,3200000,22400000,22398551
indefinite_noisy_global,96100223,random_growth128,0.01,True,lowest_grid_point_already_attains,True,False,3200000,22400000,22398551
indefinite_noisy_global,96100224,random_growth128,0.01,True,lowest_grid_point_already_attains,True,False,3200000,22400000,22398551
indefinite_noisy_global,96100225,random_growth128,0.01,True,lowest_grid_point_already_attains,True,False,3200000,22400000,22398551
indefinite_noisy_global,96100226,random_growth128,0.01,True,lowest_grid_point_already_attains,True,False,3200000,22400000,22398551
indefinite_noisy_global,96100227,random_growth128,0.01,True,lowest_grid_point_already_attains,True,False,3200000,22400000,22398551
indefinite_noisy_global,96100228,random_growth128,0.01,True,lowest_grid_point_already_attains,True,False,3200000,22400000,22398551
indefinite_noisy_global,96100229,random_growth128,0.01,True,lowest_grid_point_already_attains,True,False,3200000,22400000,22398551
indefinite_noisy_global,96100230,random_growth128,0.01,True,lowest_grid_point_already_attains,True,False,3200000,22400000,22398551
indefinite_noisy_global,96100231,random_growth128,0.01,True,lowest_grid_point_already_attains,True,False,3200000,22400000,22398551
indefinite_noisy_global,96100232,random_growth128,0.01,True,lowest_grid_point_already_attains,True,False,3200000,22400000,22398551
indefinite_noisy_global,96100233,random_growth128,0.01,True,lowest_grid_point_already_attains,True,False,3200000,22400000,22398551
indefinite_noisy_global,96100234,random_growth128,0.01,True,lowest_grid_point_already_attains,True,False,3200000,22400000,22398551
indefinite_noisy_global,96100235,random_growth128,0.01,True,lowest_grid_point_already_attains,True,False,3200000,22400000,22398551
indefinite_noisy_global,96100236,random_growth128,0.01,True,lowest_grid_point_already_attains,True,False,3200000,22400000,22398551
indefinite_noisy_global,96100237,random_growth128,0.01,True,lowest_grid_point_already_attains,True,False,3200000,22400000,22398551
indefinite_noisy_global,96100238,random_growth128,0.01,True,lowest_grid_point_already_attains,True,False,3200000,22400000,22398551
indefinite_noisy_global,96100239,random_growth128,0.01,True,lowest_grid_point_already_attains,True,False,3200000,22400000,22398551
indefinite_noisy_global,96100240,random_growth128,0.01,True,lowest_grid_point_already_attains,True,False,3200000,22400000,22398551
indefinite_noisy_global,96100241,random_growth128,0.01,True,lowest_grid_point_already_attains,True,False,3200000,22400000,22398551
indefinite_noisy_global,96100242,random_growth128,0.01,True,lowest_grid_point_already_attains,True,False,3200000,22400000,22398551
indefinite_noisy_global,96100243,random_growth128,0.01,True,lowest_grid_point_already_attains,True,False,3200000,22400000,22398551
indefinite_noisy_global,96100244,random_growth128,0.01,True,lowest_grid_point_already_attains,True,False,3200000,22400000,22398551
indefinite_noisy_global,96100245,random_growth128,0.01,True,lowest_grid_point_already_attains,True,False,3200000,22400000,22398551
indefinite_noisy_global,96100246,random_growth128,0.01,True,lowest_grid_point_already_attains,True,False,3200000,22400000,22398551
indefinite_noisy_global,96100247,random_growth128,0.01,True,lowest_grid_point_already_attains,True,False,3200000,22400000,22398551
indefinite_noisy_global,96100248,random_growth128,0.01,True,lowest_grid_point_already_attains,True,False,3200000,22400000,22398551
indefinite_noisy_global,96100249,random_growth128,0.01,True,lowest_grid_point_already_attains,True,False,3200000,22400000,22398551
indefinite_noisy_global,96100250,random_growth128,0.01,True,lowest_grid_point_already_attains,True,False,3200000,22400000,22398551
indefinite_noisy_global,96100251,random_growth128,0.01,True,lowest_grid_point_already_attains,True,False,3200000,22400000,22398551
indefinite_noisy_global,96100252,random_growth128,0.01,True,lowest_grid_point_already_attains,True,False,3200000,22400000,22398551
indefinite_noisy_global,96100253,random_growth128,0.01,True,lowest_grid_point_already_attains,True,False,3200000,22400000,22398551
indefinite_noisy_global,96100254,random_growth128,0.01,True,lowest_grid_point_already_attains,True,False,3200000,22400000,22398551
indefinite_noisy_global,96100255,random_growth128,0.01,True,lowest_grid_point_already_attains,True,False,3200000,22400000,22398551
indefinite_noisy_global,96100000,random_growth138,0.01,True,lowest_grid_point_already_attains,True,False,3200000,22400000,22399015
indefinite_noisy_global,96100001,random_growth138,0.01,True,lowest_grid_point_already_attains,True,False,3200000,22400000,22399015
indefinite_noisy_global,96100002,random_growth138,0.01,True,lowest_grid_point_already_attains,True,False,3200000,22400000,22399015
indefinite_noisy_global,96100003,random_growth138,0.01,True,lowest_grid_point_already_attains,True,False,3200000,22400000,22399015
indefinite_noisy_global,96100004,random_growth138,0.01,True,lowest_grid_point_already_attains,True,False,3200000,22400000,22399015
indefinite_noisy_global,96100005,random_growth138,0.01,True,lowest_grid_point_already_attains,True,False,3200000,22400000,22399015
indefinite_noisy_global,96100006,random_growth138,0.01,True,lowest_grid_point_already_attains,True,False,3200000,22400000,22399015
indefinite_noisy_global,96100007,random_growth138,0.01,True,lowest_grid_point_already_attains,True,False,3200000,22400000,22399015
indefinite_noisy_global,96100008,random_growth138,0.01,True,lowest_grid_point_already_attains,True,False,3200000,22400000,22399015
indefinite_noisy_global,96100009,random_growth138,0.01,True,lowest_grid_point_already_attains,True,False,3200000,22400000,22399015
indefinite_noisy_global,96100010,random_growth138,0.01,True,lowest_grid_point_already_attains,True,False,3200000,22400000,22399015
indefinite_noisy_global,96100011,random_growth138,0.01,True,lowest_grid_point_already_attains,True,False,3200000,22400000,22399015
indefinite_noisy_global,96100012,random_growth138,0.01,True,lowest_grid_point_already_attains,True,False,3200000,22400000,22399015
indefinite_noisy_global,96100013,random_growth138,0.01,True,lowest_grid_point_already_attains,True,False,3200000,22400000,22399015
indefinite_noisy_global,96100014,random_growth138,0.01,True,lowest_grid_point_already_attains,True,False,3200000,22400000,22399015
indefinite_noisy_global,96100015,random_growth138,0.01,True,lowest_grid_point_already_attains,True,False,3200000,22400000,22399015
indefinite_noisy_global,96100016,random_growth138,0.01,True,lowest_grid_point_already_attains,True,False,3200000,22400000,22399015
indefinite_noisy_global,96100017,random_growth138,0.01,True,lowest_grid_point_already_attains,True,False,3200000,22400000,22399015
indefinite_noisy_global,96100018,random_growth138,0.01,True,lowest_grid_point_already_attains,True,False,3200000,22400000,22399015
indefinite_noisy_global,96100019,random_growth138,0.01,True,lowest_grid_point_already_attains,True,False,3200000,22400000,22399015
indefinite_noisy_global,96100020,random_growth138,0.01,True,lowest_grid_point_already_attains,True,True,3200000,22400000,22399015
indefinite_noisy_global,96100021,random_growth138,0.01,True,lowest_grid_point_already_attains,True,False,3200000,22400000,22399015
indefinite_noisy_global,96100022,random_growth138,0.01,True,lowest_grid_point_already_attains,True,True,3200000,22400000,22399015
indefinite_noisy_global,96100023,random_growth138,0.01,True,lowest_grid_point_already_attains,True,True,3200000,22400000,22399015
indefinite_noisy_global,96100024,random_growth138,0.01,True,lowest_grid_point_already_attains,True,False,3200000,22400000,22399015
indefinite_noisy_global,96100025,random_growth138,0.01,True,lowest_grid_point_already_attains,True,True,3200000,22400000,22399015
indefinite_noisy_global,96100026,random_growth138,0.01,True,lowest_grid_point_already_attains,True,False,3200000,22400000,22399015
indefinite_noisy_global,96100027,random_growth138,0.01,True,lowest_grid_point_already_attains,True,False,3200000,22400000,22399015
indefinite_noisy_global,96100028,random_growth138,0.01,True,lowest_grid_point_already_attains,True,False,3200000,22400000,22399015
indefinite_noisy_global,96100029,random_growth138,0.01,True,lowest_grid_point_already_attains,True,False,3200000,22400000,22399015
indefinite_noisy_global,96100030,random_growth138,0.01,True,lowest_grid_point_already_attains,True,False,3200000,22400000,22399015
indefinite_noisy_global,96100031,random_growth138,0.01,True,lowest_grid_point_already_attains,True,False,3200000,22400000,22399015
indefinite_noisy_global,96100032,random_growth138,0.01,True,lowest_grid_point_already_attains,True,False,3200000,22400000,22399015
indefinite_noisy_global,96100033,random_growth138,0.01,True,lowest_grid_point_already_attains,True,False,3200000,22400000,22399015
indefinite_noisy_global,96100034,random_growth138,0.01,True,lowest_grid_point_already_attains,True,False,3200000,22400000,22399015
indefinite_noisy_global,96100035,random_growth138,0.01,True,lowest_grid_point_already_attains,True,False,3200000,22400000,22399015
indefinite_noisy_global,96100036,random_growth138,0.01,True,lowest_grid_point_already_attains,True,False,3200000,22400000,22399015
indefinite_noisy_global,96100037,random_growth138,0.01,True,lowest_grid_point_already_attains,True,False,3200000,22400000,22399015
indefinite_noisy_global,96100038,random_growth138,0.01,True,lowest_grid_point_already_attains,True,False,3200000,22400000,22399015
indefinite_noisy_global,96100039,random_growth138,0.01,True,lowest_grid_point_already_attains,True,False,3200000,22400000,22399015
indefinite_noisy_global,96100040,random_growth138,0.01,True,lowest_grid_point_already_attains,True,False,3200000,22400000,22399015
indefinite_noisy_global,96100041,random_growth138,0.01,True,lowest_grid_point_already_attains,True,False,3200000,22400000,22399015
indefinite_noisy_global,96100042,random_growth138,0.01,True,lowest_grid_point_already_attains,True,False,3200000,22400000,22399015
indefinite_noisy_global,96100043,random_growth138,0.01,True,lowest_grid_point_already_attains,True,True,3200000,22400000,22399015
indefinite_noisy_global,96100044,random_growth138,0.01,True,lowest_grid_point_already_attains,True,False,3200000,22400000,22399015
indefinite_noisy_global,96100045,random_growth138,0.01,True,lowest_grid_point_already_attains,True,False,3200000,22400000,22399015
indefinite_noisy_global,96100046,random_growth138,0.01,True,lowest_grid_point_already_attains,True,False,3200000,22400000,22399015
indefinite_noisy_global,96100047,random_growth138,0.01,True,lowest_grid_point_already_attains,True,False,3200000,22400000,22399015
indefinite_noisy_global,96100048,random_growth138,0.01,True,lowest_grid_point_already_attains,True,False,3200000,22400000,22399015
indefinite_noisy_global,96100049,random_growth138,0.01,True,lowest_grid_point_already_attains,True,False,3200000,22400000,22399015
indefinite_noisy_global,96100050,random_growth138,0.01,True,lowest_grid_point_already_attains,True,False,3200000,22400000,22399015
indefinite_noisy_global,96100051,random_growth138,0.01,True,lowest_grid_point_already_attains,True,False,3200000,22400000,22399015
indefinite_noisy_global,96100052,random_growth138,0.01,True,lowest_grid_point_already_attains,True,False,3200000,22400000,22399015
indefinite_noisy_global,96100053,random_growth138,0.01,True,lowest_grid_point_already_attains,True,False,3200000,22400000,22399015
indefinite_noisy_global,96100054,random_growth138,0.01,True,lowest_grid_point_already_attains,True,False,3200000,22400000,22399015
indefinite_noisy_global,96100055,random_growth138,0.01,True,lowest_grid_point_already_attains,True,False,3200000,22400000,22399015
indefinite_noisy_global,96100056,random_growth138,0.01,True,lowest_grid_point_already_attains,True,False,3200000,22400000,22399015
indefinite_noisy_global,96100057,random_growth138,0.01,True,lowest_grid_point_already_attains,True,False,3200000,22400000,22399015
indefinite_noisy_global,96100058,random_growth138,0.01,True,lowest_grid_point_already_attains,True,False,3200000,22400000,22399015
indefinite_noisy_global,96100059,random_growth138,0.01,True,lowest_grid_point_already_attains,True,False,3200000,22400000,22399015
indefinite_noisy_global,96100060,random_growth138,0.01,True,lowest_grid_point_already_attains,True,False,3200000,22400000,22399015
indefinite_noisy_global,96100061,random_growth138,0.01,True,lowest_grid_point_already_attains,True,False,3200000,22400000,22399015
indefinite_noisy_global,96100062,random_growth138,0.01,True,lowest_grid_point_already_attains,True,False,3200000,22400000,22399015
indefinite_noisy_global,96100063,random_growth138,0.01,True,lowest_grid_point_already_attains,True,False,3200000,22400000,22399015
indefinite_noisy_global,96100064,random_growth138,0.01,True,lowest_grid_point_already_attains,True,False,3200000,22400000,22399015
indefinite_noisy_global,96100065,random_growth138,0.01,True,lowest_grid_point_already_attains,True,False,3200000,22400000,22399015
indefinite_noisy_global,96100066,random_growth138,0.01,True,lowest_grid_point_already_attains,True,False,3200000,22400000,22399015
indefinite_noisy_global,96100067,random_growth138,0.01,True,lowest_grid_point_already_attains,True,False,3200000,22400000,22399015
indefinite_noisy_global,96100068,random_growth138,0.01,True,lowest_grid_point_already_attains,True,False,3200000,22400000,22399015
indefinite_noisy_global,96100069,random_growth138,0.01,True,lowest_grid_point_already_attains,True,False,3200000,22400000,22399015
indefinite_noisy_global,96100070,random_growth138,0.01,True,lowest_grid_point_already_attains,True,False,3200000,22400000,22399015
indefinite_noisy_global,96100071,random_growth138,0.01,True,lowest_grid_point_already_attains,True,False,3200000,22400000,22399015
indefinite_noisy_global,96100072,random_growth138,0.01,True,lowest_grid_point_already_attains,True,False,3200000,22400000,22399015
indefinite_noisy_global,96100073,random_growth138,0.01,True,lowest_grid_point_already_attains,True,False,3200000,22400000,22399015
indefinite_noisy_global,96100074,random_growth138,0.01,True,lowest_grid_point_already_attains,True,False,3200000,22400000,22399015
indefinite_noisy_global,96100075,random_growth138,0.01,True,lowest_grid_point_already_attains,False,False,3200000,22400000,22399015
indefinite_noisy_global,96100076,random_growth138,0.01,True,lowest_grid_point_already_attains,True,False,3200000,22400000,22399015
indefinite_noisy_global,96100077,random_growth138,0.01,True,lowest_grid_point_already_attains,True,False,3200000,22400000,22399015
indefinite_noisy_global,96100078,random_growth138,0.01,True,lowest_grid_point_already_attains,True,False,3200000,22400000,22399015
indefinite_noisy_global,96100079,random_growth138,0.01,True,lowest_grid_point_already_attains,True,False,3200000,22400000,22399015
indefinite_noisy_global,96100080,random_growth138,0.01,True,lowest_grid_point_already_attains,True,False,3200000,22400000,22399015
indefinite_noisy_global,96100081,random_growth138,0.01,True,lowest_grid_point_already_attains,True,False,3200000,22400000,22399015
indefinite_noisy_global,96100082,random_growth138,0.01,True,lowest_grid_point_already_attains,True,False,3200000,22400000,22399015
indefinite_noisy_global,96100083,random_growth138,0.01,True,lowest_grid_point_already_attains,True,False,3200000,22400000,22399015
indefinite_noisy_global,96100084,random_growth138,0.01,True,lowest_grid_point_already_attains,True,False,3200000,22400000,22399015
indefinite_noisy_global,96100085,random_growth138,0.01,True,lowest_grid_point_already_attains,True,False,3200000,22400000,22399015
indefinite_noisy_global,96100086,random_growth138,0.01,True,lowest_grid_point_already_attains,True,False,3200000,22400000,22399015
indefinite_noisy_global,96100087,random_growth138,0.01,True,lowest_grid_point_already_attains,True,False,3200000,22400000,22399015
indefinite_noisy_global,96100088,random_growth138,0.01,True,lowest_grid_point_already_attains,True,False,3200000,22400000,22399015
indefinite_noisy_global,96100089,random_growth138,0.01,True,lowest_grid_point_already_attains,True,False,3200000,22400000,22399015
indefinite_noisy_global,96100090,random_growth138,0.01,True,lowest_grid_point_already_attains,True,False,3200000,22400000,22399015
indefinite_noisy_global,96100091,random_growth138,0.01,True,lowest_grid_point_already_attains,True,False,3200000,22400000,22399015
indefinite_noisy_global,96100092,random_growth138,0.01,True,lowest_grid_point_already_attains,True,False,3200000,22400000,22399015
indefinite_noisy_global,96100093,random_growth138,0.01,True,lowest_grid_point_already_attains,True,False,3200000,22400000,22399015
indefinite_noisy_global,96100094,random_growth138,0.01,True,lowest_grid_point_already_attains,True,False,3200000,22400000,22399015
indefinite_noisy_global,96100095,random_growth138,0.01,True,lowest_grid_point_already_attains,True,False,3200000,22400000,22399015
indefinite_noisy_global,96100096,random_growth138,0.01,True,lowest_grid_point_already_attains,True,False,3200000,22400000,22399015
indefinite_noisy_global,96100097,random_growth138,0.01,True,lowest_grid_point_already_attains,True,False,3200000,22400000,22399015
indefinite_noisy_global,96100098,random_growth138,0.01,True,lowest_grid_point_already_attains,True,False,3200000,22400000,22399015
indefinite_noisy_global,96100099,random_growth138,0.01,True,lowest_grid_point_already_attains,True,False,3200000,22400000,22399015
indefinite_noisy_global,96100100,random_growth138,0.01,True,lowest_grid_point_already_attains,True,False,3200000,22400000,22399015
indefinite_noisy_global,96100101,random_growth138,0.01,True,lowest_grid_point_already_attains,True,False,3200000,22400000,22399015
indefinite_noisy_global,96100102,random_growth138,0.01,True,lowest_grid_point_already_attains,True,False,3200000,22400000,22399015
indefinite_noisy_global,96100103,random_growth138,0.01,True,lowest_grid_point_already_attains,True,False,3200000,22400000,22399015
indefinite_noisy_global,96100104,random_growth138,0.01,True,lowest_grid_point_already_attains,True,False,3200000,22400000,22399015
indefinite_noisy_global,96100105,random_growth138,0.01,True,lowest_grid_point_already_attains,True,False,3200000,22400000,22399015
indefinite_noisy_global,96100106,random_growth138,0.01,True,lowest_grid_point_already_attains,True,False,3200000,22400000,22399015
indefinite_noisy_global,96100107,random_growth138,0.01,True,lowest_grid_point_already_attains,True,False,3200000,22400000,22399015
indefinite_noisy_global,96100108,random_growth138,0.01,True,lowest_grid_point_already_attains,True,False,3200000,22400000,22399015
indefinite_noisy_global,96100109,random_growth138,0.01,True,lowest_grid_point_already_attains,True,False,3200000,22400000,22399015
indefinite_noisy_global,96100110,random_growth138,0.01,True,lowest_grid_point_already_attains,True,False,3200000,22400000,22399015
indefinite_noisy_global,96100111,random_growth138,0.01,True,lowest_grid_point_already_attains,True,False,3200000,22400000,22399015
indefinite_noisy_global,96100112,random_growth138,0.01,True,lowest_grid_point_already_attains,True,False,3200000,22400000,22399015
indefinite_noisy_global,96100113,random_growth138,0.01,True,lowest_grid_point_already_attains,True,False,3200000,22400000,22399015
indefinite_noisy_global,96100114,random_growth138,0.01,True,lowest_grid_point_already_attains,True,False,3200000,22400000,22399015
indefinite_noisy_global,96100115,random_growth138,0.01,True,lowest_grid_point_already_attains,True,False,3200000,22400000,22399015
indefinite_noisy_global,96100116,random_growth138,0.01,True,lowest_grid_point_already_attains,True,False,3200000,22400000,22399015
indefinite_noisy_global,96100117,random_growth138,0.01,True,lowest_grid_point_already_attains,True,False,3200000,22400000,22399015
indefinite_noisy_global,96100118,random_growth138,0.01,True,lowest_grid_point_already_attains,True,False,3200000,22400000,22399015
indefinite_noisy_global,96100119,random_growth138,0.01,True,lowest_grid_point_already_attains,True,False,3200000,22400000,22399015
indefinite_noisy_global,96100120,random_growth138,0.01,True,lowest_grid_point_already_attains,True,False,3200000,22400000,22399015
indefinite_noisy_global,96100121,random_growth138,0.01,True,lowest_grid_point_already_attains,True,True,3200000,22400000,22399015
indefinite_noisy_global,96100122,random_growth138,0.01,True,lowest_grid_point_already_attains,True,False,3200000,22400000,22399015
indefinite_noisy_global,96100123,random_growth138,0.01,True,lowest_grid_point_already_attains,True,False,3200000,22400000,22399015
indefinite_noisy_global,96100124,random_growth138,0.01,True,lowest_grid_point_already_attains,True,False,3200000,22400000,22399015
indefinite_noisy_global,96100125,random_growth138,0.01,True,lowest_grid_point_already_attains,True,False,3200000,22400000,22399015
indefinite_noisy_global,96100126,random_growth138,0.01,True,lowest_grid_point_already_attains,True,False,3200000,22400000,22399015
indefinite_noisy_global,96100127,random_growth138,0.01,True,lowest_grid_point_already_attains,True,True,3200000,22400000,22399015
indefinite_noisy_global,96100128,random_growth138,0.01,True,lowest_grid_point_already_attains,True,False,3200000,22400000,22399015
indefinite_noisy_global,96100129,random_growth138,0.01,True,lowest_grid_point_already_attains,True,False,3200000,22400000,22399015
indefinite_noisy_global,96100130,random_growth138,0.01,True,lowest_grid_point_already_attains,True,False,3200000,22400000,22399015
indefinite_noisy_global,96100131,random_growth138,0.01,True,lowest_grid_point_already_attains,True,False,3200000,22400000,22399015
indefinite_noisy_global,96100132,random_growth138,0.01,True,lowest_grid_point_already_attains,True,False,3200000,22400000,22399015
indefinite_noisy_global,96100133,random_growth138,0.01,True,lowest_grid_point_already_attains,True,False,3200000,22400000,22399015
indefinite_noisy_global,96100134,random_growth138,0.01,True,lowest_grid_point_already_attains,True,False,3200000,22400000,22399015
indefinite_noisy_global,96100135,random_growth138,0.01,True,lowest_grid_point_already_attains,True,False,3200000,22400000,22399015
indefinite_noisy_global,96100136,random_growth138,0.01,True,lowest_grid_point_already_attains,True,False,3200000,22400000,22399015
indefinite_noisy_global,96100137,random_growth138,0.01,True,lowest_grid_point_already_attains,True,False,3200000,22400000,22399015
indefinite_noisy_global,96100138,random_growth138,0.01,True,lowest_grid_point_already_attains,True,True,3200000,22400000,22399015
indefinite_noisy_global,96100139,random_growth138,0.01,True,lowest_grid_point_already_attains,True,False,3200000,22400000,22399015
indefinite_noisy_global,96100140,random_growth138,0.01,True,lowest_grid_point_already_attains,True,False,3200000,22400000,22399015
indefinite_noisy_global,96100141,random_growth138,0.01,True,lowest_grid_point_already_attains,True,False,3200000,22400000,22399015
indefinite_noisy_global,96100142,random_growth138,0.01,True,lowest_grid_point_already_attains,True,False,3200000,22400000,22399015
indefinite_noisy_global,96100143,random_growth138,0.01,True,lowest_grid_point_already_attains,True,False,3200000,22400000,22399015
indefinite_noisy_global,96100144,random_growth138,0.01,True,lowest_grid_point_already_attains,True,False,3200000,22400000,22399015
indefinite_noisy_global,96100145,random_growth138,0.01,True,lowest_grid_point_already_attains,True,False,3200000,22400000,22399015
indefinite_noisy_global,96100146,random_growth138,0.01,True,lowest_grid_point_already_attains,True,False,3200000,22400000,22399015
indefinite_noisy_global,96100147,random_growth138,0.01,True,lowest_grid_point_already_attains,True,False,3200000,22400000,22399015
indefinite_noisy_global,96100148,random_growth138,0.01,True,lowest_grid_point_already_attains,True,False,3200000,22400000,22399015
indefinite_noisy_global,96100149,random_growth138,0.01,True,lowest_grid_point_already_attains,True,False,3200000,22400000,22399015
indefinite_noisy_global,96100150,random_growth138,0.01,True,lowest_grid_point_already_attains,True,False,3200000,22400000,22399015
indefinite_noisy_global,96100151,random_growth138,0.01,True,lowest_grid_point_already_attains,True,True,3200000,22400000,22399015
indefinite_noisy_global,96100152,random_growth138,0.01,True,lowest_grid_point_already_attains,True,False,3200000,22400000,22399015
indefinite_noisy_global,96100153,random_growth138,0.01,True,lowest_grid_point_already_attains,True,False,3200000,22400000,22399015
indefinite_noisy_global,96100154,random_growth138,0.01,True,lowest_grid_point_already_attains,True,False,3200000,22400000,22399015
indefinite_noisy_global,96100155,random_growth138,0.01,True,lowest_grid_point_already_attains,True,True,3200000,22400000,22399015
indefinite_noisy_global,96100156,random_growth138,0.01,True,lowest_grid_point_already_attains,True,False,3200000,22400000,22399015
indefinite_noisy_global,96100157,random_growth138,0.01,True,lowest_grid_point_already_attains,True,False,3200000,22400000,22399015
indefinite_noisy_global,96100158,random_growth138,0.01,True,lowest_grid_point_already_attains,True,False,3200000,22400000,22399015
indefinite_noisy_global,96100159,random_growth138,0.01,True,lowest_grid_point_already_attains,True,False,3200000,22400000,22399015
indefinite_noisy_global,96100160,random_growth138,0.01,True,lowest_grid_point_already_attains,True,False,3200000,22400000,22399015
indefinite_noisy_global,96100161,random_growth138,0.01,True,lowest_grid_point_already_attains,True,False,3200000,22400000,22399015
indefinite_noisy_global,96100162,random_growth138,0.01,True,lowest_grid_point_already_attains,True,True,3200000,22400000,22399015
indefinite_noisy_global,96100163,random_growth138,0.01,True,lowest_grid_point_already_attains,True,False,3200000,22400000,22399015
indefinite_noisy_global,96100164,random_growth138,0.01,True,lowest_grid_point_already_attains,True,False,3200000,22400000,22399015
indefinite_noisy_global,96100165,random_growth138,0.01,True,lowest_grid_point_already_attains,True,False,3200000,22400000,22399015
indefinite_noisy_global,96100166,random_growth138,0.01,True,lowest_grid_point_already_attains,True,False,3200000,22400000,22399015
indefinite_noisy_global,96100167,random_growth138,0.01,True,lowest_grid_point_already_attains,True,False,3200000,22400000,22399015
indefinite_noisy_global,96100168,random_growth138,0.01,True,lowest_grid_point_already_attains,True,False,3200000,22400000,22399015
indefinite_noisy_global,96100169,random_growth138,0.01,True,lowest_grid_point_already_attains,True,False,3200000,22400000,22399015
indefinite_noisy_global,96100170,random_growth138,0.01,True,lowest_grid_point_already_attains,True,False,3200000,22400000,22399015
indefinite_noisy_global,96100171,random_growth138,0.01,True,lowest_grid_point_already_attains,True,False,3200000,22400000,22399015
indefinite_noisy_global,96100172,random_growth138,0.01,True,lowest_grid_point_already_attains,True,False,3200000,22400000,22399015
indefinite_noisy_global,96100173,random_growth138,0.01,True,lowest_grid_point_already_attains,True,False,3200000,22400000,22399015
indefinite_noisy_global,96100174,random_growth138,0.01,True,lowest_grid_point_already_attains,True,False,3200000,22400000,22399015
indefinite_noisy_global,96100175,random_growth138,0.01,True,lowest_grid_point_already_attains,True,False,3200000,22400000,22399015
indefinite_noisy_global,96100176,random_growth138,0.01,True,lowest_grid_point_already_attains,True,False,3200000,22400000,22399015
indefinite_noisy_global,96100177,random_growth138,0.01,True,lowest_grid_point_already_attains,True,False,3200000,22400000,22399015
indefinite_noisy_global,96100178,random_growth138,0.01,True,lowest_grid_point_already_attains,True,False,3200000,22400000,22399015
indefinite_noisy_global,96100179,random_growth138,0.01,True,lowest_grid_point_already_attains,True,False,3200000,22400000,22399015
indefinite_noisy_global,96100180,random_growth138,0.01,True,lowest_grid_point_already_attains,True,False,3200000,22400000,22399015
indefinite_noisy_global,96100181,random_growth138,0.01,True,lowest_grid_point_already_attains,True,False,3200000,22400000,22399015
indefinite_noisy_global,96100182,random_growth138,0.01,True,lowest_grid_point_already_attains,True,True,3200000,22400000,22399015
indefinite_noisy_global,96100183,random_growth138,0.01,True,lowest_grid_point_already_attains,True,False,3200000,22400000,22399015
indefinite_noisy_global,96100184,random_growth138,0.01,True,lowest_grid_point_already_attains,True,True,3200000,22400000,22399015
indefinite_noisy_global,96100185,random_growth138,0.01,True,lowest_grid_point_already_attains,True,False,3200000,22400000,22399015
indefinite_noisy_global,96100186,random_growth138,0.01,True,lowest_grid_point_already_attains,True,False,3200000,22400000,22399015
indefinite_noisy_global,96100187,random_growth138,0.01,True,lowest_grid_point_already_attains,True,False,3200000,22400000,22399015
indefinite_noisy_global,96100188,random_growth138,0.01,True,lowest_grid_point_already_attains,True,False,3200000,22400000,22399015
indefinite_noisy_global,96100189,random_growth138,0.01,True,lowest_grid_point_already_attains,True,False,3200000,22400000,22399015
indefinite_noisy_global,96100190,random_growth138,0.01,True,lowest_grid_point_already_attains,True,False,3200000,22400000,22399015
indefinite_noisy_global,96100191,random_growth138,0.01,True,lowest_grid_point_already_attains,True,False,3200000,22400000,22399015
indefinite_noisy_global,96100192,random_growth138,0.01,True,lowest_grid_point_already_attains,True,False,3200000,22400000,22399015
indefinite_noisy_global,96100193,random_growth138,0.01,True,lowest_grid_point_already_attains,True,False,3200000,22400000,22399015
indefinite_noisy_global,96100194,random_growth138,0.01,True,lowest_grid_point_already_attains,True,False,3200000,22400000,22399015
indefinite_noisy_global,96100195,random_growth138,0.01,True,lowest_grid_point_already_attains,True,False,3200000,22400000,22399015
indefinite_noisy_global,96100196,random_growth138,0.01,True,lowest_grid_point_already_attains,True,False,3200000,22400000,22399015
indefinite_noisy_global,96100197,random_growth138,0.01,True,lowest_grid_point_already_attains,True,False,3200000,22400000,22399015
indefinite_noisy_global,96100198,random_growth138,0.01,True,lowest_grid_point_already_attains,True,True,3200000,22400000,22399015
indefinite_noisy_global,96100199,random_growth138,0.01,True,lowest_grid_point_already_attains,True,False,3200000,22400000,22399015
indefinite_noisy_global,96100200,random_growth138,0.01,True,lowest_grid_point_already_attains,True,False,3200000,22400000,22399015
indefinite_noisy_global,96100201,random_growth138,0.01,True,lowest_grid_point_already_attains,True,False,3200000,22400000,22399015
indefinite_noisy_global,96100202,random_growth138,0.01,True,lowest_grid_point_already_attains,True,False,3200000,22400000,22399015
indefinite_noisy_global,96100203,random_growth138,0.01,True,lowest_grid_point_already_attains,True,False,3200000,22400000,22399015
indefinite_noisy_global,96100204,random_growth138,0.01,True,lowest_grid_point_already_attains,True,False,3200000,22400000,22399015
indefinite_noisy_global,96100205,random_growth138,0.01,True,lowest_grid_point_already_attains,True,False,3200000,22400000,22399015
indefinite_noisy_global,96100206,random_growth138,0.01,True,lowest_grid_point_already_attains,True,True,3200000,22400000,22399015
indefinite_noisy_global,96100207,random_growth138,0.01,True,lowest_grid_point_already_attains,True,False,3200000,22400000,22399015
indefinite_noisy_global,96100208,random_growth138,0.01,True,lowest_grid_point_already_attains,True,False,3200000,22400000,22399015
indefinite_noisy_global,96100209,random_growth138,0.01,True,lowest_grid_point_already_attains,True,True,3200000,22400000,22399015
indefinite_noisy_global,96100210,random_growth138,0.01,True,lowest_grid_point_already_attains,True,False,3200000,22400000,22399015
indefinite_noisy_global,96100211,random_growth138,0.01,True,lowest_grid_point_already_attains,True,True,3200000,22400000,22399015
indefinite_noisy_global,96100212,random_growth138,0.01,True,lowest_grid_point_already_attains,True,True,3200000,22400000,22399015
indefinite_noisy_global,96100213,random_growth138,0.01,True,lowest_grid_point_already_attains,True,False,3200000,22400000,22399015
indefinite_noisy_global,96100214,random_growth138,0.01,True,lowest_grid_point_already_attains,True,False,3200000,22400000,22399015
indefinite_noisy_global,96100215,random_growth138,0.01,True,lowest_grid_point_already_attains,True,False,3200000,22400000,22399015
indefinite_noisy_global,96100216,random_growth138,0.01,True,lowest_grid_point_already_attains,True,False,3200000,22400000,22399015
indefinite_noisy_global,96100217,random_growth138,0.01,True,lowest_grid_point_already_attains,True,False,3200000,22400000,22399015
indefinite_noisy_global,96100218,random_growth138,0.01,True,lowest_grid_point_already_attains,True,False,3200000,22400000,22399015
indefinite_noisy_global,96100219,random_growth138,0.01,True,lowest_grid_point_already_attains,True,False,3200000,22400000,22399015
indefinite_noisy_global,96100220,random_growth138,0.01,True,lowest_grid_point_already_attains,True,False,3200000,22400000,22399015
indefinite_noisy_global,96100221,random_growth138,0.01,True,lowest_grid_point_already_attains,True,False,3200000,22400000,22399015
indefinite_noisy_global,96100222,random_growth138,0.01,True,lowest_grid_point_already_attains,True,False,3200000,22400000,22399015
indefinite_noisy_global,96100223,random_growth138,0.01,True,lowest_grid_point_already_attains,True,False,3200000,22400000,22399015
indefinite_noisy_global,96100224,random_growth138,0.01,True,lowest_grid_point_already_attains,True,False,3200000,22400000,22399015
indefinite_noisy_global,96100225,random_growth138,0.01,True,lowest_grid_point_already_attains,True,False,3200000,22400000,22399015
indefinite_noisy_global,96100226,random_growth138,0.01,True,lowest_grid_point_already_attains,True,False,3200000,22400000,22399015
indefinite_noisy_global,96100227,random_growth138,0.01,True,lowest_grid_point_already_attains,True,False,3200000,22400000,22399015
indefinite_noisy_global,96100228,random_growth138,0.01,True,lowest_grid_point_already_attains,True,False,3200000,22400000,22399015
indefinite_noisy_global,96100229,random_growth138,0.01,True,lowest_grid_point_already_attains,True,False,3200000,22400000,22399015
indefinite_noisy_global,96100230,random_growth138,0.01,True,lowest_grid_point_already_attains,True,False,3200000,22400000,22399015
indefinite_noisy_global,96100231,random_growth138,0.01,True,lowest_grid_point_already_attains,True,False,3200000,22400000,22399015
indefinite_noisy_global,96100232,random_growth138,0.01,True,lowest_grid_point_already_attains,True,False,3200000,22400000,22399015
indefinite_noisy_global,96100233,random_growth138,0.01,True,lowest_grid_point_already_attains,True,False,3200000,22400000,22399015
indefinite_noisy_global,96100234,random_growth138,0.01,True,lowest_grid_point_already_attains,True,False,3200000,22400000,22399015
indefinite_noisy_global,96100235,random_growth138,0.01,True,lowest_grid_point_already_attains,True,False,3200000,22400000,22399015
indefinite_noisy_global,96100236,random_growth138,0.01,True,lowest_grid_point_already_attains,True,False,3200000,22400000,22399015
indefinite_noisy_global,96100237,random_growth138,0.01,True,lowest_grid_point_already_attains,True,False,3200000,22400000,22399015
indefinite_noisy_global,96100238,random_growth138,0.01,True,lowest_grid_point_already_attains,True,False,3200000,22400000,22399015
indefinite_noisy_global,96100239,random_growth138,0.01,True,lowest_grid_point_already_attains,True,False,3200000,22400000,22399015
indefinite_noisy_global,96100240,random_growth138,0.01,True,lowest_grid_point_already_attains,True,False,3200000,22400000,22399015
indefinite_noisy_global,96100241,random_growth138,0.01,True,lowest_grid_point_already_attains,True,False,3200000,22400000,22399015
indefinite_noisy_global,96100242,random_growth138,0.01,True,lowest_grid_point_already_attains,True,False,3200000,22400000,22399015
indefinite_noisy_global,96100243,random_growth138,0.01,True,lowest_grid_point_already_attains,True,False,3200000,22400000,22399015
indefinite_noisy_global,96100244,random_growth138,0.01,True,lowest_grid_point_already_attains,True,False,3200000,22400000,22399015
indefinite_noisy_global,96100245,random_growth138,0.01,True,lowest_grid_point_already_attains,True,False,3200000,22400000,22399015
indefinite_noisy_global,96100246,random_growth138,0.01,True,lowest_grid_point_already_attains,True,False,3200000,22400000,22399015
indefinite_noisy_global,96100247,random_growth138,0.01,True,lowest_grid_point_already_attains,True,False,3200000,22400000,22399015
indefinite_noisy_global,96100248,random_growth138,0.01,True,lowest_grid_point_already_attains,True,False,3200000,22400000,22399015
indefinite_noisy_global,96100249,random_growth138,0.01,True,lowest_grid_point_already_attains,True,False,3200000,22400000,22399015
indefinite_noisy_global,96100250,random_growth138,0.01,True,lowest_grid_point_already_attains,True,False,3200000,22400000,22399015
indefinite_noisy_global,96100251,random_growth138,0.01,True,lowest_grid_point_already_attains,True,False,3200000,22400000,22399015
indefinite_noisy_global,96100252,random_growth138,0.01,True,lowest_grid_point_already_attains,True,True,3200000,22400000,22399015
indefinite_noisy_global,96100253,random_growth138,0.01,True,lowest_grid_point_already_attains,True,False,3200000,22400000,22399015
indefinite_noisy_global,96100254,random_growth138,0.01,True,lowest_grid_point_already_attains,True,False,3200000,22400000,22399015
indefinite_noisy_global,96100255,random_growth138,0.01,True,lowest_grid_point_already_attains,True,False,3200000,22400000,22399015
indefinite_noisy_global,96100000,fixed7,0.01,True,lowest_grid_point_already_attains,True,False,3200000,22400000,22396527
indefinite_noisy_global,96100001,fixed7,0.01,True,lowest_grid_point_already_attains,True,False,3200000,22400000,22396527
indefinite_noisy_global,96100002,fixed7,0.01,True,lowest_grid_point_already_attains,True,False,3200000,22400000,22396527
indefinite_noisy_global,96100003,fixed7,0.01,False,not_attained_within_grid,True,False,,,
indefinite_noisy_global,96100004,fixed7,0.01,True,lowest_grid_point_already_attains,True,False,3200000,22400000,22396527
indefinite_noisy_global,96100005,fixed7,0.01,True,lowest_grid_point_already_attains,True,False,3200000,22400000,22396527
indefinite_noisy_global,96100006,fixed7,0.01,True,lowest_grid_point_already_attains,True,False,3200000,22400000,22396527
indefinite_noisy_global,96100007,fixed7,0.01,True,lowest_grid_point_already_attains,True,False,3200000,22400000,22396527
indefinite_noisy_global,96100008,fixed7,0.01,True,lowest_grid_point_already_attains,True,False,3200000,22400000,22396527
indefinite_noisy_global,96100009,fixed7,0.01,True,lowest_grid_point_already_attains,True,False,3200000,22400000,22396527
indefinite_noisy_global,96100010,fixed7,0.01,True,lowest_grid_point_already_attains,True,False,3200000,22400000,22396527
indefinite_noisy_global,96100011,fixed7,0.01,True,lowest_grid_point_already_attains,True,False,3200000,22400000,22396527
indefinite_noisy_global,96100012,fixed7,0.01,True,lowest_grid_point_already_attains,True,False,3200000,22400000,22396527
indefinite_noisy_global,96100013,fixed7,0.01,True,lowest_grid_point_already_attains,True,False,3200000,22400000,22396527
indefinite_noisy_global,96100014,fixed7,0.01,True,lowest_grid_point_already_attains,True,False,3200000,22400000,22396527
indefinite_noisy_global,96100015,fixed7,0.01,True,lowest_grid_point_already_attains,True,True,3200000,22400000,22396527
indefinite_noisy_global,96100016,fixed7,0.01,True,lowest_grid_point_already_attains,True,False,3200000,22400000,22396527
indefinite_noisy_global,96100017,fixed7,0.01,True,lowest_grid_point_already_attains,True,False,3200000,22400000,22396527
indefinite_noisy_global,96100018,fixed7,0.01,True,lowest_grid_point_already_attains,True,False,3200000,22400000,22396527
indefinite_noisy_global,96100019,fixed7,0.01,True,lowest_grid_point_already_attains,True,False,3200000,22400000,22396527
indefinite_noisy_global,96100020,fixed7,0.01,True,lowest_grid_point_already_attains,True,False,3200000,22400000,22396527
indefinite_noisy_global,96100021,fixed7,0.01,True,lowest_grid_point_already_attains,True,False,3200000,22400000,22396527
indefinite_noisy_global,96100022,fixed7,0.01,True,lowest_grid_point_already_attains,True,False,3200000,22400000,22396527
indefinite_noisy_global,96100023,fixed7,0.01,True,lowest_grid_point_already_attains,True,False,3200000,22400000,22396527
indefinite_noisy_global,96100024,fixed7,0.01,True,lowest_grid_point_already_attains,True,False,3200000,22400000,22396527
indefinite_noisy_global,96100025,fixed7,0.01,False,not_attained_within_grid,True,False,,,
indefinite_noisy_global,96100026,fixed7,0.01,True,lowest_grid_point_already_attains,True,False,3200000,22400000,22396527
indefinite_noisy_global,96100027,fixed7,0.01,True,lowest_grid_point_already_attains,True,False,3200000,22400000,22396527
indefinite_noisy_global,96100028,fixed7,0.01,True,lowest_grid_point_already_attains,True,False,3200000,22400000,22396527
indefinite_noisy_global,96100029,fixed7,0.01,True,lowest_grid_point_already_attains,True,False,3200000,22400000,22396527
indefinite_noisy_global,96100030,fixed7,0.01,True,lowest_grid_point_already_attains,True,False,3200000,22400000,22396527
indefinite_noisy_global,96100031,fixed7,0.01,True,lowest_grid_point_already_attains,True,False,3200000,22400000,22396527
indefinite_noisy_global,96100032,fixed7,0.01,True,lowest_grid_point_already_attains,True,False,3200000,22400000,22396527
indefinite_noisy_global,96100033,fixed7,0.01,True,lowest_grid_point_already_attains,True,False,3200000,22400000,22396527
indefinite_noisy_global,96100034,fixed7,0.01,True,lowest_grid_point_already_attains,True,False,3200000,22400000,22396527
indefinite_noisy_global,96100035,fixed7,0.01,True,lowest_grid_point_already_attains,True,False,3200000,22400000,22396527
indefinite_noisy_global,96100036,fixed7,0.01,True,lowest_grid_point_already_attains,True,False,3200000,22400000,22396527
indefinite_noisy_global,96100037,fixed7,0.01,True,lowest_grid_point_already_attains,True,False,3200000,22400000,22396527
indefinite_noisy_global,96100038,fixed7,0.01,True,lowest_grid_point_already_attains,True,False,3200000,22400000,22396527
indefinite_noisy_global,96100039,fixed7,0.01,True,lowest_grid_point_already_attains,True,False,3200000,22400000,22396527
indefinite_noisy_global,96100040,fixed7,0.01,True,lowest_grid_point_already_attains,True,False,3200000,22400000,22396527
indefinite_noisy_global,96100041,fixed7,0.01,True,lowest_grid_point_already_attains,True,False,3200000,22400000,22396527
indefinite_noisy_global,96100042,fixed7,0.01,True,lowest_grid_point_already_attains,True,False,3200000,22400000,22396527
indefinite_noisy_global,96100043,fixed7,0.01,True,lowest_grid_point_already_attains,True,False,3200000,22400000,22396527
indefinite_noisy_global,96100044,fixed7,0.01,True,lowest_grid_point_already_attains,True,False,3200000,22400000,22396527
indefinite_noisy_global,96100045,fixed7,0.01,True,lowest_grid_point_already_attains,True,False,3200000,22400000,22396527
indefinite_noisy_global,96100046,fixed7,0.01,True,lowest_grid_point_already_attains,True,False,3200000,22400000,22396527
indefinite_noisy_global,96100047,fixed7,0.01,True,lowest_grid_point_already_attains,True,False,3200000,22400000,22396527
indefinite_noisy_global,96100048,fixed7,0.01,True,lowest_grid_point_already_attains,True,False,3200000,22400000,22396527
indefinite_noisy_global,96100049,fixed7,0.01,True,lowest_grid_point_already_attains,True,False,3200000,22400000,22396527
indefinite_noisy_global,96100050,fixed7,0.01,True,lowest_grid_point_already_attains,True,False,3200000,22400000,22396527
indefinite_noisy_global,96100051,fixed7,0.01,True,lowest_grid_point_already_attains,True,False,3200000,22400000,22396527
indefinite_noisy_global,96100052,fixed7,0.01,True,lowest_grid_point_already_attains,True,False,3200000,22400000,22396527
indefinite_noisy_global,96100053,fixed7,0.01,True,lowest_grid_point_already_attains,True,False,3200000,22400000,22396527
indefinite_noisy_global,96100054,fixed7,0.01,True,lowest_grid_point_already_attains,True,False,3200000,22400000,22396527
indefinite_noisy_global,96100055,fixed7,0.01,True,lowest_grid_point_already_attains,True,False,3200000,22400000,22396527
indefinite_noisy_global,96100056,fixed7,0.01,True,lowest_grid_point_already_attains,True,False,3200000,22400000,22396527
indefinite_noisy_global,96100057,fixed7,0.01,True,lowest_grid_point_already_attains,True,False,3200000,22400000,22396527
indefinite_noisy_global,96100058,fixed7,0.01,True,lowest_grid_point_already_attains,True,False,3200000,22400000,22396527
indefinite_noisy_global,96100059,fixed7,0.01,True,lowest_grid_point_already_attains,True,False,3200000,22400000,22396527
indefinite_noisy_global,96100060,fixed7,0.01,True,lowest_grid_point_already_attains,True,False,3200000,22400000,22396527
indefinite_noisy_global,96100061,fixed7,0.01,True,lowest_grid_point_already_attains,True,False,3200000,22400000,22396527
indefinite_noisy_global,96100062,fixed7,0.01,True,lowest_grid_point_already_attains,True,False,3200000,22400000,22396527
indefinite_noisy_global,96100063,fixed7,0.01,True,first_evaluated_final_grid_attainment,True,False,10000000,70000000,69997735
indefinite_noisy_global,96100064,fixed7,0.01,True,lowest_grid_point_already_attains,True,False,3200000,22400000,22396527
indefinite_noisy_global,96100065,fixed7,0.01,True,lowest_grid_point_already_attains,True,False,3200000,22400000,22396527
indefinite_noisy_global,96100066,fixed7,0.01,True,lowest_grid_point_already_attains,True,False,3200000,22400000,22396527
indefinite_noisy_global,96100067,fixed7,0.01,True,lowest_grid_point_already_attains,True,False,3200000,22400000,22396527
indefinite_noisy_global,96100068,fixed7,0.01,True,lowest_grid_point_already_attains,True,False,3200000,22400000,22396527
indefinite_noisy_global,96100069,fixed7,0.01,False,not_attained_within_grid,True,False,,,
indefinite_noisy_global,96100070,fixed7,0.01,True,lowest_grid_point_already_attains,True,False,3200000,22400000,22396527
indefinite_noisy_global,96100071,fixed7,0.01,True,lowest_grid_point_already_attains,True,False,3200000,22400000,22396527
indefinite_noisy_global,96100072,fixed7,0.01,True,lowest_grid_point_already_attains,True,False,3200000,22400000,22396527
indefinite_noisy_global,96100073,fixed7,0.01,True,lowest_grid_point_already_attains,True,False,3200000,22400000,22396527
indefinite_noisy_global,96100074,fixed7,0.01,True,lowest_grid_point_already_attains,True,False,3200000,22400000,22396527
indefinite_noisy_global,96100075,fixed7,0.01,True,first_evaluated_final_grid_attainment,True,False,5000000,35000000,34998807
indefinite_noisy_global,96100076,fixed7,0.01,True,lowest_grid_point_already_attains,True,False,3200000,22400000,22396527
indefinite_noisy_global,96100077,fixed7,0.01,True,lowest_grid_point_already_attains,True,False,3200000,22400000,22396527
indefinite_noisy_global,96100078,fixed7,0.01,True,lowest_grid_point_already_attains,True,False,3200000,22400000,22396527
indefinite_noisy_global,96100079,fixed7,0.01,True,lowest_grid_point_already_attains,True,False,3200000,22400000,22396527
indefinite_noisy_global,96100080,fixed7,0.01,True,lowest_grid_point_already_attains,True,False,3200000,22400000,22396527
indefinite_noisy_global,96100081,fixed7,0.01,True,lowest_grid_point_already_attains,True,False,3200000,22400000,22396527
indefinite_noisy_global,96100082,fixed7,0.01,True,lowest_grid_point_already_attains,True,False,3200000,22400000,22396527
indefinite_noisy_global,96100083,fixed7,0.01,True,lowest_grid_point_already_attains,True,False,3200000,22400000,22396527
indefinite_noisy_global,96100084,fixed7,0.01,True,lowest_grid_point_already_attains,True,False,3200000,22400000,22396527
indefinite_noisy_global,96100085,fixed7,0.01,True,lowest_grid_point_already_attains,True,False,3200000,22400000,22396527
indefinite_noisy_global,96100086,fixed7,0.01,True,lowest_grid_point_already_attains,True,False,3200000,22400000,22396527
indefinite_noisy_global,96100087,fixed7,0.01,True,lowest_grid_point_already_attains,True,False,3200000,22400000,22396527
indefinite_noisy_global,96100088,fixed7,0.01,True,lowest_grid_point_already_attains,True,False,3200000,22400000,22396527
indefinite_noisy_global,96100089,fixed7,0.01,True,lowest_grid_point_already_attains,True,False,3200000,22400000,22396527
indefinite_noisy_global,96100090,fixed7,0.01,True,lowest_grid_point_already_attains,True,False,3200000,22400000,22396527
indefinite_noisy_global,96100091,fixed7,0.01,True,lowest_grid_point_already_attains,True,False,3200000,22400000,22396527
indefinite_noisy_global,96100092,fixed7,0.01,True,lowest_grid_point_already_attains,True,False,3200000,22400000,22396527
indefinite_noisy_global,96100093,fixed7,0.01,True,lowest_grid_point_already_attains,True,False,3200000,22400000,22396527
indefinite_noisy_global,96100094,fixed7,0.01,True,lowest_grid_point_already_attains,True,False,3200000,22400000,22396527
indefinite_noisy_global,96100095,fixed7,0.01,True,lowest_grid_point_already_attains,True,False,3200000,22400000,22396527
indefinite_noisy_global,96100096,fixed7,0.01,True,lowest_grid_point_already_attains,True,False,3200000,22400000,22396527
indefinite_noisy_global,96100097,fixed7,0.01,True,lowest_grid_point_already_attains,True,False,3200000,22400000,22396527
indefinite_noisy_global,96100098,fixed7,0.01,True,lowest_grid_point_already_attains,True,False,3200000,22400000,22396527
indefinite_noisy_global,96100099,fixed7,0.01,True,lowest_grid_point_already_attains,True,True,3200000,22400000,22396527
indefinite_noisy_global,96100100,fixed7,0.01,True,lowest_grid_point_already_attains,True,False,3200000,22400000,22396527
indefinite_noisy_global,96100101,fixed7,0.01,True,lowest_grid_point_already_attains,True,False,3200000,22400000,22396527
indefinite_noisy_global,96100102,fixed7,0.01,True,lowest_grid_point_already_attains,True,False,3200000,22400000,22396527
indefinite_noisy_global,96100103,fixed7,0.01,True,lowest_grid_point_already_attains,True,False,3200000,22400000,22396527
indefinite_noisy_global,96100104,fixed7,0.01,True,lowest_grid_point_already_attains,True,False,3200000,22400000,22396527
indefinite_noisy_global,96100105,fixed7,0.01,True,first_evaluated_final_grid_attainment,True,False,8000000,56000000,55999255
indefinite_noisy_global,96100106,fixed7,0.01,True,lowest_grid_point_already_attains,True,False,3200000,22400000,22396527
indefinite_noisy_global,96100107,fixed7,0.01,True,lowest_grid_point_already_attains,True,False,3200000,22400000,22396527
indefinite_noisy_global,96100108,fixed7,0.01,True,lowest_grid_point_already_attains,True,False,3200000,22400000,22396527
indefinite_noisy_global,96100109,fixed7,0.01,True,lowest_grid_point_already_attains,True,False,3200000,22400000,22396527
indefinite_noisy_global,96100110,fixed7,0.01,True,lowest_grid_point_already_attains,True,False,3200000,22400000,22396527
indefinite_noisy_global,96100111,fixed7,0.01,True,lowest_grid_point_already_attains,True,False,3200000,22400000,22396527
indefinite_noisy_global,96100112,fixed7,0.01,True,lowest_grid_point_already_attains,True,False,3200000,22400000,22396527
indefinite_noisy_global,96100113,fixed7,0.01,True,lowest_grid_point_already_attains,True,False,3200000,22400000,22396527
indefinite_noisy_global,96100114,fixed7,0.01,True,lowest_grid_point_already_attains,True,False,3200000,22400000,22396527
indefinite_noisy_global,96100115,fixed7,0.01,True,lowest_grid_point_already_attains,True,False,3200000,22400000,22396527
indefinite_noisy_global,96100116,fixed7,0.01,True,lowest_grid_point_already_attains,True,False,3200000,22400000,22396527
indefinite_noisy_global,96100117,fixed7,0.01,True,lowest_grid_point_already_attains,True,False,3200000,22400000,22396527
indefinite_noisy_global,96100118,fixed7,0.01,True,lowest_grid_point_already_attains,True,False,3200000,22400000,22396527
indefinite_noisy_global,96100119,fixed7,0.01,True,lowest_grid_point_already_attains,True,False,3200000,22400000,22396527
indefinite_noisy_global,96100120,fixed7,0.01,True,lowest_grid_point_already_attains,True,False,3200000,22400000,22396527
indefinite_noisy_global,96100121,fixed7,0.01,True,lowest_grid_point_already_attains,True,False,3200000,22400000,22396527
indefinite_noisy_global,96100122,fixed7,0.01,True,lowest_grid_point_already_attains,True,False,3200000,22400000,22396527
indefinite_noisy_global,96100123,fixed7,0.01,True,lowest_grid_point_already_attains,True,False,3200000,22400000,22396527
indefinite_noisy_global,96100124,fixed7,0.01,True,lowest_grid_point_already_attains,True,False,3200000,22400000,22396527
indefinite_noisy_global,96100125,fixed7,0.01,True,first_evaluated_final_grid_attainment,True,False,10000000,70000000,69997735
indefinite_noisy_global,96100126,fixed7,0.01,True,lowest_grid_point_already_attains,True,False,3200000,22400000,22396527
indefinite_noisy_global,96100127,fixed7,0.01,True,lowest_grid_point_already_attains,True,False,3200000,22400000,22396527
indefinite_noisy_global,96100128,fixed7,0.01,True,lowest_grid_point_already_attains,True,False,3200000,22400000,22396527
indefinite_noisy_global,96100129,fixed7,0.01,True,lowest_grid_point_already_attains,True,False,3200000,22400000,22396527
indefinite_noisy_global,96100130,fixed7,0.01,True,lowest_grid_point_already_attains,True,False,3200000,22400000,22396527
indefinite_noisy_global,96100131,fixed7,0.01,True,lowest_grid_point_already_attains,True,False,3200000,22400000,22396527
indefinite_noisy_global,96100132,fixed7,0.01,True,lowest_grid_point_already_attains,False,False,3200000,22400000,22396527
indefinite_noisy_global,96100133,fixed7,0.01,True,lowest_grid_point_already_attains,True,False,3200000,22400000,22396527
indefinite_noisy_global,96100134,fixed7,0.01,True,lowest_grid_point_already_attains,True,False,3200000,22400000,22396527
indefinite_noisy_global,96100135,fixed7,0.01,True,lowest_grid_point_already_attains,True,False,3200000,22400000,22396527
indefinite_noisy_global,96100136,fixed7,0.01,False,not_attained_within_grid,True,False,,,
indefinite_noisy_global,96100137,fixed7,0.01,True,lowest_grid_point_already_attains,True,False,3200000,22400000,22396527
indefinite_noisy_global,96100138,fixed7,0.01,True,lowest_grid_point_already_attains,True,False,3200000,22400000,22396527
indefinite_noisy_global,96100139,fixed7,0.01,True,lowest_grid_point_already_attains,True,False,3200000,22400000,22396527
indefinite_noisy_global,96100140,fixed7,0.01,True,lowest_grid_point_already_attains,True,False,3200000,22400000,22396527
indefinite_noisy_global,96100141,fixed7,0.01,True,lowest_grid_point_already_attains,True,False,3200000,22400000,22396527
indefinite_noisy_global,96100142,fixed7,0.01,True,lowest_grid_point_already_attains,True,False,3200000,22400000,22396527
indefinite_noisy_global,96100143,fixed7,0.01,True,first_evaluated_final_grid_attainment,True,False,5000000,35000000,34998807
indefinite_noisy_global,96100144,fixed7,0.01,True,first_evaluated_final_grid_attainment,True,False,6400000,44800000,44799587
indefinite_noisy_global,96100145,fixed7,0.01,True,lowest_grid_point_already_attains,True,False,3200000,22400000,22396527
indefinite_noisy_global,96100146,fixed7,0.01,True,lowest_grid_point_already_attains,True,False,3200000,22400000,22396527
indefinite_noisy_global,96100147,fixed7,0.01,True,lowest_grid_point_already_attains,True,False,3200000,22400000,22396527
indefinite_noisy_global,96100148,fixed7,0.01,True,lowest_grid_point_already_attains,True,False,3200000,22400000,22396527
indefinite_noisy_global,96100149,fixed7,0.01,True,lowest_grid_point_already_attains,True,False,3200000,22400000,22396527
indefinite_noisy_global,96100150,fixed7,0.01,True,lowest_grid_point_already_attains,True,False,3200000,22400000,22396527
indefinite_noisy_global,96100151,fixed7,0.01,True,lowest_grid_point_already_attains,True,False,3200000,22400000,22396527
indefinite_noisy_global,96100152,fixed7,0.01,True,lowest_grid_point_already_attains,True,False,3200000,22400000,22396527
indefinite_noisy_global,96100153,fixed7,0.01,True,lowest_grid_point_already_attains,True,False,3200000,22400000,22396527
indefinite_noisy_global,96100154,fixed7,0.01,True,lowest_grid_point_already_attains,True,False,3200000,22400000,22396527
indefinite_noisy_global,96100155,fixed7,0.01,True,first_evaluated_final_grid_attainment,True,False,10000000,70000000,69997735
indefinite_noisy_global,96100156,fixed7,0.01,True,lowest_grid_point_already_attains,True,False,3200000,22400000,22396527
indefinite_noisy_global,96100157,fixed7,0.01,True,lowest_grid_point_already_attains,True,False,3200000,22400000,22396527
indefinite_noisy_global,96100158,fixed7,0.01,True,lowest_grid_point_already_attains,True,False,3200000,22400000,22396527
indefinite_noisy_global,96100159,fixed7,0.01,True,lowest_grid_point_already_attains,True,False,3200000,22400000,22396527
indefinite_noisy_global,96100160,fixed7,0.01,False,not_attained_within_grid,True,False,,,
indefinite_noisy_global,96100161,fixed7,0.01,True,lowest_grid_point_already_attains,True,False,3200000,22400000,22396527
indefinite_noisy_global,96100162,fixed7,0.01,True,first_evaluated_final_grid_attainment,True,False,8000000,56000000,55999255
indefinite_noisy_global,96100163,fixed7,0.01,True,lowest_grid_point_already_attains,True,False,3200000,22400000,22396527
indefinite_noisy_global,96100164,fixed7,0.01,True,lowest_grid_point_already_attains,False,False,3200000,22400000,22396527
indefinite_noisy_global,96100165,fixed7,0.01,True,lowest_grid_point_already_attains,True,False,3200000,22400000,22396527
indefinite_noisy_global,96100166,fixed7,0.01,True,lowest_grid_point_already_attains,True,False,3200000,22400000,22396527
indefinite_noisy_global,96100167,fixed7,0.01,True,lowest_grid_point_already_attains,True,False,3200000,22400000,22396527
indefinite_noisy_global,96100168,fixed7,0.01,True,lowest_grid_point_already_attains,True,False,3200000,22400000,22396527
indefinite_noisy_global,96100169,fixed7,0.01,True,lowest_grid_point_already_attains,True,False,3200000,22400000,22396527
indefinite_noisy_global,96100170,fixed7,0.01,True,lowest_grid_point_already_attains,True,False,3200000,22400000,22396527
indefinite_noisy_global,96100171,fixed7,0.01,True,lowest_grid_point_already_attains,True,False,3200000,22400000,22396527
indefinite_noisy_global,96100172,fixed7,0.01,True,lowest_grid_point_already_attains,True,False,3200000,22400000,22396527
indefinite_noisy_global,96100173,fixed7,0.01,True,lowest_grid_point_already_attains,True,False,3200000,22400000,22396527
indefinite_noisy_global,96100174,fixed7,0.01,True,lowest_grid_point_already_attains,True,False,3200000,22400000,22396527
indefinite_noisy_global,96100175,fixed7,0.01,True,first_evaluated_final_grid_attainment,True,False,10000000,70000000,69997735
indefinite_noisy_global,96100176,fixed7,0.01,True,lowest_grid_point_already_attains,True,False,3200000,22400000,22396527
indefinite_noisy_global,96100177,fixed7,0.01,True,lowest_grid_point_already_attains,True,False,3200000,22400000,22396527
indefinite_noisy_global,96100178,fixed7,0.01,True,lowest_grid_point_already_attains,True,False,3200000,22400000,22396527
indefinite_noisy_global,96100179,fixed7,0.01,True,lowest_grid_point_already_attains,True,False,3200000,22400000,22396527
indefinite_noisy_global,96100180,fixed7,0.01,True,lowest_grid_point_already_attains,True,False,3200000,22400000,22396527
indefinite_noisy_global,96100181,fixed7,0.01,True,lowest_grid_point_already_attains,True,False,3200000,22400000,22396527
indefinite_noisy_global,96100182,fixed7,0.01,True,lowest_grid_point_already_attains,True,False,3200000,22400000,22396527
indefinite_noisy_global,96100183,fixed7,0.01,True,lowest_grid_point_already_attains,True,False,3200000,22400000,22396527
indefinite_noisy_global,96100184,fixed7,0.01,True,lowest_grid_point_already_attains,True,False,3200000,22400000,22396527
indefinite_noisy_global,96100185,fixed7,0.01,False,not_attained_within_grid,True,False,,,
indefinite_noisy_global,96100186,fixed7,0.01,True,lowest_grid_point_already_attains,True,False,3200000,22400000,22396527
indefinite_noisy_global,96100187,fixed7,0.01,True,lowest_grid_point_already_attains,True,False,3200000,22400000,22396527
indefinite_noisy_global,96100188,fixed7,0.01,True,lowest_grid_point_already_attains,True,False,3200000,22400000,22396527
indefinite_noisy_global,96100189,fixed7,0.01,True,lowest_grid_point_already_attains,True,False,3200000,22400000,22396527
indefinite_noisy_global,96100190,fixed7,0.01,True,lowest_grid_point_already_attains,True,False,3200000,22400000,22396527
indefinite_noisy_global,96100191,fixed7,0.01,True,lowest_grid_point_already_attains,True,False,3200000,22400000,22396527
indefinite_noisy_global,96100192,fixed7,0.01,True,lowest_grid_point_already_attains,True,False,3200000,22400000,22396527
indefinite_noisy_global,96100193,fixed7,0.01,True,lowest_grid_point_already_attains,True,False,3200000,22400000,22396527
indefinite_noisy_global,96100194,fixed7,0.01,True,lowest_grid_point_already_attains,True,False,3200000,22400000,22396527
indefinite_noisy_global,96100195,fixed7,0.01,True,lowest_grid_point_already_attains,True,False,3200000,22400000,22396527
indefinite_noisy_global,96100196,fixed7,0.01,True,lowest_grid_point_already_attains,True,False,3200000,22400000,22396527
indefinite_noisy_global,96100197,fixed7,0.01,True,lowest_grid_point_already_attains,True,False,3200000,22400000,22396527
indefinite_noisy_global,96100198,fixed7,0.01,True,lowest_grid_point_already_attains,True,False,3200000,22400000,22396527
indefinite_noisy_global,96100199,fixed7,0.01,True,lowest_grid_point_already_attains,True,False,3200000,22400000,22396527
indefinite_noisy_global,96100200,fixed7,0.01,True,lowest_grid_point_already_attains,True,False,3200000,22400000,22396527
indefinite_noisy_global,96100201,fixed7,0.01,True,lowest_grid_point_already_attains,True,False,3200000,22400000,22396527
indefinite_noisy_global,96100202,fixed7,0.01,True,lowest_grid_point_already_attains,True,False,3200000,22400000,22396527
indefinite_noisy_global,96100203,fixed7,0.01,True,lowest_grid_point_already_attains,True,False,3200000,22400000,22396527
indefinite_noisy_global,96100204,fixed7,0.01,True,lowest_grid_point_already_attains,True,False,3200000,22400000,22396527
indefinite_noisy_global,96100205,fixed7,0.01,True,lowest_grid_point_already_attains,True,False,3200000,22400000,22396527
indefinite_noisy_global,96100206,fixed7,0.01,True,lowest_grid_point_already_attains,True,False,3200000,22400000,22396527
indefinite_noisy_global,96100207,fixed7,0.01,True,lowest_grid_point_already_attains,True,False,3200000,22400000,22396527
indefinite_noisy_global,96100208,fixed7,0.01,True,lowest_grid_point_already_attains,True,False,3200000,22400000,22396527
indefinite_noisy_global,96100209,fixed7,0.01,True,lowest_grid_point_already_attains,True,False,3200000,22400000,22396527
indefinite_noisy_global,96100210,fixed7,0.01,True,lowest_grid_point_already_attains,True,False,3200000,22400000,22396527
indefinite_noisy_global,96100211,fixed7,0.01,True,lowest_grid_point_already_attains,True,True,3200000,22400000,22396527
indefinite_noisy_global,96100212,fixed7,0.01,True,lowest_grid_point_already_attains,True,False,3200000,22400000,22396527
indefinite_noisy_global,96100213,fixed7,0.01,True,lowest_grid_point_already_attains,True,False,3200000,22400000,22396527
indefinite_noisy_global,96100214,fixed7,0.01,True,lowest_grid_point_already_attains,True,False,3200000,22400000,22396527
indefinite_noisy_global,96100215,fixed7,0.01,True,lowest_grid_point_already_attains,True,False,3200000,22400000,22396527
indefinite_noisy_global,96100216,fixed7,0.01,True,first_evaluated_final_grid_attainment,False,False,5000000,35000000,34998807
indefinite_noisy_global,96100217,fixed7,0.01,True,lowest_grid_point_already_attains,True,False,3200000,22400000,22396527
indefinite_noisy_global,96100218,fixed7,0.01,True,lowest_grid_point_already_attains,True,False,3200000,22400000,22396527
indefinite_noisy_global,96100219,fixed7,0.01,True,lowest_grid_point_already_attains,True,False,3200000,22400000,22396527
indefinite_noisy_global,96100220,fixed7,0.01,True,lowest_grid_point_already_attains,True,False,3200000,22400000,22396527
indefinite_noisy_global,96100221,fixed7,0.01,True,lowest_grid_point_already_attains,True,False,3200000,22400000,22396527
indefinite_noisy_global,96100222,fixed7,0.01,True,lowest_grid_point_already_attains,True,False,3200000,22400000,22396527
indefinite_noisy_global,96100223,fixed7,0.01,False,not_attained_within_grid,True,False,,,
indefinite_noisy_global,96100224,fixed7,0.01,True,lowest_grid_point_already_attains,True,False,3200000,22400000,22396527
indefinite_noisy_global,96100225,fixed7,0.01,True,lowest_grid_point_already_attains,True,False,3200000,22400000,22396527
indefinite_noisy_global,96100226,fixed7,0.01,True,lowest_grid_point_already_attains,True,False,3200000,22400000,22396527
indefinite_noisy_global,96100227,fixed7,0.01,True,lowest_grid_point_already_attains,True,False,3200000,22400000,22396527
indefinite_noisy_global,96100228,fixed7,0.01,True,lowest_grid_point_already_attains,True,False,3200000,22400000,22396527
indefinite_noisy_global,96100229,fixed7,0.01,True,lowest_grid_point_already_attains,True,False,3200000,22400000,22396527
indefinite_noisy_global,96100230,fixed7,0.01,True,lowest_grid_point_already_attains,True,False,3200000,22400000,22396527
indefinite_noisy_global,96100231,fixed7,0.01,True,lowest_grid_point_already_attains,True,False,3200000,22400000,22396527
indefinite_noisy_global,96100232,fixed7,0.01,True,lowest_grid_point_already_attains,True,False,3200000,22400000,22396527
indefinite_noisy_global,96100233,fixed7,0.01,True,lowest_grid_point_already_attains,True,False,3200000,22400000,22396527
indefinite_noisy_global,96100234,fixed7,0.01,True,lowest_grid_point_already_attains,True,False,3200000,22400000,22396527
indefinite_noisy_global,96100235,fixed7,0.01,True,lowest_grid_point_already_attains,True,False,3200000,22400000,22396527
indefinite_noisy_global,96100236,fixed7,0.01,True,lowest_grid_point_already_attains,True,False,3200000,22400000,22396527
indefinite_noisy_global,96100237,fixed7,0.01,True,lowest_grid_point_already_attains,True,False,3200000,22400000,22396527
indefinite_noisy_global,96100238,fixed7,0.01,False,not_attained_within_grid,True,False,,,
indefinite_noisy_global,96100239,fixed7,0.01,True,lowest_grid_point_already_attains,True,False,3200000,22400000,22396527
indefinite_noisy_global,96100240,fixed7,0.01,True,lowest_grid_point_already_attains,True,False,3200000,22400000,22396527
indefinite_noisy_global,96100241,fixed7,0.01,True,lowest_grid_point_already_attains,True,False,3200000,22400000,22396527
indefinite_noisy_global,96100242,fixed7,0.01,True,lowest_grid_point_already_attains,True,False,3200000,22400000,22396527
indefinite_noisy_global,96100243,fixed7,0.01,True,lowest_grid_point_already_attains,True,False,3200000,22400000,22396527
indefinite_noisy_global,96100244,fixed7,0.01,True,lowest_grid_point_already_attains,True,False,3200000,22400000,22396527
indefinite_noisy_global,96100245,fixed7,0.01,True,lowest_grid_point_already_attains,True,False,3200000,22400000,22396527
indefinite_noisy_global,96100246,fixed7,0.01,True,lowest_grid_point_already_attains,True,False,3200000,22400000,22396527
indefinite_noisy_global,96100247,fixed7,0.01,True,lowest_grid_point_already_attains,True,False,3200000,22400000,22396527
indefinite_noisy_global,96100248,fixed7,0.01,True,lowest_grid_point_already_attains,True,False,3200000,22400000,22396527
indefinite_noisy_global,96100249,fixed7,0.01,True,lowest_grid_point_already_attains,True,False,3200000,22400000,22396527
indefinite_noisy_global,96100250,fixed7,0.01,True,first_evaluated_final_grid_attainment,True,False,5000000,35000000,34998807
indefinite_noisy_global,96100251,fixed7,0.01,True,lowest_grid_point_already_attains,True,False,3200000,22400000,22396527
indefinite_noisy_global,96100252,fixed7,0.01,True,lowest_grid_point_already_attains,True,False,3200000,22400000,22396527
indefinite_noisy_global,96100253,fixed7,0.01,True,lowest_grid_point_already_attains,True,False,3200000,22400000,22396527
indefinite_noisy_global,96100254,fixed7,0.01,True,lowest_grid_point_already_attains,True,False,3200000,22400000,22396527
indefinite_noisy_global,96100255,fixed7,0.01,True,lowest_grid_point_already_attains,True,False,3200000,22400000,22396527
null_global,96200000,historical_moment,0.01,True,lowest_grid_point_already_attains,True,True,3200000,22400000,22398221
null_global,96200001,historical_moment,0.01,True,lowest_grid_point_already_attains,True,True,3200000,22400000,22398221
null_global,96200002,historical_moment,0.01,True,lowest_grid_point_already_attains,True,False,3200000,22400000,22398221
null_global,96200003,historical_moment,0.01,True,lowest_grid_point_already_attains,True,False,3200000,22400000,22398221
null_global,96200004,historical_moment,0.01,True,lowest_grid_point_already_attains,True,True,3200000,22400000,22398221
null_global,96200005,historical_moment,0.01,True,lowest_grid_point_already_attains,True,True,3200000,22400000,22398221
null_global,96200006,historical_moment,0.01,True,lowest_grid_point_already_attains,True,True,3200000,22400000,22398221
null_global,96200007,historical_moment,0.01,True,lowest_grid_point_already_attains,True,True,3200000,22400000,22398221
null_global,96200008,historical_moment,0.01,True,lowest_grid_point_already_attains,True,True,3200000,22400000,22398221
null_global,96200009,historical_moment,0.01,True,lowest_grid_point_already_attains,True,True,3200000,22400000,22398221
null_global,96200010,historical_moment,0.01,True,lowest_grid_point_already_attains,True,False,3200000,22400000,22398221
null_global,96200011,historical_moment,0.01,True,lowest_grid_point_already_attains,True,True,3200000,22400000,22398221
null_global,96200012,historical_moment,0.01,True,lowest_grid_point_already_attains,True,True,3200000,22400000,22398221
null_global,96200013,historical_moment,0.01,True,lowest_grid_point_already_attains,True,True,3200000,22400000,22398221
null_global,96200014,historical_moment,0.01,True,lowest_grid_point_already_attains,True,True,3200000,22400000,22398221
null_global,96200015,historical_moment,0.01,True,lowest_grid_point_already_attains,True,True,3200000,22400000,22398221
null_global,96200016,historical_moment,0.01,True,lowest_grid_point_already_attains,True,True,3200000,22400000,22398221
null_global,96200017,historical_moment,0.01,True,lowest_grid_point_already_attains,True,False,3200000,22400000,22398221
null_global,96200018,historical_moment,0.01,True,lowest_grid_point_already_attains,True,True,3200000,22400000,22398221
null_global,96200019,historical_moment,0.01,True,lowest_grid_point_already_attains,True,True,3200000,22400000,22398221
null_global,96200020,historical_moment,0.01,True,lowest_grid_point_already_attains,True,True,3200000,22400000,22398221
null_global,96200021,historical_moment,0.01,True,lowest_grid_point_already_attains,True,False,3200000,22400000,22398221
null_global,96200022,historical_moment,0.01,True,lowest_grid_point_already_attains,True,True,3200000,22400000,22398221
null_global,96200023,historical_moment,0.01,True,lowest_grid_point_already_attains,True,False,3200000,22400000,22398221
null_global,96200024,historical_moment,0.01,True,lowest_grid_point_already_attains,True,True,3200000,22400000,22398221
null_global,96200025,historical_moment,0.01,True,lowest_grid_point_already_attains,True,False,3200000,22400000,22398221
null_global,96200026,historical_moment,0.01,True,lowest_grid_point_already_attains,True,True,3200000,22400000,22398221
null_global,96200027,historical_moment,0.01,True,lowest_grid_point_already_attains,True,True,3200000,22400000,22398221
null_global,96200028,historical_moment,0.01,True,lowest_grid_point_already_attains,True,True,3200000,22400000,22398221
null_global,96200029,historical_moment,0.01,True,lowest_grid_point_already_attains,True,False,3200000,22400000,22398221
null_global,96200030,historical_moment,0.01,True,lowest_grid_point_already_attains,True,False,3200000,22400000,22398221
null_global,96200031,historical_moment,0.01,True,lowest_grid_point_already_attains,True,True,3200000,22400000,22398221
null_global,96200000,random_growth128,0.01,True,lowest_grid_point_already_attains,True,True,3200000,22400000,22398551
null_global,96200001,random_growth128,0.01,True,lowest_grid_point_already_attains,True,True,3200000,22400000,22398551
null_global,96200002,random_growth128,0.01,True,lowest_grid_point_already_attains,True,False,3200000,22400000,22398551
null_global,96200003,random_growth128,0.01,True,first_evaluated_final_grid_attainment,True,True,8000000,56000000,55998407
null_global,96200004,random_growth128,0.01,True,lowest_grid_point_already_attains,True,True,3200000,22400000,22398551
null_global,96200005,random_growth128,0.01,True,lowest_grid_point_already_attains,True,True,3200000,22400000,22398551
null_global,96200006,random_growth128,0.01,True,lowest_grid_point_already_attains,True,True,3200000,22400000,22398551
null_global,96200007,random_growth128,0.01,True,lowest_grid_point_already_attains,True,True,3200000,22400000,22398551
null_global,96200008,random_growth128,0.01,True,lowest_grid_point_already_attains,True,True,3200000,22400000,22398551
null_global,96200009,random_growth128,0.01,True,lowest_grid_point_already_attains,True,True,3200000,22400000,22398551
null_global,96200010,random_growth128,0.01,True,lowest_grid_point_already_attains,True,True,3200000,22400000,22398551
null_global,96200011,random_growth128,0.01,True,lowest_grid_point_already_attains,True,True,3200000,22400000,22398551
null_global,96200012,random_growth128,0.01,True,lowest_grid_point_already_attains,True,True,3200000,22400000,22398551
null_global,96200013,random_growth128,0.01,True,lowest_grid_point_already_attains,True,True,3200000,22400000,22398551
null_global,96200014,random_growth128,0.01,True,first_evaluated_final_grid_attainment,True,True,6400000,44800000,44797931
null_global,96200015,random_growth128,0.01,True,lowest_grid_point_already_attains,True,True,3200000,22400000,22398551
null_global,96200016,random_growth128,0.01,True,lowest_grid_point_already_attains,True,True,3200000,22400000,22398551
null_global,96200017,random_growth128,0.01,True,lowest_grid_point_already_attains,True,False,3200000,22400000,22398551
null_global,96200018,random_growth128,0.01,True,lowest_grid_point_already_attains,True,True,3200000,22400000,22398551
null_global,96200019,random_growth128,0.01,True,lowest_grid_point_already_attains,True,False,3200000,22400000,22398551
null_global,96200020,random_growth128,0.01,True,first_evaluated_final_grid_attainment,True,False,10000000,70000000,69994933
null_global,96200021,random_growth128,0.01,True,lowest_grid_point_already_attains,True,True,3200000,22400000,22398551
null_global,96200022,random_growth128,0.01,True,lowest_grid_point_already_attains,True,True,3200000,22400000,22398551
null_global,96200023,random_growth128,0.01,True,lowest_grid_point_already_attains,True,True,3200000,22400000,22398551
null_global,96200024,random_growth128,0.01,True,first_evaluated_final_grid_attainment,True,True,5000000,35000000,34992731
null_global,96200025,random_growth128,0.01,True,lowest_grid_point_already_attains,True,True,3200000,22400000,22398551
null_global,96200026,random_growth128,0.01,True,lowest_grid_point_already_attains,True,True,3200000,22400000,22398551
null_global,96200027,random_growth128,0.01,True,lowest_grid_point_already_attains,True,True,3200000,22400000,22398551
null_global,96200028,random_growth128,0.01,True,lowest_grid_point_already_attains,True,True,3200000,22400000,22398551
null_global,96200029,random_growth128,0.01,True,lowest_grid_point_already_attains,True,False,3200000,22400000,22398551
null_global,96200030,random_growth128,0.01,True,lowest_grid_point_already_attains,True,False,3200000,22400000,22398551
null_global,96200031,random_growth128,0.01,True,lowest_grid_point_already_attains,True,True,3200000,22400000,22398551
null_global,96200000,random_growth138,0.01,True,lowest_grid_point_already_attains,True,True,3200000,22400000,22399015
null_global,96200001,random_growth138,0.01,True,lowest_grid_point_already_attains,True,True,3200000,22400000,22399015
null_global,96200002,random_growth138,0.01,True,lowest_grid_point_already_attains,True,False,3200000,22400000,22399015
null_global,96200003,random_growth138,0.01,True,lowest_grid_point_already_attains,True,True,3200000,22400000,22399015
null_global,96200004,random_growth138,0.01,True,lowest_grid_point_already_attains,True,True,3200000,22400000,22399015
null_global,96200005,random_growth138,0.01,True,lowest_grid_point_already_attains,True,True,3200000,22400000,22399015
null_global,96200006,random_growth138,0.01,False,not_attained_within_grid,True,False,,,
null_global,96200007,random_growth138,0.01,True,lowest_grid_point_already_attains,True,True,3200000,22400000,22399015
null_global,96200008,random_growth138,0.01,False,not_attained_within_grid,True,False,,,
null_global,96200009,random_growth138,0.01,True,lowest_grid_point_already_attains,True,True,3200000,22400000,22399015
null_global,96200010,random_growth138,0.01,True,lowest_grid_point_already_attains,True,False,3200000,22400000,22399015
null_global,96200011,random_growth138,0.01,True,lowest_grid_point_already_attains,True,True,3200000,22400000,22399015
null_global,96200012,random_growth138,0.01,True,lowest_grid_point_already_attains,True,True,3200000,22400000,22399015
null_global,96200013,random_growth138,0.01,True,lowest_grid_point_already_attains,True,True,3200000,22400000,22399015
null_global,96200014,random_growth138,0.01,True,lowest_grid_point_already_attains,True,True,3200000,22400000,22399015
null_global,96200015,random_growth138,0.01,True,lowest_grid_point_already_attains,True,True,3200000,22400000,22399015
null_global,96200016,random_growth138,0.01,True,first_evaluated_final_grid_attainment,True,True,8000000,56000000,55998839
null_global,96200017,random_growth138,0.01,True,lowest_grid_point_already_attains,True,True,3200000,22400000,22399015
null_global,96200018,random_growth138,0.01,True,lowest_grid_point_already_attains,True,True,3200000,22400000,22399015
null_global,96200019,random_growth138,0.01,True,lowest_grid_point_already_attains,True,False,3200000,22400000,22399015
null_global,96200020,random_growth138,0.01,True,lowest_grid_point_already_attains,True,True,3200000,22400000,22399015
null_global,96200021,random_growth138,0.01,True,lowest_grid_point_already_attains,True,True,3200000,22400000,22399015
null_global,96200022,random_growth138,0.01,True,lowest_grid_point_already_attains,True,True,3200000,22400000,22399015
null_global,96200023,random_growth138,0.01,True,lowest_grid_point_already_attains,True,False,3200000,22400000,22399015
null_global,96200024,random_growth138,0.01,True,lowest_grid_point_already_attains,True,True,3200000,22400000,22399015
null_global,96200025,random_growth138,0.01,True,lowest_grid_point_already_attains,True,True,3200000,22400000,22399015
null_global,96200026,random_growth138,0.01,True,lowest_grid_point_already_attains,True,False,3200000,22400000,22399015
null_global,96200027,random_growth138,0.01,True,lowest_grid_point_already_attains,True,True,3200000,22400000,22399015
null_global,96200028,random_growth138,0.01,True,lowest_grid_point_already_attains,True,True,3200000,22400000,22399015
null_global,96200029,random_growth138,0.01,True,lowest_grid_point_already_attains,True,False,3200000,22400000,22399015
null_global,96200030,random_growth138,0.01,True,lowest_grid_point_already_attains,True,False,3200000,22400000,22399015
null_global,96200031,random_growth138,0.01,True,lowest_grid_point_already_attains,True,True,3200000,22400000,22399015
null_global,96200000,fixed7,0.01,True,lowest_grid_point_already_attains,True,False,3200000,22400000,22396527
null_global,96200001,fixed7,0.01,True,lowest_grid_point_already_attains,True,True,3200000,22400000,22396527
null_global,96200002,fixed7,0.01,True,lowest_grid_point_already_attains,True,False,3200000,22400000,22396527
null_global,96200003,fixed7,0.01,True,lowest_grid_point_already_attains,True,True,3200000,22400000,22396527
null_global,96200004,fixed7,0.01,True,lowest_grid_point_already_attains,True,True,3200000,22400000,22396527
null_global,96200005,fixed7,0.01,True,lowest_grid_point_already_attains,True,True,3200000,22400000,22396527
null_global,96200006,fixed7,0.01,True,lowest_grid_point_already_attains,True,True,3200000,22400000,22396527
null_global,96200007,fixed7,0.01,True,lowest_grid_point_already_attains,True,True,3200000,22400000,22396527
null_global,96200008,fixed7,0.01,False,not_attained_within_grid,True,False,,,
null_global,96200009,fixed7,0.01,True,lowest_grid_point_already_attains,True,False,3200000,22400000,22396527
null_global,96200010,fixed7,0.01,True,lowest_grid_point_already_attains,True,False,3200000,22400000,22396527
null_global,96200011,fixed7,0.01,True,lowest_grid_point_already_attains,True,True,3200000,22400000,22396527
null_global,96200012,fixed7,0.01,True,lowest_grid_point_already_attains,True,True,3200000,22400000,22396527
null_global,96200013,fixed7,0.01,True,lowest_grid_point_already_attains,True,True,3200000,22400000,22396527
null_global,96200014,fixed7,0.01,True,lowest_grid_point_already_attains,True,False,3200000,22400000,22396527
null_global,96200015,fixed7,0.01,True,lowest_grid_point_already_attains,True,True,3200000,22400000,22396527
null_global,96200016,fixed7,0.01,True,lowest_grid_point_already_attains,True,True,3200000,22400000,22396527
null_global,96200017,fixed7,0.01,True,lowest_grid_point_already_attains,True,True,3200000,22400000,22396527
null_global,96200018,fixed7,0.01,True,lowest_grid_point_already_attains,True,False,3200000,22400000,22396527
null_global,96200019,fixed7,0.01,True,lowest_grid_point_already_attains,True,False,3200000,22400000,22396527
null_global,96200020,fixed7,0.01,True,lowest_grid_point_already_attains,True,True,3200000,22400000,22396527
null_global,96200021,fixed7,0.01,True,lowest_grid_point_already_attains,True,True,3200000,22400000,22396527
null_global,96200022,fixed7,0.01,True,lowest_grid_point_already_attains,True,True,3200000,22400000,22396527
null_global,96200023,fixed7,0.01,True,lowest_grid_point_already_attains,True,False,3200000,22400000,22396527
null_global,96200024,fixed7,0.01,True,lowest_grid_point_already_attains,True,True,3200000,22400000,22396527
null_global,96200025,fixed7,0.01,True,lowest_grid_point_already_attains,True,True,3200000,22400000,22396527
null_global,96200026,fixed7,0.01,True,lowest_grid_point_already_attains,True,False,3200000,22400000,22396527
null_global,96200027,fixed7,0.01,True,lowest_grid_point_already_attains,True,True,3200000,22400000,22396527
null_global,96200028,fixed7,0.01,True,lowest_grid_point_already_attains,True,False,3200000,22400000,22396527
null_global,96200029,fixed7,0.01,True,lowest_grid_point_already_attains,True,False,3200000,22400000,22396527
null_global,96200030,fixed7,0.01,True,lowest_grid_point_already_attains,True,False,3200000,22400000,22396527
null_global,96200031,fixed7,0.01,True,lowest_grid_point_already_attains,True,True,3200000,22400000,22396527
lowrank_noiseless_global,96200000,historical_moment,0.01,True,lowest_grid_point_already_attains,True,False,3200000,22400000,22398221
lowrank_noiseless_global,96200001,historical_moment,0.01,True,lowest_grid_point_already_attains,False,False,3200000,22400000,22398221
lowrank_noiseless_global,96200002,historical_moment,0.01,True,lowest_grid_point_already_attains,False,False,3200000,22400000,22398221
lowrank_noiseless_global,96200003,historical_moment,0.01,True,lowest_grid_point_already_attains,True,False,3200000,22400000,22398221
lowrank_noiseless_global,96200004,historical_moment,0.01,True,lowest_grid_point_already_attains,False,False,3200000,22400000,22398221
lowrank_noiseless_global,96200005,historical_moment,0.01,True,lowest_grid_point_already_attains,False,False,3200000,22400000,22398221
lowrank_noiseless_global,96200006,historical_moment,0.01,True,lowest_grid_point_already_attains,True,False,3200000,22400000,22398221
lowrank_noiseless_global,96200007,historical_moment,0.01,True,lowest_grid_point_already_attains,False,False,3200000,22400000,22398221
lowrank_noiseless_global,96200008,historical_moment,0.01,True,lowest_grid_point_already_attains,True,False,3200000,22400000,22398221
lowrank_noiseless_global,96200009,historical_moment,0.01,True,lowest_grid_point_already_attains,False,False,3200000,22400000,22398221
lowrank_noiseless_global,96200010,historical_moment,0.01,True,lowest_grid_point_already_attains,False,False,3200000,22400000,22398221
lowrank_noiseless_global,96200011,historical_moment,0.01,True,lowest_grid_point_already_attains,False,False,3200000,22400000,22398221
lowrank_noiseless_global,96200012,historical_moment,0.01,True,lowest_grid_point_already_attains,False,False,3200000,22400000,22398221
lowrank_noiseless_global,96200013,historical_moment,0.01,True,lowest_grid_point_already_attains,False,False,3200000,22400000,22398221
lowrank_noiseless_global,96200014,historical_moment,0.01,True,lowest_grid_point_already_attains,True,False,3200000,22400000,22398221
lowrank_noiseless_global,96200015,historical_moment,0.01,True,lowest_grid_point_already_attains,False,False,3200000,22400000,22398221
lowrank_noiseless_global,96200016,historical_moment,0.01,True,lowest_grid_point_already_attains,False,False,3200000,22400000,22398221
lowrank_noiseless_global,96200017,historical_moment,0.01,True,lowest_grid_point_already_attains,True,False,3200000,22400000,22398221
lowrank_noiseless_global,96200018,historical_moment,0.01,True,lowest_grid_point_already_attains,False,False,3200000,22400000,22398221
lowrank_noiseless_global,96200019,historical_moment,0.01,True,lowest_grid_point_already_attains,False,False,3200000,22400000,22398221
lowrank_noiseless_global,96200020,historical_moment,0.01,True,lowest_grid_point_already_attains,False,False,3200000,22400000,22398221
lowrank_noiseless_global,96200021,historical_moment,0.01,True,lowest_grid_point_already_attains,False,False,3200000,22400000,22398221
lowrank_noiseless_global,96200022,historical_moment,0.01,True,lowest_grid_point_already_attains,False,False,3200000,22400000,22398221
lowrank_noiseless_global,96200023,historical_moment,0.01,True,lowest_grid_point_already_attains,False,False,3200000,22400000,22398221
lowrank_noiseless_global,96200024,historical_moment,0.01,True,lowest_grid_point_already_attains,False,False,3200000,22400000,22398221
lowrank_noiseless_global,96200025,historical_moment,0.01,True,lowest_grid_point_already_attains,True,False,3200000,22400000,22398221
lowrank_noiseless_global,96200026,historical_moment,0.01,True,lowest_grid_point_already_attains,True,False,3200000,22400000,22398221
lowrank_noiseless_global,96200027,historical_moment,0.01,True,lowest_grid_point_already_attains,False,False,3200000,22400000,22398221
lowrank_noiseless_global,96200028,historical_moment,0.01,True,lowest_grid_point_already_attains,False,False,3200000,22400000,22398221
lowrank_noiseless_global,96200029,historical_moment,0.01,True,lowest_grid_point_already_attains,False,False,3200000,22400000,22398221
lowrank_noiseless_global,96200030,historical_moment,0.01,True,lowest_grid_point_already_attains,False,False,3200000,22400000,22398221
lowrank_noiseless_global,96200031,historical_moment,0.01,True,lowest_grid_point_already_attains,True,False,3200000,22400000,22398221
lowrank_noiseless_global,96200000,random_growth128,0.01,True,lowest_grid_point_already_attains,True,False,3200000,22400000,22398551
lowrank_noiseless_global,96200001,random_growth128,0.01,True,lowest_grid_point_already_attains,True,False,3200000,22400000,22398551
lowrank_noiseless_global,96200002,random_growth128,0.01,True,lowest_grid_point_already_attains,True,False,3200000,22400000,22398551
lowrank_noiseless_global,96200003,random_growth128,0.01,True,lowest_grid_point_already_attains,True,False,3200000,22400000,22398551
lowrank_noiseless_global,96200004,random_growth128,0.01,True,lowest_grid_point_already_attains,True,False,3200000,22400000,22398551
lowrank_noiseless_global,96200005,random_growth128,0.01,True,lowest_grid_point_already_attains,False,False,3200000,22400000,22398551
lowrank_noiseless_global,96200006,random_growth128,0.01,True,lowest_grid_point_already_attains,False,False,3200000,22400000,22398551
lowrank_noiseless_global,96200007,random_growth128,0.01,True,lowest_grid_point_already_attains,False,False,3200000,22400000,22398551
lowrank_noiseless_global,96200008,random_growth128,0.01,True,lowest_grid_point_already_attains,False,False,3200000,22400000,22398551
lowrank_noiseless_global,96200009,random_growth128,0.01,True,lowest_grid_point_already_attains,True,False,3200000,22400000,22398551
lowrank_noiseless_global,96200010,random_growth128,0.01,True,lowest_grid_point_already_attains,False,False,3200000,22400000,22398551
lowrank_noiseless_global,96200011,random_growth128,0.01,True,lowest_grid_point_already_attains,False,False,3200000,22400000,22398551
lowrank_noiseless_global,96200012,random_growth128,0.01,True,lowest_grid_point_already_attains,False,False,3200000,22400000,22398551
lowrank_noiseless_global,96200013,random_growth128,0.01,True,lowest_grid_point_already_attains,False,False,3200000,22400000,22398551
lowrank_noiseless_global,96200014,random_growth128,0.01,True,lowest_grid_point_already_attains,True,False,3200000,22400000,22398551
lowrank_noiseless_global,96200015,random_growth128,0.01,True,lowest_grid_point_already_attains,True,False,3200000,22400000,22398551
lowrank_noiseless_global,96200016,random_growth128,0.01,True,lowest_grid_point_already_attains,True,False,3200000,22400000,22398551
lowrank_noiseless_global,96200017,random_growth128,0.01,True,lowest_grid_point_already_attains,False,False,3200000,22400000,22398551
lowrank_noiseless_global,96200018,random_growth128,0.01,True,lowest_grid_point_already_attains,True,False,3200000,22400000,22398551
lowrank_noiseless_global,96200019,random_growth128,0.01,True,lowest_grid_point_already_attains,True,False,3200000,22400000,22398551
lowrank_noiseless_global,96200020,random_growth128,0.01,True,lowest_grid_point_already_attains,True,False,3200000,22400000,22398551
lowrank_noiseless_global,96200021,random_growth128,0.01,True,lowest_grid_point_already_attains,True,False,3200000,22400000,22398551
lowrank_noiseless_global,96200022,random_growth128,0.01,True,lowest_grid_point_already_attains,True,False,3200000,22400000,22398551
lowrank_noiseless_global,96200023,random_growth128,0.01,True,lowest_grid_point_already_attains,True,False,3200000,22400000,22398551
lowrank_noiseless_global,96200024,random_growth128,0.01,True,lowest_grid_point_already_attains,False,False,3200000,22400000,22398551
lowrank_noiseless_global,96200025,random_growth128,0.01,True,lowest_grid_point_already_attains,True,False,3200000,22400000,22398551
lowrank_noiseless_global,96200026,random_growth128,0.01,True,lowest_grid_point_already_attains,True,False,3200000,22400000,22398551
lowrank_noiseless_global,96200027,random_growth128,0.01,True,lowest_grid_point_already_attains,True,False,3200000,22400000,22398551
lowrank_noiseless_global,96200028,random_growth128,0.01,True,lowest_grid_point_already_attains,False,False,3200000,22400000,22398551
lowrank_noiseless_global,96200029,random_growth128,0.01,True,lowest_grid_point_already_attains,True,False,3200000,22400000,22398551
lowrank_noiseless_global,96200030,random_growth128,0.01,True,lowest_grid_point_already_attains,False,False,3200000,22400000,22398551
lowrank_noiseless_global,96200031,random_growth128,0.01,True,lowest_grid_point_already_attains,False,False,3200000,22400000,22398551
lowrank_noiseless_global,96200000,random_growth138,0.01,True,lowest_grid_point_already_attains,True,False,3200000,22400000,22399015
lowrank_noiseless_global,96200001,random_growth138,0.01,True,lowest_grid_point_already_attains,True,False,3200000,22400000,22399015
lowrank_noiseless_global,96200002,random_growth138,0.01,True,lowest_grid_point_already_attains,True,False,3200000,22400000,22399015
lowrank_noiseless_global,96200003,random_growth138,0.01,True,lowest_grid_point_already_attains,False,False,3200000,22400000,22399015
lowrank_noiseless_global,96200004,random_growth138,0.01,True,lowest_grid_point_already_attains,True,False,3200000,22400000,22399015
lowrank_noiseless_global,96200005,random_growth138,0.01,True,lowest_grid_point_already_attains,True,False,3200000,22400000,22399015
lowrank_noiseless_global,96200006,random_growth138,0.01,True,lowest_grid_point_already_attains,True,False,3200000,22400000,22399015
lowrank_noiseless_global,96200007,random_growth138,0.01,True,lowest_grid_point_already_attains,False,False,3200000,22400000,22399015
lowrank_noiseless_global,96200008,random_growth138,0.01,True,lowest_grid_point_already_attains,True,False,3200000,22400000,22399015
lowrank_noiseless_global,96200009,random_growth138,0.01,True,lowest_grid_point_already_attains,True,False,3200000,22400000,22399015
lowrank_noiseless_global,96200010,random_growth138,0.01,True,lowest_grid_point_already_attains,False,False,3200000,22400000,22399015
lowrank_noiseless_global,96200011,random_growth138,0.01,True,lowest_grid_point_already_attains,False,False,3200000,22400000,22399015
lowrank_noiseless_global,96200012,random_growth138,0.01,True,lowest_grid_point_already_attains,False,False,3200000,22400000,22399015
lowrank_noiseless_global,96200013,random_growth138,0.01,True,lowest_grid_point_already_attains,False,False,3200000,22400000,22399015
lowrank_noiseless_global,96200014,random_growth138,0.01,True,lowest_grid_point_already_attains,True,False,3200000,22400000,22399015
lowrank_noiseless_global,96200015,random_growth138,0.01,True,lowest_grid_point_already_attains,True,False,3200000,22400000,22399015
lowrank_noiseless_global,96200016,random_growth138,0.01,True,lowest_grid_point_already_attains,False,False,3200000,22400000,22399015
lowrank_noiseless_global,96200017,random_growth138,0.01,True,lowest_grid_point_already_attains,False,False,3200000,22400000,22399015
lowrank_noiseless_global,96200018,random_growth138,0.01,True,lowest_grid_point_already_attains,True,False,3200000,22400000,22399015
lowrank_noiseless_global,96200019,random_growth138,0.01,True,lowest_grid_point_already_attains,False,False,3200000,22400000,22399015
lowrank_noiseless_global,96200020,random_growth138,0.01,True,lowest_grid_point_already_attains,True,False,3200000,22400000,22399015
lowrank_noiseless_global,96200021,random_growth138,0.01,True,lowest_grid_point_already_attains,True,False,3200000,22400000,22399015
lowrank_noiseless_global,96200022,random_growth138,0.01,True,lowest_grid_point_already_attains,False,False,3200000,22400000,22399015
lowrank_noiseless_global,96200023,random_growth138,0.01,True,lowest_grid_point_already_attains,True,False,3200000,22400000,22399015
lowrank_noiseless_global,96200024,random_growth138,0.01,True,lowest_grid_point_already_attains,False,False,3200000,22400000,22399015
lowrank_noiseless_global,96200025,random_growth138,0.01,True,lowest_grid_point_already_attains,False,False,3200000,22400000,22399015
lowrank_noiseless_global,96200026,random_growth138,0.01,True,lowest_grid_point_already_attains,True,False,3200000,22400000,22399015
lowrank_noiseless_global,96200027,random_growth138,0.01,True,lowest_grid_point_already_attains,True,False,3200000,22400000,22399015
lowrank_noiseless_global,96200028,random_growth138,0.01,True,lowest_grid_point_already_attains,False,False,3200000,22400000,22399015
lowrank_noiseless_global,96200029,random_growth138,0.01,True,lowest_grid_point_already_attains,True,False,3200000,22400000,22399015
lowrank_noiseless_global,96200030,random_growth138,0.01,True,lowest_grid_point_already_attains,False,False,3200000,22400000,22399015
lowrank_noiseless_global,96200031,random_growth138,0.01,True,lowest_grid_point_already_attains,False,False,3200000,22400000,22399015
lowrank_noiseless_global,96200000,fixed7,0.01,True,lowest_grid_point_already_attains,False,False,3200000,22400000,22396527
lowrank_noiseless_global,96200001,fixed7,0.01,True,lowest_grid_point_already_attains,False,False,3200000,22400000,22396527
lowrank_noiseless_global,96200002,fixed7,0.01,True,lowest_grid_point_already_attains,False,False,3200000,22400000,22396527
lowrank_noiseless_global,96200003,fixed7,0.01,True,lowest_grid_point_already_attains,False,False,3200000,22400000,22396527
lowrank_noiseless_global,96200004,fixed7,0.01,True,lowest_grid_point_already_attains,False,False,3200000,22400000,22396527
lowrank_noiseless_global,96200005,fixed7,0.01,True,lowest_grid_point_already_attains,False,False,3200000,22400000,22396527
lowrank_noiseless_global,96200006,fixed7,0.01,True,lowest_grid_point_already_attains,False,False,3200000,22400000,22396527
lowrank_noiseless_global,96200007,fixed7,0.01,True,lowest_grid_point_already_attains,False,False,3200000,22400000,22396527
lowrank_noiseless_global,96200008,fixed7,0.01,True,lowest_grid_point_already_attains,False,False,3200000,22400000,22396527
lowrank_noiseless_global,96200009,fixed7,0.01,True,lowest_grid_point_already_attains,False,False,3200000,22400000,22396527
lowrank_noiseless_global,96200010,fixed7,0.01,True,lowest_grid_point_already_attains,False,False,3200000,22400000,22396527
lowrank_noiseless_global,96200011,fixed7,0.01,True,lowest_grid_point_already_attains,False,False,3200000,22400000,22396527
lowrank_noiseless_global,96200012,fixed7,0.01,True,lowest_grid_point_already_attains,False,False,3200000,22400000,22396527
lowrank_noiseless_global,96200013,fixed7,0.01,True,lowest_grid_point_already_attains,False,False,3200000,22400000,22396527
lowrank_noiseless_global,96200014,fixed7,0.01,True,lowest_grid_point_already_attains,False,False,3200000,22400000,22396527
lowrank_noiseless_global,96200015,fixed7,0.01,True,lowest_grid_point_already_attains,False,False,3200000,22400000,22396527
lowrank_noiseless_global,96200016,fixed7,0.01,True,lowest_grid_point_already_attains,False,False,3200000,22400000,22396527
lowrank_noiseless_global,96200017,fixed7,0.01,True,lowest_grid_point_already_attains,False,False,3200000,22400000,22396527
lowrank_noiseless_global,96200018,fixed7,0.01,True,lowest_grid_point_already_attains,False,False,3200000,22400000,22396527
lowrank_noiseless_global,96200019,fixed7,0.01,True,lowest_grid_point_already_attains,False,False,3200000,22400000,22396527
lowrank_noiseless_global,96200020,fixed7,0.01,True,lowest_grid_point_already_attains,False,False,3200000,22400000,22396527
lowrank_noiseless_global,96200021,fixed7,0.01,True,lowest_grid_point_already_attains,False,False,3200000,22400000,22396527
lowrank_noiseless_global,96200022,fixed7,0.01,True,lowest_grid_point_already_attains,False,False,3200000,22400000,22396527
lowrank_noiseless_global,96200023,fixed7,0.01,True,lowest_grid_point_already_attains,False,False,3200000,22400000,22396527
lowrank_noiseless_global,96200024,fixed7,0.01,True,lowest_grid_point_already_attains,False,False,3200000,22400000,22396527
lowrank_noiseless_global,96200025,fixed7,0.01,True,lowest_grid_point_already_attains,False,False,3200000,22400000,22396527
lowrank_noiseless_global,96200026,fixed7,0.01,True,lowest_grid_point_already_attains,False,False,3200000,22400000,22396527
lowrank_noiseless_global,96200027,fixed7,0.01,True,lowest_grid_point_already_attains,False,False,3200000,22400000,22396527
lowrank_noiseless_global,96200028,fixed7,0.01,True,lowest_grid_point_already_attains,False,False,3200000,22400000,22396527
lowrank_noiseless_global,96200029,fixed7,0.01,True,lowest_grid_point_already_attains,False,False,3200000,22400000,22396527
lowrank_noiseless_global,96200030,fixed7,0.01,True,lowest_grid_point_already_attains,False,False,3200000,22400000,22396527
lowrank_noiseless_global,96200031,fixed7,0.01,True,lowest_grid_point_already_attains,False,False,3200000,22400000,22396527
indefinite_noisy_local,96100000,historical_moment,0.01,True,lowest_grid_point_already_attains,True,False,3200000,22400000,22398221
indefinite_noisy_local,96100001,historical_moment,0.01,True,lowest_grid_point_already_attains,True,False,3200000,22400000,22398221
indefinite_noisy_local,96100002,historical_moment,0.01,True,lowest_grid_point_already_attains,True,False,3200000,22400000,22398221
indefinite_noisy_local,96100003,historical_moment,0.01,True,lowest_grid_point_already_attains,True,False,3200000,22400000,22398221
indefinite_noisy_local,96100004,historical_moment,0.01,True,lowest_grid_point_already_attains,True,False,3200000,22400000,22398221
indefinite_noisy_local,96100005,historical_moment,0.01,True,lowest_grid_point_already_attains,True,False,3200000,22400000,22398221
indefinite_noisy_local,96100006,historical_moment,0.01,True,lowest_grid_point_already_attains,True,False,3200000,22400000,22398221
indefinite_noisy_local,96100007,historical_moment,0.01,True,lowest_grid_point_already_attains,True,False,3200000,22400000,22398221
indefinite_noisy_local,96100008,historical_moment,0.01,True,lowest_grid_point_already_attains,True,False,3200000,22400000,22398221
indefinite_noisy_local,96100009,historical_moment,0.01,True,lowest_grid_point_already_attains,True,False,3200000,22400000,22398221
indefinite_noisy_local,96100010,historical_moment,0.01,True,lowest_grid_point_already_attains,True,False,3200000,22400000,22398221
indefinite_noisy_local,96100011,historical_moment,0.01,True,lowest_grid_point_already_attains,True,False,3200000,22400000,22398221
indefinite_noisy_local,96100012,historical_moment,0.01,True,lowest_grid_point_already_attains,True,False,3200000,22400000,22398221
indefinite_noisy_local,96100013,historical_moment,0.01,True,lowest_grid_point_already_attains,True,False,3200000,22400000,22398221
indefinite_noisy_local,96100014,historical_moment,0.01,True,lowest_grid_point_already_attains,True,False,3200000,22400000,22398221
indefinite_noisy_local,96100015,historical_moment,0.01,True,lowest_grid_point_already_attains,True,False,3200000,22400000,22398221
indefinite_noisy_local,96100016,historical_moment,0.01,True,lowest_grid_point_already_attains,True,False,3200000,22400000,22398221
indefinite_noisy_local,96100017,historical_moment,0.01,True,lowest_grid_point_already_attains,True,False,3200000,22400000,22398221
indefinite_noisy_local,96100018,historical_moment,0.01,True,lowest_grid_point_already_attains,True,False,3200000,22400000,22398221
indefinite_noisy_local,96100019,historical_moment,0.01,True,lowest_grid_point_already_attains,True,False,3200000,22400000,22398221
indefinite_noisy_local,96100020,historical_moment,0.01,True,lowest_grid_point_already_attains,True,False,3200000,22400000,22398221
indefinite_noisy_local,96100021,historical_moment,0.01,True,lowest_grid_point_already_attains,True,False,3200000,22400000,22398221
indefinite_noisy_local,96100022,historical_moment,0.01,True,lowest_grid_point_already_attains,True,False,3200000,22400000,22398221
indefinite_noisy_local,96100023,historical_moment,0.01,True,lowest_grid_point_already_attains,True,False,3200000,22400000,22398221
indefinite_noisy_local,96100024,historical_moment,0.01,True,lowest_grid_point_already_attains,True,False,3200000,22400000,22398221
indefinite_noisy_local,96100025,historical_moment,0.01,True,lowest_grid_point_already_attains,True,False,3200000,22400000,22398221
indefinite_noisy_local,96100026,historical_moment,0.01,True,lowest_grid_point_already_attains,True,False,3200000,22400000,22398221
indefinite_noisy_local,96100027,historical_moment,0.01,True,lowest_grid_point_already_attains,True,False,3200000,22400000,22398221
indefinite_noisy_local,96100028,historical_moment,0.01,True,lowest_grid_point_already_attains,True,False,3200000,22400000,22398221
indefinite_noisy_local,96100029,historical_moment,0.01,True,lowest_grid_point_already_attains,True,False,3200000,22400000,22398221
indefinite_noisy_local,96100030,historical_moment,0.01,True,lowest_grid_point_already_attains,True,False,3200000,22400000,22398221
indefinite_noisy_local,96100031,historical_moment,0.01,True,lowest_grid_point_already_attains,True,False,3200000,22400000,22398221
indefinite_noisy_local,96100000,random_growth128,0.01,True,lowest_grid_point_already_attains,True,False,3200000,22400000,22398551
indefinite_noisy_local,96100001,random_growth128,0.01,True,lowest_grid_point_already_attains,True,False,3200000,22400000,22398551
indefinite_noisy_local,96100002,random_growth128,0.01,True,lowest_grid_point_already_attains,True,False,3200000,22400000,22398551
indefinite_noisy_local,96100003,random_growth128,0.01,True,lowest_grid_point_already_attains,True,False,3200000,22400000,22398551
indefinite_noisy_local,96100004,random_growth128,0.01,True,lowest_grid_point_already_attains,True,False,3200000,22400000,22398551
indefinite_noisy_local,96100005,random_growth128,0.01,True,lowest_grid_point_already_attains,True,False,3200000,22400000,22398551
indefinite_noisy_local,96100006,random_growth128,0.01,True,lowest_grid_point_already_attains,True,False,3200000,22400000,22398551
indefinite_noisy_local,96100007,random_growth128,0.01,True,lowest_grid_point_already_attains,True,False,3200000,22400000,22398551
indefinite_noisy_local,96100008,random_growth128,0.01,True,lowest_grid_point_already_attains,True,False,3200000,22400000,22398551
indefinite_noisy_local,96100009,random_growth128,0.01,True,lowest_grid_point_already_attains,True,False,3200000,22400000,22398551
indefinite_noisy_local,96100010,random_growth128,0.01,True,lowest_grid_point_already_attains,True,False,3200000,22400000,22398551
indefinite_noisy_local,96100011,random_growth128,0.01,True,lowest_grid_point_already_attains,True,False,3200000,22400000,22398551
indefinite_noisy_local,96100012,random_growth128,0.01,True,lowest_grid_point_already_attains,True,False,3200000,22400000,22398551
indefinite_noisy_local,96100013,random_growth128,0.01,True,lowest_grid_point_already_attains,True,False,3200000,22400000,22398551
indefinite_noisy_local,96100014,random_growth128,0.01,True,lowest_grid_point_already_attains,True,False,3200000,22400000,22398551
indefinite_noisy_local,96100015,random_growth128,0.01,True,lowest_grid_point_already_attains,True,False,3200000,22400000,22398551
indefinite_noisy_local,96100016,random_growth128,0.01,True,lowest_grid_point_already_attains,True,False,3200000,22400000,22398551
indefinite_noisy_local,96100017,random_growth128,0.01,True,lowest_grid_point_already_attains,True,False,3200000,22400000,22398551
indefinite_noisy_local,96100018,random_growth128,0.01,True,lowest_grid_point_already_attains,True,False,3200000,22400000,22398551
indefinite_noisy_local,96100019,random_growth128,0.01,True,lowest_grid_point_already_attains,True,False,3200000,22400000,22398551
indefinite_noisy_local,96100020,random_growth128,0.01,True,lowest_grid_point_already_attains,True,False,3200000,22400000,22398551
indefinite_noisy_local,96100021,random_growth128,0.01,True,lowest_grid_point_already_attains,True,False,3200000,22400000,22398551
indefinite_noisy_local,96100022,random_growth128,0.01,True,lowest_grid_point_already_attains,True,True,3200000,22400000,22398551
indefinite_noisy_local,96100023,random_growth128,0.01,True,lowest_grid_point_already_attains,True,False,3200000,22400000,22398551
indefinite_noisy_local,96100024,random_growth128,0.01,True,first_evaluated_final_grid_attainment,True,False,5000000,35000000,34992731
indefinite_noisy_local,96100025,random_growth128,0.01,True,lowest_grid_point_already_attains,True,True,3200000,22400000,22398551
indefinite_noisy_local,96100026,random_growth128,0.01,True,lowest_grid_point_already_attains,True,False,3200000,22400000,22398551
indefinite_noisy_local,96100027,random_growth128,0.01,True,lowest_grid_point_already_attains,True,False,3200000,22400000,22398551
indefinite_noisy_local,96100028,random_growth128,0.01,True,lowest_grid_point_already_attains,True,False,3200000,22400000,22398551
indefinite_noisy_local,96100029,random_growth128,0.01,True,lowest_grid_point_already_attains,True,False,3200000,22400000,22398551
indefinite_noisy_local,96100030,random_growth128,0.01,True,lowest_grid_point_already_attains,True,False,3200000,22400000,22398551
indefinite_noisy_local,96100031,random_growth128,0.01,True,lowest_grid_point_already_attains,True,False,3200000,22400000,22398551
indefinite_noisy_local,96100000,random_growth138,0.01,True,lowest_grid_point_already_attains,True,False,3200000,22400000,22399015
indefinite_noisy_local,96100001,random_growth138,0.01,True,lowest_grid_point_already_attains,True,False,3200000,22400000,22399015
indefinite_noisy_local,96100002,random_growth138,0.01,True,lowest_grid_point_already_attains,True,False,3200000,22400000,22399015
indefinite_noisy_local,96100003,random_growth138,0.01,True,lowest_grid_point_already_attains,True,False,3200000,22400000,22399015
indefinite_noisy_local,96100004,random_growth138,0.01,True,lowest_grid_point_already_attains,True,False,3200000,22400000,22399015
indefinite_noisy_local,96100005,random_growth138,0.01,True,lowest_grid_point_already_attains,True,False,3200000,22400000,22399015
indefinite_noisy_local,96100006,random_growth138,0.01,True,lowest_grid_point_already_attains,True,False,3200000,22400000,22399015
indefinite_noisy_local,96100007,random_growth138,0.01,True,lowest_grid_point_already_attains,True,False,3200000,22400000,22399015
indefinite_noisy_local,96100008,random_growth138,0.01,True,lowest_grid_point_already_attains,True,False,3200000,22400000,22399015
indefinite_noisy_local,96100009,random_growth138,0.01,True,lowest_grid_point_already_attains,True,False,3200000,22400000,22399015
indefinite_noisy_local,96100010,random_growth138,0.01,True,lowest_grid_point_already_attains,True,False,3200000,22400000,22399015
indefinite_noisy_local,96100011,random_growth138,0.01,True,lowest_grid_point_already_attains,True,False,3200000,22400000,22399015
indefinite_noisy_local,96100012,random_growth138,0.01,True,lowest_grid_point_already_attains,True,False,3200000,22400000,22399015
indefinite_noisy_local,96100013,random_growth138,0.01,True,lowest_grid_point_already_attains,True,False,3200000,22400000,22399015
indefinite_noisy_local,96100014,random_growth138,0.01,True,lowest_grid_point_already_attains,True,False,3200000,22400000,22399015
indefinite_noisy_local,96100015,random_growth138,0.01,True,lowest_grid_point_already_attains,True,False,3200000,22400000,22399015
indefinite_noisy_local,96100016,random_growth138,0.01,True,lowest_grid_point_already_attains,False,False,3200000,22400000,22399015
indefinite_noisy_local,96100017,random_growth138,0.01,True,lowest_grid_point_already_attains,True,False,3200000,22400000,22399015
indefinite_noisy_local,96100018,random_growth138,0.01,True,lowest_grid_point_already_attains,True,False,3200000,22400000,22399015
indefinite_noisy_local,96100019,random_growth138,0.01,True,lowest_grid_point_already_attains,True,False,3200000,22400000,22399015
indefinite_noisy_local,96100020,random_growth138,0.01,True,lowest_grid_point_already_attains,True,False,3200000,22400000,22399015
indefinite_noisy_local,96100021,random_growth138,0.01,True,lowest_grid_point_already_attains,True,False,3200000,22400000,22399015
indefinite_noisy_local,96100022,random_growth138,0.01,True,lowest_grid_point_already_attains,True,False,3200000,22400000,22399015
indefinite_noisy_local,96100023,random_growth138,0.01,True,lowest_grid_point_already_attains,True,False,3200000,22400000,22399015
indefinite_noisy_local,96100024,random_growth138,0.01,True,first_evaluated_final_grid_attainment,True,False,5000000,35000000,34998747
indefinite_noisy_local,96100025,random_growth138,0.01,True,lowest_grid_point_already_attains,True,False,3200000,22400000,22399015
indefinite_noisy_local,96100026,random_growth138,0.01,True,lowest_grid_point_already_attains,True,False,3200000,22400000,22399015
indefinite_noisy_local,96100027,random_growth138,0.01,True,lowest_grid_point_already_attains,True,False,3200000,22400000,22399015
indefinite_noisy_local,96100028,random_growth138,0.01,True,lowest_grid_point_already_attains,True,False,3200000,22400000,22399015
indefinite_noisy_local,96100029,random_growth138,0.01,True,lowest_grid_point_already_attains,True,False,3200000,22400000,22399015
indefinite_noisy_local,96100030,random_growth138,0.01,True,lowest_grid_point_already_attains,True,False,3200000,22400000,22399015
indefinite_noisy_local,96100031,random_growth138,0.01,True,lowest_grid_point_already_attains,True,False,3200000,22400000,22399015
indefinite_noisy_local,96100000,fixed7,0.01,True,lowest_grid_point_already_attains,True,False,3200000,22400000,22396527
indefinite_noisy_local,96100001,fixed7,0.01,True,lowest_grid_point_already_attains,True,False,3200000,22400000,22396527
indefinite_noisy_local,96100002,fixed7,0.01,True,lowest_grid_point_already_attains,True,False,3200000,22400000,22396527
indefinite_noisy_local,96100003,fixed7,0.01,False,not_attained_within_grid,True,False,,,
indefinite_noisy_local,96100004,fixed7,0.01,True,lowest_grid_point_already_attains,True,False,3200000,22400000,22396527
indefinite_noisy_local,96100005,fixed7,0.01,True,lowest_grid_point_already_attains,True,False,3200000,22400000,22396527
indefinite_noisy_local,96100006,fixed7,0.01,True,lowest_grid_point_already_attains,True,False,3200000,22400000,22396527
indefinite_noisy_local,96100007,fixed7,0.01,True,lowest_grid_point_already_attains,True,False,3200000,22400000,22396527
indefinite_noisy_local,96100008,fixed7,0.01,True,lowest_grid_point_already_attains,True,False,3200000,22400000,22396527
indefinite_noisy_local,96100009,fixed7,0.01,True,lowest_grid_point_already_attains,True,False,3200000,22400000,22396527
indefinite_noisy_local,96100010,fixed7,0.01,True,lowest_grid_point_already_attains,True,False,3200000,22400000,22396527
indefinite_noisy_local,96100011,fixed7,0.01,True,lowest_grid_point_already_attains,True,False,3200000,22400000,22396527
indefinite_noisy_local,96100012,fixed7,0.01,True,lowest_grid_point_already_attains,True,False,3200000,22400000,22396527
indefinite_noisy_local,96100013,fixed7,0.01,True,lowest_grid_point_already_attains,True,False,3200000,22400000,22396527
indefinite_noisy_local,96100014,fixed7,0.01,True,lowest_grid_point_already_attains,True,False,3200000,22400000,22396527
indefinite_noisy_local,96100015,fixed7,0.01,True,lowest_grid_point_already_attains,True,True,3200000,22400000,22396527
indefinite_noisy_local,96100016,fixed7,0.01,True,lowest_grid_point_already_attains,True,False,3200000,22400000,22396527
indefinite_noisy_local,96100017,fixed7,0.01,True,lowest_grid_point_already_attains,True,False,3200000,22400000,22396527
indefinite_noisy_local,96100018,fixed7,0.01,True,lowest_grid_point_already_attains,True,False,3200000,22400000,22396527
indefinite_noisy_local,96100019,fixed7,0.01,True,lowest_grid_point_already_attains,True,False,3200000,22400000,22396527
indefinite_noisy_local,96100020,fixed7,0.01,True,lowest_grid_point_already_attains,True,False,3200000,22400000,22396527
indefinite_noisy_local,96100021,fixed7,0.01,True,lowest_grid_point_already_attains,True,False,3200000,22400000,22396527
indefinite_noisy_local,96100022,fixed7,0.01,True,lowest_grid_point_already_attains,True,False,3200000,22400000,22396527
indefinite_noisy_local,96100023,fixed7,0.01,True,lowest_grid_point_already_attains,True,False,3200000,22400000,22396527
indefinite_noisy_local,96100024,fixed7,0.01,True,lowest_grid_point_already_attains,True,False,3200000,22400000,22396527
indefinite_noisy_local,96100025,fixed7,0.01,False,not_attained_within_grid,True,False,,,
indefinite_noisy_local,96100026,fixed7,0.01,True,lowest_grid_point_already_attains,True,False,3200000,22400000,22396527
indefinite_noisy_local,96100027,fixed7,0.01,True,lowest_grid_point_already_attains,True,False,3200000,22400000,22396527
indefinite_noisy_local,96100028,fixed7,0.01,True,lowest_grid_point_already_attains,True,False,3200000,22400000,22396527
indefinite_noisy_local,96100029,fixed7,0.01,True,lowest_grid_point_already_attains,True,False,3200000,22400000,22396527
indefinite_noisy_local,96100030,fixed7,0.01,True,lowest_grid_point_already_attains,True,False,3200000,22400000,22396527
indefinite_noisy_local,96100031,fixed7,0.01,True,lowest_grid_point_already_attains,True,False,3200000,22400000,22396527
