path,bytes,sha256,reason,identical_to
analysis/__pycache__/analyze.cpython-312.pyc,64355,24ea2bf03bd2ccd67eaa454f11a34e43390cb4e90731463f5b40892a0c38c98f,cache or machine metadata,
analysis/confirmation/.cache/fontconfig/00d5189c1d5ced4af9bb23cbaa9b1e94-le64.cache-9,136,de9ecdc1fd4161647553947ea0fa332caf15669b314192d0aed2a45210884493,cache or machine metadata,
analysis/confirmation/.cache/fontconfig/84c0f976e30e948e99073af70f4ae876-le64.cache-9,119624,a0947bc3c13ef0096065e29673f878a65f50120b9543540277b39748f58cafa3,cache or machine metadata,
analysis/confirmation/.cache/fontconfig/CACHEDIR.TAG,200,05e7633fb31bf1f6f8d89020c16b9f24587fdf7638e951c9745b192f5fc3b682,cache or machine metadata,
analysis/confirmation/.cache/fontconfig/b0a71e6bf6a8a1a908413a823d76e21f-le64.cache-9,4877536,58ac3a14fc26d65dbe1459726ac69e573a1197f71854223b646763ba7cd2d518,cache or machine metadata,
analysis/confirmation/.cache/fontconfig/c6cafe6b1a56ed8b739253d6df90ca6a-le64.cache-9,1159360,3d28379dba33be484e97b4c67c95ee4624a9e5ef4e94c45002e3bc57ef522389,cache or machine metadata,
analysis/confirmation/.matplotlib/fontlist-v3.11.0.json,308529,f8999ad352b4ad3c96065bfc88b2d5909be9592385be07ad95acf8dcbd2be2cf,cache or machine metadata,
analysis/qa_smoke_render/.matplotlib/fontlist-v3.11.0.json,308529,b5bcf4d9bd1097f56356e78763871b7c531ae9a8f87e654170812908b293c21a,cache or machine metadata,
analysis/qa_smoke_render/auc_table.tex,676,4dbbfb53d6860ff26b1bceaf4f36bffedf7592d066bef2b1b5433de292f0b0b3,duplicate development rendering,
analysis/qa_smoke_render/check.aux,751,ad158fccb42d0530f54335b2e6905b215698745c1f2ea3739c54771d35063e7e,build/log/cache or third-party source extraction,
analysis/qa_smoke_render/check.log,6960,3cec58ee98382466351127c45e7d8fa6865182dc80a35040823c56b5cccf477a,build/log/cache or third-party source extraction,
analysis/qa_smoke_render/check.pdf,32747,f5ab3534136d60f277f88739de53fefd8e4b0333b814a7554095cec9cc4a10b8,duplicate development rendering,
analysis/qa_smoke_render/check.tex,226,e3bf61bb96862c48aa0864d9e4f4c49affd60723a2c6a7545f356e00d1492b0e,duplicate development rendering,
analysis/qa_smoke_render/figures/indefinite_noisy_global_frontier.pdf,24382,a06ade9b7ea8e23424bf1e95a8ebca9385b4950ef94715ca374876f54f047161,duplicate development rendering,
analysis/qa_smoke_render/figures/indefinite_noisy_global_frontier.png,112550,5b2c24f45593d6070afb61cbda3c94f7345ec5742cec307bbed82f84401c25be,duplicate development rendering,
analysis/qa_smoke_render/figures/primary_auc_contrasts.pdf,20696,d0a4dbb34f3d01baecf377d035067f444c2f87d59d34cb58be831083205e95a2,duplicate development rendering,
analysis/qa_smoke_render/figures/primary_auc_contrasts.png,47068,ab653c714f9199c493a4160126b16ff2471ea95069fc48b2891a22d522cfa195,duplicate development rendering,
analysis/qa_smoke_render/primary_table.tex,796,ae68ab5d00af4fa9c54cec41852d58e271ba3e230cf04c3e8e9306b49b6d6426,duplicate development rendering,
analysis/qa_smoke_render/results_text.tex,331,a48965ae33fff1788a37181db814cfc41142993453264982e9116c9bd640b054,duplicate development rendering,
code/__pycache__/frontier.cpython-312.pyc,49737,fa82cfe44b4d8f2fc99031e3b68731fd398a4b21b30cf39b8580ee424b0dabee,cache or machine metadata,
experiments/age_sensitivity/data/indefinite_noisy_96100000.raw.npz,719567,e9949b701b2c9bf6cf797832a9a89be0f47da0b1398b4758881fc92911f4e68e,large generated raw array; regenerate from frozen recipe,
experiments/age_sensitivity/data/indefinite_noisy_96100001.raw.npz,719640,8afd2d7fcfd1cd2b623fe75dbb11dff0305b13c1d8ab0f322f1a7b0b5dc07437,large generated raw array; regenerate from frozen recipe,
experiments/age_sensitivity/data/indefinite_noisy_96100002.raw.npz,719531,51ddec5f4b1ad0b9dab39f088849f38d03517ed76b0e1c079f68e42ee1422ba8,large generated raw array; regenerate from frozen recipe,
experiments/age_sensitivity/data/indefinite_noisy_96100003.raw.npz,719533,8f77de70a00f5c55ed68d40d8e4aee10edafaec38708b824bbc218e408c06107,large generated raw array; regenerate from frozen recipe,
experiments/age_sensitivity/data/indefinite_noisy_96100004.raw.npz,719510,3cb8ab5b9737484d24a741c1369f69bc59d9f8d24f40030bd9037aae8a467644,large generated raw array; regenerate from frozen recipe,
experiments/age_sensitivity/data/indefinite_noisy_96100005.raw.npz,719446,71fac20eeabe6bba77ef3793bc853167c409fe4affedbab9836a6e6cb3fb3087,large generated raw array; regenerate from frozen recipe,
experiments/age_sensitivity/data/indefinite_noisy_96100006.raw.npz,719568,0cbc7d310477524dbf98e3002e4fcf6237ffec47bdb2fc6b19d7f5960f565ffa,large generated raw array; regenerate from frozen recipe,
experiments/age_sensitivity/data/indefinite_noisy_96100007.raw.npz,719555,6f52ac921ef7c1c49cea9555d1e5c135944b74b6e1b18284f10b8aba80260bb9,large generated raw array; regenerate from frozen recipe,
experiments/age_sensitivity/data/indefinite_noisy_96100008.raw.npz,719575,51a1dadeaa7963bb2056f142faa5b0928f442b3025529dde0304189c06c75ef8,large generated raw array; regenerate from frozen recipe,
experiments/age_sensitivity/data/indefinite_noisy_96100009.raw.npz,719609,c9ad67a9d12129d76102ebc218ac1807d581d0b73824e0b13574e39e84f885d7,large generated raw array; regenerate from frozen recipe,
experiments/age_sensitivity/data/indefinite_noisy_96100010.raw.npz,719497,3bde499816113b4389376365e8b1aa9fd096c1602cb4b97396e0c20daf5cd800,large generated raw array; regenerate from frozen recipe,
experiments/age_sensitivity/data/indefinite_noisy_96100011.raw.npz,719508,6d7c90a25b0769908b13567e2cd6c213d1edb4da15c48d2fdffb4b6d767c3cae,large generated raw array; regenerate from frozen recipe,
experiments/age_sensitivity/data/indefinite_noisy_96100012.raw.npz,719548,6fecbe06bfcab3188165e418d84531e97546a730881086d7e4563b891e787fa7,large generated raw array; regenerate from frozen recipe,
experiments/age_sensitivity/data/indefinite_noisy_96100013.raw.npz,719610,a2ef909ae1241dab31d7e810a6bf397cd946871b3716e61020e2ab53d4432dd1,large generated raw array; regenerate from frozen recipe,
experiments/age_sensitivity/data/indefinite_noisy_96100014.raw.npz,719631,a2ba35ebd5f4f1853064bdc573fb4a7e07396bd5bba80ac9b9c2e2afb6ca3246,large generated raw array; regenerate from frozen recipe,
experiments/age_sensitivity/data/indefinite_noisy_96100015.raw.npz,719633,b37c26ef9ad2eb23df3d8515d48f66986eec26d0994f28cd72bfa46ed0e1d18d,large generated raw array; regenerate from frozen recipe,
experiments/age_sensitivity/data/indefinite_noisy_96100016.raw.npz,719515,7cc4532285ec5ff1f476d42748571c87c3c33650ae7b103c24657186e5accb98,large generated raw array; regenerate from frozen recipe,
experiments/age_sensitivity/data/indefinite_noisy_96100017.raw.npz,719612,20408f0910fd29f99ba8ac022b1e78c46a3636e86c62d8a6515c2d419f26568c,large generated raw array; regenerate from frozen recipe,
experiments/age_sensitivity/data/indefinite_noisy_96100018.raw.npz,719472,57903bfd72ba84f84209134b84b1d0e2b6113f21cfc98fc213e437b6993aa2f1,large generated raw array; regenerate from frozen recipe,
experiments/age_sensitivity/data/indefinite_noisy_96100019.raw.npz,719590,1bac6c19097eaa7610f24e6f76ee1da7b0f2e9bf2e5b650ebfca541bd97946fd,large generated raw array; regenerate from frozen recipe,
experiments/age_sensitivity/data/indefinite_noisy_96100020.raw.npz,719501,e764ab075cf0d443a1de41af5239b7e65e04549d2cfa94ee98600de4b690c005,large generated raw array; regenerate from frozen recipe,
experiments/age_sensitivity/data/indefinite_noisy_96100021.raw.npz,719420,fd9c5778ea9aeab77cac681f5449e72d542495e7bb92ea1cf79114644a0ef2e5,large generated raw array; regenerate from frozen recipe,
experiments/age_sensitivity/data/indefinite_noisy_96100022.raw.npz,719618,65178e39d4d205aa3941b46f64ff67760beab10808b713caeafd6366eecf1f40,large generated raw array; regenerate from frozen recipe,
experiments/age_sensitivity/data/indefinite_noisy_96100023.raw.npz,719658,5fd781a15121e5800e7e367c212fbf61ff066365bba9f333277c8d72efd2c501,large generated raw array; regenerate from frozen recipe,
experiments/age_sensitivity/data/indefinite_noisy_96100024.raw.npz,719556,b8fb7fd1684c5001977c9a0b3084061749b71e0c436d7c34cf364c6860c15579,large generated raw array; regenerate from frozen recipe,
experiments/age_sensitivity/data/indefinite_noisy_96100025.raw.npz,719570,be5c7c66dd548e6d345cc6a481e38be7e86f520f5913ed25724873226ec2a7c8,large generated raw array; regenerate from frozen recipe,
experiments/age_sensitivity/data/indefinite_noisy_96100026.raw.npz,719508,4dddce4307cb150e812c5f5e0b86ad8c9606638ed385806af358db1748bdc66d,large generated raw array; regenerate from frozen recipe,
experiments/age_sensitivity/data/indefinite_noisy_96100027.raw.npz,719559,a84fd00b960594e54a03bcb6bdc6d689eb4015a1fd9dd3087fbdf299c153c190,large generated raw array; regenerate from frozen recipe,
experiments/age_sensitivity/data/indefinite_noisy_96100028.raw.npz,719469,c88474abaeff462e63e51bf9b209c2d2d24b083a442cb327b34d5a71562571f9,large generated raw array; regenerate from frozen recipe,
experiments/age_sensitivity/data/indefinite_noisy_96100029.raw.npz,719454,343c36dca6798ffcab791d5997c81885f3a86f642fb2821cc88c80865ee7e775,large generated raw array; regenerate from frozen recipe,
experiments/age_sensitivity/data/indefinite_noisy_96100030.raw.npz,719595,6e08dede814f28c9e6ba79054846b5f57106489f2c871be3360c3f2a47f9e28f,large generated raw array; regenerate from frozen recipe,
experiments/age_sensitivity/data/indefinite_noisy_96100031.raw.npz,719580,6af6b12b3efb4523033a70b592f8a56bba7468642f613aac9c7d92d3d4f9a01c,large generated raw array; regenerate from frozen recipe,
experiments/age_sensitivity/results/indefinite_noisy_96100000.json,4138392,640098298612eecdaa3208e3ab42d51f6b9fb4781f9e410e07ebb76b176d62e1,large generated per-event trajectory; complete seed-level analysis CSVs published,
experiments/age_sensitivity/results/indefinite_noisy_96100001.json,4136650,5913591fe9859e8409cfd6e7e41fceafcc712cadae296b1e179681271f76f8d2,large generated per-event trajectory; complete seed-level analysis CSVs published,
experiments/age_sensitivity/results/indefinite_noisy_96100002.json,4137907,a4d39727a74e4f21f002f2c2c016c8b4e5e3451a952855f2247439161ccbe93b,large generated per-event trajectory; complete seed-level analysis CSVs published,
experiments/age_sensitivity/results/indefinite_noisy_96100003.json,4132389,433f71a2b3a1fb2d79896145923de71dca341749af02c2f7b30d68a3d84c9b96,large generated per-event trajectory; complete seed-level analysis CSVs published,
experiments/age_sensitivity/results/indefinite_noisy_96100004.json,4137226,db75f4e9f1f00711c82c5fd3c60fbfeaba7ecbc453e24aec06bd461e88fd1fb1,large generated per-event trajectory; complete seed-level analysis CSVs published,
experiments/age_sensitivity/results/indefinite_noisy_96100005.json,4132757,24d97de24904caeda04ee0ab9996f81a9706da9671cce0f60ef4b7127d5f2cf9,large generated per-event trajectory; complete seed-level analysis CSVs published,
experiments/age_sensitivity/results/indefinite_noisy_96100006.json,4139183,e3720993c677278cdd64eff6eef58c0630395effe5d7e79fc856d4d141de0553,large generated per-event trajectory; complete seed-level analysis CSVs published,
experiments/age_sensitivity/results/indefinite_noisy_96100007.json,4135972,9715ae288774644deeacf493080d8e9f9b351fdff63e58d9777f242282063921,large generated per-event trajectory; complete seed-level analysis CSVs published,
experiments/age_sensitivity/results/indefinite_noisy_96100008.json,4136842,dfc29ffce6939ba7c3c8f7ccff02fa3d58d616b62c275c0edb77d3777db0beb6,large generated per-event trajectory; complete seed-level analysis CSVs published,
experiments/age_sensitivity/results/indefinite_noisy_96100009.json,4136474,e62dadcd57bfdd734da77fff0f601a2b58e02f450e57e932bdea6499f1c4e63c,large generated per-event trajectory; complete seed-level analysis CSVs published,
experiments/age_sensitivity/results/indefinite_noisy_96100010.json,4134582,a57b565d4f17e2b48b9c75009b48a436b4ca5306ff7bac4ffcf098e2e74acf16,large generated per-event trajectory; complete seed-level analysis CSVs published,
experiments/age_sensitivity/results/indefinite_noisy_96100011.json,4134357,16ca4903a8d2c665f17e1328d3b6d0553927f4b7cef84c5d22b2acee2e2effe3,large generated per-event trajectory; complete seed-level analysis CSVs published,
experiments/age_sensitivity/results/indefinite_noisy_96100012.json,4138105,4a7aa7a8028a1ba9623f5e728ce9eb9ec2a56adf3def8bb339f138e5063a2f22,large generated per-event trajectory; complete seed-level analysis CSVs published,
experiments/age_sensitivity/results/indefinite_noisy_96100013.json,4139340,a940a61c6a8b8530bb6309611f0ec12daec1cee923ec60ab600cfbfbdffc23ec,large generated per-event trajectory; complete seed-level analysis CSVs published,
experiments/age_sensitivity/results/indefinite_noisy_96100014.json,4135578,0f9b3d15f8d87a4e0d65fff7263b9ed1bb20e2ea46e64979e68623df76976c7d,large generated per-event trajectory; complete seed-level analysis CSVs published,
experiments/age_sensitivity/results/indefinite_noisy_96100015.json,4137748,9b25cea9dd5600973f250185d48c86da0133206d82315c5095737cd8710fcdca,large generated per-event trajectory; complete seed-level analysis CSVs published,
experiments/age_sensitivity/results/indefinite_noisy_96100016.json,4136482,35db88efe56720028f7276050a26298a13164d970d46cc9df13d44da1855f7b3,large generated per-event trajectory; complete seed-level analysis CSVs published,
experiments/age_sensitivity/results/indefinite_noisy_96100017.json,4140671,ad74fd50ef0027175fff8bd4972340b6fab762990a9217fbdfae218fa9b73bd3,large generated per-event trajectory; complete seed-level analysis CSVs published,
experiments/age_sensitivity/results/indefinite_noisy_96100018.json,4136321,ea3194dd72f39ce4d57ba478ae32b988670929b35f6e4367640f368e6c6765a5,large generated per-event trajectory; complete seed-level analysis CSVs published,
experiments/age_sensitivity/results/indefinite_noisy_96100019.json,4138872,df3b13c095da444872aefcead692de9f0bd5d4594028e9aa8871c9fcbf5aba1f,large generated per-event trajectory; complete seed-level analysis CSVs published,
experiments/age_sensitivity/results/indefinite_noisy_96100020.json,4137903,9526020c3601b45bbac432e5ae794f3053c523e21cf9a95ef8f145a91cdee3dd,large generated per-event trajectory; complete seed-level analysis CSVs published,
experiments/age_sensitivity/results/indefinite_noisy_96100021.json,4138992,c01b3bee17e027082baee2d3c66f4fbb1f3d497a586d4d15ed275a82fd1a41fd,large generated per-event trajectory; complete seed-level analysis CSVs published,
experiments/age_sensitivity/results/indefinite_noisy_96100022.json,4138981,c5921f0751be1292896edfa01112dd9604fce4e202a1ab04135b2e39668f1a56,large generated per-event trajectory; complete seed-level analysis CSVs published,
experiments/age_sensitivity/results/indefinite_noisy_96100023.json,4132973,5fdb69984522eebb90176814546a2de41c9c40ddf22a38110a857dab91020fca,large generated per-event trajectory; complete seed-level analysis CSVs published,
experiments/age_sensitivity/results/indefinite_noisy_96100024.json,4136838,d4160a6eb118ad6a285a07408f99f03e6ef60ab58858791687ed1996ad2a98ae,large generated per-event trajectory; complete seed-level analysis CSVs published,
experiments/age_sensitivity/results/indefinite_noisy_96100025.json,4138196,aafc816e849f7f404d4bac967b9940eef33d1e309f7a9ba578cbbd23c440874a,large generated per-event trajectory; complete seed-level analysis CSVs published,
experiments/age_sensitivity/results/indefinite_noisy_96100026.json,4139382,112afa09d66a2f3aa00adee53eef1bb14024c7fc32bcbe4fa0b5384bb5e13af0,large generated per-event trajectory; complete seed-level analysis CSVs published,
experiments/age_sensitivity/results/indefinite_noisy_96100027.json,4140342,d364683bf15a7c991e9ceb4573c505e5e4f980c07b3fdf7e9ba0d5d22dfa0429,large generated per-event trajectory; complete seed-level analysis CSVs published,
experiments/age_sensitivity/results/indefinite_noisy_96100028.json,4141645,0b08617ede6aa79b42fb7e9adedb0d446188f33393a4759314cd92c6075c2c59,large generated per-event trajectory; complete seed-level analysis CSVs published,
experiments/age_sensitivity/results/indefinite_noisy_96100029.json,4138104,b3ec9d41b046e0b94a144aea8e2876e5a58d5446df13c0f33c15dd18b868a056,large generated per-event trajectory; complete seed-level analysis CSVs published,
experiments/age_sensitivity/results/indefinite_noisy_96100030.json,4139626,4394d970ac5f2d8c06caee24a196c3f53b55c05f71a086739165aac4c1851867,large generated per-event trajectory; complete seed-level analysis CSVs published,
experiments/age_sensitivity/results/indefinite_noisy_96100031.json,4134609,a02a222faa5a9020dce8401d2e89939fef29a3b3f8272261c5d2c10749a79d5d,large generated per-event trajectory; complete seed-level analysis CSVs published,
experiments/age_sensitivity.stdout.log,13611,56a126afc7b1ea6141825bbf472a44bab9aeb48e9b1211756b308049ad8a8bd7,build/log/cache or third-party source extraction,
experiments/confirmation_primary/data/indefinite_noisy_96100000.raw.npz,719567,e9949b701b2c9bf6cf797832a9a89be0f47da0b1398b4758881fc92911f4e68e,large generated raw array; regenerate from frozen recipe,experiments/age_sensitivity/data/indefinite_noisy_96100000.raw.npz
experiments/confirmation_primary/data/indefinite_noisy_96100001.raw.npz,719640,8afd2d7fcfd1cd2b623fe75dbb11dff0305b13c1d8ab0f322f1a7b0b5dc07437,large generated raw array; regenerate from frozen recipe,experiments/age_sensitivity/data/indefinite_noisy_96100001.raw.npz
experiments/confirmation_primary/data/indefinite_noisy_96100002.raw.npz,719531,51ddec5f4b1ad0b9dab39f088849f38d03517ed76b0e1c079f68e42ee1422ba8,large generated raw array; regenerate from frozen recipe,experiments/age_sensitivity/data/indefinite_noisy_96100002.raw.npz
experiments/confirmation_primary/data/indefinite_noisy_96100003.raw.npz,719533,8f77de70a00f5c55ed68d40d8e4aee10edafaec38708b824bbc218e408c06107,large generated raw array; regenerate from frozen recipe,experiments/age_sensitivity/data/indefinite_noisy_96100003.raw.npz
experiments/confirmation_primary/data/indefinite_noisy_96100004.raw.npz,719510,3cb8ab5b9737484d24a741c1369f69bc59d9f8d24f40030bd9037aae8a467644,large generated raw array; regenerate from frozen recipe,experiments/age_sensitivity/data/indefinite_noisy_96100004.raw.npz
experiments/confirmation_primary/data/indefinite_noisy_96100005.raw.npz,719446,71fac20eeabe6bba77ef3793bc853167c409fe4affedbab9836a6e6cb3fb3087,large generated raw array; regenerate from frozen recipe,experiments/age_sensitivity/data/indefinite_noisy_96100005.raw.npz
experiments/confirmation_primary/data/indefinite_noisy_96100006.raw.npz,719568,0cbc7d310477524dbf98e3002e4fcf6237ffec47bdb2fc6b19d7f5960f565ffa,large generated raw array; regenerate from frozen recipe,experiments/age_sensitivity/data/indefinite_noisy_96100006.raw.npz
experiments/confirmation_primary/data/indefinite_noisy_96100007.raw.npz,719555,6f52ac921ef7c1c49cea9555d1e5c135944b74b6e1b18284f10b8aba80260bb9,large generated raw array; regenerate from frozen recipe,experiments/age_sensitivity/data/indefinite_noisy_96100007.raw.npz
experiments/confirmation_primary/data/indefinite_noisy_96100008.raw.npz,719575,51a1dadeaa7963bb2056f142faa5b0928f442b3025529dde0304189c06c75ef8,large generated raw array; regenerate from frozen recipe,experiments/age_sensitivity/data/indefinite_noisy_96100008.raw.npz
experiments/confirmation_primary/data/indefinite_noisy_96100009.raw.npz,719609,c9ad67a9d12129d76102ebc218ac1807d581d0b73824e0b13574e39e84f885d7,large generated raw array; regenerate from frozen recipe,experiments/age_sensitivity/data/indefinite_noisy_96100009.raw.npz
experiments/confirmation_primary/data/indefinite_noisy_96100010.raw.npz,719497,3bde499816113b4389376365e8b1aa9fd096c1602cb4b97396e0c20daf5cd800,large generated raw array; regenerate from frozen recipe,experiments/age_sensitivity/data/indefinite_noisy_96100010.raw.npz
experiments/confirmation_primary/data/indefinite_noisy_96100011.raw.npz,719508,6d7c90a25b0769908b13567e2cd6c213d1edb4da15c48d2fdffb4b6d767c3cae,large generated raw array; regenerate from frozen recipe,experiments/age_sensitivity/data/indefinite_noisy_96100011.raw.npz
experiments/confirmation_primary/data/indefinite_noisy_96100012.raw.npz,719548,6fecbe06bfcab3188165e418d84531e97546a730881086d7e4563b891e787fa7,large generated raw array; regenerate from frozen recipe,experiments/age_sensitivity/data/indefinite_noisy_96100012.raw.npz
experiments/confirmation_primary/data/indefinite_noisy_96100013.raw.npz,719610,a2ef909ae1241dab31d7e810a6bf397cd946871b3716e61020e2ab53d4432dd1,large generated raw array; regenerate from frozen recipe,experiments/age_sensitivity/data/indefinite_noisy_96100013.raw.npz
experiments/confirmation_primary/data/indefinite_noisy_96100014.raw.npz,719631,a2ba35ebd5f4f1853064bdc573fb4a7e07396bd5bba80ac9b9c2e2afb6ca3246,large generated raw array; regenerate from frozen recipe,experiments/age_sensitivity/data/indefinite_noisy_96100014.raw.npz
experiments/confirmation_primary/data/indefinite_noisy_96100015.raw.npz,719633,b37c26ef9ad2eb23df3d8515d48f66986eec26d0994f28cd72bfa46ed0e1d18d,large generated raw array; regenerate from frozen recipe,experiments/age_sensitivity/data/indefinite_noisy_96100015.raw.npz
experiments/confirmation_primary/data/indefinite_noisy_96100016.raw.npz,719515,7cc4532285ec5ff1f476d42748571c87c3c33650ae7b103c24657186e5accb98,large generated raw array; regenerate from frozen recipe,experiments/age_sensitivity/data/indefinite_noisy_96100016.raw.npz
experiments/confirmation_primary/data/indefinite_noisy_96100017.raw.npz,719612,20408f0910fd29f99ba8ac022b1e78c46a3636e86c62d8a6515c2d419f26568c,large generated raw array; regenerate from frozen recipe,experiments/age_sensitivity/data/indefinite_noisy_96100017.raw.npz
experiments/confirmation_primary/data/indefinite_noisy_96100018.raw.npz,719472,57903bfd72ba84f84209134b84b1d0e2b6113f21cfc98fc213e437b6993aa2f1,large generated raw array; regenerate from frozen recipe,experiments/age_sensitivity/data/indefinite_noisy_96100018.raw.npz
experiments/confirmation_primary/data/indefinite_noisy_96100019.raw.npz,719590,1bac6c19097eaa7610f24e6f76ee1da7b0f2e9bf2e5b650ebfca541bd97946fd,large generated raw array; regenerate from frozen recipe,experiments/age_sensitivity/data/indefinite_noisy_96100019.raw.npz
experiments/confirmation_primary/data/indefinite_noisy_96100020.raw.npz,719501,e764ab075cf0d443a1de41af5239b7e65e04549d2cfa94ee98600de4b690c005,large generated raw array; regenerate from frozen recipe,experiments/age_sensitivity/data/indefinite_noisy_96100020.raw.npz
experiments/confirmation_primary/data/indefinite_noisy_96100021.raw.npz,719420,fd9c5778ea9aeab77cac681f5449e72d542495e7bb92ea1cf79114644a0ef2e5,large generated raw array; regenerate from frozen recipe,experiments/age_sensitivity/data/indefinite_noisy_96100021.raw.npz
experiments/confirmation_primary/data/indefinite_noisy_96100022.raw.npz,719618,65178e39d4d205aa3941b46f64ff67760beab10808b713caeafd6366eecf1f40,large generated raw array; regenerate from frozen recipe,experiments/age_sensitivity/data/indefinite_noisy_96100022.raw.npz
experiments/confirmation_primary/data/indefinite_noisy_96100023.raw.npz,719658,5fd781a15121e5800e7e367c212fbf61ff066365bba9f333277c8d72efd2c501,large generated raw array; regenerate from frozen recipe,experiments/age_sensitivity/data/indefinite_noisy_96100023.raw.npz
experiments/confirmation_primary/data/indefinite_noisy_96100024.raw.npz,719556,b8fb7fd1684c5001977c9a0b3084061749b71e0c436d7c34cf364c6860c15579,large generated raw array; regenerate from frozen recipe,experiments/age_sensitivity/data/indefinite_noisy_96100024.raw.npz
experiments/confirmation_primary/data/indefinite_noisy_96100025.raw.npz,719570,be5c7c66dd548e6d345cc6a481e38be7e86f520f5913ed25724873226ec2a7c8,large generated raw array; regenerate from frozen recipe,experiments/age_sensitivity/data/indefinite_noisy_96100025.raw.npz
experiments/confirmation_primary/data/indefinite_noisy_96100026.raw.npz,719508,4dddce4307cb150e812c5f5e0b86ad8c9606638ed385806af358db1748bdc66d,large generated raw array; regenerate from frozen recipe,experiments/age_sensitivity/data/indefinite_noisy_96100026.raw.npz
experiments/confirmation_primary/data/indefinite_noisy_96100027.raw.npz,719559,a84fd00b960594e54a03bcb6bdc6d689eb4015a1fd9dd3087fbdf299c153c190,large generated raw array; regenerate from frozen recipe,experiments/age_sensitivity/data/indefinite_noisy_96100027.raw.npz
experiments/confirmation_primary/data/indefinite_noisy_96100028.raw.npz,719469,c88474abaeff462e63e51bf9b209c2d2d24b083a442cb327b34d5a71562571f9,large generated raw array; regenerate from frozen recipe,experiments/age_sensitivity/data/indefinite_noisy_96100028.raw.npz
experiments/confirmation_primary/data/indefinite_noisy_96100029.raw.npz,719454,343c36dca6798ffcab791d5997c81885f3a86f642fb2821cc88c80865ee7e775,large generated raw array; regenerate from frozen recipe,experiments/age_sensitivity/data/indefinite_noisy_96100029.raw.npz
experiments/confirmation_primary/data/indefinite_noisy_96100030.raw.npz,719595,6e08dede814f28c9e6ba79054846b5f57106489f2c871be3360c3f2a47f9e28f,large generated raw array; regenerate from frozen recipe,experiments/age_sensitivity/data/indefinite_noisy_96100030.raw.npz
experiments/confirmation_primary/data/indefinite_noisy_96100031.raw.npz,719580,6af6b12b3efb4523033a70b592f8a56bba7468642f613aac9c7d92d3d4f9a01c,large generated raw array; regenerate from frozen recipe,experiments/age_sensitivity/data/indefinite_noisy_96100031.raw.npz
experiments/confirmation_primary/data/indefinite_noisy_96100032.raw.npz,719462,fe68b4a0568c682ad16549868332aa6b18bba5a3d859e94619368f9b942bfead,large generated raw array; regenerate from frozen recipe,
experiments/confirmation_primary/data/indefinite_noisy_96100033.raw.npz,719513,05ff5b80cfcd7e0e76a5869ae14b38ff622bfa559a062bc219aacfc2b9c1d917,large generated raw array; regenerate from frozen recipe,
experiments/confirmation_primary/data/indefinite_noisy_96100034.raw.npz,719521,900dd6d368a938a04b7bf30823acb75332cfcd7abcc612885e4fe2f81cc8548a,large generated raw array; regenerate from frozen recipe,
experiments/confirmation_primary/data/indefinite_noisy_96100035.raw.npz,719510,b0a18c32c24c5d97d7a0221adb46093e52b37f67f7d27032fd253964bc2cf7c7,large generated raw array; regenerate from frozen recipe,
experiments/confirmation_primary/data/indefinite_noisy_96100036.raw.npz,719605,8cd0feb105b59cc86b8f8c0b44068ff7c93f8b1fe6b6817205649fe1e9cdb779,large generated raw array; regenerate from frozen recipe,
experiments/confirmation_primary/data/indefinite_noisy_96100037.raw.npz,719560,581fc8d63424c826c3f60192df39a89591fb9d17ed129865f191b8d87b014bb2,large generated raw array; regenerate from frozen recipe,
experiments/confirmation_primary/data/indefinite_noisy_96100038.raw.npz,719672,8e1c0a0e62c13414f5be85fcdb3e92850544dcec9110ae09b7d6181a97a54455,large generated raw array; regenerate from frozen recipe,
experiments/confirmation_primary/data/indefinite_noisy_96100039.raw.npz,719552,78284c4ca6f083048465cdf74d00152d230a7e0c9df4b743de5edb8e830d4314,large generated raw array; regenerate from frozen recipe,
experiments/confirmation_primary/data/indefinite_noisy_96100040.raw.npz,719455,0e1ae40aa9e5ba003bde20af71a2c3417085e2fef503d82145a7296458c73471,large generated raw array; regenerate from frozen recipe,
experiments/confirmation_primary/data/indefinite_noisy_96100041.raw.npz,719579,f0f5facd12b9e4cf98638a9a870e1c2a8840aa842a661c17d90c345b2d356d8b,large generated raw array; regenerate from frozen recipe,
experiments/confirmation_primary/data/indefinite_noisy_96100042.raw.npz,719540,ac851b7bc0bfb22cafed1e120ba8f6337abad79998ae745852572c4c7b494b69,large generated raw array; regenerate from frozen recipe,
experiments/confirmation_primary/data/indefinite_noisy_96100043.raw.npz,719592,317decc7367528625dcd5e41cf9e7bcf59784df9c7c690cbda475800669f1845,large generated raw array; regenerate from frozen recipe,
experiments/confirmation_primary/data/indefinite_noisy_96100044.raw.npz,719533,b63d1711af57f7520ee1e70098b1b0be465f388e876ceafb9d4cc2a4338eb150,large generated raw array; regenerate from frozen recipe,
experiments/confirmation_primary/data/indefinite_noisy_96100045.raw.npz,719579,7fa3dab236f2fd109d5ae874f8d998bbef77c7e277b0e761402793700213205a,large generated raw array; regenerate from frozen recipe,
experiments/confirmation_primary/data/indefinite_noisy_96100046.raw.npz,719634,336ea8cf341b62340a3c349e777abcdd3d507d1774b061d42a0c0a9686701db4,large generated raw array; regenerate from frozen recipe,
experiments/confirmation_primary/data/indefinite_noisy_96100047.raw.npz,719549,58e501cbc7773577fbc8455a570ed211ba7cb5f331eff792a2c206972b3cce11,large generated raw array; regenerate from frozen recipe,
experiments/confirmation_primary/data/indefinite_noisy_96100048.raw.npz,719464,da0eb07017eae932ff13a4a122b617607bd7ebcae21b06c1392c7c881fd18cad,large generated raw array; regenerate from frozen recipe,
experiments/confirmation_primary/data/indefinite_noisy_96100049.raw.npz,719568,f7c5ca46eb8a6fbe1b9a31c0b323523d29bc0a6a6fc6749e3d072bc3825489ef,large generated raw array; regenerate from frozen recipe,
experiments/confirmation_primary/data/indefinite_noisy_96100050.raw.npz,719509,ce108fd09abd3a785231de21038b5d9e8c87a1b25e2d891a68c0bb33a49a1720,large generated raw array; regenerate from frozen recipe,
experiments/confirmation_primary/data/indefinite_noisy_96100051.raw.npz,719510,d442cc6aef90054879cf688bdbf13be613a08e5961a57cd80a405b37d3edef6b,large generated raw array; regenerate from frozen recipe,
experiments/confirmation_primary/data/indefinite_noisy_96100052.raw.npz,719610,5be1dd72320a3b3cce211564f61262dbb76cb27d2ab4ea018ef69547a46f783c,large generated raw array; regenerate from frozen recipe,
experiments/confirmation_primary/data/indefinite_noisy_96100053.raw.npz,719544,4bb3cf4af117281433139562c0c516353365ab8651079b1425c81ae2f2ef5de9,large generated raw array; regenerate from frozen recipe,
experiments/confirmation_primary/data/indefinite_noisy_96100054.raw.npz,719630,e0371d01062f4dd8dffe028ce32066cda8ede81d7598277e57c54e5e33888a14,large generated raw array; regenerate from frozen recipe,
experiments/confirmation_primary/data/indefinite_noisy_96100055.raw.npz,719527,9ab312032839eec8a9b79795cdb9156589d5429b5d741f77eb12388eaa696b2c,large generated raw array; regenerate from frozen recipe,
experiments/confirmation_primary/data/indefinite_noisy_96100056.raw.npz,719524,69be68883361a3d8969025c7f3ffb5a904e80c222ac7ff823cf3e48986c851f7,large generated raw array; regenerate from frozen recipe,
experiments/confirmation_primary/data/indefinite_noisy_96100057.raw.npz,719516,fed76363c960c104d6e7e7d532cb5d2cae0ff6c27754e76f0798e617961bac11,large generated raw array; regenerate from frozen recipe,
experiments/confirmation_primary/data/indefinite_noisy_96100058.raw.npz,719467,b1b6a5cbb94b117cb07d7ff947c1a3805b0cf1876338784c3e0c06051be4506d,large generated raw array; regenerate from frozen recipe,
experiments/confirmation_primary/data/indefinite_noisy_96100059.raw.npz,719517,263be2a979c754d422062d7b8c57f57178bd499a5b42257d4be0ed8726804726,large generated raw array; regenerate from frozen recipe,
experiments/confirmation_primary/data/indefinite_noisy_96100060.raw.npz,719502,83095e2b74fde3ac15b3e65d518b497eae881774b80cc4cdb71ba9b7d5604848,large generated raw array; regenerate from frozen recipe,
experiments/confirmation_primary/data/indefinite_noisy_96100061.raw.npz,719561,9b3e2a2abadce9262cc52ff72ce66f5ab17fc5082efb03d42ac07cc58cab7dcf,large generated raw array; regenerate from frozen recipe,
experiments/confirmation_primary/data/indefinite_noisy_96100062.raw.npz,719541,d9941cecfdf1f86b714fcf78eca0cdc9ae276acc87d5e5fcbdeabb1df9672eb5,large generated raw array; regenerate from frozen recipe,
experiments/confirmation_primary/data/indefinite_noisy_96100063.raw.npz,719573,a025985301d262bd1efdebe81d13be8263c2476f624eb5707f08b74aa43ec44f,large generated raw array; regenerate from frozen recipe,
experiments/confirmation_primary/data/indefinite_noisy_96100064.raw.npz,719555,8df4874b115c7e93af4fa14fe3a79b67d0bf76647824f7ed2fad9e326f4ad4d7,large generated raw array; regenerate from frozen recipe,
experiments/confirmation_primary/data/indefinite_noisy_96100065.raw.npz,719625,4000ebf4ec2891b57c1e69d18b0a70ca1c61e75f9c0bdc2c3ff1a6017fb48861,large generated raw array; regenerate from frozen recipe,
experiments/confirmation_primary/data/indefinite_noisy_96100066.raw.npz,719461,adde015b65d77c1c6f053ace1bdc8911214829dcc75774b0e2d2945f220f3b89,large generated raw array; regenerate from frozen recipe,
experiments/confirmation_primary/data/indefinite_noisy_96100067.raw.npz,719505,d410c13b27288d6cbf2ebd2bc4498b7d24751f917f76dab3846769f2cb762dff,large generated raw array; regenerate from frozen recipe,
experiments/confirmation_primary/data/indefinite_noisy_96100068.raw.npz,719625,5ad8757005e7aab16068ac7bda592dba025856d1656531d1fc4f4e928a49fab4,large generated raw array; regenerate from frozen recipe,
experiments/confirmation_primary/data/indefinite_noisy_96100069.raw.npz,719536,7ea46fb074b53000866d4779e7769cd0f9f50f1f394c23b304fee12abf694ca8,large generated raw array; regenerate from frozen recipe,
experiments/confirmation_primary/data/indefinite_noisy_96100070.raw.npz,719622,29a01d30eb2f6867f7c2bd30ea3ded962afe5b563e2ba2a06cba46cc85e80261,large generated raw array; regenerate from frozen recipe,
experiments/confirmation_primary/data/indefinite_noisy_96100071.raw.npz,719709,a4240d523f7412d5d305c60f4790d3bd6ea40b7a99aad5c9a205a833244a1121,large generated raw array; regenerate from frozen recipe,
experiments/confirmation_primary/data/indefinite_noisy_96100072.raw.npz,719530,72ce6e9b749e31ffe7c29140173a3bcd476b3d73e33b27e03d2091d4861495dd,large generated raw array; regenerate from frozen recipe,
experiments/confirmation_primary/data/indefinite_noisy_96100073.raw.npz,719491,0d7bd7892ed62e0e3e54f3038d29d3533b4e47468354fbf0e664e8a78b5b6ed7,large generated raw array; regenerate from frozen recipe,
experiments/confirmation_primary/data/indefinite_noisy_96100074.raw.npz,719518,9524ad3115c53d2c013a50fe38dd6cd95844b48e4494dcb2a7d97f3af42343c9,large generated raw array; regenerate from frozen recipe,
experiments/confirmation_primary/data/indefinite_noisy_96100075.raw.npz,719630,af1aa2c14488534ae79544dce9fae62b51cbf7397d32a8070e383cc0a9df9377,large generated raw array; regenerate from frozen recipe,
experiments/confirmation_primary/data/indefinite_noisy_96100076.raw.npz,719457,7b8d65a1ce90a0250546aaa1c63339d8531c79ced992da0229ddf899122d47ec,large generated raw array; regenerate from frozen recipe,
experiments/confirmation_primary/data/indefinite_noisy_96100077.raw.npz,719605,cb2190e804e3e5e88b62eeea285dc79db0823da521850665197246c002b71b58,large generated raw array; regenerate from frozen recipe,
experiments/confirmation_primary/data/indefinite_noisy_96100078.raw.npz,719542,a5f58d4d3c8198e921fd178365bf17021410608976b9da9b27af3cc810e451e7,large generated raw array; regenerate from frozen recipe,
experiments/confirmation_primary/data/indefinite_noisy_96100079.raw.npz,719542,699830cc03ffc27082331539a8a6772c057972d0218d4348c3a9a1fa5b484731,large generated raw array; regenerate from frozen recipe,
experiments/confirmation_primary/data/indefinite_noisy_96100080.raw.npz,719574,3916a9521f13a0c9be1f21da95811af18052d084e7d15d8fcca5785b353fc505,large generated raw array; regenerate from frozen recipe,
experiments/confirmation_primary/data/indefinite_noisy_96100081.raw.npz,719576,10b62824c2a85bf809016c25de1698ce2f9d28e4b779e2ec0eecc20540387ac4,large generated raw array; regenerate from frozen recipe,
experiments/confirmation_primary/data/indefinite_noisy_96100082.raw.npz,719417,1604d98d7dfd8734d1cee356edc0c47d7994a45caff59b3210d5537485bdba2b,large generated raw array; regenerate from frozen recipe,
experiments/confirmation_primary/data/indefinite_noisy_96100083.raw.npz,719530,704cf34c02307106393ee17d10a067c15b4f44ce22445faf7487fbe093114a84,large generated raw array; regenerate from frozen recipe,
experiments/confirmation_primary/data/indefinite_noisy_96100084.raw.npz,719496,cce497b0411468404e63fb396689de5f021fd4ef3d5154c1ea8d90de908eee89,large generated raw array; regenerate from frozen recipe,
experiments/confirmation_primary/data/indefinite_noisy_96100085.raw.npz,719534,bdfed0e47e29a28ed68b9908fd2ad9b67a984158669e89f2a76f516f4c685df3,large generated raw array; regenerate from frozen recipe,
experiments/confirmation_primary/data/indefinite_noisy_96100086.raw.npz,719576,5e15f3b0b3ac2cb0a1527742afa7fab37de26e1a438451352f3eb50e8c14ccf6,large generated raw array; regenerate from frozen recipe,
experiments/confirmation_primary/data/indefinite_noisy_96100087.raw.npz,719565,803cc7e7f2211f4036a38bb94c86edec487977743ed68c4c87750a0e3adf52a2,large generated raw array; regenerate from frozen recipe,
experiments/confirmation_primary/data/indefinite_noisy_96100088.raw.npz,719532,9e158314f3f599f4d03ef1289725f3a52f21ae8efc195cdb4cedc1b507be6a15,large generated raw array; regenerate from frozen recipe,
experiments/confirmation_primary/data/indefinite_noisy_96100089.raw.npz,719538,535d36b2b86f0fc7c2c7bd5c6151ea0af8bb520c67b043fafb6cc0273ba92398,large generated raw array; regenerate from frozen recipe,
experiments/confirmation_primary/data/indefinite_noisy_96100090.raw.npz,719431,0d36234aa30c79615dec1e2f9076ba56c7b128f71914f3705789690510f6ee16,large generated raw array; regenerate from frozen recipe,
experiments/confirmation_primary/data/indefinite_noisy_96100091.raw.npz,719561,6ef9f7566fbe89e8759c68682263b172ca1e5a3a5699092d8d41ba297bbc2263,large generated raw array; regenerate from frozen recipe,
experiments/confirmation_primary/data/indefinite_noisy_96100092.raw.npz,719531,5c3b6072b91ee23a6b3f8d908351b18df374a2d26b6b5be01de60ca16de5de61,large generated raw array; regenerate from frozen recipe,
experiments/confirmation_primary/data/indefinite_noisy_96100093.raw.npz,719546,0d91505acf8a4a1d32bd643363826af6dceb80dd740b2281d82c533e4e0b88c9,large generated raw array; regenerate from frozen recipe,
experiments/confirmation_primary/data/indefinite_noisy_96100094.raw.npz,719565,6bc7cbf48188f85ecd18df211559fe9261ca9c8aa71a74f6b4b0fbaa7e9ed886,large generated raw array; regenerate from frozen recipe,
experiments/confirmation_primary/data/indefinite_noisy_96100095.raw.npz,719524,2038b8bd2350949bdca451df50668c13cd6c4c5d9a95325484c1f7f3cbef2628,large generated raw array; regenerate from frozen recipe,
experiments/confirmation_primary/data/indefinite_noisy_96100096.raw.npz,719581,378e87aa69c8a9e1a51fd92a15a8c7b6267f1a8502a015cb21b01ca06547c881,large generated raw array; regenerate from frozen recipe,
experiments/confirmation_primary/data/indefinite_noisy_96100097.raw.npz,719571,e5232bd928b7444a0d13f3ea45e0d91a51eb24025b9ad456b49a1654ee211fbb,large generated raw array; regenerate from frozen recipe,
experiments/confirmation_primary/data/indefinite_noisy_96100098.raw.npz,719494,addc3855885774d27b4e3496367e8c75f414f1951901c6ba274bbffbeecf8f56,large generated raw array; regenerate from frozen recipe,
experiments/confirmation_primary/data/indefinite_noisy_96100099.raw.npz,719469,cf0d44c5a76e5b9f9a419ba25327c29f2fdbed307c11ef566cd47b76faff5e46,large generated raw array; regenerate from frozen recipe,
experiments/confirmation_primary/data/indefinite_noisy_96100100.raw.npz,719580,14e3335582be541717ad1c635e0282c68208bff69342042522df6ad91106a461,large generated raw array; regenerate from frozen recipe,
experiments/confirmation_primary/data/indefinite_noisy_96100101.raw.npz,719598,33faecc2959d3282973875c601ea981a7f86886693ba216d6c44ee4db3472489,large generated raw array; regenerate from frozen recipe,
experiments/confirmation_primary/data/indefinite_noisy_96100102.raw.npz,719452,f1e786ee7b271f9ad7dc67f13ef63f3a60d406f6b5df5ba4ffc4434f98ca3971,large generated raw array; regenerate from frozen recipe,
experiments/confirmation_primary/data/indefinite_noisy_96100103.raw.npz,719521,5562e794df0b07468894ab1d7a8b53a9b9aaaeb1107895391582376da822c0f5,large generated raw array; regenerate from frozen recipe,
experiments/confirmation_primary/data/indefinite_noisy_96100104.raw.npz,719532,ac5a9b9908096656fe3e629de124d7e8f7f5b1b4a7da9615d62fe9d4bb78d7e3,large generated raw array; regenerate from frozen recipe,
experiments/confirmation_primary/data/indefinite_noisy_96100105.raw.npz,719577,d127010911b193e7467c0afc9d895ecab8b5086761766e507b0b72896b1cc05d,large generated raw array; regenerate from frozen recipe,
experiments/confirmation_primary/data/indefinite_noisy_96100106.raw.npz,719533,59ae1812c216de3b3eb59efad1ef13ba7c02a86e593623dfd1e5479e788c5b65,large generated raw array; regenerate from frozen recipe,
experiments/confirmation_primary/data/indefinite_noisy_96100107.raw.npz,719647,60da763c0e5a5cc8144c0548debef7cc46a6fe8910557c85482d78c143b0918c,large generated raw array; regenerate from frozen recipe,
experiments/confirmation_primary/data/indefinite_noisy_96100108.raw.npz,719542,9cae6956b332a87b4c2d436e2719be987c746c0117b9544e6212919d8735ebce,large generated raw array; regenerate from frozen recipe,
experiments/confirmation_primary/data/indefinite_noisy_96100109.raw.npz,719457,30b3387a5d20c1e4080ab53185dd184c92881348555676f271f416b51c3d2d85,large generated raw array; regenerate from frozen recipe,
experiments/confirmation_primary/data/indefinite_noisy_96100110.raw.npz,719519,a6ed9339085831050bc3620d2f2bad121522d708f330fd669a02998162022f40,large generated raw array; regenerate from frozen recipe,
experiments/confirmation_primary/data/indefinite_noisy_96100111.raw.npz,719543,2a483d1cf9283d0b3361f591e7b8f6cd6e2b245402a52cb2cd7158ac8886094d,large generated raw array; regenerate from frozen recipe,
experiments/confirmation_primary/data/indefinite_noisy_96100112.raw.npz,719616,2cca6627aa13eef79d9a0ae87407aa1d33be187c95fd0f9b276b256dfc89d596,large generated raw array; regenerate from frozen recipe,
experiments/confirmation_primary/data/indefinite_noisy_96100113.raw.npz,719481,5e09be9b560c508c22e7e061fa2deac99d9f9ae782279c486bbcb96df9cca6c4,large generated raw array; regenerate from frozen recipe,
experiments/confirmation_primary/data/indefinite_noisy_96100114.raw.npz,719609,f182e5621a6a40288311b82a0df8c8517fe88414f6def50d8743d16ad8039d95,large generated raw array; regenerate from frozen recipe,
experiments/confirmation_primary/data/indefinite_noisy_96100115.raw.npz,719548,de2ec9fa27e5a79c4b795b9ed316d184c5ae47346a922f73777e0458794ce12d,large generated raw array; regenerate from frozen recipe,
experiments/confirmation_primary/data/indefinite_noisy_96100116.raw.npz,719636,b185d952bf29f4d26933ec3e2159d040f2f77323df5825d88c48a6df02301eca,large generated raw array; regenerate from frozen recipe,
experiments/confirmation_primary/data/indefinite_noisy_96100117.raw.npz,719566,d568502799a95510a5005be2dc1fd56c791145171b8827190e6b74d126e8c6d5,large generated raw array; regenerate from frozen recipe,
experiments/confirmation_primary/data/indefinite_noisy_96100118.raw.npz,719532,d4946b3994d0a05105c0d33789febd4c41fccc90bf6054f58080241ff1b3e170,large generated raw array; regenerate from frozen recipe,
experiments/confirmation_primary/data/indefinite_noisy_96100119.raw.npz,719592,ab665861b74b142d0cc6818b507f8a4ddf9e0209f5034355c795b6a8cd596e76,large generated raw array; regenerate from frozen recipe,
experiments/confirmation_primary/data/indefinite_noisy_96100120.raw.npz,719548,e305cdbd73c35d7fa95745ca41389c2bd0f43312f91f420b9d0eaeab9fab7eb8,large generated raw array; regenerate from frozen recipe,
experiments/confirmation_primary/data/indefinite_noisy_96100121.raw.npz,719572,819d0b91d673e9e9bb66b566ace00e40f5b3654baae969a59fe8cd0e7fdccc7c,large generated raw array; regenerate from frozen recipe,
experiments/confirmation_primary/data/indefinite_noisy_96100122.raw.npz,719565,842bb9824f343ba54a33ee8122b706e790dc462b0319e48c46c0e31bfce4ce25,large generated raw array; regenerate from frozen recipe,
experiments/confirmation_primary/data/indefinite_noisy_96100123.raw.npz,719573,d7dd9f1fed860860b920aad23032394ce6037480ba6d24285901099ccc58291e,large generated raw array; regenerate from frozen recipe,
experiments/confirmation_primary/data/indefinite_noisy_96100124.raw.npz,719530,6edf2ea9baeadc577015941db62deb92a1e003bec71df42737a51229d283b45f,large generated raw array; regenerate from frozen recipe,
experiments/confirmation_primary/data/indefinite_noisy_96100125.raw.npz,719520,a966e1be594de89f78fba1997f76cfc93158acae475652382b6743fba6b65e35,large generated raw array; regenerate from frozen recipe,
experiments/confirmation_primary/data/indefinite_noisy_96100126.raw.npz,719511,15cff150320446f4679ed3ac608630c1bcdba72e213949365fe0d48bab530610,large generated raw array; regenerate from frozen recipe,
experiments/confirmation_primary/data/indefinite_noisy_96100127.raw.npz,719484,6496450a95709f7393007343e03b5a6cd8a80608d2e96c542818435f70201e47,large generated raw array; regenerate from frozen recipe,
experiments/confirmation_primary/data/indefinite_noisy_96100128.raw.npz,719558,b26b874b83474762f2ccce1186075ba3f23e952c12df919f1d9ba187ff38cfd4,large generated raw array; regenerate from frozen recipe,
experiments/confirmation_primary/data/indefinite_noisy_96100129.raw.npz,719443,1e87adc392e2d16ca4c88e1d5665c19df084aae4fc7d4decdc6425bc02a42ae2,large generated raw array; regenerate from frozen recipe,
experiments/confirmation_primary/data/indefinite_noisy_96100130.raw.npz,719398,eae0560d47b4580aa6bb9db636f079ded51faec9e4ac1f26ebdc8783b090b4e6,large generated raw array; regenerate from frozen recipe,
experiments/confirmation_primary/data/indefinite_noisy_96100131.raw.npz,719706,d16d080b4fa505ad685ceb77d2d442b252ca710d2afb47d8f33efe7415037cc2,large generated raw array; regenerate from frozen recipe,
experiments/confirmation_primary/data/indefinite_noisy_96100132.raw.npz,719551,e93efcfdc139190523b51e23ee3b5a23a695b170661b52ad4b70466091ceed67,large generated raw array; regenerate from frozen recipe,
experiments/confirmation_primary/data/indefinite_noisy_96100133.raw.npz,719503,84249bb8ee5f6de0ae37af2cca27e37e4cd5a9489a935ce2661eb1db697fcdae,large generated raw array; regenerate from frozen recipe,
experiments/confirmation_primary/data/indefinite_noisy_96100134.raw.npz,719613,59df53e2a4ad822500930c51138363fa390497415e53c870a4884365c0cd1e8a,large generated raw array; regenerate from frozen recipe,
experiments/confirmation_primary/data/indefinite_noisy_96100135.raw.npz,719608,0c3aef478b87a69f8339942bbbf2394e714d4c77eddaa77613edd909e3aa3507,large generated raw array; regenerate from frozen recipe,
experiments/confirmation_primary/data/indefinite_noisy_96100136.raw.npz,719657,10d13ec9240a34815611da7e1a039124f9ce59d279b8cfcc19132a62f6151182,large generated raw array; regenerate from frozen recipe,
experiments/confirmation_primary/data/indefinite_noisy_96100137.raw.npz,719585,724e5b79b67572aa3ca6266353bb2909fa9c64385da15cc1e1b5717588960f9e,large generated raw array; regenerate from frozen recipe,
experiments/confirmation_primary/data/indefinite_noisy_96100138.raw.npz,719505,0abafd94f15987455f585767d6f392bdeb132939aed05b8213a78f59922c100f,large generated raw array; regenerate from frozen recipe,
experiments/confirmation_primary/data/indefinite_noisy_96100139.raw.npz,719520,51d2dab8ab9da4d844369135994a20a199c0d189c2b2e8d52af119a992d06f11,large generated raw array; regenerate from frozen recipe,
experiments/confirmation_primary/data/indefinite_noisy_96100140.raw.npz,719507,19ffae8bda16bcebcd542b1591c18496a3a9cf041a8bd107dc95855a6839d7d6,large generated raw array; regenerate from frozen recipe,
experiments/confirmation_primary/data/indefinite_noisy_96100141.raw.npz,719588,72b335f06925b34230d748fe277824ae345b9d4d2800c04409f245abb2019f46,large generated raw array; regenerate from frozen recipe,
experiments/confirmation_primary/data/indefinite_noisy_96100142.raw.npz,719536,96ca4507e2368045e79747588b80d9c7575c73fe2144f5dfd25cb0a875cc5de3,large generated raw array; regenerate from frozen recipe,
experiments/confirmation_primary/data/indefinite_noisy_96100143.raw.npz,719568,c4c99310d309a397c1016b1f8841dde5a350e2096aa68ec802d9ac4d2fd194bc,large generated raw array; regenerate from frozen recipe,
experiments/confirmation_primary/data/indefinite_noisy_96100144.raw.npz,719578,5f135800309c9492c980f3244405faa35dcaf5cfdc0decc9baf6c30b1b637fe5,large generated raw array; regenerate from frozen recipe,
experiments/confirmation_primary/data/indefinite_noisy_96100145.raw.npz,719562,2a5aa968d34b8502a58e9395364d86fd133a648d178d884e06f102dc4ef3222f,large generated raw array; regenerate from frozen recipe,
experiments/confirmation_primary/data/indefinite_noisy_96100146.raw.npz,719464,beb5ee3280b69b13a30fc71d42fccb2e2e7e43a8f76043c52053b7c62a8ab8c0,large generated raw array; regenerate from frozen recipe,
experiments/confirmation_primary/data/indefinite_noisy_96100147.raw.npz,719516,719bb194f6a431c54420ba3e0a914ae9b2d501184b1f339dfa4247d6bf8fc406,large generated raw array; regenerate from frozen recipe,
experiments/confirmation_primary/data/indefinite_noisy_96100148.raw.npz,719497,9d871dd08739ecffb1a8f77728c3edcd0a9d77f354448d5b1fe061ba8e9fbcd9,large generated raw array; regenerate from frozen recipe,
experiments/confirmation_primary/data/indefinite_noisy_96100149.raw.npz,719656,92c1932a50fe95e23ace3a8cac42c2f5076e2383516651c05eebef4138213ea7,large generated raw array; regenerate from frozen recipe,
experiments/confirmation_primary/data/indefinite_noisy_96100150.raw.npz,719649,af8053ccb2463e05c396766ac54326b8d056c21a0868e3635418ec20615e9442,large generated raw array; regenerate from frozen recipe,
experiments/confirmation_primary/data/indefinite_noisy_96100151.raw.npz,719615,e7f6bdcef6ecbe97486bda521a28da548a60ff1be29072382cade0ef53aa911f,large generated raw array; regenerate from frozen recipe,
experiments/confirmation_primary/data/indefinite_noisy_96100152.raw.npz,719588,317b9dec175cfbc0ddc588b3b8494910268b8f1d25d9eebc782b661fc4edfc31,large generated raw array; regenerate from frozen recipe,
experiments/confirmation_primary/data/indefinite_noisy_96100153.raw.npz,719659,b9069301b30a2e37f322998a4f17b8928e64ed9270cf4eb2a5f78a53f46a1115,large generated raw array; regenerate from frozen recipe,
experiments/confirmation_primary/data/indefinite_noisy_96100154.raw.npz,719548,c88e39de518f15c5afc1858f100f6dc4be70b585771db63395c36e2b66138e71,large generated raw array; regenerate from frozen recipe,
experiments/confirmation_primary/data/indefinite_noisy_96100155.raw.npz,719622,e260368b7b708137e217297df893c10412d87ad5b636d620ee18fe3ca9699cfb,large generated raw array; regenerate from frozen recipe,
experiments/confirmation_primary/data/indefinite_noisy_96100156.raw.npz,719512,3e6e53162ae5ca271243403d51a2c1da4fc5b24f84a9f4f82d41af55a8b7b033,large generated raw array; regenerate from frozen recipe,
experiments/confirmation_primary/data/indefinite_noisy_96100157.raw.npz,719589,42b18cf6194eac84adbe16bf1b189b76d192b0cc374106b189d35d4695ed02d2,large generated raw array; regenerate from frozen recipe,
experiments/confirmation_primary/data/indefinite_noisy_96100158.raw.npz,719424,45336c3d0b3d5579edeb659348cb8ba5cf8801f23d21590cb028f8daa8a4c206,large generated raw array; regenerate from frozen recipe,
experiments/confirmation_primary/data/indefinite_noisy_96100159.raw.npz,719528,c005eb8ee629c61187a55b6f8b20f3165065ca6f8fbeeb1f9d856d3c088a681b,large generated raw array; regenerate from frozen recipe,
experiments/confirmation_primary/data/indefinite_noisy_96100160.raw.npz,719469,b16f9a3174c989124d907881dd6d5358cc5f14b267debee5c0fc644f19f08616,large generated raw array; regenerate from frozen recipe,
experiments/confirmation_primary/data/indefinite_noisy_96100161.raw.npz,719495,3146c88c715c382d519c8b399ff66da68e580d59133a584978d69857c12b2405,large generated raw array; regenerate from frozen recipe,
experiments/confirmation_primary/data/indefinite_noisy_96100162.raw.npz,719510,354e04e0754941ebae97874600f2c3a7d93dcd5b323828553d52fe7de9b361ff,large generated raw array; regenerate from frozen recipe,
experiments/confirmation_primary/data/indefinite_noisy_96100163.raw.npz,719564,99db74b14cc44b13625e446660035d1dc851531ea4592e9a9a2c33b8ebdc3d6a,large generated raw array; regenerate from frozen recipe,
experiments/confirmation_primary/data/indefinite_noisy_96100164.raw.npz,719524,63a46534d6350ea1d1a0b2f5102a1593997f483315fe64abd9fd636ee50b5fc6,large generated raw array; regenerate from frozen recipe,
experiments/confirmation_primary/data/indefinite_noisy_96100165.raw.npz,719454,8ecd48b3fad2f96aeda8e1b779464bbbf76b5a9faff9c969a15858b58f953969,large generated raw array; regenerate from frozen recipe,
experiments/confirmation_primary/data/indefinite_noisy_96100166.raw.npz,719539,4327c01d789a659ce4bd99a215dd834eae1b47cbf7ee5691df23e4b27afebc62,large generated raw array; regenerate from frozen recipe,
experiments/confirmation_primary/data/indefinite_noisy_96100167.raw.npz,719548,e1c2e5cc2dff0d794542b7c3f04bed82edf0a4b92a85b916916ab0b7db8be17b,large generated raw array; regenerate from frozen recipe,
experiments/confirmation_primary/data/indefinite_noisy_96100168.raw.npz,719610,9f4b1a1bcd681eb546f673601641f4ecf3014bc0280caff44bb970e3af59a646,large generated raw array; regenerate from frozen recipe,
experiments/confirmation_primary/data/indefinite_noisy_96100169.raw.npz,719612,96cb8da39fe85165fd4a4fa364673f668a5320080dc58d4418bdcb83434515a3,large generated raw array; regenerate from frozen recipe,
experiments/confirmation_primary/data/indefinite_noisy_96100170.raw.npz,719577,ee9b71f64c39b8fbd5567bea0307d0315c4056e40074bb950c89fde5df9436f9,large generated raw array; regenerate from frozen recipe,
experiments/confirmation_primary/data/indefinite_noisy_96100171.raw.npz,719541,9a955ebc6215e4b6dff022e56b2fd9c977276a7bc099348d01229ddcb7d92cf8,large generated raw array; regenerate from frozen recipe,
experiments/confirmation_primary/data/indefinite_noisy_96100172.raw.npz,719602,30c24ca45900ff5116d70fa2ee4d2012a639305cb4c8011a45b96a640d53ee13,large generated raw array; regenerate from frozen recipe,
experiments/confirmation_primary/data/indefinite_noisy_96100173.raw.npz,719603,59a337b9e4c20a308a32d18513ddf3db183cd7e0533e7fb5219002cf1afb5eae,large generated raw array; regenerate from frozen recipe,
experiments/confirmation_primary/data/indefinite_noisy_96100174.raw.npz,719561,000d30889fa8737542c9a2f3ba81fc33598a178906f9b067e696da461b110c00,large generated raw array; regenerate from frozen recipe,
experiments/confirmation_primary/data/indefinite_noisy_96100175.raw.npz,719551,5df4f0e2a3f90bce41ed56d4ef427cba29ce914203ce7e0562b3ffb7752c2599,large generated raw array; regenerate from frozen recipe,
experiments/confirmation_primary/data/indefinite_noisy_96100176.raw.npz,719507,02e53c1c551c1d9f610de6132d43f3512288f182744c6f5154817d6d1ef913e6,large generated raw array; regenerate from frozen recipe,
experiments/confirmation_primary/data/indefinite_noisy_96100177.raw.npz,719506,020b6762923cca6b4d28fc58362ce46f48d394ceb035a0bd76f897921f7f0638,large generated raw array; regenerate from frozen recipe,
experiments/confirmation_primary/data/indefinite_noisy_96100178.raw.npz,719467,63694240f436890e5f65ce7cde8d536fdfd0546f6d4f4e29772ea5edd7c78c7e,large generated raw array; regenerate from frozen recipe,
experiments/confirmation_primary/data/indefinite_noisy_96100179.raw.npz,719563,45a71fcf473746081bb29cdcbb3e992d0c4b5ea9cb20b5dd75546e26affbf066,large generated raw array; regenerate from frozen recipe,
experiments/confirmation_primary/data/indefinite_noisy_96100180.raw.npz,719490,e50077ee7bb3ac12e0ee94dd27e800fc63595e22d9e4bed625906e354ead94c0,large generated raw array; regenerate from frozen recipe,
experiments/confirmation_primary/data/indefinite_noisy_96100181.raw.npz,719463,3f2ee8c84a3af6269fb358a8d169b6ddd694a9b58b2e37cb272d891b25636b24,large generated raw array; regenerate from frozen recipe,
experiments/confirmation_primary/data/indefinite_noisy_96100182.raw.npz,719564,a6edb010942e639cbbbf81ffa8cfa177f48c695c754e342068a480c1a1dc2e42,large generated raw array; regenerate from frozen recipe,
experiments/confirmation_primary/data/indefinite_noisy_96100183.raw.npz,719654,b95092c672528dd898f242e9b6dc4e7d8ae9d4b3aee2ca3eee808a4af1cf58e1,large generated raw array; regenerate from frozen recipe,
experiments/confirmation_primary/data/indefinite_noisy_96100184.raw.npz,719623,9288c3d62d4ea971b023457e888428196128d6f6850ecfe7dbc7a0a3f39a4df0,large generated raw array; regenerate from frozen recipe,
experiments/confirmation_primary/data/indefinite_noisy_96100185.raw.npz,719627,9d49153a0bfc0326e3711424a5b5140e6dff35f1020f1407519bde011dddea86,large generated raw array; regenerate from frozen recipe,
experiments/confirmation_primary/data/indefinite_noisy_96100186.raw.npz,719650,3e44d1d271967185156e772b78f6af633ec9a22c4d54f3ecc841776e256c66e3,large generated raw array; regenerate from frozen recipe,
experiments/confirmation_primary/data/indefinite_noisy_96100187.raw.npz,719516,cb941606d39c1e5162fc6b2fc8c6c1d321065313876b2d050210350b4176aa89,large generated raw array; regenerate from frozen recipe,
experiments/confirmation_primary/data/indefinite_noisy_96100188.raw.npz,719588,9d2db0ca9f98deb2b8eb02783e4cea743cf633ea4aac6abfd08ef7f7150616ed,large generated raw array; regenerate from frozen recipe,
experiments/confirmation_primary/data/indefinite_noisy_96100189.raw.npz,719500,3949cab0c466d2fe1f9bc88e65ad7dde840c14f808f58adb4748a88c10e1bda6,large generated raw array; regenerate from frozen recipe,
experiments/confirmation_primary/data/indefinite_noisy_96100190.raw.npz,719616,c3d5d0b669a8cdb441eb1da8500b1aa70f87bad4b5ec78fc7b2b0f270976d3af,large generated raw array; regenerate from frozen recipe,
experiments/confirmation_primary/data/indefinite_noisy_96100191.raw.npz,719471,901d9273d9a0ae63bbcbfa8b749853244ee753e2b327ed3f89960e3aa8986a61,large generated raw array; regenerate from frozen recipe,
experiments/confirmation_primary/data/indefinite_noisy_96100192.raw.npz,719548,db121567088366f5263cf1373d27325bdd919f4a4663d4f77f910a9a0313f9c9,large generated raw array; regenerate from frozen recipe,
experiments/confirmation_primary/data/indefinite_noisy_96100193.raw.npz,719471,368a057cfc7a61850c4515bc1e4b0623948b9af564e8d2fdcf651ef538a60d87,large generated raw array; regenerate from frozen recipe,
experiments/confirmation_primary/data/indefinite_noisy_96100194.raw.npz,719597,278e99522ae81dc124c213a7eddcc71c709dbacc228c1db7be052249c43d93bf,large generated raw array; regenerate from frozen recipe,
experiments/confirmation_primary/data/indefinite_noisy_96100195.raw.npz,719570,311c374ab02b7265a3faeb1de4b7d51b12ea3c72ffa19799e016f9bac25beecb,large generated raw array; regenerate from frozen recipe,
experiments/confirmation_primary/data/indefinite_noisy_96100196.raw.npz,719599,492f90353a2a5f601da062994858dcf58fa18599bf85ef8290f3458c8ad4de6c,large generated raw array; regenerate from frozen recipe,
experiments/confirmation_primary/data/indefinite_noisy_96100197.raw.npz,719566,e4dba21998777b16ffd17ae89777e91d1fb98044dcaa3262d88c8db6969f6b6b,large generated raw array; regenerate from frozen recipe,
experiments/confirmation_primary/data/indefinite_noisy_96100198.raw.npz,719593,471877c7b386c72f89d8b12d06b4221041937ced039bfae078b55dfb872fc000,large generated raw array; regenerate from frozen recipe,
experiments/confirmation_primary/data/indefinite_noisy_96100199.raw.npz,719566,3652025f15e3bbe4d834429871142914fe7b0c9486559ff74218537113551405,large generated raw array; regenerate from frozen recipe,
experiments/confirmation_primary/data/indefinite_noisy_96100200.raw.npz,719619,8d74db9903cccc42532b0f9613fd93d4058cd8604d2dc4c6e1494252a206ab7a,large generated raw array; regenerate from frozen recipe,
experiments/confirmation_primary/data/indefinite_noisy_96100201.raw.npz,719521,40516509f0b61c5e5488e8f5bbf468891b191dfee92eb2fa3849ad30a30f2e16,large generated raw array; regenerate from frozen recipe,
experiments/confirmation_primary/data/indefinite_noisy_96100202.raw.npz,719530,af41a02a98848bf9f4412d6a6ec64f0fb32aeda781202bf7d62f8520f0d7f52d,large generated raw array; regenerate from frozen recipe,
experiments/confirmation_primary/data/indefinite_noisy_96100203.raw.npz,719451,f925ebf9c1df7eb05324880c8c288f091361f3b3581587141f4c2980df52209c,large generated raw array; regenerate from frozen recipe,
experiments/confirmation_primary/data/indefinite_noisy_96100204.raw.npz,719618,aa318470353a02077f26270af47f014935d7b906c69bfb151ac600ef9a97422a,large generated raw array; regenerate from frozen recipe,
experiments/confirmation_primary/data/indefinite_noisy_96100205.raw.npz,719543,1ba2509c64b739ab869336efa3b677deed8224928e2478d2ff2a7d871d790aa4,large generated raw array; regenerate from frozen recipe,
experiments/confirmation_primary/data/indefinite_noisy_96100206.raw.npz,719616,5b67ec9c046880a231bf79d987e82fc93e6a2dacce219c5c6504225e40cf2ea0,large generated raw array; regenerate from frozen recipe,
experiments/confirmation_primary/data/indefinite_noisy_96100207.raw.npz,719554,f63f43087e7bc77c13ea1c7361a5f8297051b8e72df6592f7f09f678b2a0a928,large generated raw array; regenerate from frozen recipe,
experiments/confirmation_primary/data/indefinite_noisy_96100208.raw.npz,719475,b5defcf36e8d8624f4b5ee24317a89351a0ccde5f3da9bac7d8ff0b70f70fb93,large generated raw array; regenerate from frozen recipe,
experiments/confirmation_primary/data/indefinite_noisy_96100209.raw.npz,719592,26aee82695d570ccd8b49fe347dcf73ebd3956c5b3be1df542af97bbf0255753,large generated raw array; regenerate from frozen recipe,
experiments/confirmation_primary/data/indefinite_noisy_96100210.raw.npz,719503,a0db2040520ebd3888be218dd911ea8da5c1b5a70c860915410ae7c850e14a6b,large generated raw array; regenerate from frozen recipe,
experiments/confirmation_primary/data/indefinite_noisy_96100211.raw.npz,719562,7fc32f64e561f767ea15f817d6e521edf1910022c49d0ad4b6edda6f0d97f259,large generated raw array; regenerate from frozen recipe,
experiments/confirmation_primary/data/indefinite_noisy_96100212.raw.npz,719484,a6304c1e283a2b8f040b9d4847fa4cede0f8a114e17a0af1af6847e19f7a61bb,large generated raw array; regenerate from frozen recipe,
experiments/confirmation_primary/data/indefinite_noisy_96100213.raw.npz,719587,a1ab2e86d7eed41adc78838da06a60ff26abc39f07b6bc12f3f205fe94960d5b,large generated raw array; regenerate from frozen recipe,
experiments/confirmation_primary/data/indefinite_noisy_96100214.raw.npz,719580,3a578e2036eaf0752601256c532a7cf143be88afba2d71abe075b1a8656adbdf,large generated raw array; regenerate from frozen recipe,
experiments/confirmation_primary/data/indefinite_noisy_96100215.raw.npz,719554,429bfccca2384b861397874be9c70fb4e43b463927125764d52a08c66e0015e5,large generated raw array; regenerate from frozen recipe,
experiments/confirmation_primary/data/indefinite_noisy_96100216.raw.npz,719564,5402622f8852794afe3f68682bb9c1526d369cfdc41d68af24766f811b2f7261,large generated raw array; regenerate from frozen recipe,
experiments/confirmation_primary/data/indefinite_noisy_96100217.raw.npz,719604,ec7173539d0eec73ce73e7f4d51d36427419b146ea85e3cc518730279fbf7d84,large generated raw array; regenerate from frozen recipe,
experiments/confirmation_primary/data/indefinite_noisy_96100218.raw.npz,719528,c4460695dc8b2e7665889de3985d37e50207cc422e7acc02b1478894ecdee8a3,large generated raw array; regenerate from frozen recipe,
experiments/confirmation_primary/data/indefinite_noisy_96100219.raw.npz,719489,b17d37662f0deec7bdae4ece1cf4201739f73cb9250ca813a49c0cc268243bd1,large generated raw array; regenerate from frozen recipe,
experiments/confirmation_primary/data/indefinite_noisy_96100220.raw.npz,719495,7278758739d00293cf20a2eebc8fa4ae728ad120cfb35b63b37dfaa78f148473,large generated raw array; regenerate from frozen recipe,
experiments/confirmation_primary/data/indefinite_noisy_96100221.raw.npz,719458,9855c7868ef2d53013e35d38d0bd3a96b5cdd2a98259528dfb50a52098a1378c,large generated raw array; regenerate from frozen recipe,
experiments/confirmation_primary/data/indefinite_noisy_96100222.raw.npz,719615,64bfa67b5a2576aa32c3b9b1908b1c74e71a20dd091816b2a16f280e212a0971,large generated raw array; regenerate from frozen recipe,
experiments/confirmation_primary/data/indefinite_noisy_96100223.raw.npz,719571,df7565f0ca888aa34e77c0a47f7ca0bace08d7822ef11f0a94ac811b6bd399f8,large generated raw array; regenerate from frozen recipe,
experiments/confirmation_primary/data/indefinite_noisy_96100224.raw.npz,719599,4b79855e994ad84d694025ad206fc149bfe647c61b24cb70d9385cea551fd72f,large generated raw array; regenerate from frozen recipe,
experiments/confirmation_primary/data/indefinite_noisy_96100225.raw.npz,719522,0e02ac41ec7c02077f820b7475ba4479489ef4f49793c748514a58f2d038c8a5,large generated raw array; regenerate from frozen recipe,
experiments/confirmation_primary/data/indefinite_noisy_96100226.raw.npz,719541,f7a3c8fc3c45d5aeb9e84b7046a43d0288df1d64dbb0ceec4e8f9259e1051a41,large generated raw array; regenerate from frozen recipe,
experiments/confirmation_primary/data/indefinite_noisy_96100227.raw.npz,719572,8b3f2eca6ca96d4ff0f2a324186aa20633a355be2b57701a31fa779c79b0f195,large generated raw array; regenerate from frozen recipe,
experiments/confirmation_primary/data/indefinite_noisy_96100228.raw.npz,719551,5cdaabba6be45ececd9dbc6eec6c56e2b3b47aab75548e94287de3d882fd1b2f,large generated raw array; regenerate from frozen recipe,
experiments/confirmation_primary/data/indefinite_noisy_96100229.raw.npz,719618,a2dc2e43acad61c911a1bd62b0370de1ad264af641518bdfc1670fe85b494afc,large generated raw array; regenerate from frozen recipe,
experiments/confirmation_primary/data/indefinite_noisy_96100230.raw.npz,719559,c5379d291fd5a14d0ecbf5efe0220facb76e0eca481302882f8d12aa13472220,large generated raw array; regenerate from frozen recipe,
experiments/confirmation_primary/data/indefinite_noisy_96100231.raw.npz,719582,b3c18ca53c89ac026895bb06e3ba768805c413a4e9eb59ca1c0b1040703c24f0,large generated raw array; regenerate from frozen recipe,
experiments/confirmation_primary/data/indefinite_noisy_96100232.raw.npz,719553,bf457cade25aca490860c07a6860050544e4d39bf72e74e5c3f7713472d6347e,large generated raw array; regenerate from frozen recipe,
experiments/confirmation_primary/data/indefinite_noisy_96100233.raw.npz,719535,0e073031553eabc071ba91bb44671e6462fbe883f8f86624e6d3b2821eb75147,large generated raw array; regenerate from frozen recipe,
experiments/confirmation_primary/data/indefinite_noisy_96100234.raw.npz,719533,b0d96c06e9efa71b5867db61dd62c66710b6085c45f4252a5746ffde613f73fe,large generated raw array; regenerate from frozen recipe,
experiments/confirmation_primary/data/indefinite_noisy_96100235.raw.npz,719488,b7232b009399c4dafd4184d042b77e94a0e3a594479292800a410e46c8c554f9,large generated raw array; regenerate from frozen recipe,
experiments/confirmation_primary/data/indefinite_noisy_96100236.raw.npz,719514,96b5f8b7a4b55fed681fd450729422c4b20f639bc2f21fcfa0f89d40b0407d2c,large generated raw array; regenerate from frozen recipe,
experiments/confirmation_primary/data/indefinite_noisy_96100237.raw.npz,719563,49d32a17f3fc6a89a9db5d3648a36726e08c820d37f1ff1b5706cae90a318ed1,large generated raw array; regenerate from frozen recipe,
experiments/confirmation_primary/data/indefinite_noisy_96100238.raw.npz,719649,4c8a81e89894fda3bdd8db3c6a351497826f5b17c33e9548380aefdd19b92450,large generated raw array; regenerate from frozen recipe,
experiments/confirmation_primary/data/indefinite_noisy_96100239.raw.npz,719522,14b1d2153552a9e475291e3c2869d0d8f5516fa6820d97b905a031d51d111d9b,large generated raw array; regenerate from frozen recipe,
experiments/confirmation_primary/data/indefinite_noisy_96100240.raw.npz,719627,81d0c54f98cd66cf4a4efa2c5d77b1f6633428d92cfc9c34a63003eb3fa65bbc,large generated raw array; regenerate from frozen recipe,
experiments/confirmation_primary/data/indefinite_noisy_96100241.raw.npz,719555,f9cdd090b1b197a05f0b9653718a01eafbe090a42cc01eea9a40c7765032cd32,large generated raw array; regenerate from frozen recipe,
experiments/confirmation_primary/data/indefinite_noisy_96100242.raw.npz,719496,1318f97d61efb1c9b34b879732e6f78e7dc00600215c1d5bf53d1264ff88494a,large generated raw array; regenerate from frozen recipe,
experiments/confirmation_primary/data/indefinite_noisy_96100243.raw.npz,719554,526fda4046c2d8a9c5dc49d96556b12f177549aa5000a8ab91bbfebb7c0e1162,large generated raw array; regenerate from frozen recipe,
experiments/confirmation_primary/data/indefinite_noisy_96100244.raw.npz,719658,c03810d669151bc7a92c5d84d9bba35f56addaff416db5dd7059a02ab49413e6,large generated raw array; regenerate from frozen recipe,
experiments/confirmation_primary/data/indefinite_noisy_96100245.raw.npz,719632,9759b34f4d4e483ed57acc33d80bef9dc4aef88ddb1075b7abd7f1a00349ce90,large generated raw array; regenerate from frozen recipe,
experiments/confirmation_primary/data/indefinite_noisy_96100246.raw.npz,719527,7bf694508deaa4fbb78fe8278052dfc865f4526d47d194a8e4ddd2dd3f5d3cea,large generated raw array; regenerate from frozen recipe,
experiments/confirmation_primary/data/indefinite_noisy_96100247.raw.npz,719523,3d7da5a4dbe91499954b9f815fa2bd8425fa6b10350878c8827a7d272569ab5f,large generated raw array; regenerate from frozen recipe,
experiments/confirmation_primary/data/indefinite_noisy_96100248.raw.npz,719538,f2c04a952313c10e25cc81a44808f80a6f55f855dbb081bdd551a7eda7df6323,large generated raw array; regenerate from frozen recipe,
experiments/confirmation_primary/data/indefinite_noisy_96100249.raw.npz,719606,5973ecccc128e1f0f13da3801d91244c5858aa3e612cf10b2ad755d504519a42,large generated raw array; regenerate from frozen recipe,
experiments/confirmation_primary/data/indefinite_noisy_96100250.raw.npz,719552,4cfea0f61e3e4351bd0e0e736f89d5c1e10698489d9ccdd38ae7617a3260bc8c,large generated raw array; regenerate from frozen recipe,
experiments/confirmation_primary/data/indefinite_noisy_96100251.raw.npz,719597,a251b27b217710cd91c22b8dea020fa5fb04490cb9ec3883bc01c2db7b7dfa84,large generated raw array; regenerate from frozen recipe,
experiments/confirmation_primary/data/indefinite_noisy_96100252.raw.npz,719699,2211cba6a1a4f33fd2bff75d932d17f89d53d3f938d7b3ef29ca2927710c63a8,large generated raw array; regenerate from frozen recipe,
experiments/confirmation_primary/data/indefinite_noisy_96100253.raw.npz,719706,2bd2977b0f3fa3e10ba8c730c42c18e1cfd6e0bca580984d6d9579b5850d8aa4,large generated raw array; regenerate from frozen recipe,
experiments/confirmation_primary/data/indefinite_noisy_96100254.raw.npz,719521,922d1a33782e70a8da2abb604d35005cd1b746119c6bd85e914b14b0245ae1ad,large generated raw array; regenerate from frozen recipe,
experiments/confirmation_primary/data/indefinite_noisy_96100255.raw.npz,719654,274dfe72da1f81f465841599db63514689df88378761d291a0a726a836dbcd50,large generated raw array; regenerate from frozen recipe,
experiments/confirmation_primary/results/indefinite_noisy_96100000.json,4138975,a56231dda407795fd2ab34fb6da1e3a87171fc9a8c12bf5470c1c60fc76a8c86,large generated per-event trajectory; complete seed-level analysis CSVs published,
experiments/confirmation_primary/results/indefinite_noisy_96100001.json,4136868,d88eaa838332619567cbc76889fdf853ff64c116178d9220f2becf4850f9bed6,large generated per-event trajectory; complete seed-level analysis CSVs published,
experiments/confirmation_primary/results/indefinite_noisy_96100002.json,4138824,9c4485f39d24e1662c7a9a6ce071481ad120ef0f800977c3c8c2faf8e6a72b35,large generated per-event trajectory; complete seed-level analysis CSVs published,
experiments/confirmation_primary/results/indefinite_noisy_96100003.json,4132753,9caca45ffbade34221368a157f76f4a02be3e68cf9a50426443db05c059db2c4,large generated per-event trajectory; complete seed-level analysis CSVs published,
experiments/confirmation_primary/results/indefinite_noisy_96100004.json,4138163,eb199bbb8162eb44c1c69a023977f20350dd533f31b89ee2a600e77199160f90,large generated per-event trajectory; complete seed-level analysis CSVs published,
experiments/confirmation_primary/results/indefinite_noisy_96100005.json,4134352,9a8a19127dc887ffce84b01d471d722b3f49471ae49e54036ca00417a014998e,large generated per-event trajectory; complete seed-level analysis CSVs published,
experiments/confirmation_primary/results/indefinite_noisy_96100006.json,4139353,c2d1f18462260958943be050bc1513410d53b271e7a98ecd08daffb4dd925315,large generated per-event trajectory; complete seed-level analysis CSVs published,
experiments/confirmation_primary/results/indefinite_noisy_96100007.json,4136928,f90b7ef3e031d8103dd32c0ec9d166b18d1730cbe4af552b2d3b018b95998c8f,large generated per-event trajectory; complete seed-level analysis CSVs published,
experiments/confirmation_primary/results/indefinite_noisy_96100008.json,4137749,7bf07160ab6bd5051f7f1cb0b12adc304984b2803a7fc126716af6d0a70ef03b,large generated per-event trajectory; complete seed-level analysis CSVs published,
experiments/confirmation_primary/results/indefinite_noisy_96100009.json,4137647,153d31fa0108d03b73fd0b525032252128bed86e141371ad4004d77224e730ee,large generated per-event trajectory; complete seed-level analysis CSVs published,
experiments/confirmation_primary/results/indefinite_noisy_96100010.json,4135510,fd29ddf7007b641c5c6086dd253ace3b862b40a9e94d69f8df9929e4378d4706,large generated per-event trajectory; complete seed-level analysis CSVs published,
experiments/confirmation_primary/results/indefinite_noisy_96100011.json,4135110,36bb60109ff8cc9dfc22a2f914b82a800c27f9491dde24ec8ed5bd25e7b4cc5d,large generated per-event trajectory; complete seed-level analysis CSVs published,
experiments/confirmation_primary/results/indefinite_noisy_96100012.json,4138743,d9e434c6372d735edc876869a62fdad77dad3e5b7e25ff5743f14551df43e0f8,large generated per-event trajectory; complete seed-level analysis CSVs published,
experiments/confirmation_primary/results/indefinite_noisy_96100013.json,4139420,80beb06cc7433b50e61b0239472ecd81da75fed5ea0b32be0813e528611126e2,large generated per-event trajectory; complete seed-level analysis CSVs published,
experiments/confirmation_primary/results/indefinite_noisy_96100014.json,4137412,7ee6676a5dd71fae192d7cbaeec84a836ea14cfd86a52634ba4f946cedd19f26,large generated per-event trajectory; complete seed-level analysis CSVs published,
experiments/confirmation_primary/results/indefinite_noisy_96100015.json,4138811,a04d265df63d40d06145487fb2d058b52d347c30a7aa7ae36b071e9a9dcb2ffd,large generated per-event trajectory; complete seed-level analysis CSVs published,
experiments/confirmation_primary/results/indefinite_noisy_96100016.json,4137646,ebd5d841e4fb8c66803056dd2f8316f813dd7f47d63752625273a143958d5f26,large generated per-event trajectory; complete seed-level analysis CSVs published,
experiments/confirmation_primary/results/indefinite_noisy_96100017.json,4141547,da042a51a1dc6ba8656c099e0bfd4b4558c7ab6e87fe656e4f2764a40d1c9eee,large generated per-event trajectory; complete seed-level analysis CSVs published,
experiments/confirmation_primary/results/indefinite_noisy_96100018.json,4137048,58f7b6f601602c23104bed2ba75d593ee8440820c2d570b6787590b44fc9df60,large generated per-event trajectory; complete seed-level analysis CSVs published,
experiments/confirmation_primary/results/indefinite_noisy_96100019.json,4139186,36fe1f5ad186d837e465ab8b8727745b0ba602d3ca91b2b1b54f63a22ab81d50,large generated per-event trajectory; complete seed-level analysis CSVs published,
experiments/confirmation_primary/results/indefinite_noisy_96100020.json,4138969,f0ba0ca49fd171193f6eeb6a6b130671ad70a04da127442e2667350155d8c029,large generated per-event trajectory; complete seed-level analysis CSVs published,
experiments/confirmation_primary/results/indefinite_noisy_96100021.json,4138831,59a1f7281aebccdb42a8aff96bcab49917a08d03a02ecbc175b3bd8b01c8a78f,large generated per-event trajectory; complete seed-level analysis CSVs published,
experiments/confirmation_primary/results/indefinite_noisy_96100022.json,4139439,fe297275670279afd82d7721c94b6ad59982bf07acdccba78549f12da9a15375,large generated per-event trajectory; complete seed-level analysis CSVs published,
experiments/confirmation_primary/results/indefinite_noisy_96100023.json,4134334,577f208c43617cfa08878ae0bc78f5cae05ef58d5d48874b7e581b73ceca8bbf,large generated per-event trajectory; complete seed-level analysis CSVs published,
experiments/confirmation_primary/results/indefinite_noisy_96100024.json,4136895,2bd512a69130e76ae14d4d6f8c09491ccecfd4af3777a9633b0bab6ea521d064,large generated per-event trajectory; complete seed-level analysis CSVs published,
experiments/confirmation_primary/results/indefinite_noisy_96100025.json,4138960,5d36ac0602b2eaa4b4faf0bcd788063c060a75af95501beb5af483f612e8a9fd,large generated per-event trajectory; complete seed-level analysis CSVs published,
experiments/confirmation_primary/results/indefinite_noisy_96100026.json,4140481,0710bb540f123a9f5b50c6875a63e5a9aa4a96577b48fabeec6edae3a8bd532e,large generated per-event trajectory; complete seed-level analysis CSVs published,
experiments/confirmation_primary/results/indefinite_noisy_96100027.json,4140396,e8d8aa84b39b3b8af07bc51b6c4f3bce6ad7a7b731b696c778d52f8e82e5d1a6,large generated per-event trajectory; complete seed-level analysis CSVs published,
experiments/confirmation_primary/results/indefinite_noisy_96100028.json,4142559,557ac75be86b39325f67744e1b55b97f00a0f431bd1d147a968b48e214b96dbe,large generated per-event trajectory; complete seed-level analysis CSVs published,
experiments/confirmation_primary/results/indefinite_noisy_96100029.json,4138829,3747c7a128e33c838b02c10024f6c6346c3932071e54d2d08da393e136a4225e,large generated per-event trajectory; complete seed-level analysis CSVs published,
experiments/confirmation_primary/results/indefinite_noisy_96100030.json,4140339,3f471a49021baad8d526c5541655e7cd4f85d679b6639264b0286e2fd02d03e6,large generated per-event trajectory; complete seed-level analysis CSVs published,
experiments/confirmation_primary/results/indefinite_noisy_96100031.json,4135377,0690c62ea51728a5e1f55a4eccc90caa7c0dbfcd9d0b96a8bd0079a8ab0f60c2,large generated per-event trajectory; complete seed-level analysis CSVs published,
experiments/confirmation_primary/results/indefinite_noisy_96100032.json,4137269,09c1cd7c0150f2d799f6cf92da0093f86023eab7cacccdf10b29610a154ac11f,large generated per-event trajectory; complete seed-level analysis CSVs published,
experiments/confirmation_primary/results/indefinite_noisy_96100033.json,4140675,e9e5edfe1bb8efd378b688d8d7dddb3927e395f47839ab7003dd977f957618d1,large generated per-event trajectory; complete seed-level analysis CSVs published,
experiments/confirmation_primary/results/indefinite_noisy_96100034.json,4137825,dbd406d53327afbe8a1445653461956b4d639585ea16362b3895de2ed79b38bf,large generated per-event trajectory; complete seed-level analysis CSVs published,
experiments/confirmation_primary/results/indefinite_noisy_96100035.json,4138938,54a8fb8eb7d3e09fd966a4e4a62a7e746e00748bb38a35f153a7505e50312fab,large generated per-event trajectory; complete seed-level analysis CSVs published,
experiments/confirmation_primary/results/indefinite_noisy_96100036.json,4140962,2307b5c58b7471ef01c07e1d3ff82f7161fa790e390aabff906a65c1307812ca,large generated per-event trajectory; complete seed-level analysis CSVs published,
experiments/confirmation_primary/results/indefinite_noisy_96100037.json,4140299,1d519ccb8b359a0dd8dc8121f2d8287a13b22f813095d15340a8d9a0b0b64816,large generated per-event trajectory; complete seed-level analysis CSVs published,
experiments/confirmation_primary/results/indefinite_noisy_96100038.json,4135095,32d4c17fe5949974c018a6f2469133de11fafd646a83e3d6c3962f53c05764e1,large generated per-event trajectory; complete seed-level analysis CSVs published,
experiments/confirmation_primary/results/indefinite_noisy_96100039.json,4139395,067cc90f1b52509f958963cb1971afbe2cdd28549a622ef1349591c81ea2eec7,large generated per-event trajectory; complete seed-level analysis CSVs published,
experiments/confirmation_primary/results/indefinite_noisy_96100040.json,4137278,c1919bde08f6347a081e91a93b194f4ead9fc74d8b4816e2ccec0adceb132716,large generated per-event trajectory; complete seed-level analysis CSVs published,
experiments/confirmation_primary/results/indefinite_noisy_96100041.json,4138449,091521d47ad69afdc582934e6f3d5af7070475b0efacc9207d001fd8b7c163c1,large generated per-event trajectory; complete seed-level analysis CSVs published,
experiments/confirmation_primary/results/indefinite_noisy_96100042.json,4140670,c879d152ea44ea6f20a4b5abe9c5086690147e97e9b39cea729bb566be3b9f7f,large generated per-event trajectory; complete seed-level analysis CSVs published,
experiments/confirmation_primary/results/indefinite_noisy_96100043.json,4133689,4851746f5f73139a53845c705d80e15baba1e0f181db9296d10aa7e90b53574d,large generated per-event trajectory; complete seed-level analysis CSVs published,
experiments/confirmation_primary/results/indefinite_noisy_96100044.json,4136804,ec4c88e1f894f0defc93c95a4c50ca65e777cc77331df49775f7e6fad1a9dacd,large generated per-event trajectory; complete seed-level analysis CSVs published,
experiments/confirmation_primary/results/indefinite_noisy_96100045.json,4137318,47c330c932f0e95838610b01a1dd6b207ee3997550d12f864249a7a41d7a56c0,large generated per-event trajectory; complete seed-level analysis CSVs published,
experiments/confirmation_primary/results/indefinite_noisy_96100046.json,4139817,1bc8618af3c30b3db5bc8ad0c9b81755f87b3e323a44f5c4fbdf1a3cbfb54579,large generated per-event trajectory; complete seed-level analysis CSVs published,
experiments/confirmation_primary/results/indefinite_noisy_96100047.json,4139790,d73b11835d32086991cf0612207d6b937821cefde95f76c1250eeac8cd0f586e,large generated per-event trajectory; complete seed-level analysis CSVs published,
experiments/confirmation_primary/results/indefinite_noisy_96100048.json,4139195,01a7545d86b3817dc1f5a040d2b0e6ff8f2d3ca97a75ad23adcec38c2ae27008,large generated per-event trajectory; complete seed-level analysis CSVs published,
experiments/confirmation_primary/results/indefinite_noisy_96100049.json,4140099,8963045baa04e74a3b7410512a0a45a1a5a1bd50e720359a6bb839857c891ad4,large generated per-event trajectory; complete seed-level analysis CSVs published,
experiments/confirmation_primary/results/indefinite_noisy_96100050.json,4140950,ba1ecc3396621834938d34dfcc1dcd52768b291979f013c5d95c21ee2d02fd10,large generated per-event trajectory; complete seed-level analysis CSVs published,
experiments/confirmation_primary/results/indefinite_noisy_96100051.json,4135865,b2f08404a556881701d7ca4b9da69539a4249a8a1ce4673d9462ba5836a4a47e,large generated per-event trajectory; complete seed-level analysis CSVs published,
experiments/confirmation_primary/results/indefinite_noisy_96100052.json,4137695,fab5b9af998f3e9f9829a2c5c317dbe68d27868be0410698e9cc023b0a1e1641,large generated per-event trajectory; complete seed-level analysis CSVs published,
experiments/confirmation_primary/results/indefinite_noisy_96100053.json,4139611,be0511d162aa287de5ff4b8ed9b4ff51648639f7a159edcd2287c87b4be09627,large generated per-event trajectory; complete seed-level analysis CSVs published,
experiments/confirmation_primary/results/indefinite_noisy_96100054.json,4138152,0833736a0249add046f1cd237c1bffc5815483dafc8a78abac4e2dcedef865ed,large generated per-event trajectory; complete seed-level analysis CSVs published,
experiments/confirmation_primary/results/indefinite_noisy_96100055.json,4139201,df81a7bf69ff95c41663ce86fcf9f6b7571d90b2cc59da0d284b51152833afc7,large generated per-event trajectory; complete seed-level analysis CSVs published,
experiments/confirmation_primary/results/indefinite_noisy_96100056.json,4139232,5e9d7a296cbe5d7b3f1c87439a5e302c39899a71caf365a9fa87f3dac1c33483,large generated per-event trajectory; complete seed-level analysis CSVs published,
experiments/confirmation_primary/results/indefinite_noisy_96100057.json,4136875,9da853076e5a5a25dffcb258cbf48de4414ee85e6f6ea3e185f8e11fcc1415a2,large generated per-event trajectory; complete seed-level analysis CSVs published,
experiments/confirmation_primary/results/indefinite_noisy_96100058.json,4136754,2aaa2eddf8b830418ddebeecc6d4bd45e800116543ce379044d4d8bc826789fa,large generated per-event trajectory; complete seed-level analysis CSVs published,
experiments/confirmation_primary/results/indefinite_noisy_96100059.json,4141673,6c616051f37b009f99db1c4995b20e240dfa04a745d49b7af8a0545b5cfbf7c1,large generated per-event trajectory; complete seed-level analysis CSVs published,
experiments/confirmation_primary/results/indefinite_noisy_96100060.json,4141566,e4be3d994e330504ea1c54058feb436f4416476c774eba6cd2b54f39bf00fc2e,large generated per-event trajectory; complete seed-level analysis CSVs published,
experiments/confirmation_primary/results/indefinite_noisy_96100061.json,4139125,8c3f2d9e8a010c12f5d06b25e7424a9c7e006a48a553b8adc8e2df4b1fbfa986,large generated per-event trajectory; complete seed-level analysis CSVs published,
experiments/confirmation_primary/results/indefinite_noisy_96100062.json,4137666,6ec46e137be77d6814fc7a84648e79ffd6ab7c27c0a675bf7278c6bc3eae279c,large generated per-event trajectory; complete seed-level analysis CSVs published,
experiments/confirmation_primary/results/indefinite_noisy_96100063.json,4135767,1ae90c28d537931ebdc8ba9cbe01c97de0812385f6298ec0785e58414d02936b,large generated per-event trajectory; complete seed-level analysis CSVs published,
experiments/confirmation_primary/results/indefinite_noisy_96100064.json,4140186,610508227a1216abfa6532d6a03e6a88e395ae856bfa182e4301e2b3746f2b9f,large generated per-event trajectory; complete seed-level analysis CSVs published,
experiments/confirmation_primary/results/indefinite_noisy_96100065.json,4135914,a4d6d1a980ffa8c79f43f8d067255c55e64e102b95ba7a93d7d21a1df777b718,large generated per-event trajectory; complete seed-level analysis CSVs published,
experiments/confirmation_primary/results/indefinite_noisy_96100066.json,4139416,d60a852b707df28355cbf9abcda04bb33e5706a4b806de0c96997c376b0cc614,large generated per-event trajectory; complete seed-level analysis CSVs published,
experiments/confirmation_primary/results/indefinite_noisy_96100067.json,4139140,3cc3b19bf78ff5d7e558047d81319ccbf6736a3696e69e6683a3f5a1b25154bd,large generated per-event trajectory; complete seed-level analysis CSVs published,
experiments/confirmation_primary/results/indefinite_noisy_96100068.json,4136638,74248837768ddc1d9787ab0d6c9114a3ef8db2f41d2d4a1b57135a8d6d7b7b00,large generated per-event trajectory; complete seed-level analysis CSVs published,
experiments/confirmation_primary/results/indefinite_noisy_96100069.json,4133602,9475acfe42f84514ba7447fbe6f9d314e51f4e6e59c6989e007076fd34732569,large generated per-event trajectory; complete seed-level analysis CSVs published,
experiments/confirmation_primary/results/indefinite_noisy_96100070.json,4140102,f320e5c91f914c118c9035db660aff696f07de4fe8cc56ab14d169b0fe06a0e7,large generated per-event trajectory; complete seed-level analysis CSVs published,
experiments/confirmation_primary/results/indefinite_noisy_96100071.json,4138611,5b464689a9fc48a887554f125483fb5fd95c0ae2c08c0587ca45a9fb4717bb75,large generated per-event trajectory; complete seed-level analysis CSVs published,
experiments/confirmation_primary/results/indefinite_noisy_96100072.json,4138360,03234d8e7d66094aeb239b3c8c1c813bc70554d4265ba2d8c499105731b05029,large generated per-event trajectory; complete seed-level analysis CSVs published,
experiments/confirmation_primary/results/indefinite_noisy_96100073.json,4139209,f4484b62331ad0aa962a97a94d1cec2b1d2713655af35990673766d02e667ead,large generated per-event trajectory; complete seed-level analysis CSVs published,
experiments/confirmation_primary/results/indefinite_noisy_96100074.json,4136562,316b7388d439ea9ee4a64bd667d427554aafcb58f717b8f52ee5247968da7b8a,large generated per-event trajectory; complete seed-level analysis CSVs published,
experiments/confirmation_primary/results/indefinite_noisy_96100075.json,4139589,996423f01fc7d7b6c75b2f69d493b88afbb3d717f9e531b4c4047f63de219307,large generated per-event trajectory; complete seed-level analysis CSVs published,
experiments/confirmation_primary/results/indefinite_noisy_96100076.json,4138951,22ffcb0258ec3f1c74252e606f798ebe64bd763ad63ec921e491563918f76b81,large generated per-event trajectory; complete seed-level analysis CSVs published,
experiments/confirmation_primary/results/indefinite_noisy_96100077.json,4137597,c734af65448ef1c5bc4f3e80f1d3944dffc6bf215b97b839ceec4f336f118c5f,large generated per-event trajectory; complete seed-level analysis CSVs published,
experiments/confirmation_primary/results/indefinite_noisy_96100078.json,4139167,6429589ae11a8aac11009284815d5887f52bf3375ad14aa6cb9ebb269f32156b,large generated per-event trajectory; complete seed-level analysis CSVs published,
experiments/confirmation_primary/results/indefinite_noisy_96100079.json,4138843,1570c126e31e17fdf189bd2740df9739e45d293cddda5a009aa0d8d6b8e40ee0,large generated per-event trajectory; complete seed-level analysis CSVs published,
experiments/confirmation_primary/results/indefinite_noisy_96100080.json,4139626,d039cc5daa0ed70ae7d09b26e8001d3cf91904c4ff66a03656aa6c7d2cd1423a,large generated per-event trajectory; complete seed-level analysis CSVs published,
experiments/confirmation_primary/results/indefinite_noisy_96100081.json,4137962,0f5316ee29795548de03d60c1d3ff92137639c1494a4230e534815897f2e39ad,large generated per-event trajectory; complete seed-level analysis CSVs published,
experiments/confirmation_primary/results/indefinite_noisy_96100082.json,4135309,30ebc7208a243aeea72c9571394d471bc3ea6a73a307ee07caba89729f30f26f,large generated per-event trajectory; complete seed-level analysis CSVs published,
experiments/confirmation_primary/results/indefinite_noisy_96100083.json,4136963,950c20c04a99c9da017c96d86858f7899f18e33bb46b429439fb5cab3783a4b0,large generated per-event trajectory; complete seed-level analysis CSVs published,
experiments/confirmation_primary/results/indefinite_noisy_96100084.json,4141852,e26d8bfd904a6e3f249c94e34f03c3873a389884d53d787fb0d03666136fdfd8,large generated per-event trajectory; complete seed-level analysis CSVs published,
experiments/confirmation_primary/results/indefinite_noisy_96100085.json,4142830,c2db1eca102af6833284db2c352421f8514978bfa8053eb62f9ddb284de74e3f,large generated per-event trajectory; complete seed-level analysis CSVs published,
experiments/confirmation_primary/results/indefinite_noisy_96100086.json,4136817,94952263edaf6f523f44ccc76c82d780242be53b184421feba0e3a077fcf684f,large generated per-event trajectory; complete seed-level analysis CSVs published,
experiments/confirmation_primary/results/indefinite_noisy_96100087.json,4141321,a455235e0fc71c7aaf9af6527f26f4ffe7ef6026711661d59354092b35883ae7,large generated per-event trajectory; complete seed-level analysis CSVs published,
experiments/confirmation_primary/results/indefinite_noisy_96100088.json,4137258,cdd2352b0d4788290d0d9becd22ece0e239a59de2d747a4387c750852b21bd72,large generated per-event trajectory; complete seed-level analysis CSVs published,
experiments/confirmation_primary/results/indefinite_noisy_96100089.json,4138526,3899c07b8c07b22b6def337ae9f3e6c2a92f1a5b4ba17fd9af00eadc12d12e57,large generated per-event trajectory; complete seed-level analysis CSVs published,
experiments/confirmation_primary/results/indefinite_noisy_96100090.json,4140526,90a154763657dee10cf7a3210cc21d29ad14a04dbfc8013b4fa5c8e9dbad69b3,large generated per-event trajectory; complete seed-level analysis CSVs published,
experiments/confirmation_primary/results/indefinite_noisy_96100091.json,4137046,3909d3def4e6205a015b67fc9b38c273b2598e3f6ac8cc992761df5d042969ae,large generated per-event trajectory; complete seed-level analysis CSVs published,
experiments/confirmation_primary/results/indefinite_noisy_96100092.json,4140146,0e78b3bae2339ce9b75f91853ca3430e54b8bec0b2ff75aeda8c7e65b4733ffe,large generated per-event trajectory; complete seed-level analysis CSVs published,
experiments/confirmation_primary/results/indefinite_noisy_96100093.json,4138348,4ecdd2d5a295d6cff1bf70d8c47e8d622b223925d66dfc109988a2cb98eca081,large generated per-event trajectory; complete seed-level analysis CSVs published,
experiments/confirmation_primary/results/indefinite_noisy_96100094.json,4139798,c9a4a5f2c68f08c9623c715dace0eb67bd543b896fd6fbcd0be72fc0febca5d0,large generated per-event trajectory; complete seed-level analysis CSVs published,
experiments/confirmation_primary/results/indefinite_noisy_96100095.json,4136509,2f53d7b1fba34eb95d05286cde3fe1053bd3ea2b0eece532e9f75cc2335e4b82,large generated per-event trajectory; complete seed-level analysis CSVs published,
experiments/confirmation_primary/results/indefinite_noisy_96100096.json,4140069,1b7c389b23e990ae5a545168ad160e56617e55226610dad65176399348ee8b4c,large generated per-event trajectory; complete seed-level analysis CSVs published,
experiments/confirmation_primary/results/indefinite_noisy_96100097.json,4140975,4567ab26b7d772822dbeea2641b744a944221e7e7c70c6bc637239d889333e0a,large generated per-event trajectory; complete seed-level analysis CSVs published,
experiments/confirmation_primary/results/indefinite_noisy_96100098.json,4140149,d83bd64f7c3a16a7a39aaa2169a8242d45c121d048b4f99f68c0170a5f7ea202,large generated per-event trajectory; complete seed-level analysis CSVs published,
experiments/confirmation_primary/results/indefinite_noisy_96100099.json,4140760,7ec4b10eb2e491a5413a24827623635437e1b545ab15c7d81b94135c8b854c30,large generated per-event trajectory; complete seed-level analysis CSVs published,
experiments/confirmation_primary/results/indefinite_noisy_96100100.json,4138620,bafc43504b70eee8551ceb5588cf80b9249a743c7d4b6f7415923a8c19d8c1a5,large generated per-event trajectory; complete seed-level analysis CSVs published,
experiments/confirmation_primary/results/indefinite_noisy_96100101.json,4137465,f6e4b18abe5d18c877c8a5cc644f61e0795ca131d42535ed70f53f1b317eff84,large generated per-event trajectory; complete seed-level analysis CSVs published,
experiments/confirmation_primary/results/indefinite_noisy_96100102.json,4136399,3e9816f8cf3d4413c71d1ba564a8673958ce7667d7c9007d973592699d52ff70,large generated per-event trajectory; complete seed-level analysis CSVs published,
experiments/confirmation_primary/results/indefinite_noisy_96100103.json,4139303,0addc582645f2ff99d566d794fc65f465ddf4fb8376cc2af3cbca5f92f76a11f,large generated per-event trajectory; complete seed-level analysis CSVs published,
experiments/confirmation_primary/results/indefinite_noisy_96100104.json,4139941,1bb4148f60c4107a6e5816d2448de5fd4fc13704aa416778c572fedb2c8ab183,large generated per-event trajectory; complete seed-level analysis CSVs published,
experiments/confirmation_primary/results/indefinite_noisy_96100105.json,4135716,dd3b5175310bdf273f514224aaec99b43fed6b5d12768ee5ecf7e04c3bdc4ac6,large generated per-event trajectory; complete seed-level analysis CSVs published,
experiments/confirmation_primary/results/indefinite_noisy_96100106.json,4138673,fcf615bf2f88dc388a45fa3e5f35990e3ee02655072eaea2920adc3037f33d69,large generated per-event trajectory; complete seed-level analysis CSVs published,
experiments/confirmation_primary/results/indefinite_noisy_96100107.json,4138349,4a246975909599bf7aa2ddf6dd7d16bb3ac1d27fb970950bd1864f23345f3eb3,large generated per-event trajectory; complete seed-level analysis CSVs published,
experiments/confirmation_primary/results/indefinite_noisy_96100108.json,4144192,6105e55b0c65a12077105d6555ddbb445581ef3646c4c895c2d9cfc7b1c21de8,large generated per-event trajectory; complete seed-level analysis CSVs published,
experiments/confirmation_primary/results/indefinite_noisy_96100109.json,4140195,ef9852a07638e4acdf0b03bb895a024c43811baf1426309169fff32f9d4373d7,large generated per-event trajectory; complete seed-level analysis CSVs published,
experiments/confirmation_primary/results/indefinite_noisy_96100110.json,4137602,c4302240b6ef569c31108f9d865c86ff209844120557711fa1f41c221b02c436,large generated per-event trajectory; complete seed-level analysis CSVs published,
experiments/confirmation_primary/results/indefinite_noisy_96100111.json,4138902,1f528b8d33cfa8894b678cad2e210f7e691a12abe5a7e78262fa6669e938a957,large generated per-event trajectory; complete seed-level analysis CSVs published,
experiments/confirmation_primary/results/indefinite_noisy_96100112.json,4134448,b87ed787c82aafae4c4f5a171a4e7f1c7a7e46c385e1d93f056019d7c906562b,large generated per-event trajectory; complete seed-level analysis CSVs published,
experiments/confirmation_primary/results/indefinite_noisy_96100113.json,4137212,09d8ceacc8d017a0f5b9f54c97f714f77fcf565918147feebb2f1ff4061762aa,large generated per-event trajectory; complete seed-level analysis CSVs published,
experiments/confirmation_primary/results/indefinite_noisy_96100114.json,4136107,5d986805444669daaeed1bcf370412c7773b9e128ce15c886f89d4f5002a1772,large generated per-event trajectory; complete seed-level analysis CSVs published,
experiments/confirmation_primary/results/indefinite_noisy_96100115.json,4136933,ed5ca7c6457d6db0256ba8c06707197b716cc8b91d1ab627c1b2161b098ff601,large generated per-event trajectory; complete seed-level analysis CSVs published,
experiments/confirmation_primary/results/indefinite_noisy_96100116.json,4139069,703fadaae53192061c2c45bcf0b653b70a5e9b1d28de479ab61484bf6bf75b51,large generated per-event trajectory; complete seed-level analysis CSVs published,
experiments/confirmation_primary/results/indefinite_noisy_96100117.json,4132667,2786a8dca10c5a01c12cd1da9df567fb7cd0fcef3b12647a7f774a5e01cec467,large generated per-event trajectory; complete seed-level analysis CSVs published,
experiments/confirmation_primary/results/indefinite_noisy_96100118.json,4136911,f9b21b05e57579c249a0c5c6b79849d01937bf64ea77a151a263a30e98a5e330,large generated per-event trajectory; complete seed-level analysis CSVs published,
experiments/confirmation_primary/results/indefinite_noisy_96100119.json,4136074,378a0be85f36d37079afc1799e2e053e31e6a9a3b689b5e1d7e1f6a5d0f46489,large generated per-event trajectory; complete seed-level analysis CSVs published,
experiments/confirmation_primary/results/indefinite_noisy_96100120.json,4140197,93671f4f29d117f12eefc36a1bc02c897c797bf5488ec978ef7703ae6de4d50e,large generated per-event trajectory; complete seed-level analysis CSVs published,
experiments/confirmation_primary/results/indefinite_noisy_96100121.json,4137429,8730fb20c53ffddcee90fc6d0c39913ca53aeeb7e6f0bb74ed590bac9b6af255,large generated per-event trajectory; complete seed-level analysis CSVs published,
experiments/confirmation_primary/results/indefinite_noisy_96100122.json,4139798,2b65d3d04d04e969dace31bc2e21ae1ab23cbce20560a657a731a6f5d2b19f02,large generated per-event trajectory; complete seed-level analysis CSVs published,
experiments/confirmation_primary/results/indefinite_noisy_96100123.json,4137564,b73b8cea3fa2c94fb01259f2ecf2b18ab61eed3cefeebceb8c3bcdf11dbfd0b7,large generated per-event trajectory; complete seed-level analysis CSVs published,
experiments/confirmation_primary/results/indefinite_noisy_96100124.json,4139214,3ea3f2dc96c47a6d26498b14696d7fa779f5965a645031aeabbce612a8d622fd,large generated per-event trajectory; complete seed-level analysis CSVs published,
experiments/confirmation_primary/results/indefinite_noisy_96100125.json,4138144,44ec3c45155226ab931b7240f1b6331d03fdad899ec0f1456bff2abd001e9945,large generated per-event trajectory; complete seed-level analysis CSVs published,
experiments/confirmation_primary/results/indefinite_noisy_96100126.json,4138300,48d8f85e0e13e1129cc48645f5617d2e38d2124a60e6b21bbba179204ce7c7e2,large generated per-event trajectory; complete seed-level analysis CSVs published,
experiments/confirmation_primary/results/indefinite_noisy_96100127.json,4138968,c6b4c61e8094382645df5988967715d2662324f1c16a4b3da5c737f67fdea333,large generated per-event trajectory; complete seed-level analysis CSVs published,
experiments/confirmation_primary/results/indefinite_noisy_96100128.json,4140622,88cf7f77a838c4f185246422294d9bcba16e60e5f091a70d88af85f5ebe07ce8,large generated per-event trajectory; complete seed-level analysis CSVs published,
experiments/confirmation_primary/results/indefinite_noisy_96100129.json,4137998,46d5a0db07d7985509b13a063e4d408d096585ae89bfb889b61c8b8951658459,large generated per-event trajectory; complete seed-level analysis CSVs published,
experiments/confirmation_primary/results/indefinite_noisy_96100130.json,4139869,8a27b8ff26fd9812418f5193877f96283f7bc0bc0df164ab5bbb61bb5c1704a0,large generated per-event trajectory; complete seed-level analysis CSVs published,
experiments/confirmation_primary/results/indefinite_noisy_96100131.json,4141584,23e9efd81a32f5defe32fbc41555df0ece6bdc6566257e31abb746a2841ec344,large generated per-event trajectory; complete seed-level analysis CSVs published,
experiments/confirmation_primary/results/indefinite_noisy_96100132.json,4141464,a4be0b20f6cbece4b94734643a65e975aec6cdfd2d67252df5a1d7abd7deaa07,large generated per-event trajectory; complete seed-level analysis CSVs published,
experiments/confirmation_primary/results/indefinite_noisy_96100133.json,4139455,2c5d85283212886f5a3517478ccc799318d13b5318d27b135f47b5a5645406af,large generated per-event trajectory; complete seed-level analysis CSVs published,
experiments/confirmation_primary/results/indefinite_noisy_96100134.json,4138608,b5956b56818123888109cdebe67771a07e7e32583cde9c5f3cee3a36987901f4,large generated per-event trajectory; complete seed-level analysis CSVs published,
experiments/confirmation_primary/results/indefinite_noisy_96100135.json,4144750,9c7bfe91c145f3127f18104522ec67c8e90ee5875cdc47734658197bea1b8203,large generated per-event trajectory; complete seed-level analysis CSVs published,
experiments/confirmation_primary/results/indefinite_noisy_96100136.json,4139485,d9050a58eb87ef533d6c87be7a485bb39820dbbad3be60b54e313a3134108234,large generated per-event trajectory; complete seed-level analysis CSVs published,
experiments/confirmation_primary/results/indefinite_noisy_96100137.json,4139742,e52b40a0b2b1c2bc9c5dd793e34cf4784dee5c3adc1307c6dbd8733cae81aa03,large generated per-event trajectory; complete seed-level analysis CSVs published,
experiments/confirmation_primary/results/indefinite_noisy_96100138.json,4136732,0eddfec22f8a4aeb6e39d4e5930400e7004da424a24c2317c3f79b96bb6cf041,large generated per-event trajectory; complete seed-level analysis CSVs published,
experiments/confirmation_primary/results/indefinite_noisy_96100139.json,4138622,b8094ded1bfac112d83cc1b0055ca81eae67d5153162bbdaf196847156a546f4,large generated per-event trajectory; complete seed-level analysis CSVs published,
experiments/confirmation_primary/results/indefinite_noisy_96100140.json,4139224,f086976ffdc9edb2f2b7bbe70e7e1904ffe608821caf77e0abdedeaa2f372679,large generated per-event trajectory; complete seed-level analysis CSVs published,
experiments/confirmation_primary/results/indefinite_noisy_96100141.json,4134458,e18282e88d0ae307db1f8427893c0da406aaef27a947fb4f9dd9ba9a264e4835,large generated per-event trajectory; complete seed-level analysis CSVs published,
experiments/confirmation_primary/results/indefinite_noisy_96100142.json,4140344,3786e3485a4e90a21abe49bdd2d154c1624eb8cfcaadbd281dea024b47cde847,large generated per-event trajectory; complete seed-level analysis CSVs published,
experiments/confirmation_primary/results/indefinite_noisy_96100143.json,4139346,e9b6a42ab61856e7e57c6c95fbe587537d0bf957d4a9750ea6b02fa815075ad2,large generated per-event trajectory; complete seed-level analysis CSVs published,
experiments/confirmation_primary/results/indefinite_noisy_96100144.json,4138023,deee41a14442275012326be4db5b882d82c56e4933ff52833ed00b591191ab1c,large generated per-event trajectory; complete seed-level analysis CSVs published,
experiments/confirmation_primary/results/indefinite_noisy_96100145.json,4137922,1d252eff84b1c5647164828ed05c9d2274d7186bf0996582b733f7235d1daa00,large generated per-event trajectory; complete seed-level analysis CSVs published,
experiments/confirmation_primary/results/indefinite_noisy_96100146.json,4139679,ff8ffb8fc5b91a7ffa055eb97a252fd9bc0f47bf837e805d0dd423ed67c7c8f1,large generated per-event trajectory; complete seed-level analysis CSVs published,
experiments/confirmation_primary/results/indefinite_noisy_96100147.json,4138555,9df5e96eebe57ce1c97e56bb22b47984180ec0780168383c2355a59a738ac9b1,large generated per-event trajectory; complete seed-level analysis CSVs published,
experiments/confirmation_primary/results/indefinite_noisy_96100148.json,4138163,b7d04269d02d83fd49b87de78879e5c118ce34a2e442cc200ac9bad0f6039a33,large generated per-event trajectory; complete seed-level analysis CSVs published,
experiments/confirmation_primary/results/indefinite_noisy_96100149.json,4136287,3b68a556cb7dbcd5588dff0600908ff3f22b1317ff5e4535acf957d6f53a7b55,large generated per-event trajectory; complete seed-level analysis CSVs published,
experiments/confirmation_primary/results/indefinite_noisy_96100150.json,4137006,2daf74351d42e368d1608f454e8956915de2f65698055e482435855432de34ec,large generated per-event trajectory; complete seed-level analysis CSVs published,
experiments/confirmation_primary/results/indefinite_noisy_96100151.json,4141770,71c299f822ac44b76cab5325f241edd08ee556e045e755daf4bd0bc279e9b623,large generated per-event trajectory; complete seed-level analysis CSVs published,
experiments/confirmation_primary/results/indefinite_noisy_96100152.json,4139013,5cbeb33919906f046036c03010ea79b0e94cf87247a8561ff39000c5958f676a,large generated per-event trajectory; complete seed-level analysis CSVs published,
experiments/confirmation_primary/results/indefinite_noisy_96100153.json,4136479,d506f454aabe92946f5d353e54c2f8ec11ca3a8f6d97772c6bb5ac1ee5a86987,large generated per-event trajectory; complete seed-level analysis CSVs published,
experiments/confirmation_primary/results/indefinite_noisy_96100154.json,4137212,6f55c7bb61bb21076f05a10406f14c82cb8f9a532122ba52059dfbd5d0255912,large generated per-event trajectory; complete seed-level analysis CSVs published,
experiments/confirmation_primary/results/indefinite_noisy_96100155.json,4136931,1a8bea3574d1423fe5b86365a071a02572e46b559b704d495f0a5947d69d2724,large generated per-event trajectory; complete seed-level analysis CSVs published,
experiments/confirmation_primary/results/indefinite_noisy_96100156.json,4137897,3e24457199e9616bfc9aa462afc2ede6230c85e1fa252b2f1be9d6b4f0334e88,large generated per-event trajectory; complete seed-level analysis CSVs published,
experiments/confirmation_primary/results/indefinite_noisy_96100157.json,4138314,47de194417f01e99bbf832d6c898a6dac8d3a884dc04773c22ba815e64f8f6b8,large generated per-event trajectory; complete seed-level analysis CSVs published,
experiments/confirmation_primary/results/indefinite_noisy_96100158.json,4141423,dca8d517e95cd6efe429685881428a6b7cbaa2292383f31cf91832bbff1a0aa7,large generated per-event trajectory; complete seed-level analysis CSVs published,
experiments/confirmation_primary/results/indefinite_noisy_96100159.json,4137581,a22ec0ea06872326cfe589f279c9fcdd18f398528530f2f4509a929fd07d7d4c,large generated per-event trajectory; complete seed-level analysis CSVs published,
experiments/confirmation_primary/results/indefinite_noisy_96100160.json,4137916,fd2f95e60e2129042bcc0ed80a3273ff4fd60b8bd15510e359d9feb222b083d7,large generated per-event trajectory; complete seed-level analysis CSVs published,
experiments/confirmation_primary/results/indefinite_noisy_96100161.json,4137781,d6ac5b265c202a24e4ab0a8112460d16aadcacc47c3e8055c29f0d5753e33564,large generated per-event trajectory; complete seed-level analysis CSVs published,
experiments/confirmation_primary/results/indefinite_noisy_96100162.json,4134560,5d27a6215ecc8010ab79a64e89d0679864163f7132403947ecd2458b95ddd4d4,large generated per-event trajectory; complete seed-level analysis CSVs published,
experiments/confirmation_primary/results/indefinite_noisy_96100163.json,4138807,266c246b21269acb25598f5f79b8a3056883c2c3f7b5a3eb06fc7a426c6f700c,large generated per-event trajectory; complete seed-level analysis CSVs published,
experiments/confirmation_primary/results/indefinite_noisy_96100164.json,4139944,0833a2d6325a5f8df22296a7217130265edc12827d1cf373cb5ccb4fe896c8b9,large generated per-event trajectory; complete seed-level analysis CSVs published,
experiments/confirmation_primary/results/indefinite_noisy_96100165.json,4137997,79806dcc20c8eeccffb068e6461d8aa1f9235fe9105d0c4fc97874ad73d8b3b5,large generated per-event trajectory; complete seed-level analysis CSVs published,
experiments/confirmation_primary/results/indefinite_noisy_96100166.json,4136980,09351efc3c5ecf06bfc33e07071c05a77406de2e2ed0f86a800d2b32006cc010,large generated per-event trajectory; complete seed-level analysis CSVs published,
experiments/confirmation_primary/results/indefinite_noisy_96100167.json,4137363,86b1614948e91e954f25644468c248fc490eef87542c1a039e206368d75bd49c,large generated per-event trajectory; complete seed-level analysis CSVs published,
experiments/confirmation_primary/results/indefinite_noisy_96100168.json,4142141,128940f0b2a2f58ae1e71f23db5d822a56d127f16693dc309795b92087f8068c,large generated per-event trajectory; complete seed-level analysis CSVs published,
experiments/confirmation_primary/results/indefinite_noisy_96100169.json,4140820,2713b48f65321e631911dfb763df8f1a804340f419c6d42f2368000cc99ae9d6,large generated per-event trajectory; complete seed-level analysis CSVs published,
experiments/confirmation_primary/results/indefinite_noisy_96100170.json,4141664,5041955b894033b85e30d4aadb8cb2d47ba7f25b29304954c696d5bda69d935e,large generated per-event trajectory; complete seed-level analysis CSVs published,
experiments/confirmation_primary/results/indefinite_noisy_96100171.json,4139957,81a6d2a58a83805dce98be989fd8a9f8f1647dfae56dc84bd1f645150a1b7f04,large generated per-event trajectory; complete seed-level analysis CSVs published,
experiments/confirmation_primary/results/indefinite_noisy_96100172.json,4140575,39f276c59af01941ac38d987ab9182c7ce51f455ab3853b7e1d606c288ba46c2,large generated per-event trajectory; complete seed-level analysis CSVs published,
experiments/confirmation_primary/results/indefinite_noisy_96100173.json,4138027,36b4855b64afc1e1a0df827e87bd146f6176352791e2fb4e6e147bce016f6b29,large generated per-event trajectory; complete seed-level analysis CSVs published,
experiments/confirmation_primary/results/indefinite_noisy_96100174.json,4134485,90d925700686ad9bddabd70309721145d1c27d00d0ca8f5decafdc2dff30d3cc,large generated per-event trajectory; complete seed-level analysis CSVs published,
experiments/confirmation_primary/results/indefinite_noisy_96100175.json,4138644,3726ab19f2392eae4503dcba5b8e35fd5e3d4d01dd25bed5d10e3ed7a83389d1,large generated per-event trajectory; complete seed-level analysis CSVs published,
experiments/confirmation_primary/results/indefinite_noisy_96100176.json,4137467,bd9cdf372bb1bca7b514a323765ffb8ebd62ec457aabc8a89161eb021760ff6a,large generated per-event trajectory; complete seed-level analysis CSVs published,
experiments/confirmation_primary/results/indefinite_noisy_96100177.json,4138342,014f83de3663f2cfebc9e7d748eab6efd331f9742e0a91a34cfd3ddb26a23d8d,large generated per-event trajectory; complete seed-level analysis CSVs published,
experiments/confirmation_primary/results/indefinite_noisy_96100178.json,4138492,14d96bf63ab9528bb2e56598cab6d9801aabe69ae39cbff00b035c674ad307b7,large generated per-event trajectory; complete seed-level analysis CSVs published,
experiments/confirmation_primary/results/indefinite_noisy_96100179.json,4139993,8bc2bec8290170f9cde3946d0afc85be75493cb91d8cc4c918fe4486328ba756,large generated per-event trajectory; complete seed-level analysis CSVs published,
experiments/confirmation_primary/results/indefinite_noisy_96100180.json,4140853,01c29691e562c2550109426021e8b2ec0027679f41490b98c6f81b3af862a0b7,large generated per-event trajectory; complete seed-level analysis CSVs published,
experiments/confirmation_primary/results/indefinite_noisy_96100181.json,4140098,95b75240c4840baeb28472ad7b67a569ad5061a25c0c7202c2c99ce8c45a36cc,large generated per-event trajectory; complete seed-level analysis CSVs published,
experiments/confirmation_primary/results/indefinite_noisy_96100182.json,4137425,33e5cb8bdf80294f3f4c44210ef4f59be288248349db76ea0e98f78d17b9444e,large generated per-event trajectory; complete seed-level analysis CSVs published,
experiments/confirmation_primary/results/indefinite_noisy_96100183.json,4136392,c08c41b55ac2f62b2440363b3ac0072cacb4af7701f4ade7f0a76338813d71d2,large generated per-event trajectory; complete seed-level analysis CSVs published,
experiments/confirmation_primary/results/indefinite_noisy_96100184.json,4137482,4d921b3191d2d9050b02e1a8a863c8b2842e0bd9ceec3a94be6f25b1b5de1e79,large generated per-event trajectory; complete seed-level analysis CSVs published,
experiments/confirmation_primary/results/indefinite_noisy_96100185.json,4136708,6c5fad7634adc121ab560b0139249cc55bcbfcc756aadd62c6814a90b38f010b,large generated per-event trajectory; complete seed-level analysis CSVs published,
experiments/confirmation_primary/results/indefinite_noisy_96100186.json,4139557,867f91818d41040882a4d36785edc3c99591c281063c23ae4acbb2eb603594da,large generated per-event trajectory; complete seed-level analysis CSVs published,
experiments/confirmation_primary/results/indefinite_noisy_96100187.json,4142383,a5a6df745550e35b7ccee1426cedeb8aebd4209dc47ae0a09594d62e2503c57b,large generated per-event trajectory; complete seed-level analysis CSVs published,
experiments/confirmation_primary/results/indefinite_noisy_96100188.json,4141276,5ede0a841ee0db1bf29b5ee61af5bc03ff07d053021aca544c54f90a8a8770af,large generated per-event trajectory; complete seed-level analysis CSVs published,
experiments/confirmation_primary/results/indefinite_noisy_96100189.json,4139075,7d6acd31162c30f8b1f3fc4de8c38a6ce1746129eae2458898eeb1d51a846a73,large generated per-event trajectory; complete seed-level analysis CSVs published,
experiments/confirmation_primary/results/indefinite_noisy_96100190.json,4140714,838e53e3501411c4c55a2986f0e89303333a242065f1c7dd9dadd18841848295,large generated per-event trajectory; complete seed-level analysis CSVs published,
experiments/confirmation_primary/results/indefinite_noisy_96100191.json,4135788,43813b6d479e61bb5ef227cb171cc27e0fd8a6c00aa3a3a85dbb231ddf3a7e0a,large generated per-event trajectory; complete seed-level analysis CSVs published,
experiments/confirmation_primary/results/indefinite_noisy_96100192.json,4138418,c283402acfd7b8aa8a2603b6b0d33a3e43ec9555af9757a0b566745c3463de6f,large generated per-event trajectory; complete seed-level analysis CSVs published,
experiments/confirmation_primary/results/indefinite_noisy_96100193.json,4138380,dc8a4a4cfb55a3130e45db3fc9fc2b7346b34edb11e9740f1620fb768a352031,large generated per-event trajectory; complete seed-level analysis CSVs published,
experiments/confirmation_primary/results/indefinite_noisy_96100194.json,4137334,2b8a2ca20c1efdb39461c4f323aa7e5fe07acd3030785e72f0b961f10ab16e3f,large generated per-event trajectory; complete seed-level analysis CSVs published,
experiments/confirmation_primary/results/indefinite_noisy_96100195.json,4136698,5894cacc6031314eb40822489f98f586774b5f64569cc662a717e14d0afcee70,large generated per-event trajectory; complete seed-level analysis CSVs published,
experiments/confirmation_primary/results/indefinite_noisy_96100196.json,4139030,5964ed989a3cf8a516e8b90402769dfe0f46809aebcbf005b6710d4541330c28,large generated per-event trajectory; complete seed-level analysis CSVs published,
experiments/confirmation_primary/results/indefinite_noisy_96100197.json,4139892,f5bfc8e8f34a11681aa9c1a38ba3deb3b68b2dcb6425810502a9e2755dd264aa,large generated per-event trajectory; complete seed-level analysis CSVs published,
experiments/confirmation_primary/results/indefinite_noisy_96100198.json,4138906,70a75b5ade2c79a64a8d9bb159c2c39c65b1a75b12038fe94d39362cf05523f5,large generated per-event trajectory; complete seed-level analysis CSVs published,
experiments/confirmation_primary/results/indefinite_noisy_96100199.json,4135513,7ac33e55d5f7bb71e218ccfabd10c6fd1f6f4ccd3ee4dd400905f3f618317ada,large generated per-event trajectory; complete seed-level analysis CSVs published,
experiments/confirmation_primary/results/indefinite_noisy_96100200.json,4142159,685b08bf6d706f20765ebf33fe1c54b98b4c7649eeda365c159bb14d46d7fdce,large generated per-event trajectory; complete seed-level analysis CSVs published,
experiments/confirmation_primary/results/indefinite_noisy_96100201.json,4141530,8be916bff02936f2a5ad0dbb292ffcffa46956fe14481081edb6e026d95265de,large generated per-event trajectory; complete seed-level analysis CSVs published,
experiments/confirmation_primary/results/indefinite_noisy_96100202.json,4138685,a5722c818311de8a825ded968f93b77774ca40a0ace46ab9d5c15fec55b5858a,large generated per-event trajectory; complete seed-level analysis CSVs published,
experiments/confirmation_primary/results/indefinite_noisy_96100203.json,4140769,ddf38f6f24e05a3a8260b4e7140fea575ca91a9e619455acb3661b9db4364f9b,large generated per-event trajectory; complete seed-level analysis CSVs published,
experiments/confirmation_primary/results/indefinite_noisy_96100204.json,4140505,c82c0fc380b2c79a826948ff3b0b182b7e1dfabcff9cb6793215311151557c8b,large generated per-event trajectory; complete seed-level analysis CSVs published,
experiments/confirmation_primary/results/indefinite_noisy_96100205.json,4138028,b1c5e69e463acb6a5a68cb4bc11ae84dce711e43462b87aef0a9c09aacf88d28,large generated per-event trajectory; complete seed-level analysis CSVs published,
experiments/confirmation_primary/results/indefinite_noisy_96100206.json,4131886,12c21740c29d16924e41cbfb9b4024e83aaa3e221f8a9bf4af3637602005f8d6,large generated per-event trajectory; complete seed-level analysis CSVs published,
experiments/confirmation_primary/results/indefinite_noisy_96100207.json,4140296,2ade41943a2424c8a6ca41235ab47e90cffeee4ce334292e533968996cf8ba24,large generated per-event trajectory; complete seed-level analysis CSVs published,
experiments/confirmation_primary/results/indefinite_noisy_96100208.json,4136769,18f7d4a8a8bffd199b64b3beb9954062bbfbc3ab1dfe9f8b4fee86917cebbc5b,large generated per-event trajectory; complete seed-level analysis CSVs published,
experiments/confirmation_primary/results/indefinite_noisy_96100209.json,4138486,2a49764aab90466fd92e2776f0e37ff1e35bb90aa96ea3905d1e3c2a5c65a927,large generated per-event trajectory; complete seed-level analysis CSVs published,
experiments/confirmation_primary/results/indefinite_noisy_96100210.json,4137433,06d83a5e2470a51d9dccf45553e02ff772d429281f54350e698fb1ccc615ddf8,large generated per-event trajectory; complete seed-level analysis CSVs published,
experiments/confirmation_primary/results/indefinite_noisy_96100211.json,4138049,5b77050f2c7da4ef07faf52b84288f4f98b76b48069e054c597dcd2ba9a62ff0,large generated per-event trajectory; complete seed-level analysis CSVs published,
experiments/confirmation_primary/results/indefinite_noisy_96100212.json,4133789,e679ad233c35bdd362f20a49e70d0db9e00c23c0fd66ff9ae9c59707201db4c5,large generated per-event trajectory; complete seed-level analysis CSVs published,
experiments/confirmation_primary/results/indefinite_noisy_96100213.json,4134382,849f42e29f18087344d468af32ae150fb2c26f77453ff0f886773625b960da84,large generated per-event trajectory; complete seed-level analysis CSVs published,
experiments/confirmation_primary/results/indefinite_noisy_96100214.json,4140617,79b203ae2c5b376241442b12d6a5ffe173bb7a758b9851414aa69d352e235f30,large generated per-event trajectory; complete seed-level analysis CSVs published,
experiments/confirmation_primary/results/indefinite_noisy_96100215.json,4139033,4a7fbd48135668a59a88efe7c66a5ca8671cff9f9a7473db4e73bbc5092f6b78,large generated per-event trajectory; complete seed-level analysis CSVs published,
experiments/confirmation_primary/results/indefinite_noisy_96100216.json,4137659,5c034d40e8a675aa9db5ef5aba00de4cbfe1cd54952d620609288b0837226536,large generated per-event trajectory; complete seed-level analysis CSVs published,
experiments/confirmation_primary/results/indefinite_noisy_96100217.json,4139608,7ff66c4313db22d8b98eb9871b3beeabf50e0daf0ee67100276ccf188f424ebe,large generated per-event trajectory; complete seed-level analysis CSVs published,
experiments/confirmation_primary/results/indefinite_noisy_96100218.json,4138900,96e2b8180b4c89890b5162092e746c4286d90af6f9f564e97f1856ab7f65a8f3,large generated per-event trajectory; complete seed-level analysis CSVs published,
experiments/confirmation_primary/results/indefinite_noisy_96100219.json,4140228,d43222495e2ecff9b2a63b71127c999af02ff0ae09538afa885cebd69eca891e,large generated per-event trajectory; complete seed-level analysis CSVs published,
experiments/confirmation_primary/results/indefinite_noisy_96100220.json,4139075,0b0d52483a7eb5827af8f5a4722a5284b467b1fc5398c976b3433d3fbbf4b799,large generated per-event trajectory; complete seed-level analysis CSVs published,
experiments/confirmation_primary/results/indefinite_noisy_96100221.json,4138426,a065ebe2c89c6b24980de4be962caebdb9a6e8d3ff462b97f718f8cc122827e1,large generated per-event trajectory; complete seed-level analysis CSVs published,
experiments/confirmation_primary/results/indefinite_noisy_96100222.json,4136666,7b6a785e8149c838f2da411ec0dfe2cd2d0f2e69274c2a70c1d6178a913e382e,large generated per-event trajectory; complete seed-level analysis CSVs published,
experiments/confirmation_primary/results/indefinite_noisy_96100223.json,4142157,04492d0bd83fbe5db2475744264537a77b73e631826ff7bc8d28ead6daaf333a,large generated per-event trajectory; complete seed-level analysis CSVs published,
experiments/confirmation_primary/results/indefinite_noisy_96100224.json,4137101,24259713a769acb7ffe5903fa54ca66abf68bc3c42ae3d3ce6a0dbb0f532a463,large generated per-event trajectory; complete seed-level analysis CSVs published,
experiments/confirmation_primary/results/indefinite_noisy_96100225.json,4138103,be18f5838c875167223c9fef693e55938532d0312795b1960ad78ebd0497cf5e,large generated per-event trajectory; complete seed-level analysis CSVs published,
experiments/confirmation_primary/results/indefinite_noisy_96100226.json,4136189,e99232a351c9de3f9b8c4f45141cbacfabb1258a8d6d677545efa364a064ae49,large generated per-event trajectory; complete seed-level analysis CSVs published,
experiments/confirmation_primary/results/indefinite_noisy_96100227.json,4138787,39ff222d40b94efe1a491c7f590371e5e86b514bf4e2dc606178e7a75d7fb586,large generated per-event trajectory; complete seed-level analysis CSVs published,
experiments/confirmation_primary/results/indefinite_noisy_96100228.json,4138024,b470bd988089bee4d8bc90b0a8d22231b1a1367533e74024f3afeb43220fcdba,large generated per-event trajectory; complete seed-level analysis CSVs published,
experiments/confirmation_primary/results/indefinite_noisy_96100229.json,4139093,aded1bac8144ed25d8d5b64e2864be89fc889717754c4aed50b57330aa1d0283,large generated per-event trajectory; complete seed-level analysis CSVs published,
experiments/confirmation_primary/results/indefinite_noisy_96100230.json,4140155,9f0eaf93e3a29cf08821eeacf948e489a6e91af362bf14c710e94923bf8d60bd,large generated per-event trajectory; complete seed-level analysis CSVs published,
experiments/confirmation_primary/results/indefinite_noisy_96100231.json,4141257,ea34c340ccc0daf1a5037d52476f33e27107b542de1f083154913773bce443c7,large generated per-event trajectory; complete seed-level analysis CSVs published,
experiments/confirmation_primary/results/indefinite_noisy_96100232.json,4138439,1a4e6786641eade479b16fd1e0df780fe370a8581000567d582a20d6cb128090,large generated per-event trajectory; complete seed-level analysis CSVs published,
experiments/confirmation_primary/results/indefinite_noisy_96100233.json,4140535,45f3b814ac8e036f27ecec932056327ebd58f834b7bb0dd82da3fe0332d0bbfb,large generated per-event trajectory; complete seed-level analysis CSVs published,
experiments/confirmation_primary/results/indefinite_noisy_96100234.json,4137013,1388befd3f53ea450d939ac6e48ec8bd0ce18d7db2475b7fbadfeea8cdbac365,large generated per-event trajectory; complete seed-level analysis CSVs published,
experiments/confirmation_primary/results/indefinite_noisy_96100235.json,4139794,2b9c804da4fce6fe13bed76169609280170382c484dda6c6401000eda93f5e32,large generated per-event trajectory; complete seed-level analysis CSVs published,
experiments/confirmation_primary/results/indefinite_noisy_96100236.json,4138098,4f90bc6bcfee478f5b32d385576cc5b46731295b3c3779ffc5b2b402e203c50c,large generated per-event trajectory; complete seed-level analysis CSVs published,
experiments/confirmation_primary/results/indefinite_noisy_96100237.json,4135867,7d18f581cc75f77cfd28f88cbfb5659212b0fb8a411834813ddfc0881002141f,large generated per-event trajectory; complete seed-level analysis CSVs published,
experiments/confirmation_primary/results/indefinite_noisy_96100238.json,4136767,5902efff8c01365db39a8d9721e64c5480dd2dd279160d11f681426ec047af89,large generated per-event trajectory; complete seed-level analysis CSVs published,
experiments/confirmation_primary/results/indefinite_noisy_96100239.json,4133937,8ae17fe0b0d3ff0e3608060d649f35b70e3b3e5ed25259acc77388035c6a2eb1,large generated per-event trajectory; complete seed-level analysis CSVs published,
experiments/confirmation_primary/results/indefinite_noisy_96100240.json,4138496,04971381d53d2b78d7377ce9e437e063cd358052dd9d66440ae5244eb41b64dc,large generated per-event trajectory; complete seed-level analysis CSVs published,
experiments/confirmation_primary/results/indefinite_noisy_96100241.json,4137268,ed0b8255ed4ea609a2c95f2dd74804e0422a953853d3ab7d042ac7223e58732b,large generated per-event trajectory; complete seed-level analysis CSVs published,
experiments/confirmation_primary/results/indefinite_noisy_96100242.json,4135099,5b3a4834181b465db9438ce37a6bf83a9fe793e6090fbbb1478f3bd4249fa38e,large generated per-event trajectory; complete seed-level analysis CSVs published,
experiments/confirmation_primary/results/indefinite_noisy_96100243.json,4138586,39afc6b7603c6964e7853eda1b4ed4d5bc66f246988694315784fea33092dfeb,large generated per-event trajectory; complete seed-level analysis CSVs published,
experiments/confirmation_primary/results/indefinite_noisy_96100244.json,4138326,3c0622283c1ba7bd562bbf931234b37885bf90eab2e208dc68070b8407d3d3d6,large generated per-event trajectory; complete seed-level analysis CSVs published,
experiments/confirmation_primary/results/indefinite_noisy_96100245.json,4137353,008cbf26eddc08b3b0bfc753b3f0883da217027bc33a43d40a8a22d9c2ecaadb,large generated per-event trajectory; complete seed-level analysis CSVs published,
experiments/confirmation_primary/results/indefinite_noisy_96100246.json,4140480,cf37ed4346f7c34a03026e90279a5ca17f36f901cf6032245952f1d415492da5,large generated per-event trajectory; complete seed-level analysis CSVs published,
experiments/confirmation_primary/results/indefinite_noisy_96100247.json,4139256,d36c86f4102e767b6fed6942eb3f9a03d5d3d9fb9e72b30713cbd3a89d3a00ce,large generated per-event trajectory; complete seed-level analysis CSVs published,
experiments/confirmation_primary/results/indefinite_noisy_96100248.json,4141001,5fa746fa938092b69e482833f47e8f8074b770394740a94050235a2f347bd898,large generated per-event trajectory; complete seed-level analysis CSVs published,
experiments/confirmation_primary/results/indefinite_noisy_96100249.json,4137038,36a851f566f63512f69af6bca0d85cb526d31abc044d54b155bad82b2db2659f,large generated per-event trajectory; complete seed-level analysis CSVs published,
experiments/confirmation_primary/results/indefinite_noisy_96100250.json,4139241,b6a6ef9f1db1f2c5cf11c244da08f9619076eb78b7d446ccaa2025feed5f2f85,large generated per-event trajectory; complete seed-level analysis CSVs published,
experiments/confirmation_primary/results/indefinite_noisy_96100251.json,4137414,f49ecb107778ee922ad15adcf2a32b8f884ec90778dce41861239e329f321451,large generated per-event trajectory; complete seed-level analysis CSVs published,
experiments/confirmation_primary/results/indefinite_noisy_96100252.json,4137616,3cd84d5bf1330ead7ad7c1e01752e5ea45a4664ebc81feabb1cada3d64374b86,large generated per-event trajectory; complete seed-level analysis CSVs published,
experiments/confirmation_primary/results/indefinite_noisy_96100253.json,4139985,0520dfd84a9bb7e66280dc799cda625f99c01e1018da0a2d4fad267ab39df6c7,large generated per-event trajectory; complete seed-level analysis CSVs published,
experiments/confirmation_primary/results/indefinite_noisy_96100254.json,4137337,325b2fd9debb9ca0b4f23e1c8fa2988930edd12e7836589f8dfdbf7d63353cfc,large generated per-event trajectory; complete seed-level analysis CSVs published,
experiments/confirmation_primary/results/indefinite_noisy_96100255.json,4137736,9acac1cee7758d6a52db425ee4e9b5bf4c9d4b0a71ac9e67ea290648333369e3,large generated per-event trajectory; complete seed-level analysis CSVs published,
experiments/confirmation_primary.stdout.log,105763,04174db4d50069c50998b9b1cfcfc8074b13ae0a07adc09b6f15e2a75d58acc6,build/log/cache or third-party source extraction,
experiments/confirmation_secondary/data/lowrank_noiseless_96200000.raw.npz,719239,21d94f31053176bbeabe2a30fd66d56702f6cb154cacdd72c21509daf09f1f45,large generated raw array; regenerate from frozen recipe,
experiments/confirmation_secondary/data/lowrank_noiseless_96200001.raw.npz,719258,f460faaef5f7c83566b7303bec4905227cfd20b91144a186895e5902698ab466,large generated raw array; regenerate from frozen recipe,
experiments/confirmation_secondary/data/lowrank_noiseless_96200002.raw.npz,719163,61c0e3f9afd2815980678fdb78cebb233bac07eadb696a94c605d9f979929a04,large generated raw array; regenerate from frozen recipe,
experiments/confirmation_secondary/data/lowrank_noiseless_96200003.raw.npz,719252,ddf4460888f3b11aafa328219e98918c5c05508177f4f923cd152df2f2391b0c,large generated raw array; regenerate from frozen recipe,
experiments/confirmation_secondary/data/lowrank_noiseless_96200004.raw.npz,719231,b52d03c507a9384f387b04cee387763276a7f83bdad20c1f243d23ae3ac9d205,large generated raw array; regenerate from frozen recipe,
experiments/confirmation_secondary/data/lowrank_noiseless_96200005.raw.npz,719192,50af9a5abef0f992fd1a1c37303e0e109b61910e753d6aa7c4e435cfda1d0fa4,large generated raw array; regenerate from frozen recipe,
experiments/confirmation_secondary/data/lowrank_noiseless_96200006.raw.npz,719269,c1f97aef316776e727cca6d7885ff50a043363f1fd788fc89955995dc3408378,large generated raw array; regenerate from frozen recipe,
experiments/confirmation_secondary/data/lowrank_noiseless_96200007.raw.npz,719279,274a022432aeb7ecf3d51b4d6964d8fae3ec48df2e9b28a280e4a12a495e4ea4,large generated raw array; regenerate from frozen recipe,
experiments/confirmation_secondary/data/lowrank_noiseless_96200008.raw.npz,719305,bdc0db2d969b8794110ec15fdcc6f757cb2e64126256fea3626ee729ce8c3725,large generated raw array; regenerate from frozen recipe,
experiments/confirmation_secondary/data/lowrank_noiseless_96200009.raw.npz,719186,cbac7b96c3d21a839771fafd42e4c635f214b7b04e997f621c0e95fdc46db52f,large generated raw array; regenerate from frozen recipe,
experiments/confirmation_secondary/data/lowrank_noiseless_96200010.raw.npz,719238,77ac88f89aab17a2f8838c248442500c5d85438d336813017f7383850bf1fef3,large generated raw array; regenerate from frozen recipe,
experiments/confirmation_secondary/data/lowrank_noiseless_96200011.raw.npz,719311,e5de5aa1f23537eb4510b75fd8e82eb710e4ee1d9f5b97cf488d7ee8a839facb,large generated raw array; regenerate from frozen recipe,
experiments/confirmation_secondary/data/lowrank_noiseless_96200012.raw.npz,719130,603f4fe59197b15cec70eb1df9e8ac9e4dde0899608af9b919c42aa7066c702f,large generated raw array; regenerate from frozen recipe,
experiments/confirmation_secondary/data/lowrank_noiseless_96200013.raw.npz,719288,d6b6b13249bcaefce8f8b9bae1b4f6cf1cc524929bd2ebaf171bbe6ac046f906,large generated raw array; regenerate from frozen recipe,
experiments/confirmation_secondary/data/lowrank_noiseless_96200014.raw.npz,719150,3aed025e444310dcb50c585ff458cfa8db94d09601dd6be9fd3c39eeec2c171a,large generated raw array; regenerate from frozen recipe,
experiments/confirmation_secondary/data/lowrank_noiseless_96200015.raw.npz,719234,3020a4ac91886781e9967e95fbbe0362a86e16c8e95add0f3dfede92e6c1a19d,large generated raw array; regenerate from frozen recipe,
experiments/confirmation_secondary/data/lowrank_noiseless_96200016.raw.npz,719342,08a87adca3c70d18de54e691f6507c097aeec4390ffc1ab2a9a6c4c087f9e93a,large generated raw array; regenerate from frozen recipe,
experiments/confirmation_secondary/data/lowrank_noiseless_96200017.raw.npz,719182,5be9ef09b5fc9e248993ba7e81843cb501020dfc31336093049a9b374ed6937f,large generated raw array; regenerate from frozen recipe,
experiments/confirmation_secondary/data/lowrank_noiseless_96200018.raw.npz,719125,1cce22b57097cfe2aa37ce8ebbe2d06c150c17a8af6477232e1e75aa90196842,large generated raw array; regenerate from frozen recipe,
experiments/confirmation_secondary/data/lowrank_noiseless_96200019.raw.npz,719330,3016e036ec667a893bb285b6a566ad4005dee5001e569279416dba715095b50a,large generated raw array; regenerate from frozen recipe,
experiments/confirmation_secondary/data/lowrank_noiseless_96200020.raw.npz,719221,87f43416823c5f5c602a686ade1c1b00d79876c53aa48c57f48bc3f18ebbd42a,large generated raw array; regenerate from frozen recipe,
experiments/confirmation_secondary/data/lowrank_noiseless_96200021.raw.npz,719287,5ccbcc77dd08ba7d1c1b39b956a0163ae9118a866b93ad49716d8388ee1a0885,large generated raw array; regenerate from frozen recipe,
experiments/confirmation_secondary/data/lowrank_noiseless_96200022.raw.npz,719191,a4bfc8df06a35ca1606f3213c321e0850e649aea46e8d8316c000d0efc80142a,large generated raw array; regenerate from frozen recipe,
experiments/confirmation_secondary/data/lowrank_noiseless_96200023.raw.npz,719166,181087be0de1ceb4e7cec22bcb436c47b61178fe6b9f474e87351c818cd043df,large generated raw array; regenerate from frozen recipe,
experiments/confirmation_secondary/data/lowrank_noiseless_96200024.raw.npz,719343,c6808552864f121319259ff68adab1c9a21ca2d1e1ee3cd4bb2017e58aac46bd,large generated raw array; regenerate from frozen recipe,
experiments/confirmation_secondary/data/lowrank_noiseless_96200025.raw.npz,719178,dfcdaa64b03dc478f505ebf1bfcb14dcb23dfea9b38a2f1e82630b14fed61cfb,large generated raw array; regenerate from frozen recipe,
experiments/confirmation_secondary/data/lowrank_noiseless_96200026.raw.npz,719239,d52f2358fd3d3059a1dad4eb5ddc4d19a5fc20e41757c545b97bdc2449448a9a,large generated raw array; regenerate from frozen recipe,
experiments/confirmation_secondary/data/lowrank_noiseless_96200027.raw.npz,719283,d9c2120574392f074b1e4541a6ede1e717415d52277fffc9956a8335cdf9ce39,large generated raw array; regenerate from frozen recipe,
experiments/confirmation_secondary/data/lowrank_noiseless_96200028.raw.npz,719285,2ccc5eba88310ed4bb6ca478bf4f17eb4e9d1f45394cf59bc3233a7ef7f0eccb,large generated raw array; regenerate from frozen recipe,
experiments/confirmation_secondary/data/lowrank_noiseless_96200029.raw.npz,719249,e03113200a665e5fd61e237815987077ad8e8e279207c9f1a7850599e355d9a2,large generated raw array; regenerate from frozen recipe,
experiments/confirmation_secondary/data/lowrank_noiseless_96200030.raw.npz,719217,6efd4dc990f0e33e79496761c9346295dc3f7f5a73d8330156af3e13959f9027,large generated raw array; regenerate from frozen recipe,
experiments/confirmation_secondary/data/lowrank_noiseless_96200031.raw.npz,719242,205c8cc84330d309c2ad86aceb7adf1c28ddd1cc94de331559e255f8af1850ac,large generated raw array; regenerate from frozen recipe,
experiments/confirmation_secondary/data/null_96200000.raw.npz,718221,2e4b0c622baf03e383df711884c028917ad6f2a2b2bafc1ec83979d4d46394aa,large generated raw array; regenerate from frozen recipe,
experiments/confirmation_secondary/data/null_96200001.raw.npz,718312,3177006d45ec9d2c22ca663a54b8c2d995acdb8c5d8183b02ab1506b56f7b52a,large generated raw array; regenerate from frozen recipe,
experiments/confirmation_secondary/data/null_96200002.raw.npz,718362,4d6221874e1e80fc61cf2ecb53112b3065245c27e9fbd09f8d6211757dadb216,large generated raw array; regenerate from frozen recipe,
experiments/confirmation_secondary/data/null_96200003.raw.npz,718392,f3eaded0eeb3ae29f9c7123f19f21d74278f4cf90d6a3e32f3ae67447069eeca,large generated raw array; regenerate from frozen recipe,
experiments/confirmation_secondary/data/null_96200004.raw.npz,718354,52971db0fd245fd0eb918055a46eccd508c6a4232332bce65a1a851f06328b5c,large generated raw array; regenerate from frozen recipe,
experiments/confirmation_secondary/data/null_96200005.raw.npz,718359,b50a1454f22769584e6cbe7e57e9fcb9581c0a38106e7ed0a1a4410b6a1cf094,large generated raw array; regenerate from frozen recipe,
experiments/confirmation_secondary/data/null_96200006.raw.npz,718367,b68dd591d919bf50d78aa612bf45003c4c8edab845608ef5c83c15fd4337842d,large generated raw array; regenerate from frozen recipe,
experiments/confirmation_secondary/data/null_96200007.raw.npz,718506,d67587beb2b6d0165abc610ebf5290d2dc6db5a244aa88721061af07512ba88e,large generated raw array; regenerate from frozen recipe,
experiments/confirmation_secondary/data/null_96200008.raw.npz,718319,a83c32fddc3a95dafe235a1beddfcb9fb92c3c7afa341fc254070d422125b59d,large generated raw array; regenerate from frozen recipe,
experiments/confirmation_secondary/data/null_96200009.raw.npz,718377,876ad7252281e0eba98a7826b0d0352f4b798fe756576ce662aefc48686df319,large generated raw array; regenerate from frozen recipe,
experiments/confirmation_secondary/data/null_96200010.raw.npz,718352,a6a0e6f4c093bdccb5c1bb371983e014d9df216a577cd4d251b8b6a25153df0e,large generated raw array; regenerate from frozen recipe,
experiments/confirmation_secondary/data/null_96200011.raw.npz,718442,ca603f4e4ebbe3d309bb57f0442eb666d1efa424404e1e224f6d5b03be998b0a,large generated raw array; regenerate from frozen recipe,
experiments/confirmation_secondary/data/null_96200012.raw.npz,718442,af8a689674ec3115e97128d50d902a4f070d707ae976063844ef0007109f7e15,large generated raw array; regenerate from frozen recipe,
experiments/confirmation_secondary/data/null_96200013.raw.npz,718364,2f2576ad1ac8c47c1f10a764aeca4d51486c4bb6c88b05da1ef63af1744b31f6,large generated raw array; regenerate from frozen recipe,
experiments/confirmation_secondary/data/null_96200014.raw.npz,718433,5e11161b76892e5a215d71ec3130f7fbaf00fa5b6484a19ae3375cc8f030acc2,large generated raw array; regenerate from frozen recipe,
experiments/confirmation_secondary/data/null_96200015.raw.npz,718308,ae48c5073310a53f271b2e049e20cb2e13db765339ab0e77dccb38129040c181,large generated raw array; regenerate from frozen recipe,
experiments/confirmation_secondary/data/null_96200016.raw.npz,718456,57e4ca313c6002ad73fd38ac3215f30e42e8bca9712638e1d6717b13fb75ab51,large generated raw array; regenerate from frozen recipe,
experiments/confirmation_secondary/data/null_96200017.raw.npz,718361,7017f88712bf4e00194959973ce71b422a0d4550b151a0dea7e306ad0c41835f,large generated raw array; regenerate from frozen recipe,
experiments/confirmation_secondary/data/null_96200018.raw.npz,718415,317c3b3550b07024dbaefa692ac2643d82a4f91ac60f06c906ec3772417d365d,large generated raw array; regenerate from frozen recipe,
experiments/confirmation_secondary/data/null_96200019.raw.npz,718382,1be114a80cee40576a1c1b79397ab20d6b469a691c3120edd42dd92a15d47ef3,large generated raw array; regenerate from frozen recipe,
experiments/confirmation_secondary/data/null_96200020.raw.npz,718400,150a79d3ff058060ad8412681e8bbcd8b6a2fe0a25dd95ac0ad8f5d3f2a5a873,large generated raw array; regenerate from frozen recipe,
experiments/confirmation_secondary/data/null_96200021.raw.npz,718383,aa4a6d533f8b30671b9ecab19747de7913026fdbe4f6519671292f41ebdcc7ae,large generated raw array; regenerate from frozen recipe,
experiments/confirmation_secondary/data/null_96200022.raw.npz,718365,3c6922214a59c70b996fbb07685dd67c8f8075342df05188a7b28e72ee857a97,large generated raw array; regenerate from frozen recipe,
experiments/confirmation_secondary/data/null_96200023.raw.npz,718333,ab1de45413764a08e3232d60469a7b2864edddbe4bd0b3775eb1e02c11b41ed3,large generated raw array; regenerate from frozen recipe,
experiments/confirmation_secondary/data/null_96200024.raw.npz,718296,97871c7c89d057551b48bd9ea676d44fb76aa2930cead63be3e24901128cfb83,large generated raw array; regenerate from frozen recipe,
experiments/confirmation_secondary/data/null_96200025.raw.npz,718385,c21629762426d1f1078814b52ff11a09c1cc2fc2ecdeef2f334e16a853e95592,large generated raw array; regenerate from frozen recipe,
experiments/confirmation_secondary/data/null_96200026.raw.npz,718302,ca153d0c135a4f9fc45b1a3e881b155194687d9fae8a9962185b17b587625e82,large generated raw array; regenerate from frozen recipe,
experiments/confirmation_secondary/data/null_96200027.raw.npz,718381,254ca7ce1385b676403743f9826031db1ac0caf50c7f179f03793ff12d142874,large generated raw array; regenerate from frozen recipe,
experiments/confirmation_secondary/data/null_96200028.raw.npz,718388,f08e40d268cce1a30107bec5f11d1728b84df2f656ebe54363b546c75f56fe86,large generated raw array; regenerate from frozen recipe,
experiments/confirmation_secondary/data/null_96200029.raw.npz,718399,f5053448aa80d8d5e03547aa85a19e58d3e601d9356433f8f911ec79938de524,large generated raw array; regenerate from frozen recipe,
experiments/confirmation_secondary/data/null_96200030.raw.npz,718313,9cc8dd25a1f412ddf63ab9a7a3d3f885e9a2560f813261e846593ccd222bc25e,large generated raw array; regenerate from frozen recipe,
experiments/confirmation_secondary/data/null_96200031.raw.npz,718431,1d2b011ab48494e4b0d404641d5e475c28ba3bffb764557d517312a264480606,large generated raw array; regenerate from frozen recipe,
experiments/confirmation_secondary/results/lowrank_noiseless_96200000.json,4162989,8fcb0e90029e8fd09c6e452f4f5f753df9f0a5acf09b903302a5a018fa622179,large generated per-event trajectory; complete seed-level analysis CSVs published,
experiments/confirmation_secondary/results/lowrank_noiseless_96200001.json,4160049,013eae546294538186348a2a66a8588f7e2a2319a53df89a4f90ba54a50b2ae1,large generated per-event trajectory; complete seed-level analysis CSVs published,
experiments/confirmation_secondary/results/lowrank_noiseless_96200002.json,4158435,da9b4482d58c27436ce2b420eae1345c5847cb767ea40e89d7d78ffde5b5d069,large generated per-event trajectory; complete seed-level analysis CSVs published,
experiments/confirmation_secondary/results/lowrank_noiseless_96200003.json,4162644,594053c423c746029f57b67745d05c44dc33ddbcb404d459652155bc337e8636,large generated per-event trajectory; complete seed-level analysis CSVs published,
experiments/confirmation_secondary/results/lowrank_noiseless_96200004.json,4158537,644682cb84ff4f492d354dbf4ea56aeb79922af6c85052f011f922eb93394d8b,large generated per-event trajectory; complete seed-level analysis CSVs published,
experiments/confirmation_secondary/results/lowrank_noiseless_96200005.json,4159932,b8f76aa53878c54269d69b03f5ba6406d13ce4611c32732451ee180e6678189d,large generated per-event trajectory; complete seed-level analysis CSVs published,
experiments/confirmation_secondary/results/lowrank_noiseless_96200006.json,4160381,87209e5553573d376c2a5766c1c1a0a6d2157a5f83810eb41bb0b34cc03be97b,large generated per-event trajectory; complete seed-level analysis CSVs published,
experiments/confirmation_secondary/results/lowrank_noiseless_96200007.json,4157659,a4ba932d83d4071943561e8be28f63a1e7daa00425e453d1392463eeb83d87b9,large generated per-event trajectory; complete seed-level analysis CSVs published,
experiments/confirmation_secondary/results/lowrank_noiseless_96200008.json,4162301,cd5035ede85d32282da5f678453c00d4ed32b00e6d78b16a643271aab99adfff,large generated per-event trajectory; complete seed-level analysis CSVs published,
experiments/confirmation_secondary/results/lowrank_noiseless_96200009.json,4160553,8f9be16fdde7259981c0539ef95de9b782f6eb0f45d465c13e78a0a95c6681ce,large generated per-event trajectory; complete seed-level analysis CSVs published,
experiments/confirmation_secondary/results/lowrank_noiseless_96200010.json,4160532,187e41fe3201d568ed2e283a0091ae983ff409152d4281bc860bbaa77e03cf99,large generated per-event trajectory; complete seed-level analysis CSVs published,
experiments/confirmation_secondary/results/lowrank_noiseless_96200011.json,4159850,21927b369064177ae76fcee516057e2809366faf8075fa8efded64588dd66bfd,large generated per-event trajectory; complete seed-level analysis CSVs published,
experiments/confirmation_secondary/results/lowrank_noiseless_96200012.json,4162164,b2e42d09c4e776a78dc37e0fc27bce725d8ddbc501f417a1e3cfcccc2abbd387,large generated per-event trajectory; complete seed-level analysis CSVs published,
experiments/confirmation_secondary/results/lowrank_noiseless_96200013.json,4159955,0ae3b459cdeabc9575116d6118e1c81c48275b6e6d41f40a17a64f4c2f414a1b,large generated per-event trajectory; complete seed-level analysis CSVs published,
experiments/confirmation_secondary/results/lowrank_noiseless_96200014.json,4162941,600ee7ba85ab2cf1eef296bd609dc09e0e98e65c2777462884f689259c480d34,large generated per-event trajectory; complete seed-level analysis CSVs published,
experiments/confirmation_secondary/results/lowrank_noiseless_96200015.json,4164224,fa78ddcf60b1cbc4002f38c98f42eacdf55628af392b298dfcde73f01b117831,large generated per-event trajectory; complete seed-level analysis CSVs published,
experiments/confirmation_secondary/results/lowrank_noiseless_96200016.json,4161081,c8876f7b8a40ed9b7066fa553864a4fa629fd103e1057a4cb2b7f6d6e3ec2e74,large generated per-event trajectory; complete seed-level analysis CSVs published,
experiments/confirmation_secondary/results/lowrank_noiseless_96200017.json,4156749,9be9d3849f3c89255f63bfa07e78500136ce3258b9aff7f40ac949316a377eee,large generated per-event trajectory; complete seed-level analysis CSVs published,
experiments/confirmation_secondary/results/lowrank_noiseless_96200018.json,4165021,98e8bdb44f4058e2f91bf63547cf7b9bca0c2b8d7adcedce000f9c2c94f09db8,large generated per-event trajectory; complete seed-level analysis CSVs published,
experiments/confirmation_secondary/results/lowrank_noiseless_96200019.json,4157647,e0d3e5828f09167dbb2f34d62675679fb84912748271ba8d018c080e8428625e,large generated per-event trajectory; complete seed-level analysis CSVs published,
experiments/confirmation_secondary/results/lowrank_noiseless_96200020.json,4160399,555357726cf4f30acb981e124ff5fd0d76e6baa768859cec8fa18b8f0b400ad4,large generated per-event trajectory; complete seed-level analysis CSVs published,
experiments/confirmation_secondary/results/lowrank_noiseless_96200021.json,4156291,d9de8c952909d7754c7c3a9c7c3e90c560f4a71cadf5454033bf37e256eed0e2,large generated per-event trajectory; complete seed-level analysis CSVs published,
experiments/confirmation_secondary/results/lowrank_noiseless_96200022.json,4160601,a03dfb737cd422dca3f45a9da093cf04872b19de2a519f8b77ddc14437b9197b,large generated per-event trajectory; complete seed-level analysis CSVs published,
experiments/confirmation_secondary/results/lowrank_noiseless_96200023.json,4164378,a36434e9e4afe021c8e0b6946fd1333641874a6f88c3292a67cdd24ec8302ddf,large generated per-event trajectory; complete seed-level analysis CSVs published,
experiments/confirmation_secondary/results/lowrank_noiseless_96200024.json,4160111,0693cb903a11a527820875c2647f4bfbfb9a239e4010b805439e5337a8de24ab,large generated per-event trajectory; complete seed-level analysis CSVs published,
experiments/confirmation_secondary/results/lowrank_noiseless_96200025.json,4159827,00b0db94a443d763a2133615b4cb9ad079634d0be1ed9c787a825fdf4c45e8de,large generated per-event trajectory; complete seed-level analysis CSVs published,
experiments/confirmation_secondary/results/lowrank_noiseless_96200026.json,4163787,4b6f1fcc700c8156b99f2eb31ccaee21886fed89fbfd0fd77a8d0c27cd6aeedd,large generated per-event trajectory; complete seed-level analysis CSVs published,
experiments/confirmation_secondary/results/lowrank_noiseless_96200027.json,4161873,c44b444a9740f40583b646e4def34d760558ad142568775868fbec18ca59870b,large generated per-event trajectory; complete seed-level analysis CSVs published,
experiments/confirmation_secondary/results/lowrank_noiseless_96200028.json,4161798,ca777144f1ea7a54334e6f68c182f4411f8eaab8f7375ab9e0fab63135eeeea6,large generated per-event trajectory; complete seed-level analysis CSVs published,
experiments/confirmation_secondary/results/lowrank_noiseless_96200029.json,4161692,64ca7a57da36b94abf87d16604c7bd8846bbd61d034dda48388467847b09c7e0,large generated per-event trajectory; complete seed-level analysis CSVs published,
experiments/confirmation_secondary/results/lowrank_noiseless_96200030.json,4160690,8f37eec0057c99cec2dad6a5b349fe27755a97934e6f3729510ed52d8363d803,large generated per-event trajectory; complete seed-level analysis CSVs published,
experiments/confirmation_secondary/results/lowrank_noiseless_96200031.json,4161157,38111b35159babe00ab33e2faee93bfd26122743da6c29b746416c2e22303560,large generated per-event trajectory; complete seed-level analysis CSVs published,
experiments/confirmation_secondary/results/null_96200000.json,4163797,a54e93f948e1e64cb9bd3818975bc0ecdb7d74b9b16cbff21d5eff771204fb02,large generated per-event trajectory; complete seed-level analysis CSVs published,
experiments/confirmation_secondary/results/null_96200001.json,4164054,6c903d10bac1e4c8d11b5cf12e0e80448a54d798b6cc341fa6788f7f08ad9c13,large generated per-event trajectory; complete seed-level analysis CSVs published,
experiments/confirmation_secondary/results/null_96200002.json,4162200,f118d7cba5eb8bf66e20ef8ff35af10a918cd1b5202e2cdefc55e3681b63cf5d,large generated per-event trajectory; complete seed-level analysis CSVs published,
experiments/confirmation_secondary/results/null_96200003.json,4164205,36db24859dd75cfa2e11a192c8049278d812fcdd8a4ea4e6b1a1f50fe3226dfe,large generated per-event trajectory; complete seed-level analysis CSVs published,
experiments/confirmation_secondary/results/null_96200004.json,4161544,15eb3f6938b8f8e07df70b67a6e09fd3d8d9845823a30bb235416e4436e80ce1,large generated per-event trajectory; complete seed-level analysis CSVs published,
experiments/confirmation_secondary/results/null_96200005.json,4163124,dcba603d5570409db1452657f71f6ff7322d67903b8e7a37b03cf2a5cd9f3dbe,large generated per-event trajectory; complete seed-level analysis CSVs published,
experiments/confirmation_secondary/results/null_96200006.json,4161057,fee7209c5c2b496fadc03cd518e9211e187ba8c6430bebdd0d35723a269e1419,large generated per-event trajectory; complete seed-level analysis CSVs published,
experiments/confirmation_secondary/results/null_96200007.json,4163370,ed3c195df3a3207dac34d9094a757ca01b635abb86a169bbeae3a6675f7074e4,large generated per-event trajectory; complete seed-level analysis CSVs published,
experiments/confirmation_secondary/results/null_96200008.json,4162166,a23f4894ee19100686879557650550527a2f377cfe61465c3213ec765ed12325,large generated per-event trajectory; complete seed-level analysis CSVs published,
experiments/confirmation_secondary/results/null_96200009.json,4159676,daa35e5b7c5d4f6d9524e47ab80521834c4f4b8b8d982111d659762307401e53,large generated per-event trajectory; complete seed-level analysis CSVs published,
experiments/confirmation_secondary/results/null_96200010.json,4161309,5b7dcd80bb3806ea6a6a1c7e47fd3e27a28a4c18770235a7ab97a6fb0bfd4d0d,large generated per-event trajectory; complete seed-level analysis CSVs published,
experiments/confirmation_secondary/results/null_96200011.json,4163986,16585d30b6e6983dfbc01daccd8e16c7ff4b766fd969bbed0bbc977a26204416,large generated per-event trajectory; complete seed-level analysis CSVs published,
experiments/confirmation_secondary/results/null_96200012.json,4159103,9f15299eda3d2d8ce74ec018e3b3d13c2f0809fa2091fd361ca6a6c3003cc34b,large generated per-event trajectory; complete seed-level analysis CSVs published,
experiments/confirmation_secondary/results/null_96200013.json,4160762,3c2958d9bd940b09b1c1159e58ac06859641e66b4faefdffca5d355e0c707ed3,large generated per-event trajectory; complete seed-level analysis CSVs published,
experiments/confirmation_secondary/results/null_96200014.json,4161920,a3faefbd715529077408d90f0dc9a8bd90f88df7b3b583db80fc5cdd473c62e6,large generated per-event trajectory; complete seed-level analysis CSVs published,
experiments/confirmation_secondary/results/null_96200015.json,4164507,ee558069ea70bcd191e7cc227a97935df6c7984e11d890a3380bb6daaf182de4,large generated per-event trajectory; complete seed-level analysis CSVs published,
experiments/confirmation_secondary/results/null_96200016.json,4163903,3e080e5c55e41d34cd1659b93c84d59880e75b06ec7cff2d084e1caab38a89e3,large generated per-event trajectory; complete seed-level analysis CSVs published,
experiments/confirmation_secondary/results/null_96200017.json,4161083,6799ad82fb0be8d506edc444384e810026a19449b105e9116264873d60532fad,large generated per-event trajectory; complete seed-level analysis CSVs published,
experiments/confirmation_secondary/results/null_96200018.json,4163923,65860a4b069da7a041dcc6dbedff5b0f4204000813ff5b9152ed30e1a08510f3,large generated per-event trajectory; complete seed-level analysis CSVs published,
experiments/confirmation_secondary/results/null_96200019.json,4164657,1726a9b81192769f21d2d52c8aec18b5920e15c180e8327eba7dab0611c31999,large generated per-event trajectory; complete seed-level analysis CSVs published,
experiments/confirmation_secondary/results/null_96200020.json,4160793,45b6c21609977c08b68f89f4bb36bd2a7057e3e3574bea9e678362c478ecefbf,large generated per-event trajectory; complete seed-level analysis CSVs published,
experiments/confirmation_secondary/results/null_96200021.json,4165679,1e9cc55dbd4955632cd5dd6366d3a4f0a3868ee3756e97b427b89acdff5fbc9e,large generated per-event trajectory; complete seed-level analysis CSVs published,
experiments/confirmation_secondary/results/null_96200022.json,4163638,71f2009d352b757c52c4b9256c95cd42d2389b2bb0f57c0c24254f13b200a43d,large generated per-event trajectory; complete seed-level analysis CSVs published,
experiments/confirmation_secondary/results/null_96200023.json,4163317,1befe5d6c00dcb35a876a23fa317d10ded14ea403440099e4604b3716db61e84,large generated per-event trajectory; complete seed-level analysis CSVs published,
experiments/confirmation_secondary/results/null_96200024.json,4162924,f6eefcb7af666c09d9838dd12f17cd15396667f3feed12603a05bb45fbc694b6,large generated per-event trajectory; complete seed-level analysis CSVs published,
experiments/confirmation_secondary/results/null_96200025.json,4161329,64199a9846fe3a1693b71cd948ac6c5b07211ceb1a1e14361d253deca23b5500,large generated per-event trajectory; complete seed-level analysis CSVs published,
experiments/confirmation_secondary/results/null_96200026.json,4161434,dacbf1dce14c7758b798dfc0b155fbeeea937ca78a95d6984170b6ca5d4a3225,large generated per-event trajectory; complete seed-level analysis CSVs published,
experiments/confirmation_secondary/results/null_96200027.json,4163226,5715006d6e046ec271455b670d90993d41e2771ba7881a81b1f067784c903f7e,large generated per-event trajectory; complete seed-level analysis CSVs published,
experiments/confirmation_secondary/results/null_96200028.json,4162075,7645da8f5b66be55b4f2a49fbdc0677a8a114ec3f0f218d5d1c4d8d213a0c66e,large generated per-event trajectory; complete seed-level analysis CSVs published,
experiments/confirmation_secondary/results/null_96200029.json,4165980,cf530130708941aeb4f636f609dcecfb5f3088903d750842f1115c01b710ea03,large generated per-event trajectory; complete seed-level analysis CSVs published,
experiments/confirmation_secondary/results/null_96200030.json,4160514,b29e45c84dd725ab3a29d5871159314d4c6d3b7ffc99aab91c360552eb256e34,large generated per-event trajectory; complete seed-level analysis CSVs published,
experiments/confirmation_secondary/results/null_96200031.json,4164506,d21e764e0234625bdc0c180d5c14dcb5de21f32834c6fa6c68fc9b8187d0f433,large generated per-event trajectory; complete seed-level analysis CSVs published,
experiments/confirmation_secondary.stdout.log,26034,86284aa3649bc9a4b782b14153270db1bd36118db8fdcad077b360cf90340314,build/log/cache or third-party source extraction,
experiments/development_lr0075/data/indefinite_noisy_96010000.raw.npz,719586,5d4adfa2d21a725a916126e24b4d7e8659030ee20f622e7b47181350fdfa9ee8,large generated raw array; regenerate from frozen recipe,
experiments/development_lr0075/data/indefinite_noisy_96010001.raw.npz,719522,abf7b68e7cd7995e47a064ec740f7a229fe73fc196e55d35cd32d09d8f032c00,large generated raw array; regenerate from frozen recipe,
experiments/development_lr0075/data/indefinite_noisy_96010002.raw.npz,719552,b1967699ea2bb93812fbc9493b5a1f1ff773ea359b302ce21d330349fdc4170f,large generated raw array; regenerate from frozen recipe,
experiments/development_lr0075/data/indefinite_noisy_96010003.raw.npz,719618,fc2618b0a3024a7b00c85d64c5e01962be9db04208d7b03599e08e739509a6df,large generated raw array; regenerate from frozen recipe,
experiments/development_lr0075/data/indefinite_noisy_96010004.raw.npz,719558,e25c7e53cbd1342a297bd80ee536632f03ba58d02401a0708a9409ee9d08542a,large generated raw array; regenerate from frozen recipe,
experiments/development_lr0075/data/indefinite_noisy_96010005.raw.npz,719611,964c06c3f67f616b27647b9d1ab2cc4ca481608b76ba824fe986034298417674,large generated raw array; regenerate from frozen recipe,
experiments/development_lr0075/data/indefinite_noisy_96010006.raw.npz,719631,aacb33fcad434c3e26f2275b3f52b819c8bac2bc6eca8062d05a9c710bc67528,large generated raw array; regenerate from frozen recipe,
experiments/development_lr0075/data/indefinite_noisy_96010007.raw.npz,719448,ad46b3178d92f43849cdd7f49eb4751c089456df90ea4b0bf058dc32470d66f7,large generated raw array; regenerate from frozen recipe,
experiments/development_lr0075/data/indefinite_noisy_96010008.raw.npz,719503,1ccb3b02aacd995ef2d99817767455d8b2d1305b58f8e9689a19cba15eb8cdff,large generated raw array; regenerate from frozen recipe,
experiments/development_lr0075/data/indefinite_noisy_96010009.raw.npz,719685,a64227953786319f4d2711f4efb7d186b3a0a19dc3653b8d7d1358e63cad4398,large generated raw array; regenerate from frozen recipe,
experiments/development_lr0075/data/indefinite_noisy_96010010.raw.npz,719520,fad386bd573a56e039e90fc0e3d597fe56ca367d128520ec6e64c234a059fd4b,large generated raw array; regenerate from frozen recipe,
experiments/development_lr0075/data/indefinite_noisy_96010011.raw.npz,719487,887ae774389763f764b5ddc15a1cb4e4e1a1b82851fb5a4356e9f1b2719ca57a,large generated raw array; regenerate from frozen recipe,
experiments/development_lr0075/data/indefinite_noisy_96010012.raw.npz,719624,a1d950d0ccf6931835c74ccc3cbfccb1f08251990b3fc1ffe742a4b6eeb5b3e5,large generated raw array; regenerate from frozen recipe,
experiments/development_lr0075/data/indefinite_noisy_96010013.raw.npz,719503,ea8b1a03ce822c17007094c89ffecf70503e2a43585ca0ee16c2d9d39dba0ac5,large generated raw array; regenerate from frozen recipe,
experiments/development_lr0075/data/indefinite_noisy_96010014.raw.npz,719509,184315270240e93a3956d861cde5af9f48bc8cfdbb614a54715af3f6821d2d97,large generated raw array; regenerate from frozen recipe,
experiments/development_lr0075/data/indefinite_noisy_96010015.raw.npz,719542,54fea56f9e65cb97b0898fe73385c2f4de1666d7643faf8caf52af9ae2512170,large generated raw array; regenerate from frozen recipe,
experiments/development_lr0075/results/indefinite_noisy_96010000.json,4139270,f59256ff504ee041ad61b2c4ca1e3c71d99f80e6a4c6f6f936d4c61b60fa06d1,large generated per-event trajectory; complete seed-level analysis CSVs published,
experiments/development_lr0075/results/indefinite_noisy_96010001.json,4138218,9ad6dc256392461a05fab388e8028c2320f352c17b45c34ecc86763c7b2abadb,large generated per-event trajectory; complete seed-level analysis CSVs published,
experiments/development_lr0075/results/indefinite_noisy_96010002.json,4135634,e8deced41bae005d3351855c94d842e33b2b736c3e81c88aa5049d0a7b8a998c,large generated per-event trajectory; complete seed-level analysis CSVs published,
experiments/development_lr0075/results/indefinite_noisy_96010003.json,4140961,00b0a098f4dd6c402c0c99f1da2bc6b58426b53f049848e03d3aae1835eb1a7b,large generated per-event trajectory; complete seed-level analysis CSVs published,
experiments/development_lr0075/results/indefinite_noisy_96010004.json,4138495,87d1d64a34e0641e6a5573dd188ea4184b99f90f2933e5ce1a4f5b13652c566e,large generated per-event trajectory; complete seed-level analysis CSVs published,
experiments/development_lr0075/results/indefinite_noisy_96010005.json,4137963,e39e047d09ba5eaaa0a031ed29083d9bed85f36c80d46264c612792a817a83b0,large generated per-event trajectory; complete seed-level analysis CSVs published,
experiments/development_lr0075/results/indefinite_noisy_96010006.json,4139450,e422b1b98d71f8731bbfb28d985ab7e6062fa00827cf4f47fb9c9bcabe3efbff,large generated per-event trajectory; complete seed-level analysis CSVs published,
experiments/development_lr0075/results/indefinite_noisy_96010007.json,4138060,8ec7c9d8f4a730550c9dd1c3a86d511390192863ae20f2cf8d2b4fe9777f7b76,large generated per-event trajectory; complete seed-level analysis CSVs published,
experiments/development_lr0075/results/indefinite_noisy_96010008.json,4135702,e9a4d6a6acb0686929a99fa0bf43578202757387f5e6411f0085b924416a6cd6,large generated per-event trajectory; complete seed-level analysis CSVs published,
experiments/development_lr0075/results/indefinite_noisy_96010009.json,4140584,4946cf8ad9e3b78a4b000ac454d86461fe1f33cdad5c9b1a68add99eca40a656,large generated per-event trajectory; complete seed-level analysis CSVs published,
experiments/development_lr0075/results/indefinite_noisy_96010010.json,4137470,3f38fc2fa91b8a2b290b04e6bd325ed076be55c6e825610369fbd352d6ba115f,large generated per-event trajectory; complete seed-level analysis CSVs published,
experiments/development_lr0075/results/indefinite_noisy_96010011.json,4136878,aac0d7ca6c54e2d146b3e2707bfd2468f635573b31087364dd4c6d0d02d84763,large generated per-event trajectory; complete seed-level analysis CSVs published,
experiments/development_lr0075/results/indefinite_noisy_96010012.json,4136618,319eae4af384de65d6fb41b076bc078b7b7dcb07cf4eb8ffb8282d1428e0a715,large generated per-event trajectory; complete seed-level analysis CSVs published,
experiments/development_lr0075/results/indefinite_noisy_96010013.json,4138471,9b7071e1d2cdb2fff9e5f2fb5c20874a8458b6bf4f94d32e44a20ec88453b4b8,large generated per-event trajectory; complete seed-level analysis CSVs published,
experiments/development_lr0075/results/indefinite_noisy_96010014.json,4140930,53bfbac5877552fe7ba4b9b625a2897755a6894eb6aece4f606f87427ca57a74,large generated per-event trajectory; complete seed-level analysis CSVs published,
experiments/development_lr0075/results/indefinite_noisy_96010015.json,4138473,805a0b9d29f7cf8b79f6a0e76d32b195663f5bee3d5dfc9cca8034d8959cca0e,large generated per-event trajectory; complete seed-level analysis CSVs published,
experiments/development_lr0075.stdout.log,7064,a7798ce456f747460e61cb76551bfbc230b87eae7efc1021d5b55d4d0ce93b6d,build/log/cache or third-party source extraction,
experiments/development_lr015/data/indefinite_noisy_96010000.raw.npz,719586,5d4adfa2d21a725a916126e24b4d7e8659030ee20f622e7b47181350fdfa9ee8,large generated raw array; regenerate from frozen recipe,experiments/development_lr0075/data/indefinite_noisy_96010000.raw.npz
experiments/development_lr015/data/indefinite_noisy_96010001.raw.npz,719522,abf7b68e7cd7995e47a064ec740f7a229fe73fc196e55d35cd32d09d8f032c00,large generated raw array; regenerate from frozen recipe,experiments/development_lr0075/data/indefinite_noisy_96010001.raw.npz
experiments/development_lr015/data/indefinite_noisy_96010002.raw.npz,719552,b1967699ea2bb93812fbc9493b5a1f1ff773ea359b302ce21d330349fdc4170f,large generated raw array; regenerate from frozen recipe,experiments/development_lr0075/data/indefinite_noisy_96010002.raw.npz
experiments/development_lr015/data/indefinite_noisy_96010003.raw.npz,719618,fc2618b0a3024a7b00c85d64c5e01962be9db04208d7b03599e08e739509a6df,large generated raw array; regenerate from frozen recipe,experiments/development_lr0075/data/indefinite_noisy_96010003.raw.npz
experiments/development_lr015/data/indefinite_noisy_96010004.raw.npz,719558,e25c7e53cbd1342a297bd80ee536632f03ba58d02401a0708a9409ee9d08542a,large generated raw array; regenerate from frozen recipe,experiments/development_lr0075/data/indefinite_noisy_96010004.raw.npz
experiments/development_lr015/data/indefinite_noisy_96010005.raw.npz,719611,964c06c3f67f616b27647b9d1ab2cc4ca481608b76ba824fe986034298417674,large generated raw array; regenerate from frozen recipe,experiments/development_lr0075/data/indefinite_noisy_96010005.raw.npz
experiments/development_lr015/data/indefinite_noisy_96010006.raw.npz,719631,aacb33fcad434c3e26f2275b3f52b819c8bac2bc6eca8062d05a9c710bc67528,large generated raw array; regenerate from frozen recipe,experiments/development_lr0075/data/indefinite_noisy_96010006.raw.npz
experiments/development_lr015/data/indefinite_noisy_96010007.raw.npz,719448,ad46b3178d92f43849cdd7f49eb4751c089456df90ea4b0bf058dc32470d66f7,large generated raw array; regenerate from frozen recipe,experiments/development_lr0075/data/indefinite_noisy_96010007.raw.npz
experiments/development_lr015/data/indefinite_noisy_96010008.raw.npz,719503,1ccb3b02aacd995ef2d99817767455d8b2d1305b58f8e9689a19cba15eb8cdff,large generated raw array; regenerate from frozen recipe,experiments/development_lr0075/data/indefinite_noisy_96010008.raw.npz
experiments/development_lr015/data/indefinite_noisy_96010009.raw.npz,719685,a64227953786319f4d2711f4efb7d186b3a0a19dc3653b8d7d1358e63cad4398,large generated raw array; regenerate from frozen recipe,experiments/development_lr0075/data/indefinite_noisy_96010009.raw.npz
experiments/development_lr015/data/indefinite_noisy_96010010.raw.npz,719520,fad386bd573a56e039e90fc0e3d597fe56ca367d128520ec6e64c234a059fd4b,large generated raw array; regenerate from frozen recipe,experiments/development_lr0075/data/indefinite_noisy_96010010.raw.npz
experiments/development_lr015/data/indefinite_noisy_96010011.raw.npz,719487,887ae774389763f764b5ddc15a1cb4e4e1a1b82851fb5a4356e9f1b2719ca57a,large generated raw array; regenerate from frozen recipe,experiments/development_lr0075/data/indefinite_noisy_96010011.raw.npz
experiments/development_lr015/data/indefinite_noisy_96010012.raw.npz,719624,a1d950d0ccf6931835c74ccc3cbfccb1f08251990b3fc1ffe742a4b6eeb5b3e5,large generated raw array; regenerate from frozen recipe,experiments/development_lr0075/data/indefinite_noisy_96010012.raw.npz
experiments/development_lr015/data/indefinite_noisy_96010013.raw.npz,719503,ea8b1a03ce822c17007094c89ffecf70503e2a43585ca0ee16c2d9d39dba0ac5,large generated raw array; regenerate from frozen recipe,experiments/development_lr0075/data/indefinite_noisy_96010013.raw.npz
experiments/development_lr015/data/indefinite_noisy_96010014.raw.npz,719509,184315270240e93a3956d861cde5af9f48bc8cfdbb614a54715af3f6821d2d97,large generated raw array; regenerate from frozen recipe,experiments/development_lr0075/data/indefinite_noisy_96010014.raw.npz
experiments/development_lr015/data/indefinite_noisy_96010015.raw.npz,719542,54fea56f9e65cb97b0898fe73385c2f4de1666d7643faf8caf52af9ae2512170,large generated raw array; regenerate from frozen recipe,experiments/development_lr0075/data/indefinite_noisy_96010015.raw.npz
experiments/development_lr015/results/indefinite_noisy_96010000.json,4139466,d38c53e53121f457a0b928a786d93ce3e0765550977f0c102be83f880103bf7f,large generated per-event trajectory; complete seed-level analysis CSVs published,
experiments/development_lr015/results/indefinite_noisy_96010001.json,4138756,ce7472b3903cfad5ab91ded138a7d12044d69c8cb2592d67a38ced3f5dc386fa,large generated per-event trajectory; complete seed-level analysis CSVs published,
experiments/development_lr015/results/indefinite_noisy_96010002.json,4136318,10b89062fa1c355459503d74ab2d975534190bc20cec36c02f685a94bd24ee82,large generated per-event trajectory; complete seed-level analysis CSVs published,
experiments/development_lr015/results/indefinite_noisy_96010003.json,4141737,f6690804ab7464987495e1039892a1a1e6b3e07d27cd061facfd20b90813882c,large generated per-event trajectory; complete seed-level analysis CSVs published,
experiments/development_lr015/results/indefinite_noisy_96010004.json,4138624,3ae9426038e554013f8010194e3df4d29ae8138d789c9b3c563f7a21624a0035,large generated per-event trajectory; complete seed-level analysis CSVs published,
experiments/development_lr015/results/indefinite_noisy_96010005.json,4138800,5b8febd3e38f7c114cfe8da76a074a1dda43665a1723018468b8d404b8e52484,large generated per-event trajectory; complete seed-level analysis CSVs published,
experiments/development_lr015/results/indefinite_noisy_96010006.json,4138433,052b9541683b3fc719159f87a61cb85183ec56a18244a98a7fca0ff65833ac4c,large generated per-event trajectory; complete seed-level analysis CSVs published,
experiments/development_lr015/results/indefinite_noisy_96010007.json,4139250,a3c9711a793d0edda08cb02de30d8322054bd2c8740bd52809fb2cc8a4297c59,large generated per-event trajectory; complete seed-level analysis CSVs published,
experiments/development_lr015/results/indefinite_noisy_96010008.json,4135627,8d68af0a482d341c764df6b456fd52bf764b223a8d3e0b36f176cb0d11e5960d,large generated per-event trajectory; complete seed-level analysis CSVs published,
experiments/development_lr015/results/indefinite_noisy_96010009.json,4140702,811cefdb889638cb738442af41dd049fab895a66d09171a04cbf809ff6cb0b4b,large generated per-event trajectory; complete seed-level analysis CSVs published,
experiments/development_lr015/results/indefinite_noisy_96010010.json,4137569,8a589f309a71df13e0a35ba6664c9e20259ac9001fd9b50caa66911b5e27b579,large generated per-event trajectory; complete seed-level analysis CSVs published,
experiments/development_lr015/results/indefinite_noisy_96010011.json,4137984,a27e9a650eaf70e89edcf7efba12f160cddeccd85ba2fcb1b895b3c56e2c8835,large generated per-event trajectory; complete seed-level analysis CSVs published,
experiments/development_lr015/results/indefinite_noisy_96010012.json,4135962,42569efdc1737cdd35b39e67c2cf1d896cd95a34bae0ba03f002d4e6e0254936,large generated per-event trajectory; complete seed-level analysis CSVs published,
experiments/development_lr015/results/indefinite_noisy_96010013.json,4138910,767b83415b23da4c37ebdee0213a681a12e2cb8b8c310aaf9e4c2ddbf7e459e2,large generated per-event trajectory; complete seed-level analysis CSVs published,
experiments/development_lr015/results/indefinite_noisy_96010014.json,4142903,2738553fd8a23dbe9a1fe4d87ccc176c3d0e915ed7712f110e7e83060013c988,large generated per-event trajectory; complete seed-level analysis CSVs published,
experiments/development_lr015/results/indefinite_noisy_96010015.json,4138962,eb859dbc394e216d40c886099666f0fe8ecbc525ac2dcdbf72b9a643fd0a8197,large generated per-event trajectory; complete seed-level analysis CSVs published,
experiments/development_lr015.stdout.log,7063,c1bcaf73b77039fd6e34146860cf875e486907ddabd2012b434a6b34debc2e6c,build/log/cache or third-party source extraction,
experiments/development_lr03/data/indefinite_noisy_96010000.raw.npz,719586,5d4adfa2d21a725a916126e24b4d7e8659030ee20f622e7b47181350fdfa9ee8,large generated raw array; regenerate from frozen recipe,experiments/development_lr0075/data/indefinite_noisy_96010000.raw.npz
experiments/development_lr03/data/indefinite_noisy_96010001.raw.npz,719522,abf7b68e7cd7995e47a064ec740f7a229fe73fc196e55d35cd32d09d8f032c00,large generated raw array; regenerate from frozen recipe,experiments/development_lr0075/data/indefinite_noisy_96010001.raw.npz
experiments/development_lr03/data/indefinite_noisy_96010002.raw.npz,719552,b1967699ea2bb93812fbc9493b5a1f1ff773ea359b302ce21d330349fdc4170f,large generated raw array; regenerate from frozen recipe,experiments/development_lr0075/data/indefinite_noisy_96010002.raw.npz
experiments/development_lr03/data/indefinite_noisy_96010003.raw.npz,719618,fc2618b0a3024a7b00c85d64c5e01962be9db04208d7b03599e08e739509a6df,large generated raw array; regenerate from frozen recipe,experiments/development_lr0075/data/indefinite_noisy_96010003.raw.npz
experiments/development_lr03/data/indefinite_noisy_96010004.raw.npz,719558,e25c7e53cbd1342a297bd80ee536632f03ba58d02401a0708a9409ee9d08542a,large generated raw array; regenerate from frozen recipe,experiments/development_lr0075/data/indefinite_noisy_96010004.raw.npz
experiments/development_lr03/data/indefinite_noisy_96010005.raw.npz,719611,964c06c3f67f616b27647b9d1ab2cc4ca481608b76ba824fe986034298417674,large generated raw array; regenerate from frozen recipe,experiments/development_lr0075/data/indefinite_noisy_96010005.raw.npz
experiments/development_lr03/data/indefinite_noisy_96010006.raw.npz,719631,aacb33fcad434c3e26f2275b3f52b819c8bac2bc6eca8062d05a9c710bc67528,large generated raw array; regenerate from frozen recipe,experiments/development_lr0075/data/indefinite_noisy_96010006.raw.npz
experiments/development_lr03/data/indefinite_noisy_96010007.raw.npz,719448,ad46b3178d92f43849cdd7f49eb4751c089456df90ea4b0bf058dc32470d66f7,large generated raw array; regenerate from frozen recipe,experiments/development_lr0075/data/indefinite_noisy_96010007.raw.npz
experiments/development_lr03/data/indefinite_noisy_96010008.raw.npz,719503,1ccb3b02aacd995ef2d99817767455d8b2d1305b58f8e9689a19cba15eb8cdff,large generated raw array; regenerate from frozen recipe,experiments/development_lr0075/data/indefinite_noisy_96010008.raw.npz
experiments/development_lr03/data/indefinite_noisy_96010009.raw.npz,719685,a64227953786319f4d2711f4efb7d186b3a0a19dc3653b8d7d1358e63cad4398,large generated raw array; regenerate from frozen recipe,experiments/development_lr0075/data/indefinite_noisy_96010009.raw.npz
experiments/development_lr03/data/indefinite_noisy_96010010.raw.npz,719520,fad386bd573a56e039e90fc0e3d597fe56ca367d128520ec6e64c234a059fd4b,large generated raw array; regenerate from frozen recipe,experiments/development_lr0075/data/indefinite_noisy_96010010.raw.npz
experiments/development_lr03/data/indefinite_noisy_96010011.raw.npz,719487,887ae774389763f764b5ddc15a1cb4e4e1a1b82851fb5a4356e9f1b2719ca57a,large generated raw array; regenerate from frozen recipe,experiments/development_lr0075/data/indefinite_noisy_96010011.raw.npz
experiments/development_lr03/data/indefinite_noisy_96010012.raw.npz,719624,a1d950d0ccf6931835c74ccc3cbfccb1f08251990b3fc1ffe742a4b6eeb5b3e5,large generated raw array; regenerate from frozen recipe,experiments/development_lr0075/data/indefinite_noisy_96010012.raw.npz
experiments/development_lr03/data/indefinite_noisy_96010013.raw.npz,719503,ea8b1a03ce822c17007094c89ffecf70503e2a43585ca0ee16c2d9d39dba0ac5,large generated raw array; regenerate from frozen recipe,experiments/development_lr0075/data/indefinite_noisy_96010013.raw.npz
experiments/development_lr03/data/indefinite_noisy_96010014.raw.npz,719509,184315270240e93a3956d861cde5af9f48bc8cfdbb614a54715af3f6821d2d97,large generated raw array; regenerate from frozen recipe,experiments/development_lr0075/data/indefinite_noisy_96010014.raw.npz
experiments/development_lr03/data/indefinite_noisy_96010015.raw.npz,719542,54fea56f9e65cb97b0898fe73385c2f4de1666d7643faf8caf52af9ae2512170,large generated raw array; regenerate from frozen recipe,experiments/development_lr0075/data/indefinite_noisy_96010015.raw.npz
experiments/development_lr03/results/indefinite_noisy_96010000.json,4138989,0ac125cff3529a7abbd628f34035a9f52c61b760c7e4bc8611ca17e8164896a8,large generated per-event trajectory; complete seed-level analysis CSVs published,
experiments/development_lr03/results/indefinite_noisy_96010001.json,4138122,f7f86729a05d5d64655629bff837f4fa0bd3e143c7756456dcc4349f2d665e6f,large generated per-event trajectory; complete seed-level analysis CSVs published,
experiments/development_lr03/results/indefinite_noisy_96010002.json,4135199,4f56e9c812434b6e6ea4c171b3d71eda42dbd4c1b82be9acb7c0f30f21c39fd6,large generated per-event trajectory; complete seed-level analysis CSVs published,
experiments/development_lr03/results/indefinite_noisy_96010003.json,4140276,ba998accba78fbe0336e2473cce4aa351c0bd3adf8ebfea67054e4433f4214b0,large generated per-event trajectory; complete seed-level analysis CSVs published,
experiments/development_lr03/results/indefinite_noisy_96010004.json,4137022,64d88178e44753cc2d8caf0d82f5f3c2dc2b57b406f3619a32e1ec3894141b71,large generated per-event trajectory; complete seed-level analysis CSVs published,
experiments/development_lr03/results/indefinite_noisy_96010005.json,4138560,553156c7fe08c7d113bd468725cecbce33362e32eb1fa306883c2f9c50ab66bb,large generated per-event trajectory; complete seed-level analysis CSVs published,
experiments/development_lr03/results/indefinite_noisy_96010006.json,4138284,46d8ec340e9e8e0970c59b25522aa3eb381bed7911a528e452c1050f3c2f14b1,large generated per-event trajectory; complete seed-level analysis CSVs published,
experiments/development_lr03/results/indefinite_noisy_96010007.json,4137543,b86c1505a7e9b525c166cff77b6cc6625b680738a7f4cf289b845e30274f7a12,large generated per-event trajectory; complete seed-level analysis CSVs published,
experiments/development_lr03/results/indefinite_noisy_96010008.json,4135480,1b04893ed82116d9ed7aef7a159cb506b453c26f3120959deb705f746067c0de,large generated per-event trajectory; complete seed-level analysis CSVs published,
experiments/development_lr03/results/indefinite_noisy_96010009.json,4141531,0339691c8f4f6b77258f93c310f36a55eea223f68587cacd75fc2dabd39cd395,large generated per-event trajectory; complete seed-level analysis CSVs published,
experiments/development_lr03/results/indefinite_noisy_96010010.json,4137461,2ecc12e868739f8e8f358e298b11b4ed91d98b1e59dd58a3dfb5232fdd6d8f5c,large generated per-event trajectory; complete seed-level analysis CSVs published,
experiments/development_lr03/results/indefinite_noisy_96010011.json,4137446,6ef642fda4368576c8534188c5abeb85b6c3c2e96f7ae8f9fb901314a044dd34,large generated per-event trajectory; complete seed-level analysis CSVs published,
experiments/development_lr03/results/indefinite_noisy_96010012.json,4135918,b42fe85ec36d37b13a03ed01ab1f32e6194992e0c1f613173c26035c833dcc2e,large generated per-event trajectory; complete seed-level analysis CSVs published,
experiments/development_lr03/results/indefinite_noisy_96010013.json,4138220,4484436bdec2388d1e279f26279ff443ff0556f6edf2f0fac7daa58f7ba7e7b7,large generated per-event trajectory; complete seed-level analysis CSVs published,
experiments/development_lr03/results/indefinite_noisy_96010014.json,4140999,0d1532246212890ef0f4aa902ab3c0f7e32790ba5477a0d6b99b80aa631f169b,large generated per-event trajectory; complete seed-level analysis CSVs published,
experiments/development_lr03/results/indefinite_noisy_96010015.json,4137606,80df66b4c4bdb1b99699a3398b664fdf777f52bb4bf4caf39b26abc84a8f9020,large generated per-event trajectory; complete seed-level analysis CSVs published,
experiments/development_lr03.stdout.log,7058,f652155ed7493a14194a6f9b5a72b1380cf47708001c3b0dc05f2f1cf8cd08be,build/log/cache or third-party source extraction,
experiments/smoke/data/indefinite_noisy_96000000.raw.npz,719503,b43e95e50dfcbcf061de244228d83123651ee7461b3953439f464e54e50e9581,large generated raw array; regenerate from frozen recipe,
experiments/smoke/data/indefinite_noisy_96000001.raw.npz,719449,0bf0fb92f0acfc5dbffd54e2a7efbb1c76119d5546e939ade75b3c57c1bff750,large generated raw array; regenerate from frozen recipe,
experiments/smoke/results/indefinite_noisy_96000000.json,3303567,7c29d7d6c21de1d3ca04c05cb9387e0e4575e36819101a9c82d19c6ea77d6c0e,large generated per-event trajectory; complete seed-level analysis CSVs published,
experiments/smoke/results/indefinite_noisy_96000001.json,3301461,b9a313887e0d70a090f7874db42e7261cd211e4ea4fc1a924843278cbe773299,large generated per-event trajectory; complete seed-level analysis CSVs published,
experiments/smoke.stdout.log,908,e54ac761c63e6a1cc160a6cc58e52d73a71b20616fc1ee2cc69d1d2677f971a8,build/log/cache or third-party source extraction,
experiments/smoke_memory_fix/data/indefinite_noisy_96000000.raw.npz,719503,b43e95e50dfcbcf061de244228d83123651ee7461b3953439f464e54e50e9581,large generated raw array; regenerate from frozen recipe,experiments/smoke/data/indefinite_noisy_96000000.raw.npz
experiments/smoke_memory_fix/data/indefinite_noisy_96000001.raw.npz,719449,0bf0fb92f0acfc5dbffd54e2a7efbb1c76119d5546e939ade75b3c57c1bff750,large generated raw array; regenerate from frozen recipe,experiments/smoke/data/indefinite_noisy_96000001.raw.npz
experiments/smoke_memory_fix/results/indefinite_noisy_96000000.json,3302875,68a836352b110a5fb7e8392e0313ef5a406b3640058bcf7307c1e69c5439b3ff,large generated per-event trajectory; complete seed-level analysis CSVs published,
experiments/smoke_memory_fix/results/indefinite_noisy_96000001.json,3300773,19a2335f93c7e80e274af7ae14ae6ab3d49a02ce08ff35203a22c727270465d2,large generated per-event trajectory; complete seed-level analysis CSVs published,
experiments/smoke_memory_fix.stdout.log,1315,efa689fdc36affc350fe240b702428d3429d6091558bb85878d6c65ade1f2a2e,build/log/cache or third-party source extraction,
output/pdf/phase6_decision_zh.aux,2223,ea90b50207bbdb1deb1417a6043a6e6672805b92b556f1551d28feea6b9885d1,build/log/cache or third-party source extraction,
output/pdf/phase6_decision_zh.log,35773,a9bed828cb5311f9b123d05ce11a9ef045ac4c101c1fff70327ec489bed31090,build/log/cache or third-party source extraction,
output/pdf/phase6_decision_zh.pdf,254128,c501b0abd57518095d23a18873c872b411657d7087795bd211253a5e0cdd5916,private-execution Chinese PDF or its platform-specific renderer; cleaned Markdown and English paper retained,
output/phase6_review_bundle.zip,3196500,3d5368321b38fddbbe194e2f828c1894e239d733f3b5a78f1d098127c2b28016,duplicate distribution archive,
qa/build_decision_pdf.py,3147,089063d6aa11c1f9512e88ab00578c1efbe30e348a88fbb89050358a06897352,private-execution Chinese PDF or its platform-specific renderer; cleaned Markdown and English paper retained,
qa/chinese_pdf_compile_1.txt,5892,71dc1ed3f11371d9c2dc099c3183f3a09d266030b9c3f1dfe782b32d21181364,build/log/cache or third-party source extraction,
qa/chinese_pdf_compile_2.txt,5892,71dc1ed3f11371d9c2dc099c3183f3a09d266030b9c3f1dfe782b32d21181364,build/log/cache or third-party source extraction,qa/chinese_pdf_compile_1.txt
qa/english_extracted.txt,52164,97ccb6d1b70913bb774a5285cc7cc83afbba116fa0d9cc2ab57ec42b99d35226,build/log/cache or third-party source extraction,
qa/english_pdf_build.log,29259,cc485439de76d30150d39b7ede4210e11ac6d49a46379c8378aff259552b1ca6,build/log/cache or third-party source extraction,
qa/install_attempt1_failure.json,520,6cc3cda7a9d5a64f72f986f84d640a63ea1af217334bac44cb73cae4cd3683f3,private preservation/install/editorial/build QA,
qa/install_release.py,4891,81f43524f2c9ae43087c62d4a585c3f208da06acd75fa7d4d8cc646c3890e18a,private preservation/install/editorial/build QA,
qa/library_delivery.json,3839,820c8ed6f02afc23e846f289099c29ce9c34ecb3c8db60b49a19fc744902934d,private preservation/install/editorial/build QA,
qa/pdf_visual_qa.json,1214,25b42b09fc2d82fd3c47686a7c6395e0a91bb85867ff519c16b7c486926fa29c,private preservation/install/editorial/build QA,
qa/phase6_decision_zh.tex,14552,a18fb068250c2fa6430f351b075a749706ad6e8a67d0272fed1c06b1b0cdefbc,private preservation/install/editorial/build QA,
qa/preexisting_integrity_after_experiments.json,317,298d187a5cfc2333b20137327e24285183c9f314b33ce2e967cd7dedaab8255c,private preservation/install/editorial/build QA,
qa/preexisting_manifest.json,333072,37dfbff9ae802945aacb4792de6f2373fdbbb94435cce22d342d1eeebd50c32b,private preservation/install/editorial/build QA,
qa/release_manifest.json,191376,1b7b201b815f76aa39b990f83bb62aab9015b89ed184f36682f258236cd6a133,private preservation/install/editorial/build QA,
qa/release_manifest_attempt1.json,191068,55635624b1fac3bd8a3ea1e9d9d840a143ab96956dc89b8e2b496da4eabd93cc,private preservation/install/editorial/build QA,
qa/render_chinese/contact-01.png,769330,3bad7fe29202ed34562ca284363615c7db11b5ff943512226b92ea8084356930,private preservation/install/editorial/build QA,
qa/render_chinese/contact-02.png,306764,7ba41b36084e1efd765b5417ef05b5844a0b01c74dee5bf2992a8dfe30612bc7,private preservation/install/editorial/build QA,
qa/render_chinese/final-contact-01.png,1117611,7e13a9795782e63e10d0d44b4e0e6f892517df5c30ea55b9d69dd868fb95c221,private preservation/install/editorial/build QA,
qa/render_chinese/final-contact-02.png,432633,f2cdd26d616d7d71de8b7cbf953ab4e90020b2ecb8fa7fc08edeb1d7873c96d6,private preservation/install/editorial/build QA,
qa/render_chinese/page-1.png,495642,404afea43335032f99193351b4b03455a8021334cc0bbf0a982c7b2c5a9d8c2c,private preservation/install/editorial/build QA,
qa/render_chinese/page-2.png,454983,a46dc7b75871a5e58a1a23ba49fc18b58e57a154154055fd582f394a54b44ce4,private preservation/install/editorial/build QA,
qa/render_chinese/page-3.png,519569,a61356f861e7fb2daf9b07592753e146d5a3213e46d461b8dd3a9ed8861d7b3f,private preservation/install/editorial/build QA,
qa/render_chinese/page-4.png,549101,ec7f02e4214f8d2c3c66d1451de0571b01b788912af69695538c4ba827c562e9,private preservation/install/editorial/build QA,
qa/render_chinese/page-5.png,575704,bb0f2c313dc2fd7b54b3a01af268eac1a1080e459489b394f757212e8c2279e0,private preservation/install/editorial/build QA,
qa/render_chinese/page-6.png,190913,a661411a812dd198a02bb4e0b2ed93313d9215f542da4c02dd24edc9c535ee94,private preservation/install/editorial/build QA,
qa/render_english/contact-01.png,874648,ceba3412eb11c8454532c322e717109f880f0aae723868015cf9880f1b8f574f,private preservation/install/editorial/build QA,
qa/render_english/contact-02.png,940158,03402a42e3e63758523ae1790e6e9ccfd58d6962c853d93d8f7c63593bec541d,private preservation/install/editorial/build QA,
qa/render_english/contact-03.png,794943,38efebc4884094bfceb64604fbea9b015de5a75257eaa70fd4c93330f28d915c,private preservation/install/editorial/build QA,
qa/render_english/page-01.png,398002,bbd9383718b378049b649eaf32e8e478548b14b9331f8ad53542537be4b4c97f,private preservation/install/editorial/build QA,
qa/render_english/page-02.png,339458,6224de1713fb905914895ad20259bf14953a290ddae3be665a32116ac2e7bbe5,private preservation/install/editorial/build QA,
qa/render_english/page-03.png,316744,913108c6cfeae82348703684f4cdf92fe50430d1878eb75d0e2d832149a68b81,private preservation/install/editorial/build QA,
qa/render_english/page-04.png,347817,3de5879a94942bca6ecf2ce7bd734f0f872ae37c3eaaf4ef7b9008a095c29e70,private preservation/install/editorial/build QA,
qa/render_english/page-05.png,366647,9dadf648e55076d2a5f052f77475227df5ad5d8ef034a792cde2e72b91a7de67,private preservation/install/editorial/build QA,
qa/render_english/page-06.png,434826,fbd7ff047c7355714b81c579a808e0bd7d547df8ab7bfc23a2e417c7bf6f7df6,private preservation/install/editorial/build QA,
qa/render_english/page-07.png,330932,15f974b1f3cac1d4a8668048e7cbd144308b15467551576779e28887c5c0835b,private preservation/install/editorial/build QA,
qa/render_english/page-08.png,368218,be197af9bc2275d63711b966375e0bba809176d2c316355d7560a8c225181ea4,private preservation/install/editorial/build QA,
qa/render_english/page-09.png,419603,95ba53005090bd7e1139f3491e2ebb9f705103a2bcab5346a17de717304c9c7f,private preservation/install/editorial/build QA,
qa/render_english/page-10.png,463768,31a51184e7b9544e2e7f993955ee7b38ccd0f4b5f57b1bda3f8379fa3650960a,private preservation/install/editorial/build QA,
qa/render_english/page-11.png,345857,b014cbdff14dceb59617c325958c7772fe88d123d89082d859668ff5a41e30f2,private preservation/install/editorial/build QA,
qa/render_english/page-12.png,61869,bd1e96cf7764a6408ac6744bce9f01c1e7411141e3d2a0522b171effc2457e27,private preservation/install/editorial/build QA,
qa/render_english-01.png,390030,420419858ae3ff409f82c067cf4d18ff8764ef77c684acc8194c5bf4d2d74dc5,private preservation/install/editorial/build QA,
qa/render_english-02.png,324899,0af7259f0487fc7ad7e404aae00815631628e5db966e304b1d7946dad10f313e,private preservation/install/editorial/build QA,
qa/render_english-03.png,304630,f5e37bb9dc71c847423d74a43d4c5030ce3fbcf28666e9d34ad44f83eb515ab1,private preservation/install/editorial/build QA,
qa/render_english-04.png,338458,a64477b028d88ad43777263c0c48ae79f1c6bb26fbf6ebe438f6f57a3a755975,private preservation/install/editorial/build QA,
qa/render_english-05.png,350489,8602dcc95e57d8b0047cb89c7db7f92421af5587613ea5b3b34fd9fee0b359c0,private preservation/install/editorial/build QA,
qa/render_english-06.png,428694,9c4ffba7b8eb37cc450c0922299d88b1aa4e4240c74bfc3ea050e37ad4b33575,private preservation/install/editorial/build QA,
qa/render_english-07.png,317142,bb1d478170c6d748d10812a8de73dc6defd3f95e04e06aeeb8a67896fc105fe6,private preservation/install/editorial/build QA,
qa/render_english-08.png,358666,5048a21f4d30c7f91e56440deb14b393faee7f04eb1504cced5a595a236b3b91,private preservation/install/editorial/build QA,
qa/render_english-09.png,400958,da099c88a99f790c200d64599b058121c846042f4f55560fdd9719d57f34cb1d,private preservation/install/editorial/build QA,
qa/render_english-10.png,456335,2c28a82938c0659c74148348484a8ac9aedf80cb6470f44d57d7b36b6c24db73,private preservation/install/editorial/build QA,
qa/render_english-11.png,332538,227f5775c123050d3365131e168254480b6bc804fe25c6c38319542f9a2cd266,private preservation/install/editorial/build QA,
qa/render_english-12.png,56811,d401f04f08934fd7307d437ce4d558529a80815d1ff66461a3398f0922ff95bb,private preservation/install/editorial/build QA,
qa/render_final_english/contact-01.png,876840,11aeb2bb35cb0aa4100a5ea0388bff377fae08ff3c0666ead93b7bc26081c472,private preservation/install/editorial/build QA,
qa/render_final_english/contact-02.png,933060,f5f187e4c624347d961771f195f1acefad9aa4f1f274f35a1827b882cff34d93,private preservation/install/editorial/build QA,
qa/render_final_english/contact-03.png,737565,800b12e4cb2fe3c5c9c7b5a5cff3c9ef42ea1329491005d610e3760f4f1111a3,private preservation/install/editorial/build QA,
qa/render_final_english/page-01.png,398002,bbd9383718b378049b649eaf32e8e478548b14b9331f8ad53542537be4b4c97f,private preservation/install/editorial/build QA,qa/render_english/page-01.png
qa/render_final_english/page-02.png,339458,6224de1713fb905914895ad20259bf14953a290ddae3be665a32116ac2e7bbe5,private preservation/install/editorial/build QA,qa/render_english/page-02.png
qa/render_final_english/page-03.png,316744,913108c6cfeae82348703684f4cdf92fe50430d1878eb75d0e2d832149a68b81,private preservation/install/editorial/build QA,qa/render_english/page-03.png
qa/render_final_english/page-04.png,349980,88d7bbdea9e15cfeffc6b28a42cdd99c0cfb415ae238aa0462fbfe91df611550,private preservation/install/editorial/build QA,
qa/render_final_english/page-05.png,366647,9dadf648e55076d2a5f052f77475227df5ad5d8ef034a792cde2e72b91a7de67,private preservation/install/editorial/build QA,qa/render_english/page-05.png
qa/render_final_english/page-06.png,430975,802997889be1f254b353b40ae2711214d5c6f4eaeb7c472f169438b2330e2338,private preservation/install/editorial/build QA,
qa/render_final_english/page-07.png,318540,b66fbcf3412b923819abb32c412e3f4e21ab8c4eec7a0b2867eab5309ab7fca2,private preservation/install/editorial/build QA,
qa/render_final_english/page-08.png,372297,35a89a228abc29d7ceaf7eb244d34894307368c71e592f06646d9429cf1f0697,private preservation/install/editorial/build QA,
qa/render_final_english/page-09.png,415743,ba17380625c302c567d5f95c2da8651e98d212a6f98ce8879654daba423dd969,private preservation/install/editorial/build QA,
qa/render_final_english/page-10.png,456986,9a95148deacddf48bdd3ff1c97a0c1e6eaa776feeb62781416fec52b88a3b74d,private preservation/install/editorial/build QA,
qa/render_final_english/page-11.png,344220,ff75556e55c8654036bfd7f9aff595a26547f0d3af3c0cd13a56e4db2792d6e5,private preservation/install/editorial/build QA,
qa/review_bundle_manifest.json,23760,84a24e9ff3d9cd2b97f6d5487365815ff372dbd341d884af58355ddba08b1f36,private preservation/install/editorial/build QA,
qa/source_install_receipt.json,867,245d12611617eb6e33fa37459c67dc5ff435781fd7470fc1cce7f5b48ba54d2d,private preservation/install/editorial/build QA,
qa/unit_tests.log,1745,19d64057f20e8aff31b0a09b81a064f695df61a3d16c9accfaf7c96bfd63f55b,build/log/cache or third-party source extraction,
reviews/fit_budget_boundary_prior_execution_transcript.txt,3806,30ac3d804020f898e3553d01a5317c9a959fa4f216194d49455ba572ba8a5c00,build/log/cache or third-party source extraction,
