path,bytes,sha256,reason,identical_to
NOVELTY_CASE.md,5206,4cce799199054fafe8e5602461e0af93a78e0b4d22cd441f3e6034b2490700d1,superseded internal research checkpoint; final status published separately,
STATUS.md,5793,f2128fdc35e645c964914c280ec1356b2e51700757440ce70e4fc6e32fa0d8db,superseded internal research checkpoint; final status published separately,
artifact_manifest.json,159542,8bcbe64c750079ea1f82ab0500d02106252e09f2357cc54b1a40fc986a931e2f,private whole-workspace integrity metadata/helper,
baseline_manifest.json,194749,d47ea4e2c177c4b7b95f2bf42aae262588cc779b3bfc9a85b3e9043841b5edbb,private whole-workspace integrity metadata/helper,
code/__pycache__/adaptive_quadratic.cpython-312.pyc,18651,96ed630c5f0a58cf5cb1d2527e37ac14b42c6101552f14979e26b8a5f02908df,cache or machine metadata,
code/__pycache__/quadratic_experiment.cpython-312.pyc,39893,28603df0550a9e5baaa9a538648f3bcd4fd886304d4e84ce13c9f13f47544734,cache or machine metadata,
code/__pycache__/quadratic_fullbatch.cpython-312.pyc,40240,f33349612819914a46de63a925cc26c86d61510215a0b871da956eddd1fcbb59,cache or machine metadata,
code/verify.py,3659,a296d951a5cb8307f1c1749d0e880efec21a134f5e7c540d5396661e405c64db,private whole-workspace integrity metadata/helper,
experiments/adaptive_confirmation/data/indefinite_noisy_840000.npz,3994173,aa10958f8a7a6cd598a5dbddf752a469fd9b4a0d1a95444b6821d8c14be7ada7,large generated raw array; regenerate from frozen recipe,
experiments/adaptive_confirmation/data/indefinite_noisy_840000_access.npz,16164,9a467a2d27be9efdedc351993d6b6f3d99a3dacbfbedc57e96742af8a1a64a8a,large generated raw array; regenerate from frozen recipe,
experiments/adaptive_confirmation/data/indefinite_noisy_840001.npz,3994186,93b221f312d6cd7fdbf5611ea491b600399e9756098990036f79adf7887f2ed1,large generated raw array; regenerate from frozen recipe,
experiments/adaptive_confirmation/data/indefinite_noisy_840001_access.npz,16158,e25ed5aa27c9f691ec4fb5ad357c6d601a639ad1acac6dfba86f1aef632a3a9a,large generated raw array; regenerate from frozen recipe,
experiments/adaptive_confirmation/data/indefinite_noisy_840002.npz,3994394,eea3fed8cc9ecfe9dde1bf0444340d10afd160f42025f4d99e43f54d1325c4b6,large generated raw array; regenerate from frozen recipe,
experiments/adaptive_confirmation/data/indefinite_noisy_840002_access.npz,16136,8deedf5cc56caa82b30e1f26feadac82bd55f1de0c8de9f4e9755440d9ce8a60,large generated raw array; regenerate from frozen recipe,
experiments/adaptive_confirmation/data/indefinite_noisy_840003.npz,3994139,2f1f30024f9dae65cea94ff43da1f2e19d10bf560a923ab56b275c33e44c9062,large generated raw array; regenerate from frozen recipe,
experiments/adaptive_confirmation/data/indefinite_noisy_840003_access.npz,16206,874674d8d33ab070b001efd76e01f329407a483adf1871cf6b6f3bfcc26e56ba,large generated raw array; regenerate from frozen recipe,
experiments/adaptive_confirmation/data/indefinite_noisy_840004.npz,3994193,f18de382e19eba190f175afc7ba1159a36696ce118e7c455848bc58bd6088068,large generated raw array; regenerate from frozen recipe,
experiments/adaptive_confirmation/data/indefinite_noisy_840004_access.npz,16378,65a0499329c7e4a65cfbc53365636e620781d2d50f5d400fbd7e134225c3c95a,large generated raw array; regenerate from frozen recipe,
experiments/adaptive_confirmation/data/indefinite_noisy_840005.npz,3993975,e004c127155560b151db94609f9df79c7a7eeee86c1b97807663b2941f09fb86,large generated raw array; regenerate from frozen recipe,
experiments/adaptive_confirmation/data/indefinite_noisy_840005_access.npz,16301,c60f2788dc1aa69e0377a1da68328dcddfb5a0be2186a8e31c1839e87f15eac5,large generated raw array; regenerate from frozen recipe,
experiments/adaptive_confirmation/data/indefinite_noisy_840006.npz,3994223,2d38f2ba5a859ae4043528a5bef78708cbae9c87964ef7de8597cb53424c9353,large generated raw array; regenerate from frozen recipe,
experiments/adaptive_confirmation/data/indefinite_noisy_840006_access.npz,16323,51827a16e8ce223ba0c75535313974dfb0736815db9108ed2a441b0ea0d37790,large generated raw array; regenerate from frozen recipe,
experiments/adaptive_confirmation/data/indefinite_noisy_840007.npz,3994289,758d36d2700fd3706dc119c2918642b0caf4a0d09375ddde80b7a783008a5fa5,large generated raw array; regenerate from frozen recipe,
experiments/adaptive_confirmation/data/indefinite_noisy_840007_access.npz,16306,79072a43a7907e39c58328eb7803e7e51742ec91452d316388f8a7802ebc0e3f,large generated raw array; regenerate from frozen recipe,
experiments/adaptive_confirmation/data/indefinite_noisy_840008.npz,3994480,72b56a40e6a7a8941d397bc4dc3471516be40d86e965d774d70840091f196ed4,large generated raw array; regenerate from frozen recipe,
experiments/adaptive_confirmation/data/indefinite_noisy_840008_access.npz,16231,6c88ddd9cd880eaafc4e2870d6ced91f482c3835a18a1f796d79a46bce67ab22,large generated raw array; regenerate from frozen recipe,
experiments/adaptive_confirmation/data/indefinite_noisy_840009.npz,3994294,cc220e2a9f92a39426b786019d5996f103f172203f4b2e0a7f47c63731aacdc5,large generated raw array; regenerate from frozen recipe,
experiments/adaptive_confirmation/data/indefinite_noisy_840009_access.npz,16046,fdc6c7d1bbc918875b29056ae85cb1d09e2d020d066616791dd00a760d5fd33b,large generated raw array; regenerate from frozen recipe,
experiments/adaptive_confirmation/data/indefinite_noisy_840010.npz,3994443,6d0b0e0dfbb4b22e64d72022159ffc08dfcc3a974ed89b8b4b50a1b16f631567,large generated raw array; regenerate from frozen recipe,
experiments/adaptive_confirmation/data/indefinite_noisy_840010_access.npz,16100,fb4f7eab08ac6bfa822336d8b0ad04a02d1176cf15c4f6f14e878ff6add469f4,large generated raw array; regenerate from frozen recipe,
experiments/adaptive_confirmation/data/indefinite_noisy_840011.npz,3994324,c5bea198e87d4d93add5502a82efafdc75f4de19f92d05fee73e075f56ec4fe0,large generated raw array; regenerate from frozen recipe,
experiments/adaptive_confirmation/data/indefinite_noisy_840011_access.npz,16227,5b902d529f5ca26e82adbf5271dc925da1160b4626ebe080270d44eb58238ea6,large generated raw array; regenerate from frozen recipe,
experiments/adaptive_confirmation/data/lowrank_noiseless_840000.npz,3992555,c123e58eea62658635e39bb2fe6af5d4eb6e570f54e6f0a9ef0b2d145c18f55c,large generated raw array; regenerate from frozen recipe,
experiments/adaptive_confirmation/data/lowrank_noiseless_840000_access.npz,15898,312440101401c537a2da6b572b8981af3df8e4c8c6e6bb8e74927cd03b78249b,large generated raw array; regenerate from frozen recipe,
experiments/adaptive_confirmation/data/lowrank_noiseless_840001.npz,3992530,e3889931d8ef237a01d195ad2c83371f1ca34ae7ce4ddeb19204632adb21afec,large generated raw array; regenerate from frozen recipe,
experiments/adaptive_confirmation/data/lowrank_noiseless_840001_access.npz,16115,f9ed9ff61a0fa3e91089112b3544a24a0108d74e848cc654127c9766b5350a1b,large generated raw array; regenerate from frozen recipe,
experiments/adaptive_confirmation/data/lowrank_noiseless_840002.npz,3992613,79a21bb1e62426fc7f386e7e432a68b625f196d48c7d2d4e833e4b0185ec86a5,large generated raw array; regenerate from frozen recipe,
experiments/adaptive_confirmation/data/lowrank_noiseless_840002_access.npz,16047,2e61d574448228eec1171154b4e87dc7cea7bd20278fee4a5b1905baadbb6805,large generated raw array; regenerate from frozen recipe,
experiments/adaptive_confirmation/data/lowrank_noiseless_840003.npz,3992951,1052a623b9bb2b99ec7690a51e7ba37de0f486d2819b66b8d658d6157009ae8b,large generated raw array; regenerate from frozen recipe,
experiments/adaptive_confirmation/data/lowrank_noiseless_840003_access.npz,15999,6e3cd6679ab2348202928bd0b724645ea5421fe8029f09a7f564df1042eeb2f2,large generated raw array; regenerate from frozen recipe,
experiments/adaptive_confirmation/data/lowrank_noiseless_840004.npz,3992978,4202e94b22762590383cddc2becdb591ac17e5e6e27e0ac2188f717df9f94d03,large generated raw array; regenerate from frozen recipe,
experiments/adaptive_confirmation/data/lowrank_noiseless_840004_access.npz,16128,1401869e2f998437fda41d687d42701ef1a2dddb6bbe7ce9fd07dcc89caa7e4a,large generated raw array; regenerate from frozen recipe,
experiments/adaptive_confirmation/data/lowrank_noiseless_840005.npz,3992934,6187b8a3e2366835979427029ad3ddd8896d38475cf401cc095f2873ccd5680a,large generated raw array; regenerate from frozen recipe,
experiments/adaptive_confirmation/data/lowrank_noiseless_840005_access.npz,16070,23786600ac8590ce22b47dded555226286432037c95357b8a711d39eb4adee72,large generated raw array; regenerate from frozen recipe,
experiments/adaptive_confirmation/data/lowrank_noiseless_840006.npz,3992836,b8a82be33b915e99b2191ca7d857d79f3991f1241ea93703570d2e27e2596952,large generated raw array; regenerate from frozen recipe,
experiments/adaptive_confirmation/data/lowrank_noiseless_840006_access.npz,16097,1ddb9975b1a1ee985bd6b61d9fc02593b9a36c13b0cf4a22e6efc07ca969a59a,large generated raw array; regenerate from frozen recipe,
experiments/adaptive_confirmation/data/lowrank_noiseless_840007.npz,3992905,750af0f7335c830e665b9ccbaee2603c39ed6c4ff10cc35dd3f68baacc70918d,large generated raw array; regenerate from frozen recipe,
experiments/adaptive_confirmation/data/lowrank_noiseless_840007_access.npz,16059,f73050c99453d178e3ea10adcb492c0e1d793883e21d9e468c7c71881196d842,large generated raw array; regenerate from frozen recipe,
experiments/adaptive_confirmation/data/lowrank_noiseless_840008.npz,3992555,8f19f00578f3db8ccf4251214984b864b97c64fdfcdc4a087161e2389bae4e80,large generated raw array; regenerate from frozen recipe,
experiments/adaptive_confirmation/data/lowrank_noiseless_840008_access.npz,15945,90fa5e01dc02a849635847463cbb066de7e7724425a8b1c775b20d4b5ab108d4,large generated raw array; regenerate from frozen recipe,
experiments/adaptive_confirmation/data/lowrank_noiseless_840009.npz,3992881,470f8fba79b396bc177e1185f9133d93ea9f61a582d2babf493fc3ba0e3bb219,large generated raw array; regenerate from frozen recipe,
experiments/adaptive_confirmation/data/lowrank_noiseless_840009_access.npz,15746,7d703c94694d36bdfb030d034df5ee192af62df0cbb1a081b8f359a1ddfa4c25,large generated raw array; regenerate from frozen recipe,
experiments/adaptive_confirmation/data/lowrank_noiseless_840010.npz,3992954,0c0885721b744a1f3ca5e925b91520117df91d9520ec0731fe34076c118c0c1a,large generated raw array; regenerate from frozen recipe,
experiments/adaptive_confirmation/data/lowrank_noiseless_840010_access.npz,15802,47e8a0c56ed01ab7d9a39b1104f04bcfed2a356b64860e1313f2d1f1a6f4195c,large generated raw array; regenerate from frozen recipe,
experiments/adaptive_confirmation/data/lowrank_noiseless_840011.npz,3992760,13495282ec5abc311b2be83ebdafdb71e3ee1f53fd3ae14ec8bbdda73809cc22,large generated raw array; regenerate from frozen recipe,
experiments/adaptive_confirmation/data/lowrank_noiseless_840011_access.npz,15775,c5a94d3b53fe280c83aa80c0280b3329c8b6403ba7d4aa54d4b80c807d24a3cf,large generated raw array; regenerate from frozen recipe,
experiments/adaptive_confirmation/data/nonlinear_840000.npz,3991760,a62a5876990a7c072fac384a11dc7762d761e313a37aea4ac945b9f62fb7b7d5,large generated raw array; regenerate from frozen recipe,
experiments/adaptive_confirmation/data/nonlinear_840000_access.npz,16081,4f202a386647d95749a4128268799ded968520a5793e9cbc5fc52868f3cbb8cc,large generated raw array; regenerate from frozen recipe,
experiments/adaptive_confirmation/data/nonlinear_840001.npz,3991750,cec2753d9cb864993e223bda95b0f48773e2ad9ba7a713321a4744e3dd2481fe,large generated raw array; regenerate from frozen recipe,
experiments/adaptive_confirmation/data/nonlinear_840001_access.npz,15843,2e9485f77660100f09b0843269ff85fc7a1294b56b7bc2a67bebe7c55ba62b31,large generated raw array; regenerate from frozen recipe,
experiments/adaptive_confirmation/data/nonlinear_840002.npz,3991363,3f912973850ab9306ac7974966d2f91182c05aed74e05e6dbf62b8e6c336f7e2,large generated raw array; regenerate from frozen recipe,
experiments/adaptive_confirmation/data/nonlinear_840002_access.npz,15843,8c28a8ee79b9ec5964d001935e77f10641a809dd8dada7e80f273ed0aed0a766,large generated raw array; regenerate from frozen recipe,
experiments/adaptive_confirmation/data/nonlinear_840003.npz,3991618,411082d29dcb366e5749d5bf1391cce486292129ad65cc7403b9f5a4b3a9edcf,large generated raw array; regenerate from frozen recipe,
experiments/adaptive_confirmation/data/nonlinear_840003_access.npz,16188,a61d410fe96c4ca9a91ccf06862a3e1d06c8c46ce056769869a899a9363cc08d,large generated raw array; regenerate from frozen recipe,
experiments/adaptive_confirmation/data/nonlinear_840004.npz,3991618,f8db1e80c5cc3b65a548802e17c304f88789c7fd4197347bff4cf660e0f066e2,large generated raw array; regenerate from frozen recipe,
experiments/adaptive_confirmation/data/nonlinear_840004_access.npz,16333,68e33f59c0cb8ef18ad3b18b4775d84ee4f4ee4d56cb0ee1f2bd918097c2ab7d,large generated raw array; regenerate from frozen recipe,
experiments/adaptive_confirmation/data/nonlinear_840005.npz,3991554,c30a3908f3afd9b9f47775a5939b1ae44a5c934058ce42785c2d40cfc358d718,large generated raw array; regenerate from frozen recipe,
experiments/adaptive_confirmation/data/nonlinear_840005_access.npz,16000,2f6f5801d365339bb342ad19378e8c890ad192479c5876bd010e0043274f03d4,large generated raw array; regenerate from frozen recipe,
experiments/adaptive_confirmation/data/nonlinear_840006.npz,3991655,318e3218db73d65cc4517908289d1319833be932804cfed8cece77584cf9252e,large generated raw array; regenerate from frozen recipe,
experiments/adaptive_confirmation/data/nonlinear_840006_access.npz,15977,75711a0d04073be600dffacde008ab7fa831479db19ab1e967f5b697c2a8b91c,large generated raw array; regenerate from frozen recipe,
experiments/adaptive_confirmation/data/nonlinear_840007.npz,3991848,a0c86b7e058448cf8a682c90fabe78144ac293e97e8a22ec8e69186bbdb9e449,large generated raw array; regenerate from frozen recipe,
experiments/adaptive_confirmation/data/nonlinear_840007_access.npz,15790,1aea6226b077ede1ce71838b334030e6ad734c765a73dc03238f38969d0646ae,large generated raw array; regenerate from frozen recipe,
experiments/adaptive_confirmation/data/nonlinear_840008.npz,3991389,b3114e94d2d85a9b775408ab4640cf76f9d4f732651e3459ba5a19fcba277222,large generated raw array; regenerate from frozen recipe,
experiments/adaptive_confirmation/data/nonlinear_840008_access.npz,16012,364f3b2415217a34131bb31811a366ba065cdc4c238b4e99fbd3d78844f2b902,large generated raw array; regenerate from frozen recipe,
experiments/adaptive_confirmation/data/nonlinear_840009.npz,3991489,1c9fe7e60ddb544ad672383ed2c3acca9ce2529340622e62f90521c95f1c123e,large generated raw array; regenerate from frozen recipe,
experiments/adaptive_confirmation/data/nonlinear_840009_access.npz,15977,78b53ddad45b1505def91e0e30f5f20ee9ba844cede6d90c2f83dd8e74fd16c8,large generated raw array; regenerate from frozen recipe,
experiments/adaptive_confirmation/data/nonlinear_840010.npz,3991817,87f44041a9627dfaa933089306fa420f9a35edc294b1ce63b652d3d8b7121e7c,large generated raw array; regenerate from frozen recipe,
experiments/adaptive_confirmation/data/nonlinear_840010_access.npz,15856,bfde743370c1ef760893a559274cfbf38235d7ce7d087189a2d521400f52c0da,large generated raw array; regenerate from frozen recipe,
experiments/adaptive_confirmation/data/nonlinear_840011.npz,3991312,514d916e2094a3acc52a349e224e0308e6161542e101f58c7fc9c432a8202254,large generated raw array; regenerate from frozen recipe,
experiments/adaptive_confirmation/data/nonlinear_840011_access.npz,15868,344db2581bfed02f2436bc4bdc0aba81602cf61a750f84a4af6dc4d1db137b49,large generated raw array; regenerate from frozen recipe,
experiments/adaptive_confirmation/data/null_840000.npz,3740789,ab5e6de7b7313f2d27e47c8fb9fa3a04e37f4f64744e1509f50947a45b153b2e,large generated raw array; regenerate from frozen recipe,
experiments/adaptive_confirmation/data/null_840000_access.npz,16876,316f52adec2c1715c1fdf8376da97e1a58f3d845c01fefdd85d9d327387c750e,large generated raw array; regenerate from frozen recipe,
experiments/adaptive_confirmation/data/null_840001.npz,3741035,e36c00d144c48cee078e48c49b1660c74c54c91fc77e5bfd1e04288581120397,large generated raw array; regenerate from frozen recipe,
experiments/adaptive_confirmation/data/null_840001_access.npz,16912,894febba611af5af9d41a4ebcc7a5505976722809cdf1e195592d5827da9a757,large generated raw array; regenerate from frozen recipe,
experiments/adaptive_confirmation/data/null_840002.npz,3740880,96f9950396dfb3b2acfc0253df5ea283b827ae070e783f88f3be05d6182b9cd0,large generated raw array; regenerate from frozen recipe,
experiments/adaptive_confirmation/data/null_840002_access.npz,16785,defe8e1e91081a281af64a0ba76732f520ba5d6fb69b55476849b67a5008b00f,large generated raw array; regenerate from frozen recipe,
experiments/adaptive_confirmation/data/null_840003.npz,3740700,099b32a4b42ad0008153278c8edda6134fd07d77be39593dd844a1d4b82dd7e8,large generated raw array; regenerate from frozen recipe,
experiments/adaptive_confirmation/data/null_840003_access.npz,16966,57a305835640d8fe5181f053b0e7a715916f7f098cc078cc2906634382c85611,large generated raw array; regenerate from frozen recipe,
experiments/adaptive_confirmation/data/null_840004.npz,3741166,f3162c97d30f898371d67d629a70f2006dea39d309f63338ae3572dac75a425b,large generated raw array; regenerate from frozen recipe,
experiments/adaptive_confirmation/data/null_840004_access.npz,16914,a181fe7b9cf5879b46541353bb4de3113bd7ae49473d53cf1b2afcbe49c20f78,large generated raw array; regenerate from frozen recipe,
experiments/adaptive_confirmation/data/null_840005.npz,3741068,b1b9df9f019c3219bd6b597605e61367b90c681eda6a8080cc418847e0973c60,large generated raw array; regenerate from frozen recipe,
experiments/adaptive_confirmation/data/null_840005_access.npz,16852,8f6fcee0d09e40b4c399b3ed838ded9b2e3cc46b7ebb90d6af6906aa0574186d,large generated raw array; regenerate from frozen recipe,
experiments/adaptive_confirmation/data/null_840006.npz,3741007,d02f49a5559d25abe99821857e09e21b3b74e8b9bf3a6daafc60e3a7c90cf537,large generated raw array; regenerate from frozen recipe,
experiments/adaptive_confirmation/data/null_840006_access.npz,16670,0702ddeaa9134072e9231ddeeb9e894691e0524b6a23f2921fb7372bb18c4f04,large generated raw array; regenerate from frozen recipe,
experiments/adaptive_confirmation/data/null_840007.npz,3740864,edb62a4b50a4b9e44c59f0aed3221fd359c700ff148328ab72798f4673a396d0,large generated raw array; regenerate from frozen recipe,
experiments/adaptive_confirmation/data/null_840007_access.npz,16750,b6ae76681a5e42458d5f8694cee9e85499c4c2394183bd54c9937459a152dd8a,large generated raw array; regenerate from frozen recipe,
experiments/adaptive_confirmation/data/null_840008.npz,3740947,4afa1dc923b353389d627d977a7b48430900b07c3dc099f24d83389f018a999d,large generated raw array; regenerate from frozen recipe,
experiments/adaptive_confirmation/data/null_840008_access.npz,16716,e74879ab8c1c7f31f8e9437bbe7c7b8b94fc7f36d193371b074fcb1d1a556e4f,large generated raw array; regenerate from frozen recipe,
experiments/adaptive_confirmation/data/null_840009.npz,3740889,3b0df631c573fc174b342b74b168f0509ba70c4655c1c07148e26df69a7e4bc0,large generated raw array; regenerate from frozen recipe,
experiments/adaptive_confirmation/data/null_840009_access.npz,15957,137ae53c999045964608b9a0a9030767c914aa03bf6aef1b1b65e023e95223c8,large generated raw array; regenerate from frozen recipe,
experiments/adaptive_confirmation/data/null_840010.npz,3740879,c275c61e2baaebcc3766c2180f4b72b5ad07e91c35b52ca3bd1577351cd765bf,large generated raw array; regenerate from frozen recipe,
experiments/adaptive_confirmation/data/null_840010_access.npz,16754,8bf32f49e88c5ae5340584cd5ade8442c32b01bce87cd6a80432359bf216c566,large generated raw array; regenerate from frozen recipe,
experiments/adaptive_confirmation/data/null_840011.npz,3740845,74d86cb6e184c1eddc6a4fa29c44dadc6d6487799a915f259216b424e055e4ce,large generated raw array; regenerate from frozen recipe,
experiments/adaptive_confirmation/data/null_840011_access.npz,16812,5e16402759244628bdaa960c0804ee8943d78fcdef631dd9ea4ec3dcca8d207e,large generated raw array; regenerate from frozen recipe,
experiments/adaptive_confirmation/results/indefinite_noisy_840000.json,1451331,325f78d4cbb5cefbf99079ec7d2e242963443dcedc2accad63c24752de9b6bf4,large generated per-event trajectory; compact endpoint/checkpoint evidence published,
experiments/adaptive_confirmation/results/indefinite_noisy_840001.json,1450912,21198238310062bbb68c6b05f9fcda8ac91657cd2a7acde21cc4019f68240512,large generated per-event trajectory; compact endpoint/checkpoint evidence published,
experiments/adaptive_confirmation/results/indefinite_noisy_840002.json,1440110,457df0a0cba794c0117cabfe8422bfd1de1b55c869928d237512eb166d748795,large generated per-event trajectory; compact endpoint/checkpoint evidence published,
experiments/adaptive_confirmation/results/indefinite_noisy_840003.json,1451644,72dc89c1601112ed6052c0b11618f308e85b913710a07cdfd053540632258643,large generated per-event trajectory; compact endpoint/checkpoint evidence published,
experiments/adaptive_confirmation/results/indefinite_noisy_840004.json,1457067,846fb5e8beb2f8e01d2a9c017042fff4a6d0bb715443cd242feaf06e0912c477,large generated per-event trajectory; compact endpoint/checkpoint evidence published,
experiments/adaptive_confirmation/results/indefinite_noisy_840005.json,1451667,a701770549478dbf718373c5c37e7708fe57be86267053486d46eae4f8625d27,large generated per-event trajectory; compact endpoint/checkpoint evidence published,
experiments/adaptive_confirmation/results/indefinite_noisy_840006.json,1450125,d7b8aba868f85a355eaa87fc00b0fc911b49f49dfe1c071a3ffe2e79ff5a9100,large generated per-event trajectory; compact endpoint/checkpoint evidence published,
experiments/adaptive_confirmation/results/indefinite_noisy_840007.json,1460422,20824afe976ae7610b650396313452dce9b938ca8d899acc6976bb1a6932d586,large generated per-event trajectory; compact endpoint/checkpoint evidence published,
experiments/adaptive_confirmation/results/indefinite_noisy_840008.json,1452409,31977024c281bc7c027626ae5fb431451b935b7f4d8e697fb5c398d000df66c8,large generated per-event trajectory; compact endpoint/checkpoint evidence published,
experiments/adaptive_confirmation/results/indefinite_noisy_840009.json,1441266,daf9ed8d9ec604a1ca45697740e4319b4bee1da6c74dd2b8536e7f684578cd93,large generated per-event trajectory; compact endpoint/checkpoint evidence published,
experiments/adaptive_confirmation/results/indefinite_noisy_840010.json,1450837,5510f13f9e22fefb593979053b74346f32d259f92a85a87ce9fe21670b1719fc,large generated per-event trajectory; compact endpoint/checkpoint evidence published,
experiments/adaptive_confirmation/results/indefinite_noisy_840011.json,1459644,a44f585cd53113b13811000033c021a8fd165a63f840a3a64149e179696c9f84,large generated per-event trajectory; compact endpoint/checkpoint evidence published,
experiments/adaptive_confirmation/results/lowrank_noiseless_840000.json,1399320,97d842c659f97010f37a5d7ca9518d83bcf181c42ece023f778546596107d71e,large generated per-event trajectory; compact endpoint/checkpoint evidence published,
experiments/adaptive_confirmation/results/lowrank_noiseless_840001.json,1415125,6c0c5414081f13a5a0ee40cbe274848e0c6f4fec430938b7bdd43d4a89625c3c,large generated per-event trajectory; compact endpoint/checkpoint evidence published,
experiments/adaptive_confirmation/results/lowrank_noiseless_840002.json,1396190,ba367a87c7f27d657a37c6748757b066311e113b864f55aa5565f6d15ccce7c7,large generated per-event trajectory; compact endpoint/checkpoint evidence published,
experiments/adaptive_confirmation/results/lowrank_noiseless_840003.json,1400227,a9209d7c862329f140e604706f8dd3b348b27ce1c247f5e4b4ae7dc91f0becaf,large generated per-event trajectory; compact endpoint/checkpoint evidence published,
experiments/adaptive_confirmation/results/lowrank_noiseless_840004.json,1399748,386bbeedade91540877c00c17185e43c1a2ba7190e7bd00f50702e16979f918f,large generated per-event trajectory; compact endpoint/checkpoint evidence published,
experiments/adaptive_confirmation/results/lowrank_noiseless_840005.json,1400373,174959435e5588865271097065c1ea10887e16f2f80c0c621ae21c5f2b669e55,large generated per-event trajectory; compact endpoint/checkpoint evidence published,
experiments/adaptive_confirmation/results/lowrank_noiseless_840006.json,1399670,99b807ad940c6e1b1e6fcc55344fdb2bd2efdb87667e02f51439338e98099180,large generated per-event trajectory; compact endpoint/checkpoint evidence published,
experiments/adaptive_confirmation/results/lowrank_noiseless_840007.json,1396072,6031708a8c2f4d6ad5478f5eeeb5ddbc0f1816943472e8d89d9298f6c961a2b6,large generated per-event trajectory; compact endpoint/checkpoint evidence published,
experiments/adaptive_confirmation/results/lowrank_noiseless_840008.json,1400283,7cc752eef41f62d7fca51803b543f0d91aefed733cb20e17deaf8db3b8e274bc,large generated per-event trajectory; compact endpoint/checkpoint evidence published,
experiments/adaptive_confirmation/results/lowrank_noiseless_840009.json,1400228,dc2388368cd76d64c82edbeafa46c89cf1e0c1b4e7bbde1ec985f401914c09a9,large generated per-event trajectory; compact endpoint/checkpoint evidence published,
experiments/adaptive_confirmation/results/lowrank_noiseless_840010.json,1399188,868af4e71919126f375de70b472b27cd8e3b77af8199247cf20bfc45e6c7a8d8,large generated per-event trajectory; compact endpoint/checkpoint evidence published,
experiments/adaptive_confirmation/results/lowrank_noiseless_840011.json,1399518,4803d3b2383055a7fc3246a86db0741802588b3a6b1c3f7959ab118576ab36c6,large generated per-event trajectory; compact endpoint/checkpoint evidence published,
experiments/adaptive_confirmation/results/nonlinear_840000.json,1394977,896f12a1bc4e772a56d85fac6f7f2ae960a6517632626c67ad2b81ea48f583ec,large generated per-event trajectory; compact endpoint/checkpoint evidence published,
experiments/adaptive_confirmation/results/nonlinear_840001.json,1397726,a766f60ffa4d8096b082b2cc048432d27a4bb9fbcf6ac6d182ba7f87efdab0a0,large generated per-event trajectory; compact endpoint/checkpoint evidence published,
experiments/adaptive_confirmation/results/nonlinear_840002.json,1393425,26f63c9a97f313457aab83cccf63844a06583f308ba9ae9251040271d9155141,large generated per-event trajectory; compact endpoint/checkpoint evidence published,
experiments/adaptive_confirmation/results/nonlinear_840003.json,1391204,4f0f996c9a04d555aca6615a544ac83e1155cc901ce18c21ce58801c236f8b43,large generated per-event trajectory; compact endpoint/checkpoint evidence published,
experiments/adaptive_confirmation/results/nonlinear_840004.json,1391743,58a4872e6b4cdcf3ec192994199448867de780d7b9cb5b9ec06e889dc5869578,large generated per-event trajectory; compact endpoint/checkpoint evidence published,
experiments/adaptive_confirmation/results/nonlinear_840005.json,1398281,9949bc6298d3ef2e9322103b9ec211766b30d262b2a6a7b1abebb1a04177ea39,large generated per-event trajectory; compact endpoint/checkpoint evidence published,
experiments/adaptive_confirmation/results/nonlinear_840006.json,1396813,53e607d79ba6da7581682247aec7be010a08327845c24f5820fafb473c13467d,large generated per-event trajectory; compact endpoint/checkpoint evidence published,
experiments/adaptive_confirmation/results/nonlinear_840007.json,1397782,630799cbb33d9789c963516ba5211bdca4d2340fd3ee8c4c0e7c34f95bbb930e,large generated per-event trajectory; compact endpoint/checkpoint evidence published,
experiments/adaptive_confirmation/results/nonlinear_840008.json,1397809,0704b907d7ca1d446a736641bc875fa3c22a519d6dafd60200db2391bd6a3de1,large generated per-event trajectory; compact endpoint/checkpoint evidence published,
experiments/adaptive_confirmation/results/nonlinear_840009.json,1397020,44a6d6aa162028fb4ba4a5ff6be8edc447c893521128e9e5afe35610f38032ee,large generated per-event trajectory; compact endpoint/checkpoint evidence published,
experiments/adaptive_confirmation/results/nonlinear_840010.json,1397536,77b2f519df3fe52aed005daf6b0fc564bcbd1aa2459c96b6209cbdd6683cb5bf,large generated per-event trajectory; compact endpoint/checkpoint evidence published,
experiments/adaptive_confirmation/results/nonlinear_840011.json,1396625,517407104716913725d21acc55bdbd97659c6acd3f120278c8c00446343b14cd,large generated per-event trajectory; compact endpoint/checkpoint evidence published,
experiments/adaptive_confirmation/results/null_840000.json,1364377,909b986099c4d789a2536c1d96ded10273ee4d8c04c947e81ad99d39e88fd2d9,large generated per-event trajectory; compact endpoint/checkpoint evidence published,
experiments/adaptive_confirmation/results/null_840001.json,1364526,004e695887486a84307fdca0fdeadf5fb3291f3e2fc053f9050eae65174cdea1,large generated per-event trajectory; compact endpoint/checkpoint evidence published,
experiments/adaptive_confirmation/results/null_840002.json,1364206,b2c033fdbc3226e0c28376c66e917ae0ce9980a88fe62e5deabdf78cea316443,large generated per-event trajectory; compact endpoint/checkpoint evidence published,
experiments/adaptive_confirmation/results/null_840003.json,1365124,0e8364ed58967816b71b5c5b8810a116d58ab25b4345b4411acaf7eaa214489a,large generated per-event trajectory; compact endpoint/checkpoint evidence published,
experiments/adaptive_confirmation/results/null_840004.json,1365472,3a52d4ef4be5db1cf6d30af96ac8bf9fa89a267789f4393c3d5580f9db6f860e,large generated per-event trajectory; compact endpoint/checkpoint evidence published,
experiments/adaptive_confirmation/results/null_840005.json,1363792,deb30c8c94a3ef07b851c2e1e5090c12a9dc4162954dfed7a03ee09e497ca19d,large generated per-event trajectory; compact endpoint/checkpoint evidence published,
experiments/adaptive_confirmation/results/null_840006.json,1364631,bd202d6e82a33c20f73c7f86ebc13fede270e72b1757a94b6b8b2130bc51d77d,large generated per-event trajectory; compact endpoint/checkpoint evidence published,
experiments/adaptive_confirmation/results/null_840007.json,1376950,e42c238d68c67fa4c31feafb15f9db67d2b36b1d0f6a364098a2210a36ac2afa,large generated per-event trajectory; compact endpoint/checkpoint evidence published,
experiments/adaptive_confirmation/results/null_840008.json,1363725,98c6ec005e240255277a2a2bf8c60cb3888e4fbe4a3fd8189d0fadc37f957d9d,large generated per-event trajectory; compact endpoint/checkpoint evidence published,
experiments/adaptive_confirmation/results/null_840009.json,1395158,2f62dffd2387a59fcab642852e5f55a620dd0741845de83bff4cec40fce304e3,large generated per-event trajectory; compact endpoint/checkpoint evidence published,
experiments/adaptive_confirmation/results/null_840010.json,1363968,76eb4d8873525aef8845496c65ee05ecc90378962900e03cc84515f2d014d8a4,large generated per-event trajectory; compact endpoint/checkpoint evidence published,
experiments/adaptive_confirmation/results/null_840011.json,1364216,c8f34a131ff496abc0f4387c1da7fe2e0422b041300fd7aeab3e25e0a7aa00fb,large generated per-event trajectory; compact endpoint/checkpoint evidence published,
experiments/adaptive_confirmation_run.log,26451,b59ba6b1a2954a684ace91f59bfdb362f97d809a4ebb265eb80117376ac7cf16,build/log/cache or third-party source extraction,
experiments/adaptive_summary.log,13228,ba4dcc3e1c212b0cbc89fb642bf3732598d1a1b3609e541d082c413181b53c9a,build/log/cache or third-party source extraction,
experiments/confirmation/data/indefinite_noisy_820000.npz,3994287,f74f62b7b783e03ce3dc37ab0180244897028be4d9925ab67b7d5755774162e9,large generated raw array; regenerate from frozen recipe,
experiments/confirmation/data/indefinite_noisy_820000_access.npz,21612,2249b2642599798a81242a7cba1c00bcf78ea7e75bca4ba9f94ff607a81743d1,large generated raw array; regenerate from frozen recipe,
experiments/confirmation/data/indefinite_noisy_820001.npz,3994582,f79aa229e41a4860c674de50ab6ad0d7398210a6a316059f82f16f7ed4806ddf,large generated raw array; regenerate from frozen recipe,
experiments/confirmation/data/indefinite_noisy_820001_access.npz,21597,61ced4b773f26e2394357d81fffdd0b3fc6634988f2a0dee4d2427b930ee9d91,large generated raw array; regenerate from frozen recipe,
experiments/confirmation/data/indefinite_noisy_820002.npz,3994375,4d5106cd29d4844ee9d272649fa73461866f33c4d3124bda38c7e81728a01527,large generated raw array; regenerate from frozen recipe,
experiments/confirmation/data/indefinite_noisy_820002_access.npz,21368,5708272c3412db8baddcdb11ef5cf1fe91356bc32f625c7c716be4690f0a73df,large generated raw array; regenerate from frozen recipe,
experiments/confirmation/data/indefinite_noisy_820003.npz,3994460,f6c1be91efa13d7936bd8a53874ff99b2b846dd4383b4a96733c7b819286510c,large generated raw array; regenerate from frozen recipe,
experiments/confirmation/data/indefinite_noisy_820003_access.npz,21337,627b130543aa7c1e5351255fb8446043dacbc995afb826ba931b0574e6030b37,large generated raw array; regenerate from frozen recipe,
experiments/confirmation/data/indefinite_noisy_820004.npz,3994188,bfe1c9ca4e29fa36b9950049e370b5cc1200d75a1ed48d3739822e4a711bf3f9,large generated raw array; regenerate from frozen recipe,
experiments/confirmation/data/indefinite_noisy_820004_access.npz,21992,a950c54e033434d9d9bdd40f4a100de4e9383fb416736d4010964c0a56ada122,large generated raw array; regenerate from frozen recipe,
experiments/confirmation/data/indefinite_noisy_820005.npz,3994219,da0ca2e798624f14512c1d28c9e5391878a877340f4b7c848f1ee9890f4eff32,large generated raw array; regenerate from frozen recipe,
experiments/confirmation/data/indefinite_noisy_820005_access.npz,21771,aaf7e27c90b0033d927ad1894ac683ddf95761a27139bec7eb1b8b17205c4015,large generated raw array; regenerate from frozen recipe,
experiments/confirmation/data/indefinite_noisy_820006.npz,3994270,c46e8affb9d02c386a95409ad996c08a25e02ad13eb3cd80ff367deecdb9b2cf,large generated raw array; regenerate from frozen recipe,
experiments/confirmation/data/indefinite_noisy_820006_access.npz,22106,a977e7a9e86c763f910260c46e5b9a49b5fc5db967a99fbad0b8b920e8d60776,large generated raw array; regenerate from frozen recipe,
experiments/confirmation/data/indefinite_noisy_820007.npz,3994500,361cbd5e5cb584425e960cda0c3ac11002fb5e3c620a32ee8e0281ae2ee1bba6,large generated raw array; regenerate from frozen recipe,
experiments/confirmation/data/indefinite_noisy_820007_access.npz,21537,440ab9d26d75505398efa5ddf241c8e676ed78e63c76c3317aa69f17d2584136,large generated raw array; regenerate from frozen recipe,
experiments/confirmation/data/indefinite_noisy_820008.npz,3994098,0b21793265f58f353a831ef3b548b928f1d1ff3412adfc1fbbf858fc1482b1c5,large generated raw array; regenerate from frozen recipe,
experiments/confirmation/data/indefinite_noisy_820008_access.npz,21441,68f2bfce0c5d8df10f92323f201d12fab07f4e94ba7a03481cf08a8e6ea83167,large generated raw array; regenerate from frozen recipe,
experiments/confirmation/data/indefinite_noisy_820009.npz,3994263,4474af8a0ca676a0597becbd3eda22ef51b058106f131418decc3cc7eb29a263,large generated raw array; regenerate from frozen recipe,
experiments/confirmation/data/indefinite_noisy_820009_access.npz,21628,baf7300b6c1f14ba7ba9f00dc50dc17dc1460e78f58cf12438abfe1bb100edd8,large generated raw array; regenerate from frozen recipe,
experiments/confirmation/data/indefinite_noisy_820010.npz,3994408,cb0e275f863c09ef3e720c842b0cbf4c3e8ce5b87c529e2c8b9120665643cfb0,large generated raw array; regenerate from frozen recipe,
experiments/confirmation/data/indefinite_noisy_820010_access.npz,21587,3b70cf7de842db3b1f1d529c3d9115baba1f0a36c8092ad8b13db12ffb1041f2,large generated raw array; regenerate from frozen recipe,
experiments/confirmation/data/indefinite_noisy_820011.npz,3994486,5eeb71f7c1e60c950abd1d7e0df8de5a1f9cc0592da83bad122f4f433788bcd3,large generated raw array; regenerate from frozen recipe,
experiments/confirmation/data/indefinite_noisy_820011_access.npz,21604,a1df2c25a9999444c07fb1bac53cdd8c8a18208833120365c69f3697d71423c2,large generated raw array; regenerate from frozen recipe,
experiments/confirmation/data/lowrank_noiseless_820000.npz,3992742,5835ce0821f820a87b9da5d58ea6aa5a9e7a3f0ce2273e4da72e5597e9b65665,large generated raw array; regenerate from frozen recipe,
experiments/confirmation/data/lowrank_noiseless_820000_access.npz,21716,0095b2f11b949aab9e52c01060430cd03242e38ceee45ad92a6d3ac9e9e90d52,large generated raw array; regenerate from frozen recipe,
experiments/confirmation/data/lowrank_noiseless_820001.npz,3992737,86160f966ce7d5e2f47142d54a55deacc7a55071336694fd1d3adab7ae25e239,large generated raw array; regenerate from frozen recipe,
experiments/confirmation/data/lowrank_noiseless_820001_access.npz,21576,a3739a3e8c06b29c5151fd68039dda133b2a7f1ca712d9c43cd1b09b40a2f154,large generated raw array; regenerate from frozen recipe,
experiments/confirmation/data/lowrank_noiseless_820002.npz,3992916,f4704fd509e6b98d313ca3afd03841e93d4311cfa9aa0c24c85c13eb32b01512,large generated raw array; regenerate from frozen recipe,
experiments/confirmation/data/lowrank_noiseless_820002_access.npz,21740,facab140024391612cc168fe06c1cbe058b9b659396dedb13cd4211b04a9d4d0,large generated raw array; regenerate from frozen recipe,
experiments/confirmation/data/lowrank_noiseless_820003.npz,3992813,904dbcc3e685407bfb22d0575feb49b4753e7923a178cd8c1524407a801b64ee,large generated raw array; regenerate from frozen recipe,
experiments/confirmation/data/lowrank_noiseless_820003_access.npz,21610,1b83f7bce4e142640c4225ef5c889e2162353fd5a7f1d0ba5a5a9c4c30c9cf60,large generated raw array; regenerate from frozen recipe,
experiments/confirmation/data/lowrank_noiseless_820004.npz,3992755,0a84cd40cccf59f34bb5fc4d5fe70bccb0c9b37df63f4375479076e3afd3b990,large generated raw array; regenerate from frozen recipe,
experiments/confirmation/data/lowrank_noiseless_820004_access.npz,21461,ac7c58f51e258074661a193fda8b5a3b7325b10a040d2ac2248fbcb52bc13b97,large generated raw array; regenerate from frozen recipe,
experiments/confirmation/data/lowrank_noiseless_820005.npz,3992556,ade69c32978c4e85feb1d3988fe8e2e6f83a8e3cbe7c134c80c178886a9f95a1,large generated raw array; regenerate from frozen recipe,
experiments/confirmation/data/lowrank_noiseless_820005_access.npz,21810,4e04ca1b0c96f6c542914566b5063970189ae4648e3daeaaab8fbf396d3bad5f,large generated raw array; regenerate from frozen recipe,
experiments/confirmation/data/lowrank_noiseless_820006.npz,3992968,2143897cc10f066e15a9332edf8e6aaae755ebcb9e96fc622403659309320ff0,large generated raw array; regenerate from frozen recipe,
experiments/confirmation/data/lowrank_noiseless_820006_access.npz,21609,95243acdb5b22e73a700ab96475ca28c0067bdd6e0b191455bbc62c056a3d274,large generated raw array; regenerate from frozen recipe,
experiments/confirmation/data/lowrank_noiseless_820007.npz,3992805,beb3f4f883899c74688a28ebb729c43cbb62c6f59e515ed6dba77184577d8161,large generated raw array; regenerate from frozen recipe,
experiments/confirmation/data/lowrank_noiseless_820007_access.npz,21410,1174be629dd5c89883f34a2a3169e7276833c671177967db7f85844df0da7462,large generated raw array; regenerate from frozen recipe,
experiments/confirmation/data/lowrank_noiseless_820008.npz,3992628,88ec58b694c91fccff34cb268495a5a195fdc7c6edc1705e6624561ba6380ee0,large generated raw array; regenerate from frozen recipe,
experiments/confirmation/data/lowrank_noiseless_820008_access.npz,21545,b361c4e2c9782f1961488e071596654637b5a14fd82751b898493902455a1e40,large generated raw array; regenerate from frozen recipe,
experiments/confirmation/data/lowrank_noiseless_820009.npz,3992732,0f5072eb19d31327090be0ae8abe4830441a60a5344b8cbcc3c2d3b86a3c2377,large generated raw array; regenerate from frozen recipe,
experiments/confirmation/data/lowrank_noiseless_820009_access.npz,22070,e75d8d79ca3fdfcdc6989f28266015def20e919b2eb2e9b9a2f51df1d73b7f5d,large generated raw array; regenerate from frozen recipe,
experiments/confirmation/data/lowrank_noiseless_820010.npz,3992814,250a750b9b1ab7fe3d678af30a32004ed32ca8e458d4c5b98db2290b1f2c79ad,large generated raw array; regenerate from frozen recipe,
experiments/confirmation/data/lowrank_noiseless_820010_access.npz,21368,7748e596c84a8215e8d8415df7d4631ba4c3e2b9fbf20b793f91895a7e054441,large generated raw array; regenerate from frozen recipe,
experiments/confirmation/data/lowrank_noiseless_820011.npz,3992726,a045695f514be4633c3d2ab3162e24cd34230b317bb760d3381bc04da19197a5,large generated raw array; regenerate from frozen recipe,
experiments/confirmation/data/lowrank_noiseless_820011_access.npz,21877,37fcd6cae107c6eea65d58eb0943cfd3452baa1459738b1d012d9f50370a7a27,large generated raw array; regenerate from frozen recipe,
experiments/confirmation/data/nonlinear_820000.npz,3992005,1441c47d8b5a10d20a467b6140f942a638d660b51aea32cc78e035f6de92f001,large generated raw array; regenerate from frozen recipe,
experiments/confirmation/data/nonlinear_820000_access.npz,21939,8d19b7ce00a02be2212f1ded7eb2050f6073b03acd8dae58ef664d35d77f20a9,large generated raw array; regenerate from frozen recipe,
experiments/confirmation/data/nonlinear_820001.npz,3991610,5fb0b3a586c6a79e3bda7f8bfc21a6cfafc34aa4e00d077c50ffadbb3f9ace84,large generated raw array; regenerate from frozen recipe,
experiments/confirmation/data/nonlinear_820001_access.npz,21465,9b162822656ffb12be5d219c12e187aed08a7925585847a25350923a41f3b19c,large generated raw array; regenerate from frozen recipe,
experiments/confirmation/data/nonlinear_820002.npz,3991540,405c54a437c18f719a7049480e4fbd44948af68803a73b565525c95c3b4754ab,large generated raw array; regenerate from frozen recipe,
experiments/confirmation/data/nonlinear_820002_access.npz,21452,dbcb89a6b5cc9d9c7479b0a9eb39b1b879b7c638b9a43db1f439e9ee7b251c90,large generated raw array; regenerate from frozen recipe,
experiments/confirmation/data/nonlinear_820003.npz,3991686,2d6324e87afe9e75ca4be02594f12c3c0412e875128f89c526f50ba7851a8f58,large generated raw array; regenerate from frozen recipe,
experiments/confirmation/data/nonlinear_820003_access.npz,21473,6b9a5628aadc7eb9f9402fe9e64f7e4d7c3740975033098e1df1072db1ce4413,large generated raw array; regenerate from frozen recipe,
experiments/confirmation/data/nonlinear_820004.npz,3991639,fd43298688140e663a2ebe8f5950b1a737d79a4c5bc57bc5f2fdddb33a940b41,large generated raw array; regenerate from frozen recipe,
experiments/confirmation/data/nonlinear_820004_access.npz,21895,5d07821da698311e90642ee0a9873ecb9d3ed3edf123b34cae09d5e1a9743344,large generated raw array; regenerate from frozen recipe,
experiments/confirmation/data/nonlinear_820005.npz,3991650,9ccdb103dd347c7ad5157867258d1133a359eaed5ba34ae3bfb4cb13ff7c8cb9,large generated raw array; regenerate from frozen recipe,
experiments/confirmation/data/nonlinear_820005_access.npz,21658,bc44ce284414720e8b83a2d2a961023e887afcce2cc761197e3899675f8cdfd0,large generated raw array; regenerate from frozen recipe,
experiments/confirmation/data/nonlinear_820006.npz,3991733,03c4282f85d58115e73fd9f1d082565ceda462457b67990f7a68bd47e0bdba56,large generated raw array; regenerate from frozen recipe,
experiments/confirmation/data/nonlinear_820006_access.npz,21343,a494e6ad90c2c05f3b82b9a4c887cf62487e74129acc58f7e7fddb9bedb6a04b,large generated raw array; regenerate from frozen recipe,
experiments/confirmation/data/nonlinear_820007.npz,3991628,44b57d5d7b132a9b6236cd73bab43ab0d7323cd05d314bc81a463e55400dcdc1,large generated raw array; regenerate from frozen recipe,
experiments/confirmation/data/nonlinear_820007_access.npz,21702,1cbe60388b2ece8c7f6f291496d19a409ae624a03e995f8bbe137aebcbc49d7f,large generated raw array; regenerate from frozen recipe,
experiments/confirmation/data/nonlinear_820008.npz,3991481,b06f0c8080c55da447eae8e96d967ae564fe1e22e28584902cb165d6b711c28a,large generated raw array; regenerate from frozen recipe,
experiments/confirmation/data/nonlinear_820008_access.npz,21421,dab1939c7c92d16ac81a0c2772862aadb677bfa1e7c9e711ac32f11548b30630,large generated raw array; regenerate from frozen recipe,
experiments/confirmation/data/nonlinear_820009.npz,3991354,ebce52e0a97a9e1ba444a219afc7e9f3f76150a9e8ff195ef7fe9ced1ee002b5,large generated raw array; regenerate from frozen recipe,
experiments/confirmation/data/nonlinear_820009_access.npz,21790,57fa7b2f72aff7e85d0bc8a817065c04d2a2d613595f53d39ed168ad513ed91f,large generated raw array; regenerate from frozen recipe,
experiments/confirmation/data/nonlinear_820010.npz,3991990,23b9dc1bbe238c964f8752b3a5e765438b533b462b7be27bb9a42c6e8b298ad0,large generated raw array; regenerate from frozen recipe,
experiments/confirmation/data/nonlinear_820010_access.npz,21375,3300f01d6cb8262050bf8f7ea72afcd6b3b8adbbb7bbeafa7c2b1908af7f372b,large generated raw array; regenerate from frozen recipe,
experiments/confirmation/data/nonlinear_820011.npz,3991628,6e2f03293008f5a8e46a2a18e9a6fb502fb7cd52a8ad945f9c89dccbddaef678,large generated raw array; regenerate from frozen recipe,
experiments/confirmation/data/nonlinear_820011_access.npz,21623,ef26d60bf46945a01e0ada0f9c1363991b4029511a8392f91f48c6e6650a8ef9,large generated raw array; regenerate from frozen recipe,
experiments/confirmation/data/null_820000.npz,3740816,f2926d4c5bb4f6a992727b9b30de214704ae10ab3891c8c802da1b6936888afd,large generated raw array; regenerate from frozen recipe,
experiments/confirmation/data/null_820000_access.npz,21787,a915326e57de0dcc9ae50fc7563075ac13367d6c196083360bf2322b35b3234d,large generated raw array; regenerate from frozen recipe,
experiments/confirmation/data/null_820001.npz,3740858,e7b791ff027d12ec48edd4e01fb2646086e561848d0ffffe904b54bc7a6166f6,large generated raw array; regenerate from frozen recipe,
experiments/confirmation/data/null_820001_access.npz,21955,32b80195e57f68a42b401fd8626eaa16a47e541222f4ef832ec30f6a0a1ed6bc,large generated raw array; regenerate from frozen recipe,
experiments/confirmation/data/null_820002.npz,3740806,79b2f9f3cb4861e9a335cc43d8d1b6304f139bbe7a23b9a8fff132e763c9050f,large generated raw array; regenerate from frozen recipe,
experiments/confirmation/data/null_820002_access.npz,21365,1ba793fb212248132e5affc8aedc09664657f84d4b7e8e5bed6f3b0c3f64f422,large generated raw array; regenerate from frozen recipe,
experiments/confirmation/data/null_820003.npz,3740950,ea1ae1a465d53626c804dc62ef13242916527bd6fe0fc0cbe4b77fb332a75fe0,large generated raw array; regenerate from frozen recipe,
experiments/confirmation/data/null_820003_access.npz,21663,0326db09ff176c527f342918a460ed8db3d445fd15304c33dac89e028c3b9a2c,large generated raw array; regenerate from frozen recipe,
experiments/confirmation/data/null_820004.npz,3740942,5c262fd1c041ac08b14e15eee349f0fde9102b5f042998381f85371f590453c7,large generated raw array; regenerate from frozen recipe,
experiments/confirmation/data/null_820004_access.npz,21549,d7120d0e139c4aacfb26f7ac4ed354df780dcdac3effb411d464bf2834a12430,large generated raw array; regenerate from frozen recipe,
experiments/confirmation/data/null_820005.npz,3741002,fc0efc93fabd447535ca32bad9325ddfdd5264f0dab6c4c72a925a2133b059f8,large generated raw array; regenerate from frozen recipe,
experiments/confirmation/data/null_820005_access.npz,21894,4a3a0b218eba792c970653e70d9bfb5679290f63457e874aab51591a1a95cf91,large generated raw array; regenerate from frozen recipe,
experiments/confirmation/data/null_820006.npz,3740893,ef3e298c1ff3648f80d3d6ae00bb9bfc8e7e0d34071a6f99211490f1dd9df59e,large generated raw array; regenerate from frozen recipe,
experiments/confirmation/data/null_820006_access.npz,21806,44d7b9eac487f41ff03f7b449f4c253e9123cddce41256a432a0424360787a63,large generated raw array; regenerate from frozen recipe,
experiments/confirmation/data/null_820007.npz,3741288,c6735ba1e014321fecdae820f97595947808fc29bfb62750b6024337d1d58a90,large generated raw array; regenerate from frozen recipe,
experiments/confirmation/data/null_820007_access.npz,21552,8990e28d317f0bb7eb3eb4e2cfa2a5a071e534cdc94d0c576f2d1dffeb654930,large generated raw array; regenerate from frozen recipe,
experiments/confirmation/data/null_820008.npz,3740718,37eb7a60aec535dad452fd7bf8660f9c476f96ef61ab02c22b444bb94644d9f3,large generated raw array; regenerate from frozen recipe,
experiments/confirmation/data/null_820008_access.npz,21648,a72466ac73be24e7c4e4e027d2fa7067ccb4bf1b6a22ca4bdece0035988531be,large generated raw array; regenerate from frozen recipe,
experiments/confirmation/data/null_820009.npz,3741006,4d17e75c2e3f1ae7a8504b348c7cc5a030fb9434fa81fa26b1ab9edac50d5d86,large generated raw array; regenerate from frozen recipe,
experiments/confirmation/data/null_820009_access.npz,21393,c695abafb0b555e64cec0b8afb80054793b818765288db8c58f71b0138f56820,large generated raw array; regenerate from frozen recipe,
experiments/confirmation/data/null_820010.npz,3740717,1aa20cbcf333d632e7f8b25c26fcf3a56fa875b3350cc957377c41ee47b3ab57,large generated raw array; regenerate from frozen recipe,
experiments/confirmation/data/null_820010_access.npz,21691,38b9d653aca7abfa95b9a99adeed790528e9f5900a085cd74d13375b45d537a3,large generated raw array; regenerate from frozen recipe,
experiments/confirmation/data/null_820011.npz,3740997,fe78ec1058427549979707fa97744ed079b15edfe6691755b54105837ad3559b,large generated raw array; regenerate from frozen recipe,
experiments/confirmation/data/null_820011_access.npz,21596,5f6cd9e7f9835c83baca5a2ee28b59641d3d1b031e5ff58059143fe315471b53,large generated raw array; regenerate from frozen recipe,
experiments/confirmation/results/indefinite_noisy_820000.json,2019391,a87c27f31b271e8c6a5c88ebc9ccaf1777cbc4e4f0698ddf7b4d166f51148e39,large generated per-event trajectory; compact endpoint/checkpoint evidence published,
experiments/confirmation/results/indefinite_noisy_820001.json,2019730,c304956e88254d5fb03d4fee175b733ed49bbb71cdea799e346ab5ef6debc7dd,large generated per-event trajectory; compact endpoint/checkpoint evidence published,
experiments/confirmation/results/indefinite_noisy_820002.json,2019521,8157b999fedfc28b45b803cacc69977c6aad06e0a130aefdb203b8573300dddb,large generated per-event trajectory; compact endpoint/checkpoint evidence published,
experiments/confirmation/results/indefinite_noisy_820003.json,2019456,3ed340b708d587e70f3a29da57ed5cb6685e8d940bc3d2a92b5191a3a457f9b7,large generated per-event trajectory; compact endpoint/checkpoint evidence published,
experiments/confirmation/results/indefinite_noisy_820004.json,2020595,9e0ccb43e64b55208d62ccdb62dc77a65d78d905323a962306af8be8a91c3785,large generated per-event trajectory; compact endpoint/checkpoint evidence published,
experiments/confirmation/results/indefinite_noisy_820005.json,2019792,b404ecef5225948d914851d220846c01bb05b32eb84bc6b1baf39c0bbd73b49f,large generated per-event trajectory; compact endpoint/checkpoint evidence published,
experiments/confirmation/results/indefinite_noisy_820006.json,2020404,c6717180309dee2c03a1cfc861e2970a851360a88e474ed113176ba80403bd51,large generated per-event trajectory; compact endpoint/checkpoint evidence published,
experiments/confirmation/results/indefinite_noisy_820007.json,2019571,4fca173ef2a27c8ff778998f48ed178cc9e1303dfe95bd932660f017005ba31a,large generated per-event trajectory; compact endpoint/checkpoint evidence published,
experiments/confirmation/results/indefinite_noisy_820008.json,2020062,8c1dcff3d6c77be06cae643b35b24643bd47440f5dc96f4abd2523d6dd98921d,large generated per-event trajectory; compact endpoint/checkpoint evidence published,
experiments/confirmation/results/indefinite_noisy_820009.json,2020456,ccd90c6c9d72fbc93416f165e53efb527a422bbb2a42842e53de0719830b590c,large generated per-event trajectory; compact endpoint/checkpoint evidence published,
experiments/confirmation/results/indefinite_noisy_820010.json,2020274,6f2cfdab7f03933a718adfc41aebd60af7a783fcb3616494ec5bfc5dbc522007,large generated per-event trajectory; compact endpoint/checkpoint evidence published,
experiments/confirmation/results/indefinite_noisy_820011.json,2019949,91f3f50cca97def7e6517400ba63bbc936104641ea91b0a220a41ad087c11139,large generated per-event trajectory; compact endpoint/checkpoint evidence published,
experiments/confirmation/results/lowrank_noiseless_820000.json,2024917,8437ecb6f2383bbf10037ef21f561fc6151e532b12c1bbb872f91d68af49d8a7,large generated per-event trajectory; compact endpoint/checkpoint evidence published,
experiments/confirmation/results/lowrank_noiseless_820001.json,2025693,81c1fba61682dffa018e976d7ac95f5504ffaeede9630855797a197b03e0ec35,large generated per-event trajectory; compact endpoint/checkpoint evidence published,
experiments/confirmation/results/lowrank_noiseless_820002.json,2025637,28f0355dc54afc725dfdfa9ff46e77db75232af1424a8bcad9b47b41c214aa36,large generated per-event trajectory; compact endpoint/checkpoint evidence published,
experiments/confirmation/results/lowrank_noiseless_820003.json,2025341,0080e575e771533d1b35acbac8d5e584ff5cedfbf83e9ced0dd7bef1db5457b7,large generated per-event trajectory; compact endpoint/checkpoint evidence published,
experiments/confirmation/results/lowrank_noiseless_820004.json,2025249,f24bcc46c4c31ec251d0fd16bed5cca54832634e86d4d12a56067f083d1bac10,large generated per-event trajectory; compact endpoint/checkpoint evidence published,
experiments/confirmation/results/lowrank_noiseless_820005.json,2026536,5986e858299c8553f89c9bd61d6e52209b2e2cd570bb645ec5317c75242fc7f5,large generated per-event trajectory; compact endpoint/checkpoint evidence published,
experiments/confirmation/results/lowrank_noiseless_820006.json,2025243,0849072de44091218818d560ffe3e735339b257cf29c75db334d2884b417fa46,large generated per-event trajectory; compact endpoint/checkpoint evidence published,
experiments/confirmation/results/lowrank_noiseless_820007.json,2024788,ab6b590f59b1f6f4a1f6e93000ab8fa6279c8523775fbd80a869fe3b6bf5f053,large generated per-event trajectory; compact endpoint/checkpoint evidence published,
experiments/confirmation/results/lowrank_noiseless_820008.json,2024308,d487faf37d6fab2a4ee85c03020e32aa04530dad50e8df5cf61df0d28e61b086,large generated per-event trajectory; compact endpoint/checkpoint evidence published,
experiments/confirmation/results/lowrank_noiseless_820009.json,2026548,967498ebaf413b97c780e6df02a47226da9d0dd1099a0b06fb42de44bd459cf6,large generated per-event trajectory; compact endpoint/checkpoint evidence published,
experiments/confirmation/results/lowrank_noiseless_820010.json,2024322,a86196f489477a71f31a0a4f81ccf0aaebffc9dd3e348e229a91d6e19af07439,large generated per-event trajectory; compact endpoint/checkpoint evidence published,
experiments/confirmation/results/lowrank_noiseless_820011.json,2024330,ef12c5f2d9f431a1892eb5ebaee7185dfc0c4a86e10c824aac85117ec3a3c814,large generated per-event trajectory; compact endpoint/checkpoint evidence published,
experiments/confirmation/results/nonlinear_820000.json,2009875,82aa53b93fd06ff1ea27354202ab2cfba466d8596ab2a0455575a6c006bd19b8,large generated per-event trajectory; compact endpoint/checkpoint evidence published,
experiments/confirmation/results/nonlinear_820001.json,2009310,a2fef84adbb8c2f900d8629faa5622045c027603a3e57e9ebb6c2a5430cd345e,large generated per-event trajectory; compact endpoint/checkpoint evidence published,
experiments/confirmation/results/nonlinear_820002.json,2011027,a80c2eee376d00804110c22fabdadbc24a6a602c3f9ffbcac8b650f747050680,large generated per-event trajectory; compact endpoint/checkpoint evidence published,
experiments/confirmation/results/nonlinear_820003.json,2009611,9aba17e878b0e59bbbf4013378ff2ee06891de1e3a2cb04984b2488d7e00e82c,large generated per-event trajectory; compact endpoint/checkpoint evidence published,
experiments/confirmation/results/nonlinear_820004.json,2009626,b3c0a913cd4a66b29f03bf894f5bbdfbac90eaed828df37f5e8c38e6a145f85c,large generated per-event trajectory; compact endpoint/checkpoint evidence published,
experiments/confirmation/results/nonlinear_820005.json,2010570,8df9f0581466c37e25c6f31abda3f6e883f861b41b523cb8f0eb912b4ef64591,large generated per-event trajectory; compact endpoint/checkpoint evidence published,
experiments/confirmation/results/nonlinear_820006.json,2010014,3b1dec05efbde55859c1761382abd725ccddfe68f175fcdace18f2e9c307a0dc,large generated per-event trajectory; compact endpoint/checkpoint evidence published,
experiments/confirmation/results/nonlinear_820007.json,2010491,4a4fe6dc544f3548e2ecc3f1e9f4d07d3283fc156992c8273a823b5447e1a9f8,large generated per-event trajectory; compact endpoint/checkpoint evidence published,
experiments/confirmation/results/nonlinear_820008.json,2009823,c97a2cc83a4a8cdbef4bce5c30b0398c9a03728674d33f48de0d9b23236b7b99,large generated per-event trajectory; compact endpoint/checkpoint evidence published,
experiments/confirmation/results/nonlinear_820009.json,2010070,de589bfa1439b7eb4a73c8ce6276be3b0dd5a4a00c94973a07db19acb741f5d2,large generated per-event trajectory; compact endpoint/checkpoint evidence published,
experiments/confirmation/results/nonlinear_820010.json,2009859,12e9b64d5b1cafc0411f8b1dce3e147f3f3f5fdaf70ece8d7e12dfcd8dcb62c1,large generated per-event trajectory; compact endpoint/checkpoint evidence published,
experiments/confirmation/results/nonlinear_820011.json,2010230,99a161c5de639416d3c269c6b1f22c594c9d7a94acd2e48c3254c32b1e60b94b,large generated per-event trajectory; compact endpoint/checkpoint evidence published,
experiments/confirmation/results/null_820000.json,2025886,406be5ed6eecc51cad656618dba401af73092076def389b3cc59d8dbefb0b0d2,large generated per-event trajectory; compact endpoint/checkpoint evidence published,
experiments/confirmation/results/null_820001.json,2026721,a442f5f233b7d92bd841d5a4746f77dd8bccb9dd9f63239d6eb21d4b67ca41f2,large generated per-event trajectory; compact endpoint/checkpoint evidence published,
experiments/confirmation/results/null_820002.json,2026050,6d9c3a4985be5e001edca0007dfec9c2b7f094816556f35eb7040b261d0248be,large generated per-event trajectory; compact endpoint/checkpoint evidence published,
experiments/confirmation/results/null_820003.json,2025653,a11029c2ba68ec8a61e69eb7367c312eadea2b0551a66561b42d6369fc602e0a,large generated per-event trajectory; compact endpoint/checkpoint evidence published,
experiments/confirmation/results/null_820004.json,2026827,c36c0b26d4e0c2eaec60149a2229b54a1cdefcbc78757c27e5445063475b1859,large generated per-event trajectory; compact endpoint/checkpoint evidence published,
experiments/confirmation/results/null_820005.json,2026719,e7679c4934da0a803b3697294efaf499fb86e2884971225f47a582b05673297a,large generated per-event trajectory; compact endpoint/checkpoint evidence published,
experiments/confirmation/results/null_820006.json,2026588,608b02fd80ac54333f13636228802e22e86185ce1a52a9db9a30992558504cda,large generated per-event trajectory; compact endpoint/checkpoint evidence published,
experiments/confirmation/results/null_820007.json,2026398,f372c8fae5295310ededec8cff7587296e16de9ad423f2824d6c892cad727c86,large generated per-event trajectory; compact endpoint/checkpoint evidence published,
experiments/confirmation/results/null_820008.json,2026369,36d829edaf8eb28e5fcd65c50c537c2ec876a272dac5e144ac5a1b137ecce602,large generated per-event trajectory; compact endpoint/checkpoint evidence published,
experiments/confirmation/results/null_820009.json,2025739,cb6ae15f5d854d63cee19ff06c06b964aa0124d0455598ea8e6cb1c8a6edcd7b,large generated per-event trajectory; compact endpoint/checkpoint evidence published,
experiments/confirmation/results/null_820010.json,2026166,fbec2c85f1f6d5b691f34193a5f03e81b0c00038e54e0e93ee635d344482712d,large generated per-event trajectory; compact endpoint/checkpoint evidence published,
experiments/confirmation/results/null_820011.json,2025681,6b048acd80d724ab117f58734efd79da24a762fcc39c7dacfc0f2f11d829a20e,large generated per-event trajectory; compact endpoint/checkpoint evidence published,
experiments/confirmation_run.log,25088,14a7b740f53f7a2ca0076db759b0584e3f37799cf834e4f381dc440c5528b760,build/log/cache or third-party source extraction,
experiments/development/data/lowrank_noiseless_810000.npz,3992812,b08dd5efd426361c5732561620db898a1617a1eca1ddeee075d53b13b5dd0047,large generated raw array; regenerate from frozen recipe,
experiments/development/data/lowrank_noiseless_810000_access.npz,21424,654773037a3604487be513bbcdaade00f33cca9ab114ef86e155a3f44c147fd7,large generated raw array; regenerate from frozen recipe,
experiments/development/data/lowrank_noiseless_810001.npz,3992807,0141972bf58ff7e7ee6e8f67d6b93cd8843e2b1b30f31c0f86f6f9eac0817994,large generated raw array; regenerate from frozen recipe,
experiments/development/data/lowrank_noiseless_810001_access.npz,21768,fcf9f2df52b72c048e6c0890b314ebbb7ec89589402ff2f470d98950363cb2e8,large generated raw array; regenerate from frozen recipe,
experiments/development/data/lowrank_noiseless_810002.npz,3992696,68cd6f86bff66bfb2d1fa0b3646e69d7a2615efab78fdd46c18ce7c2585bf4ba,large generated raw array; regenerate from frozen recipe,
experiments/development/data/lowrank_noiseless_810002_access.npz,21866,f0272035a16c567f7257fb7ad94607ffada1b6619c3e0885187de0d71bead16e,large generated raw array; regenerate from frozen recipe,
experiments/development/data/lowrank_noiseless_810003.npz,3992768,838828bd6e69e96bcf53be350d079c7ca94b216c4de9cbb1eb998812953ffe6c,large generated raw array; regenerate from frozen recipe,
experiments/development/data/lowrank_noiseless_810003_access.npz,21783,5ce9c35c2959f193794248fe8a88137cf112bc8e7ff9914c06421a536858d494,large generated raw array; regenerate from frozen recipe,
experiments/development/data/nonlinear_810000.npz,3991570,79a1c86778d799d292c15e4f33f42fc8c85d2ee1120fe3322d1c33cb24e22261,large generated raw array; regenerate from frozen recipe,
experiments/development/data/nonlinear_810000_access.npz,21808,9173c208f7936eb38c1fe498a9e0e94e0296e92936d823918e41213c3d3c5412,large generated raw array; regenerate from frozen recipe,
experiments/development/data/nonlinear_810001.npz,3991587,a843486f9b860f284a13880c9644233033a03a730f5e015bbd82637f59c72fee,large generated raw array; regenerate from frozen recipe,
experiments/development/data/nonlinear_810001_access.npz,21788,09e3169801f32c62459f7b381244e0f278ec970a8f5fe183d1456f9ab068ecdb,large generated raw array; regenerate from frozen recipe,
experiments/development/data/nonlinear_810002.npz,3991648,37f008b1553da2311b4495fb8460b1bd478d0889c5871e488bb199f604c531c3,large generated raw array; regenerate from frozen recipe,
experiments/development/data/nonlinear_810002_access.npz,21791,121e64f00dfd3cb83c12b25b053469a963b9c8d8abec4fa7505d564b1703080c,large generated raw array; regenerate from frozen recipe,
experiments/development/data/nonlinear_810003.npz,3991714,4131a3782e54ef41b3fd19d688100ec3501845c5b97fed837e25b0af60f6e6e4,large generated raw array; regenerate from frozen recipe,
experiments/development/data/nonlinear_810003_access.npz,21650,a64828115b78ce01f72939fc040f485243b5ff6559cda6d6a0bcd0993fa3c099,large generated raw array; regenerate from frozen recipe,
experiments/development_retry/data/lowrank_noiseless_810000.npz,3992812,b08dd5efd426361c5732561620db898a1617a1eca1ddeee075d53b13b5dd0047,large generated raw array; regenerate from frozen recipe,experiments/development/data/lowrank_noiseless_810000.npz
experiments/development_retry/data/lowrank_noiseless_810000_access.npz,21424,654773037a3604487be513bbcdaade00f33cca9ab114ef86e155a3f44c147fd7,large generated raw array; regenerate from frozen recipe,experiments/development/data/lowrank_noiseless_810000_access.npz
experiments/development_retry/data/lowrank_noiseless_810001.npz,3992807,0141972bf58ff7e7ee6e8f67d6b93cd8843e2b1b30f31c0f86f6f9eac0817994,large generated raw array; regenerate from frozen recipe,experiments/development/data/lowrank_noiseless_810001.npz
experiments/development_retry/data/lowrank_noiseless_810001_access.npz,21768,fcf9f2df52b72c048e6c0890b314ebbb7ec89589402ff2f470d98950363cb2e8,large generated raw array; regenerate from frozen recipe,experiments/development/data/lowrank_noiseless_810001_access.npz
experiments/development_retry/data/lowrank_noiseless_810002.npz,3992696,68cd6f86bff66bfb2d1fa0b3646e69d7a2615efab78fdd46c18ce7c2585bf4ba,large generated raw array; regenerate from frozen recipe,experiments/development/data/lowrank_noiseless_810002.npz
experiments/development_retry/data/lowrank_noiseless_810002_access.npz,21866,f0272035a16c567f7257fb7ad94607ffada1b6619c3e0885187de0d71bead16e,large generated raw array; regenerate from frozen recipe,experiments/development/data/lowrank_noiseless_810002_access.npz
experiments/development_retry/data/lowrank_noiseless_810003.npz,3992768,838828bd6e69e96bcf53be350d079c7ca94b216c4de9cbb1eb998812953ffe6c,large generated raw array; regenerate from frozen recipe,experiments/development/data/lowrank_noiseless_810003.npz
experiments/development_retry/data/lowrank_noiseless_810003_access.npz,21783,5ce9c35c2959f193794248fe8a88137cf112bc8e7ff9914c06421a536858d494,large generated raw array; regenerate from frozen recipe,experiments/development/data/lowrank_noiseless_810003_access.npz
experiments/development_retry/data/nonlinear_810000.npz,3991570,79a1c86778d799d292c15e4f33f42fc8c85d2ee1120fe3322d1c33cb24e22261,large generated raw array; regenerate from frozen recipe,experiments/development/data/nonlinear_810000.npz
experiments/development_retry/data/nonlinear_810000_access.npz,21808,9173c208f7936eb38c1fe498a9e0e94e0296e92936d823918e41213c3d3c5412,large generated raw array; regenerate from frozen recipe,experiments/development/data/nonlinear_810000_access.npz
experiments/development_retry/data/nonlinear_810001.npz,3991587,a843486f9b860f284a13880c9644233033a03a730f5e015bbd82637f59c72fee,large generated raw array; regenerate from frozen recipe,experiments/development/data/nonlinear_810001.npz
experiments/development_retry/data/nonlinear_810001_access.npz,21788,09e3169801f32c62459f7b381244e0f278ec970a8f5fe183d1456f9ab068ecdb,large generated raw array; regenerate from frozen recipe,experiments/development/data/nonlinear_810001_access.npz
experiments/development_retry/data/nonlinear_810002.npz,3991648,37f008b1553da2311b4495fb8460b1bd478d0889c5871e488bb199f604c531c3,large generated raw array; regenerate from frozen recipe,experiments/development/data/nonlinear_810002.npz
experiments/development_retry/data/nonlinear_810002_access.npz,21791,121e64f00dfd3cb83c12b25b053469a963b9c8d8abec4fa7505d564b1703080c,large generated raw array; regenerate from frozen recipe,experiments/development/data/nonlinear_810002_access.npz
experiments/development_retry/data/nonlinear_810003.npz,3991714,4131a3782e54ef41b3fd19d688100ec3501845c5b97fed837e25b0af60f6e6e4,large generated raw array; regenerate from frozen recipe,experiments/development/data/nonlinear_810003.npz
experiments/development_retry/data/nonlinear_810003_access.npz,21650,a64828115b78ce01f72939fc040f485243b5ff6559cda6d6a0bcd0993fa3c099,large generated raw array; regenerate from frozen recipe,experiments/development/data/nonlinear_810003_access.npz
experiments/development_retry/results/lowrank_noiseless_810000.json,2021444,c685965b902cc4e3aee126271f0c5ac376f60609e047328d539aab6d98c2e6da,large generated per-event trajectory; compact endpoint/checkpoint evidence published,
experiments/development_retry/results/lowrank_noiseless_810001.json,2021959,ebe5866ba600e898960fd048f0edeafafcc7a5ae2992773890c268ad126fafb7,large generated per-event trajectory; compact endpoint/checkpoint evidence published,
experiments/development_retry/results/lowrank_noiseless_810002.json,2021472,7a24800f57c371aaeff1a572a469035d7d4a1ea5f4d1bf96f67d044e13be894f,large generated per-event trajectory; compact endpoint/checkpoint evidence published,
experiments/development_retry/results/lowrank_noiseless_810003.json,2021625,b0e15c34d791a1ea0887ae6c390416d894b8a9df3c4db7f526af92577addd2df,large generated per-event trajectory; compact endpoint/checkpoint evidence published,
experiments/development_retry/results/nonlinear_810000.json,2006800,1b2e53520e9c2841f3f51e0ab57a4fc485c4cebcc7e7a9ff8550f04c377392e7,large generated per-event trajectory; compact endpoint/checkpoint evidence published,
experiments/development_retry/results/nonlinear_810001.json,2006746,c83bed4a2e4a2320d471adb69d271f325824237cd2a9a75bf4c5321a3691bff3,large generated per-event trajectory; compact endpoint/checkpoint evidence published,
experiments/development_retry/results/nonlinear_810002.json,2007055,2767728b766cef53a653811a300f215022341f4a475dc9bd5930defb187b19e1,large generated per-event trajectory; compact endpoint/checkpoint evidence published,
experiments/development_retry/results/nonlinear_810003.json,2007122,b81873f0aead3d0fc5c76a43d528f95fc875c641cc35030e33a50f01d8acd048,large generated per-event trajectory; compact endpoint/checkpoint evidence published,
experiments/fullbatch_confirmation/data/indefinite_noisy_850000.npz,3994287,6a75231d0afe70dca90dd2ecdf05dac0b20fb780c59819597d9b5768f33457a4,large generated raw array; regenerate from frozen recipe,
experiments/fullbatch_confirmation/data/indefinite_noisy_850000_access.npz,11091,c74a9b39d592d25a3c6672f440d144e2d8e0dd91014a0ceafcfbb6fdf51f9871,large generated raw array; regenerate from frozen recipe,
experiments/fullbatch_confirmation/data/indefinite_noisy_850001.npz,3994216,d4969b6d29528bd98571566bf017e98e74e08f60fc6af9830ddac8d39e925e38,large generated raw array; regenerate from frozen recipe,
experiments/fullbatch_confirmation/data/indefinite_noisy_850001_access.npz,10865,08ed5328fd74b652dad1571418ea95fb983fbf7a75f3df8a4eabb7992d314623,large generated raw array; regenerate from frozen recipe,
experiments/fullbatch_confirmation/data/indefinite_noisy_850002.npz,3994165,8edd864858761a027f1b8aa3a24d42d155f5c0433888a6224e6d25bd86f0d2b3,large generated raw array; regenerate from frozen recipe,
experiments/fullbatch_confirmation/data/indefinite_noisy_850002_access.npz,10972,64b2e58734e52152ef94a94a562b6059d993bca2e8e1e68ac694c588b0df8ba2,large generated raw array; regenerate from frozen recipe,
experiments/fullbatch_confirmation/data/indefinite_noisy_850003.npz,3994468,61ace98a14df67d144bf3d9e2c75c999180e10cf5d330f7b94faa09e599b6a6c,large generated raw array; regenerate from frozen recipe,
experiments/fullbatch_confirmation/data/indefinite_noisy_850003_access.npz,10925,251916112cfe1915390ce29ef8a56f6fa7a114ff04fa1a01c917af8609757501,large generated raw array; regenerate from frozen recipe,
experiments/fullbatch_confirmation/data/indefinite_noisy_850004.npz,3994400,e1b48b49997ab1493e6670a3e9d5eff7cbf4b89f94ddd5df13f50354f0fbf389,large generated raw array; regenerate from frozen recipe,
experiments/fullbatch_confirmation/data/indefinite_noisy_850004_access.npz,11028,d3aacfc735684c6e6da4801282a2c8a1f765c60549434dda2676fe772fb56ccf,large generated raw array; regenerate from frozen recipe,
experiments/fullbatch_confirmation/data/indefinite_noisy_850005.npz,3994248,44c59a101ace1a7f687d753b1e12f0ead831ad109dd575e5dbe3778a0c6a8cd3,large generated raw array; regenerate from frozen recipe,
experiments/fullbatch_confirmation/data/indefinite_noisy_850005_access.npz,10928,7c866e8322a6900be4411f187f19e70f3ef759b40d6581314d8e8ecc2d79dce6,large generated raw array; regenerate from frozen recipe,
experiments/fullbatch_confirmation/data/indefinite_noisy_850006.npz,3994185,2c47b544907f7ea804853cc8ef7e86257611afdf6f3c6bbe0bc2489ab4cf4c61,large generated raw array; regenerate from frozen recipe,
experiments/fullbatch_confirmation/data/indefinite_noisy_850006_access.npz,11021,f63b89f9e642bc032393058b9abff53fca53de1fd34e4c2c37e4c92c27691b55,large generated raw array; regenerate from frozen recipe,
experiments/fullbatch_confirmation/data/indefinite_noisy_850007.npz,3994200,9f945d70e754f8624f82c10368ad05e4c1d8a0febd2cd5b1a26c7f1cf4ee317d,large generated raw array; regenerate from frozen recipe,
experiments/fullbatch_confirmation/data/indefinite_noisy_850007_access.npz,11064,41bfd8f94a87d635d53995b042da937c1f1ab34b09c5e6cc314ddfaf00481c73,large generated raw array; regenerate from frozen recipe,
experiments/fullbatch_confirmation/data/indefinite_noisy_850008.npz,3994248,78a79c4fd44882c1189ebd030d67874ffdf2074f4741e3ac0d5ea964660da2b5,large generated raw array; regenerate from frozen recipe,
experiments/fullbatch_confirmation/data/indefinite_noisy_850008_access.npz,10855,6518514c8ec7d231a0473e3bd141c581e667cc72132ac6ddc5aa700e73c412f0,large generated raw array; regenerate from frozen recipe,
experiments/fullbatch_confirmation/data/indefinite_noisy_850009.npz,3994096,d2a2ef9875f50d8f6826f86ab55eb297c787b6cb2349dab22d5835eb99aa32ac,large generated raw array; regenerate from frozen recipe,
experiments/fullbatch_confirmation/data/indefinite_noisy_850009_access.npz,10918,35c6b3029c605c9dd7f410f0e0d732355a74e56abb2282561b58e67d2dd9d80e,large generated raw array; regenerate from frozen recipe,
experiments/fullbatch_confirmation/data/indefinite_noisy_850010.npz,3994197,a187538efcdcc4c9fafcc754c24acaf4bc7685a8a3fcfa90ad5f2c7ed0e69f91,large generated raw array; regenerate from frozen recipe,
experiments/fullbatch_confirmation/data/indefinite_noisy_850010_access.npz,11010,52c23598be37b4ff11f0d9f865fb2ed9f950e100b7847494e9db0f6463c7dc3b,large generated raw array; regenerate from frozen recipe,
experiments/fullbatch_confirmation/data/indefinite_noisy_850011.npz,3994460,1f85372036f61f82cb807dac14145a0c56bd2c3ccd1d666ff5080fe6a947b1a5,large generated raw array; regenerate from frozen recipe,
experiments/fullbatch_confirmation/data/indefinite_noisy_850011_access.npz,11105,f5c7aadcb590406bb1aee5f0b652cd67c25939d8c8f1fc092116fb302dd78519,large generated raw array; regenerate from frozen recipe,
experiments/fullbatch_confirmation/data/lowrank_noiseless_850000.npz,3993072,b29777afa43db0b4b416d3ddb21e36d020fb145ee66aaa314672a75cfa72a2c2,large generated raw array; regenerate from frozen recipe,
experiments/fullbatch_confirmation/data/lowrank_noiseless_850000_access.npz,10960,ff7fb00d6c85a034460b79afc9b813924276fa33304593fbb66f58842760744f,large generated raw array; regenerate from frozen recipe,
experiments/fullbatch_confirmation/data/lowrank_noiseless_850001.npz,3992795,d19e02ac4ea3251c41296cf4ecf6dbdb21176d0d46bd067ed7939654d6ed95df,large generated raw array; regenerate from frozen recipe,
experiments/fullbatch_confirmation/data/lowrank_noiseless_850001_access.npz,10832,3e6771df1d31b4208510af17b7dd1f7b2b0a6b006817dd72e09ef8a891c309b0,large generated raw array; regenerate from frozen recipe,
experiments/fullbatch_confirmation/data/lowrank_noiseless_850002.npz,3993045,46c13e5e93602918478be66a1ec185d7dc785a34bbd492b4de264ff67c8040c3,large generated raw array; regenerate from frozen recipe,
experiments/fullbatch_confirmation/data/lowrank_noiseless_850002_access.npz,10925,64c2e3d1406fecda1d37f1f3dd6e3e8a08ec5df44cfcbf00b6d0e3381ad26e3e,large generated raw array; regenerate from frozen recipe,
experiments/fullbatch_confirmation/data/lowrank_noiseless_850003.npz,3992631,c5e7d41ef1c41d7ae15c7ced7c6ba2425891d9d3e48e9f43f43b3fc3ddd31d73,large generated raw array; regenerate from frozen recipe,
experiments/fullbatch_confirmation/data/lowrank_noiseless_850003_access.npz,10929,f024bedc13f9c58ca0ed849714f5ba0036a1a114c77091e91c4cee42b6a6822a,large generated raw array; regenerate from frozen recipe,
experiments/fullbatch_confirmation/data/lowrank_noiseless_850004.npz,3992724,6f86775e707057296a3f23662ea72a7c2c6a3ea4800c4d45d3ccc7fabd0b72ac,large generated raw array; regenerate from frozen recipe,
experiments/fullbatch_confirmation/data/lowrank_noiseless_850004_access.npz,10833,6576487518b3623bda6b55a8c9da9129da0e2d2ff8496228ebb44b5c988a815c,large generated raw array; regenerate from frozen recipe,
experiments/fullbatch_confirmation/data/lowrank_noiseless_850005.npz,3992949,5f94d7d07c72e7eb5efba71d55f46cf243f5b1f3503fb279772fe6fde94c0a80,large generated raw array; regenerate from frozen recipe,
experiments/fullbatch_confirmation/data/lowrank_noiseless_850005_access.npz,10905,90b36e745e2e243be1b2f0bc9f30faf7017aafe7ff611faa20d42085dd0672ce,large generated raw array; regenerate from frozen recipe,
experiments/fullbatch_confirmation/data/lowrank_noiseless_850006.npz,3992991,a2897bb189ab0f39e233740f7317fc9b4338b18522b9bbcd0c0a37fc84914fbf,large generated raw array; regenerate from frozen recipe,
experiments/fullbatch_confirmation/data/lowrank_noiseless_850006_access.npz,11045,dba9a6aebc0057147d7ca5acaef98dc7f57cdbedeedb70beb1663ad999489772,large generated raw array; regenerate from frozen recipe,
experiments/fullbatch_confirmation/data/lowrank_noiseless_850007.npz,3992728,c8e6e4a77ac1a22c5d0b9a75981990a272d7905dc90b7e9651b7ac35c82162e1,large generated raw array; regenerate from frozen recipe,
experiments/fullbatch_confirmation/data/lowrank_noiseless_850007_access.npz,10935,d52d732649615910070e73b46374f4bee51d1f987e295c4f2be1cf5a76df9988,large generated raw array; regenerate from frozen recipe,
experiments/fullbatch_confirmation/data/lowrank_noiseless_850008.npz,3992845,25d0d608f571b6fca97ab2bbeebb13c3fb61e048db96f83a07d617049e598d1b,large generated raw array; regenerate from frozen recipe,
experiments/fullbatch_confirmation/data/lowrank_noiseless_850008_access.npz,10976,935bd0a608805846c3859d9e430e977b2256c5deea56eeae55440d084f6a4dd8,large generated raw array; regenerate from frozen recipe,
experiments/fullbatch_confirmation/data/lowrank_noiseless_850009.npz,3992861,04aa271078109f752b601917d6ade956e153ed94d2f35651beae934b2e6de916,large generated raw array; regenerate from frozen recipe,
experiments/fullbatch_confirmation/data/lowrank_noiseless_850009_access.npz,10973,0cebde7c1414caf6b8d54722d3967f752853639f83b07b346ce44db2f47e0f12,large generated raw array; regenerate from frozen recipe,
experiments/fullbatch_confirmation/data/lowrank_noiseless_850010.npz,3992670,f0711e4253a8e86edada975f5333f1bcefad8808eff9cb7dc112f02c89432d0b,large generated raw array; regenerate from frozen recipe,
experiments/fullbatch_confirmation/data/lowrank_noiseless_850010_access.npz,11110,68c318bdaa3ac224af016da3e63757a97734d8d79a8ab09df0881e9ee4b45365,large generated raw array; regenerate from frozen recipe,
experiments/fullbatch_confirmation/data/lowrank_noiseless_850011.npz,3992785,6b77710a75bddec0aa467b32dfb760293440ac789892dfb57919af2655d74884,large generated raw array; regenerate from frozen recipe,
experiments/fullbatch_confirmation/data/lowrank_noiseless_850011_access.npz,11044,5c33d0e848c079bb40838aea9df9462d7ffb7b17738dc57a2ed7ec23f5b4f102,large generated raw array; regenerate from frozen recipe,
experiments/fullbatch_confirmation/data/nonlinear_850000.npz,3991527,ac2decee95ad5b1a525c21e085a1f1a7c3ebec235a691f4df221206888287f43,large generated raw array; regenerate from frozen recipe,
experiments/fullbatch_confirmation/data/nonlinear_850000_access.npz,11051,3fcfbe857209dc6efcc50e4c8ca546db219ea2222a3627c4a235c70b3bf72f3f,large generated raw array; regenerate from frozen recipe,
experiments/fullbatch_confirmation/data/nonlinear_850001.npz,3991677,962d69cac145ad1183d006617227d172af553dc533fba25e2c7f8069b4481e85,large generated raw array; regenerate from frozen recipe,
experiments/fullbatch_confirmation/data/nonlinear_850001_access.npz,11037,45302c240d44bf17c4be6d230eb77529af59b15ffd5c85708f02297ae8101f7c,large generated raw array; regenerate from frozen recipe,
experiments/fullbatch_confirmation/data/nonlinear_850002.npz,3991622,97b1bcdb61b65f552d6a1b81421738254d0d1a587dd438a052ddbf4e8c95a938,large generated raw array; regenerate from frozen recipe,
experiments/fullbatch_confirmation/data/nonlinear_850002_access.npz,11004,c914a8b4a43857e723bb3bf0a20e4301e03d3c3544c823ae70a0a02815f18350,large generated raw array; regenerate from frozen recipe,
experiments/fullbatch_confirmation/data/nonlinear_850003.npz,3991608,0fd00cf689bebf3696af9c3325e0cc117f3d82e1d511f02b2bf33b5608702e45,large generated raw array; regenerate from frozen recipe,
experiments/fullbatch_confirmation/data/nonlinear_850003_access.npz,11018,301e7b377d803ea05325e594b85e90bc51573e9e98d8b5e7cd811d94d59f4219,large generated raw array; regenerate from frozen recipe,
experiments/fullbatch_confirmation/data/nonlinear_850004.npz,3991719,dd9c89cf6508dd72709665680bc8e3408c5a6ba1e9b8a137a6bd4a39c9164702,large generated raw array; regenerate from frozen recipe,
experiments/fullbatch_confirmation/data/nonlinear_850004_access.npz,10901,9913cc21c5ce3db506c2fbc685342d0dbbc4dba2b0cc6bc61ff044c305edc2ce,large generated raw array; regenerate from frozen recipe,
experiments/fullbatch_confirmation/data/nonlinear_850005.npz,3991392,89be86916dcb1197d9cffcbf9fe6e95f2c2be61ceeb5b0125c81e565609f7171,large generated raw array; regenerate from frozen recipe,
experiments/fullbatch_confirmation/data/nonlinear_850005_access.npz,10932,38c0bb1b98233fa95460fa8af42d376fcf31e0ee6c0e575704110d2d3fc3d524,large generated raw array; regenerate from frozen recipe,
experiments/fullbatch_confirmation/data/nonlinear_850006.npz,3991279,4692bffea99686de4a3b1974692a3562a859f1838fce29397c4219539ae58bf2,large generated raw array; regenerate from frozen recipe,
experiments/fullbatch_confirmation/data/nonlinear_850006_access.npz,10951,9c6916378ad4d3b6d194820a8ab056c86465439077f254478480c18ac6a9d9b6,large generated raw array; regenerate from frozen recipe,
experiments/fullbatch_confirmation/data/nonlinear_850007.npz,3991547,30937364298cd177eda9c89f9fbd12fcf0f0cfea7c04a4adbbb06926fb70585a,large generated raw array; regenerate from frozen recipe,
experiments/fullbatch_confirmation/data/nonlinear_850007_access.npz,10999,4586730e04433cd3ddf83eb59e63b3e56646fc9c53f671005b5bff694cafca42,large generated raw array; regenerate from frozen recipe,
experiments/fullbatch_confirmation/data/nonlinear_850008.npz,3991281,07107a67aceb7ffb39084584feca8076456fa61aea6e8d798cf424c46060b79d,large generated raw array; regenerate from frozen recipe,
experiments/fullbatch_confirmation/data/nonlinear_850008_access.npz,11067,23fcbe3162f847859857819287003d32171c8849b9c174c6b5a2cdb0d0ac48dc,large generated raw array; regenerate from frozen recipe,
experiments/fullbatch_confirmation/data/nonlinear_850009.npz,3991394,7acdd3d21c010bfd93ad0bea87dcccef01d42f15620e6c2d2e395ac87493a88f,large generated raw array; regenerate from frozen recipe,
experiments/fullbatch_confirmation/data/nonlinear_850009_access.npz,10998,7dbb29b078e95e2c64ae43d4a7865102be9232ccab04ca5c9b7e35901f23f2be,large generated raw array; regenerate from frozen recipe,
experiments/fullbatch_confirmation/data/nonlinear_850010.npz,3991541,c05b96e56a9a40568ad69456274b97969ca4bc0ffbb499bedf5a46008cd02a9c,large generated raw array; regenerate from frozen recipe,
experiments/fullbatch_confirmation/data/nonlinear_850010_access.npz,11019,76dbefeda483f5e1d28c6451cc7da96bd8b97c82cc6127d8a5c3de311e70f5fd,large generated raw array; regenerate from frozen recipe,
experiments/fullbatch_confirmation/data/nonlinear_850011.npz,3991578,7c6ec63d9434224d884655b2c2aa7a7bf96a66e58d3eff2d06300c3a429e615e,large generated raw array; regenerate from frozen recipe,
experiments/fullbatch_confirmation/data/nonlinear_850011_access.npz,10997,1bc5529b81b76b15fa0baa1c9e6501883db3c589fe7c208dc643c510d9a6d040,large generated raw array; regenerate from frozen recipe,
experiments/fullbatch_confirmation/data/null_850000.npz,3741039,cd4046f3af7c3a36298815bb33a243a1c365ecf0e7ab3bedff5ee94b5f9c9411,large generated raw array; regenerate from frozen recipe,
experiments/fullbatch_confirmation/data/null_850000_access.npz,11019,bf8ec6877d34150939d2df478c8b7eabbe37da80f6178d4c36725e4577077118,large generated raw array; regenerate from frozen recipe,
experiments/fullbatch_confirmation/data/null_850001.npz,3740793,b78e0fe30c3ac5aa8e59a25134ed25c3a7aa52833f7493c17656eb57fd6a979f,large generated raw array; regenerate from frozen recipe,
experiments/fullbatch_confirmation/data/null_850001_access.npz,11133,37232e269191cd7abaf7416caca76d87256ecce2802bf4bd6207e0168313bcd1,large generated raw array; regenerate from frozen recipe,
experiments/fullbatch_confirmation/data/null_850002.npz,3741172,b39941de25456d298e610355f20be971f9f7f44148f09b9a91ff0ce01a6369dd,large generated raw array; regenerate from frozen recipe,
experiments/fullbatch_confirmation/data/null_850002_access.npz,10967,278de0a4077d7cab34d7e9159904bf9dd122fab318efdb6c8bb54cde8cb4db1e,large generated raw array; regenerate from frozen recipe,
experiments/fullbatch_confirmation/data/null_850003.npz,3740981,8ff5eb83925b1fb253e6c156be603b596ec221f20d5be037a882eb2f02b5875b,large generated raw array; regenerate from frozen recipe,
experiments/fullbatch_confirmation/data/null_850003_access.npz,10965,40505966e096eda2bb27a2848dfdd493a1dd1cd5920f3cc2c4b58cf0990f0da0,large generated raw array; regenerate from frozen recipe,
experiments/fullbatch_confirmation/data/null_850004.npz,3740964,6f9fa211d5ea64f7748d9ffc5af415d27f44109e0997375a730c01bfb89dbe6e,large generated raw array; regenerate from frozen recipe,
experiments/fullbatch_confirmation/data/null_850004_access.npz,10985,e0ee7bc49c7fd88356045e34764228756077b696d45bf9e820216b49ec249a52,large generated raw array; regenerate from frozen recipe,
experiments/fullbatch_confirmation/data/null_850005.npz,3740835,5f9e80ae8cb1a7505923acb8ff22904fc4f6fe5b2d4376a573449366f518d03e,large generated raw array; regenerate from frozen recipe,
experiments/fullbatch_confirmation/data/null_850005_access.npz,10955,08f53e812f91b8dab8a0bc187587e0ffc94d6c5b9024af285bbb797d8f39ee00,large generated raw array; regenerate from frozen recipe,
experiments/fullbatch_confirmation/data/null_850006.npz,3740956,59250f848c2075825ea0c72dc21c3bc1cbed964868e1fbf85cf61d6ec32a1c64,large generated raw array; regenerate from frozen recipe,
experiments/fullbatch_confirmation/data/null_850006_access.npz,10851,79a4ffa33941ef9d08d9d6aa67fb30bbd224f22505a5cbc7189eb6c3e86418af,large generated raw array; regenerate from frozen recipe,
experiments/fullbatch_confirmation/data/null_850007.npz,3740835,fbee42002a86f7b5984b53174cd235280face27a21ef3a8ba65b84939e83cf2a,large generated raw array; regenerate from frozen recipe,
experiments/fullbatch_confirmation/data/null_850007_access.npz,11056,865b4550576f1a048f52fea7c69030ad202c95b7a9144cd31f5267e5fdf7c1ec,large generated raw array; regenerate from frozen recipe,
experiments/fullbatch_confirmation/data/null_850008.npz,3740760,c7b335d98d52b820a7fc5488cf6ca0cacb0c64e70e77493d943e510c7d6e5b20,large generated raw array; regenerate from frozen recipe,
experiments/fullbatch_confirmation/data/null_850008_access.npz,11014,a67d307f1f5963bffb5727dfc61df985b2c871904c6e405cdc239aa337d187ac,large generated raw array; regenerate from frozen recipe,
experiments/fullbatch_confirmation/data/null_850009.npz,3740975,72da18e9e234c45aeb65aef4ca89fcf394c60cd12d8ad6c8bb6c47e418272c15,large generated raw array; regenerate from frozen recipe,
experiments/fullbatch_confirmation/data/null_850009_access.npz,10994,7a294b2808c7ccabed282f1848b229587200e00a414d17bad87d8d2ebc3212b9,large generated raw array; regenerate from frozen recipe,
experiments/fullbatch_confirmation/data/null_850010.npz,3740606,ed4fd20c4e32dc698b7a06a8724d7ae2b63524321e32649c9880eb36beb3b7c1,large generated raw array; regenerate from frozen recipe,
experiments/fullbatch_confirmation/data/null_850010_access.npz,11027,61066855e2878210287ee5ac3f8ed9559d7faaefaa80d60f5517f8ca01f5f760,large generated raw array; regenerate from frozen recipe,
experiments/fullbatch_confirmation/data/null_850011.npz,3740847,1a4e2c90f8d71030a7b95a531ab12647716683f72ce8830362b31ff87392dde4,large generated raw array; regenerate from frozen recipe,
experiments/fullbatch_confirmation/data/null_850011_access.npz,10960,1a04284905915e48683d322f9f739833c3b2a65a744e3855f53ecc50fa084516,large generated raw array; regenerate from frozen recipe,
experiments/fullbatch_confirmation/results/indefinite_noisy_850000.json,1071661,b0f842a91e42f079a844d0185b551ae2d396048894cbeaaa693734fcfe57be78,large generated per-event trajectory; compact endpoint/checkpoint evidence published,
experiments/fullbatch_confirmation/results/indefinite_noisy_850001.json,1071167,10752e9ca26f2da58b0a5d72a18ace7802088828423c46d5914f822ef1f9291b,large generated per-event trajectory; compact endpoint/checkpoint evidence published,
experiments/fullbatch_confirmation/results/indefinite_noisy_850002.json,1071657,d7a5ef306fcd5fc778d1dfa31ad80d4774692fd8433ba97596a62c0bd04cfc84,large generated per-event trajectory; compact endpoint/checkpoint evidence published,
experiments/fullbatch_confirmation/results/indefinite_noisy_850003.json,1071271,74e6f9a7f936ddd14da1874e59ef1012eec451200e4fc1b59cc69e7db580b9ab,large generated per-event trajectory; compact endpoint/checkpoint evidence published,
experiments/fullbatch_confirmation/results/indefinite_noisy_850004.json,1071474,8ccc855aca97886b61f4ce34503ac714ae4f38b9dca49cf17b69438515f0d250,large generated per-event trajectory; compact endpoint/checkpoint evidence published,
experiments/fullbatch_confirmation/results/indefinite_noisy_850005.json,1071496,3e837000bc953ecb13934b905a36cc2c2e0dc6d51abf9411ee0b409970572425,large generated per-event trajectory; compact endpoint/checkpoint evidence published,
experiments/fullbatch_confirmation/results/indefinite_noisy_850006.json,1071503,504aab9d10343e443055f25fe752ee0d7d4c4bb38300c3a25043208df4a353ed,large generated per-event trajectory; compact endpoint/checkpoint evidence published,
experiments/fullbatch_confirmation/results/indefinite_noisy_850007.json,1071562,164714049489cab88bdbc3b6a60ee5be401f0e3cd7833eb487ea555061958f43,large generated per-event trajectory; compact endpoint/checkpoint evidence published,
experiments/fullbatch_confirmation/results/indefinite_noisy_850008.json,1071079,607ad25643ae59138ada2965db55a7e77264628ebdf7138114ffd1b5373c1b4c,large generated per-event trajectory; compact endpoint/checkpoint evidence published,
experiments/fullbatch_confirmation/results/indefinite_noisy_850009.json,1071459,8c6e77954e29937ad3366279308bbcc13cd4e52349f34300be0d99534c8b472c,large generated per-event trajectory; compact endpoint/checkpoint evidence published,
experiments/fullbatch_confirmation/results/indefinite_noisy_850010.json,1071287,7951a3e5e0110c4826078daf6acdd7815483d17b6d43d43b2e1e938b02d5af3c,large generated per-event trajectory; compact endpoint/checkpoint evidence published,
experiments/fullbatch_confirmation/results/indefinite_noisy_850011.json,1071462,a3d0e617963314715e97e31dfcb4f992fc1cf7b1b889b4bb4076fd319a84dc2d,large generated per-event trajectory; compact endpoint/checkpoint evidence published,
experiments/fullbatch_confirmation/results/lowrank_noiseless_850000.json,1073274,87716941867d4c2b99378c9ebb3dcb3e68c84898228b1341a6bdabcf8962c68e,large generated per-event trajectory; compact endpoint/checkpoint evidence published,
experiments/fullbatch_confirmation/results/lowrank_noiseless_850001.json,1073263,b3f5093d22dd8d7b8552d1174870653a275e08526170fcd2c0b628dc4e8dce68,large generated per-event trajectory; compact endpoint/checkpoint evidence published,
experiments/fullbatch_confirmation/results/lowrank_noiseless_850002.json,1073532,da9e30997a24ab870c2001ed37134c80b967d9a60e26e81a4557df5c372fe713,large generated per-event trajectory; compact endpoint/checkpoint evidence published,
experiments/fullbatch_confirmation/results/lowrank_noiseless_850003.json,1072865,b075fa6304bcdc68be48a8815e81f185c0c9bac194db61a3c3c678d8abc509f6,large generated per-event trajectory; compact endpoint/checkpoint evidence published,
experiments/fullbatch_confirmation/results/lowrank_noiseless_850004.json,1073412,938b0807815e7895fca51d6f64af53d65277c0f9e5eb9920079200f3ec6c2db0,large generated per-event trajectory; compact endpoint/checkpoint evidence published,
experiments/fullbatch_confirmation/results/lowrank_noiseless_850005.json,1073385,b26767211118d660dd217f7ab409681c24ba2cdfa3555eaed4fb5c89cde293fb,large generated per-event trajectory; compact endpoint/checkpoint evidence published,
experiments/fullbatch_confirmation/results/lowrank_noiseless_850006.json,1073497,74ab2e4c7f595cd415741a64f24e98bdaddf153b73d915f5b027b6ef07a3ee22,large generated per-event trajectory; compact endpoint/checkpoint evidence published,
experiments/fullbatch_confirmation/results/lowrank_noiseless_850007.json,1073229,ad1790b6961842f675e1ddccdc592bca4cdc3521f9d63fe5639bc8ead61a74e3,large generated per-event trajectory; compact endpoint/checkpoint evidence published,
experiments/fullbatch_confirmation/results/lowrank_noiseless_850008.json,1073957,d534ce43db1008b66061a72a1bb9a04881cb0ffdc0a16f5dc43c3ffca07149e5,large generated per-event trajectory; compact endpoint/checkpoint evidence published,
experiments/fullbatch_confirmation/results/lowrank_noiseless_850009.json,1073165,2bf5ff962a5f52620d282711dec6c9305f13ad07f4568f528d6b4e4c633b2541,large generated per-event trajectory; compact endpoint/checkpoint evidence published,
experiments/fullbatch_confirmation/results/lowrank_noiseless_850010.json,1073882,7f9a07cbdfa2fe024c2235541f876642f8cd6ab94f7f85aace2662870df02d2d,large generated per-event trajectory; compact endpoint/checkpoint evidence published,
experiments/fullbatch_confirmation/results/lowrank_noiseless_850011.json,1073363,afbcf02ad9f8d2327710aea299d474c6fd15252e4da6a4773b5616643a7f0744,large generated per-event trajectory; compact endpoint/checkpoint evidence published,
experiments/fullbatch_confirmation/results/nonlinear_850000.json,1070092,f2d0d0998e598718c5e6151d1c217d46de7109ce6c8ed7116005862923db408e,large generated per-event trajectory; compact endpoint/checkpoint evidence published,
experiments/fullbatch_confirmation/results/nonlinear_850001.json,1070199,a711b3612616ecf7cf26130675d49c5e3c55da089051d72d7c1cbc5011287da5,large generated per-event trajectory; compact endpoint/checkpoint evidence published,
experiments/fullbatch_confirmation/results/nonlinear_850002.json,1069696,44b2b4e2a20d595bcf3e3fed35188698696f583ea1973cd28a9bd2714042b067,large generated per-event trajectory; compact endpoint/checkpoint evidence published,
experiments/fullbatch_confirmation/results/nonlinear_850003.json,1069968,0bb4f1c504b2e46b09b28115b6cde2da1abaf6b16a318504c21a72ffe66b1827,large generated per-event trajectory; compact endpoint/checkpoint evidence published,
experiments/fullbatch_confirmation/results/nonlinear_850004.json,1069765,ad417836db0d8defa02de3cc053844d64fc4b5536ce1cb83a7b683afdb15bc7f,large generated per-event trajectory; compact endpoint/checkpoint evidence published,
experiments/fullbatch_confirmation/results/nonlinear_850005.json,1070078,df5df9fb90dd4d3ef944c04ff34d1d731385f06dafbc5ac948ca0fba22fa7e85,large generated per-event trajectory; compact endpoint/checkpoint evidence published,
experiments/fullbatch_confirmation/results/nonlinear_850006.json,1069899,4f3d9b3a01bc2dd43c4a58e6f9f7f198787a42107a447e96216c2a415597d870,large generated per-event trajectory; compact endpoint/checkpoint evidence published,
experiments/fullbatch_confirmation/results/nonlinear_850007.json,1070194,a4f39abd53c838d801a650165374d8cbd2320d32a149ea56bdae730ae2c10f2d,large generated per-event trajectory; compact endpoint/checkpoint evidence published,
experiments/fullbatch_confirmation/results/nonlinear_850008.json,1069242,7cfa952b110edcdcba776c4298600f4bb012d9c2ed9eddfb3ae436a8ba7e2abf,large generated per-event trajectory; compact endpoint/checkpoint evidence published,
experiments/fullbatch_confirmation/results/nonlinear_850009.json,1070019,0c6379ef7be6f3f9144a62b5e9c6908efd9994c215058a179d9774be9cfa1c61,large generated per-event trajectory; compact endpoint/checkpoint evidence published,
experiments/fullbatch_confirmation/results/nonlinear_850010.json,1069970,72b8b0438a6b68a9c807ccaeddd7cba8f055edd346c378c872c25dbd878c3c66,large generated per-event trajectory; compact endpoint/checkpoint evidence published,
experiments/fullbatch_confirmation/results/nonlinear_850011.json,1069901,4ae450d9752e91a787782772f339eb474ea1399f27517ee17deed68c3a2e449d,large generated per-event trajectory; compact endpoint/checkpoint evidence published,
experiments/fullbatch_confirmation/results/null_850000.json,1074973,f69fd4484263fac6b62496ace283a91c5277d6405e075ef0143e99c907475c4d,large generated per-event trajectory; compact endpoint/checkpoint evidence published,
experiments/fullbatch_confirmation/results/null_850001.json,1075212,a8175e3b2a2e8701501cd5fe66c16a651c7853c8917913f8c0fb830f0d2d0b65,large generated per-event trajectory; compact endpoint/checkpoint evidence published,
experiments/fullbatch_confirmation/results/null_850002.json,1074908,251031525fbe862e195ffb6cb0ca67663d2df1d58ac8a3507e24a3eeb0cc7e33,large generated per-event trajectory; compact endpoint/checkpoint evidence published,
experiments/fullbatch_confirmation/results/null_850003.json,1074931,25e4da6473ce76c3484df13c85bcde5cb1ade9e2f195ce4e862fa0cbbe5dadae,large generated per-event trajectory; compact endpoint/checkpoint evidence published,
experiments/fullbatch_confirmation/results/null_850004.json,1075217,0cfcaef1aeaa4cdad3d4319e2066a1d966a975e895ec6248d8e949b25ab7ddf9,large generated per-event trajectory; compact endpoint/checkpoint evidence published,
experiments/fullbatch_confirmation/results/null_850005.json,1074681,9a98964f1032b332a45c83f49313f3d0b7dbba58ebb38b0d496237ea6ef330f4,large generated per-event trajectory; compact endpoint/checkpoint evidence published,
experiments/fullbatch_confirmation/results/null_850006.json,1074801,b3bbb4c4c24a259e758f76c0179c697a75c68528ca2c4b69f3b09e1e44e4fb59,large generated per-event trajectory; compact endpoint/checkpoint evidence published,
experiments/fullbatch_confirmation/results/null_850007.json,1075086,7c342c8bc28a36dbf39b582b316e12827e2ceb28a8adb6fa2789465f11eb3c85,large generated per-event trajectory; compact endpoint/checkpoint evidence published,
experiments/fullbatch_confirmation/results/null_850008.json,1075039,a7400b0c18437299f2992cc06bcc690182aa71c86954c0cb995be66eae9ed145,large generated per-event trajectory; compact endpoint/checkpoint evidence published,
experiments/fullbatch_confirmation/results/null_850009.json,1075052,f69621781d85278d9f3bca39f56d00c9e61c473d393f2a1b15dd40161b79bc2d,large generated per-event trajectory; compact endpoint/checkpoint evidence published,
experiments/fullbatch_confirmation/results/null_850010.json,1075367,c12f982d7d805e70b37cb805fad56e299c2fa322002ffc94aa3cdce5d9b4789a,large generated per-event trajectory; compact endpoint/checkpoint evidence published,
experiments/fullbatch_confirmation/results/null_850011.json,1074873,cb51b6e7123a7a2fc7823edcbf9c3c8d6101d8d30aac6a26e63316a078eed949,large generated per-event trajectory; compact endpoint/checkpoint evidence published,
experiments/fullbatch_run.log,19777,cf9ef267b724099a626c3432e1c9020cea60e0db65c0861b04bfdad95caca849,build/log/cache or third-party source extraction,
experiments/fullbatch_summary.log,14415,2cac8d770ceafe553b4a483d039df1bbfda2b15ae55928793055e25950ed35c4,build/log/cache or third-party source extraction,
experiments/main_summary.log,7763,60f3e704eb3a0435dbaf45b8dc9f4e3644ff609eaf28a2c5f22f88c3186dd000,build/log/cache or third-party source extraction,
manuscript/main.aux,13612,0e49e50be8a61f3649192155c9b63b95c7330b121f0f41fcb7879a3064526bbd,build/log/cache or third-party source extraction,
manuscript/main.bbl,5556,6c019f52878e1688d41574cf6a4d45e944b591e9077b1e0c75d46e0232c988b5,build/log/cache or third-party source extraction,
manuscript/main.blg,902,fb262db1894db3e87aa0faa531dc4dfde04a710fdfec46174d14e356ea062326,build/log/cache or third-party source extraction,
manuscript/main.fdb_latexmk,20389,59d3991edfbe37f11e7d9979ad15ef441266edeac14babf5d653cba42bc91738,build/log/cache or third-party source extraction,
manuscript/main.fls,21488,0339b33675c5374611d39b1ee4babd7c4ed7ced2f42e0e14fbc0813f36cc6778,build/log/cache or third-party source extraction,
manuscript/main.log,31695,f50b92a04b2f66094e57e2d060c158c8d3819e865483a3bebb54fe22f77be9ca,build/log/cache or third-party source extraction,
manuscript/main.out,7476,a29722aa48beb692c7d031a7600cb8a4c78cf5f63822d21462fd6600cc6831ce,build/log/cache or third-party source extraction,
manuscript/main.pdf,540914,3c1db553bc283d2eff18e74cbdf754162260b425db56ff3e4aab45ea71fb474a,duplicate of output/pdf/retained_moments_and_discovered_directions.pdf,
manuscript/main.toc,2769,1c6881ade555291efd26aed28118fc24d9ee2fb7f6b7f17c9bfb12934f1e6bdf,build/log/cache or third-party source extraction,
output/manuscript_code_and_reviews.zip,356493,85af5adf53a06a46253034dcc5b3a5c1fc178f457780f3362d35b3bda47768b9,duplicate distribution archive,
qa/PDF_REVIEW.md,1150,986b141a9feabc3345691ce02896428975b56085b1ef70cf953402ea65431fdc,private editorial/build QA,
qa/adaptive_plot.log,13228,ba4dcc3e1c212b0cbc89fb642bf3732598d1a1b3609e541d082c413181b53c9a,build/log/cache or third-party source extraction,experiments/adaptive_summary.log
qa/contact_1.jpg,447572,e0edf31e423de96bc42b1489d2e8e7e0fe704f98ccd1e9822a3e02ffcb743295,build/log/cache or third-party source extraction,
qa/contact_2.jpg,410242,734b455460c4c4b11877db7ae547e783e3f64e3a3ee84feeb0fc1b675f07c298,build/log/cache or third-party source extraction,
qa/contact_3.jpg,495693,06b8584fd7461cbb505d40b6520faf4efd70be311a61c94fd8b5aa25f29230a1,build/log/cache or third-party source extraction,
qa/contact_4.jpg,470038,bee350bad3245ac915e37e1c947aedf936cf3d12cc48573cece7a02f9e6158f4,build/log/cache or third-party source extraction,
qa/contact_5.jpg,467594,8494e609ff2627119d4d7a76b488cb148bc084fa927cae3586d61cbb8c7c703c,build/log/cache or third-party source extraction,
qa/contact_6.jpg,330005,960943c6e235e3fcf5f0434088d65788fc916d8bfdc7efedaa91550372a3a5ea,build/log/cache or third-party source extraction,
qa/final_pair_1.jpg,208669,ab9ae7533e4aa174f08c22e5559611b35fce5a372c33586e39edac6fb34b96b8,build/log/cache or third-party source extraction,
qa/final_pair_2.jpg,254468,c04b99427df20e7c2def36bfe48300f095df00d6639683c89413617c529f20fe,build/log/cache or third-party source extraction,
qa/final_pair_3.jpg,190686,f9e0f7fbf622ad7a7472a7432011fc371f012b23a6e123b4cd97577c42870f79,build/log/cache or third-party source extraction,
qa/latex_build.log,18858,9f40fb7d967d5d9adec24adb132f03dd0234035e7c8011ce3c43aff6f4a79c6e,build/log/cache or third-party source extraction,
qa/moment_plot.log,2083,48a62536f4d742961dc9e21c5cbadf045fb2f7de47d729f0554938bb7d62e8f8,build/log/cache or third-party source extraction,
qa/primary_plot.log,7763,60f3e704eb3a0435dbaf45b8dc9f4e3644ff609eaf28a2c5f22f88c3186dd000,build/log/cache or third-party source extraction,experiments/main_summary.log
qa/rendered/page-01.png,155628,ebf8573cf671cfc2d924fe374f0bcc99199629f19cd44bb11addf3f0587275b1,private editorial/build QA,
qa/rendered/page-02.png,202277,c6e5cf427fe09760be57c17148695b9b6f3d9452a762f9eb331acdc9f5cb4fb0,private editorial/build QA,
qa/rendered/page-03.png,205261,770c7e33bb61563130d364877c87850abd7089670fdb203bebfc4878be28821d,private editorial/build QA,
qa/rendered/page-04.png,169296,936b0f25327c00dcaf58b64beb1cb3943d59182d2772ef9fe563bb29d8f7c56e,private editorial/build QA,
qa/rendered/page-05.png,193280,4ce26a54a30d3e239752ee987cce2acd92c5f521147dbf5ea9a321a647a9f411,private editorial/build QA,
qa/rendered/page-06.png,159958,9e7163724d9c694718a4a2473c156e4cfdeb889f6efc89b9d30d474a6b763687,private editorial/build QA,
qa/rendered/page-07.png,144534,b1b274796cff4a4fa0cf75d92285689aa4c8cf934fe3bd94706a64d98ff45aa8,private editorial/build QA,
qa/rendered/page-08.png,211612,387fe6cfc3f3fe6e1f7d89e228b0c0533eec728a471210eda7b64b6dbf494a70,private editorial/build QA,
qa/rendered/page-09.png,189247,f6a1f069f1eaac43501e1951885ec735200a5c0a8aeb52e8e302edfb42b28143,private editorial/build QA,
qa/rendered/page-10.png,226510,218d6e7bff65ab4e2415dd07d19ca6411c45a14e9dfa5f02394ac524ddf139f2,private editorial/build QA,
qa/rendered/page-11.png,207327,b25c80a9583a4c6301e314e8888b6d421ecfb775eb759c5a72b1d7aeafaee9df,private editorial/build QA,
qa/rendered/page-12.png,242871,524f2f9c2a64600d69fc9044e088889501bb522830db0557ad5933d0f429be1e,private editorial/build QA,
qa/rendered/page-13.png,228208,0a48209e9799154dd97696690b95c8bcc43113bc6443c51a1694cc0e51af39bc,private editorial/build QA,
qa/rendered/page-14.png,190148,121fd2abc9797cb81428eceb0509aee67eadf947acd0df9c02d32f8f96c56bdc,private editorial/build QA,
qa/rendered/page-15.png,184716,93a1c0b51de5894848c75a47dcae0ac86c297f55d9fe77a49658ae62236e5d45,private editorial/build QA,
qa/rendered/page-16.png,220927,c2af24bfc314722d15bde702d15520ffc7d18e0ef307a41f8b74f99e91a5a830,private editorial/build QA,
qa/rendered/page-17.png,176716,32356d9f2bbacba3f201e7f9547bfc9a3463ef4d17089eaf22f989664f88717a,private editorial/build QA,
qa/rendered/page-18.png,194388,d8ad8db82702d3a87a530687853016532139a568fb110d470c25f1d0ac06ee46,private editorial/build QA,
qa/rendered/page-19.png,215403,e72c9533cdfb85a1f4f41ffded69aebbeccaa177b5d0af928027a064beb28ea5,private editorial/build QA,
qa/rendered/page-20.png,182451,9f8e99896607c4e928070705df0b5ebdbdd26c3fadab8fd0cef44ee143b90149,private editorial/build QA,
qa/rendered/page-21.png,212874,caebb4b7d212197f5046a967417c4deb2b75f75da11be307e773d8165d9e3e25,private editorial/build QA,
qa/rendered/page-22.png,228964,fc56f686d737333ca7f81f5d023a7d138b09d8697dd6be4cd2feb21fb95709f4,private editorial/build QA,
qa/rendered/page-23.png,102508,5064642c9c19b76197d911cd7555a2891eadd82a7371d02c6a4c3d58cf39f6e5,private editorial/build QA,
requirements.txt,46,508b82d2fe4efe28965be42608c3d3ec0551642f959d687cf1e4b38761e2e822,build/log/cache or third-party source extraction,
research/ROOT_THEORY.md,4930,255d488306263ce698d959aae88638aab7e8997a9e202c7103d3ef1ba7b7ad60,intermediate research notes or third-party full source; final manuscript and novelty matrix retain scientific claims,
research/independent_question/NOTE.md,15778,60f1411904d5dbf4cd3ab62685ebdc8a8907d99fb5f2d9173d370821d31393ad,intermediate research notes or third-party full source; final manuscript and novelty matrix retain scientific claims,
research/independent_question/SOURCE_AUDIT.md,9838,dd435773b1122a15dc994df04bf5b0752d02c5fca84ff2d72215b2a9857aa3e8,intermediate research notes or third-party full source; final manuscript and novelty matrix retain scientific claims,
research/independent_question/check.py,2346,bc11241c3129dea8dad6df4f85fe81fd228c344e974289f5ed969e0babb0807b,intermediate research notes or third-party full source; final manuscript and novelty matrix retain scientific claims,
research/independent_question/diagnostic.json,785,4e328b709e40f31c3ded5a3251679f258e079e1bcf27b9dbb359edc35c4e284b,intermediate research notes or third-party full source; final manuscript and novelty matrix retain scientific claims,
research/prior_art_attack/QUADRATIC_ATTACK.md,18981,32c70f55e25951391d792114c875b6b3d37f539f6f7a361eae0f70815d61e9cb,intermediate research notes or third-party full source; final manuscript and novelty matrix retain scientific claims,
research/prior_art_attack/REPORT.md,20601,6f97772dba63877f88e3feecd681d4577ad90a9563e942420b387eb071bde859,intermediate research notes or third-party full source; final manuscript and novelty matrix retain scientific claims,
research/prior_art_attack/check_learner.py,2051,1966b141658de8345d41c56a1302bd249590034c234dd0347a29cbab3e3fb2b7,intermediate research notes or third-party full source; final manuscript and novelty matrix retain scientific claims,
research/prior_art_attack/code_check.json,436,6d9c757c27d4c8f7f8eb88622d298388cf1d0bed5d1e541f6062654b7b86b7a9,intermediate research notes or third-party full source; final manuscript and novelty matrix retain scientific claims,
research/prior_art_attack/sources/adanet.pdf,465041,05582432762789d51a4ff4e26f45380ebfd6abf7e1e2dea6de5c857015c620f0,intermediate research notes or third-party full source; final manuscript and novelty matrix retain scientific claims,
research/prior_art_attack/sources/adanet.txt,65999,b28c957d77db83af6c9b53ab661a245098701381fba7e937880c7a4049aa33b4,build/log/cache or third-party source extraction,
research/prior_art_attack/sources/adanet_supp.pdf,313762,9984c33c009faeaa7db3314abf5286094ccef28574d599c643c5ddd877ed4f21,intermediate research notes or third-party full source; final manuscript and novelty matrix retain scientific claims,
research/prior_art_attack/sources/adanet_supp.txt,38398,791cd6aa70e219d2813d887407ca7d16eba441d480068cf09fc5113c1c55b4d1,build/log/cache or third-party source extraction,
research/prior_art_attack/sources/bach.pdf,522703,47a3118b97a0b339e9bdd9b9cb8a9c802db24f5334675b47197babf51e6e35e8,intermediate research notes or third-party full source; final manuscript and novelty matrix retain scientific claims,
research/prior_art_attack/sources/bach.txt,191609,330179cacbd0983e06cc8f454ab3a94a098ce6d13b73bcd0c7c4f3e5b58018b6,build/log/cache or third-party source extraction,
research/prior_art_attack/sources/blackwell.pdf,0,e3b0c44298fc1c149afbf4c8996fb92427ae41e4649b934ca495991b7852b855,intermediate research notes or third-party full source; final manuscript and novelty matrix retain scientific claims,
research/prior_art_attack/sources/cacs.zip,42789,a23b4c5f691b646a09eaac7a176f5d57c8789fbd3f7ec6e537cf1376f8063d04,duplicate distribution archive,
research/prior_art_attack/sources/cacs_README.md,2911,b1d7cf687715867e3bf8086480e5463821630220959700b283f9e2d268a2df2b,intermediate research notes or third-party full source; final manuscript and novelty matrix retain scientific claims,
research/prior_art_attack/sources/cacs_selection.py,35510,19ea44d1fbe2572315de326371427a42ef6f0a1de06995357e8b318ffe13e2c6,intermediate research notes or third-party full source; final manuscript and novelty matrix retain scientific claims,
research/prior_art_attack/sources/chen_elsevier.xml,1998,bc5c2fcf5ecebeea8aa10262bcfed169a2f2b88684c45a6f48f379058c9aea48,build/log/cache or third-party source extraction,
research/prior_art_attack/sources/coresets.pdf,953174,314f1cf5936f214452c1ac057b198be1ea7a9b87db22cc732091ecc127cc39b1,intermediate research notes or third-party full source; final manuscript and novelty matrix retain scientific claims,
research/prior_art_attack/sources/coresets.txt,111973,82bc6933464bb5ecda4971e2f0387ddf80b7f5f14d6d2ccd638083792d6f4e7b,build/log/cache or third-party source extraction,
research/prior_art_attack/sources/fdrr.pdf,734626,ef9e61d6a71ef8827aec4182d798fd267d638b3a449d667430bd7bd78c6cd5de,intermediate research notes or third-party full source; final manuscript and novelty matrix retain scientific claims,
research/prior_art_attack/sources/fdrr.txt,542444,6475d9fb3c8a2804c1bc427580394d718238b485b4aaff13c8a3e4d4afd6c5f6,build/log/cache or third-party source extraction,
research/prior_art_attack/sources/foucart.pdf,384987,5f084dadb69cf401067f3f4d4246b34435840ab6813d4772d9024b85da10ca83,intermediate research notes or third-party full source; final manuscript and novelty matrix retain scientific claims,
research/prior_art_attack/sources/foucart.txt,66220,465116479777f4d482371e367c938c641296bdb599c820b69a217f2a0f2fa746,build/log/cache or third-party source extraction,
research/prior_art_attack/sources/gmc.clean.txt,66962,023c8ecdaa0cbbedd995ee93c9c7dd284888ee85759ce255802410da71c59372,build/log/cache or third-party source extraction,
research/prior_art_attack/sources/gmc.html,406650,a4a8223abe211c2dc1b06adb80518d9e0b944c4759070380f49fcb7259036a0f,build/log/cache or third-party source extraction,
research/prior_art_attack/sources/gmc.txt,76852,f931bd9799e7a1377d7b21959ebc49b7b1aa233fbfb13f6faf03fd31d52aa5db,build/log/cache or third-party source extraction,
research/prior_art_attack/sources/gradmatch.pdf,918725,945f5aebcdd0a134726e495afe99141738a6241e4efd7a444912fbaa66f56abb,intermediate research notes or third-party full source; final manuscript and novelty matrix retain scientific claims,
research/prior_art_attack/sources/gradmatch.txt,90866,b4f9c21d2af7089aa51414f5d1abe974145881cf6855cdeacb635b32c80dc441,build/log/cache or third-party source extraction,
research/prior_art_attack/sources/gradmatch_supp.pdf,423293,114bce487443a2d002783eada43aaf392501c266964fab3bde16b609a6f7190e,intermediate research notes or third-party full source; final manuscript and novelty matrix retain scientific claims,
research/prior_art_attack/sources/gradmatch_supp.txt,136826,288ce21714fc7a305faa9efd6d06d5f1193dc1dcb28d53fd2940b387825cef98,build/log/cache or third-party source extraction,
research/prior_art_attack/sources/growing.clean.txt,204153,be3ef0b58e0e066e93e3ecbc58aabfb7c779a27ecac6a68d5cef841cf90c28b6,build/log/cache or third-party source extraction,
research/prior_art_attack/sources/growing.html,1442047,4575aee17671e93e87d53be870fb813d8873e8b1febf7d465a60fefca86cb693,build/log/cache or third-party source extraction,
research/prior_art_attack/sources/growing.txt,255926,303e741e3f458ade235377e58153397ab7464607abda156af522281666685b2e,build/log/cache or third-party source extraction,
research/prior_art_attack/sources/hardtwoodruff.clean.txt,110016,33b25443600da4ba7a1ab54ab6f6d1a2fde57337e272a8416dc794119d936141,build/log/cache or third-party source extraction,
research/prior_art_attack/sources/hardtwoodruff.html,890217,145bf4df882aa9ef86e00b8ee76b64bfdfc97e954d3dbf7c77934815e0fa7e5e,build/log/cache or third-party source extraction,
research/prior_art_attack/sources/hardtwoodruff.txt,141442,3b575a7cb5dd2fef729c23a82c2fa0ea0ec403a9cabd90c752957caed280d805,build/log/cache or third-party source extraction,
research/prior_art_attack/sources/scaling2026.pdf,799930,be114f62fbfca47df7e09935aa89f11bebd782d623f0d166c7950fddc51bd08b,intermediate research notes or third-party full source; final manuscript and novelty matrix retain scientific claims,
research/prior_art_attack/sources/scaling2026.txt,134603,48c5c5da5e49c7a991616cbba16ffb7811c6c447be9f8089473a52f378387d89,build/log/cache or third-party source extraction,
research/prior_art_attack/sources/sharan.clean.txt,93359,077f1bdeda583e6444d6498b6d6a861cbd844b8a84329d0c1adda9ae153ef2ba,build/log/cache or third-party source extraction,
research/prior_art_attack/sources/sharan.html,654151,e6d8aee7cd867edfc15e423c0d610739d13aa2b4efd38005d95a936ed3702b28,build/log/cache or third-party source extraction,
research/prior_art_attack/sources/sharan.txt,116472,72cbce1162a56b19a541ca5b5a6f7ecaf79af787a370a9f2043325cf51b95a93,build/log/cache or third-party source extraction,
research/prior_art_attack/sources/stoiht.pdf,684514,6ba8c67569f0fdfa4b446fd381a216497c1c77f43354a67f1bd81fc297473a8d,intermediate research notes or third-party full source; final manuscript and novelty matrix retain scientific claims,
research/prior_art_attack/sources/stoiht.txt,201815,a118a39087e3048f534eed84b6f396c49f90e10a730860c690a652fd9f085f57,build/log/cache or third-party source extraction,
research/prior_art_attack/sources/twf.pdf,4583661,0f69987cfbcad28df014ed90be800221181bfc220eb3ef8d40830ade464070b9,intermediate research notes or third-party full source; final manuscript and novelty matrix retain scientific claims,
research/prior_art_attack/sources/twf.txt,243179,b10d57799da25c0e486839dfb566e5e47ea781fbbb2204bf895f980d283e909f,build/log/cache or third-party source extraction,
results/moments/raw/sigma0.1_seed830000.npz,294836,6ff65f2de16e908422b7ac4ad8e087169ca52c9bc1f66b6fb648a400b557493a,large generated raw array; regenerate from frozen recipe,
results/moments/raw/sigma0.1_seed830001.npz,294909,28cadc740618fed18aaaccd8291ace4be3566db382e4ed919184a45aab418a60,large generated raw array; regenerate from frozen recipe,
results/moments/raw/sigma0.1_seed830002.npz,294772,ce8818eae86e9705438dbc738c63163ff2761e587f6a516df11327ad1822f402,large generated raw array; regenerate from frozen recipe,
results/moments/raw/sigma0.1_seed830003.npz,295024,04dd6f843aeb074c6e042819d4d81c7f887ff452753452d2e955589694eace18,large generated raw array; regenerate from frozen recipe,
results/moments/raw/sigma0.1_seed830004.npz,294956,2cf6bd35bc6313a8f98f1e637b4c5579f1475ca646a7f688241b2eeee680047d,large generated raw array; regenerate from frozen recipe,
results/moments/raw/sigma0.1_seed830005.npz,294915,d7914b8e775188d67d80a1895b74dc26f7ff0a5e0feefb01d67a204a58531eb5,large generated raw array; regenerate from frozen recipe,
results/moments/raw/sigma0.1_seed830006.npz,294995,261b3ff76464fdd69d4f99a10d29908ec72785b56d607009d46b68cc4fd3fbc5,large generated raw array; regenerate from frozen recipe,
results/moments/raw/sigma0.1_seed830007.npz,294784,654f01d969065e1600cc0e2128eeb7cc7012b067907eee549abe63879e804e3b,large generated raw array; regenerate from frozen recipe,
results/moments/raw/sigma0.1_seed830008.npz,294938,02a8c2e19955a38c40c906ac5ee45dc7111910de979d10aecc142b18b63f818d,large generated raw array; regenerate from frozen recipe,
results/moments/raw/sigma0.1_seed830009.npz,294852,cd8e803bf9f6c7ea7718f4b2d55e27f7f67979b960adf079d04beddc76cb0f51,large generated raw array; regenerate from frozen recipe,
results/moments/raw/sigma0.1_seed830010.npz,294803,16874e304ce68b2294b39a1e212393a71c02be5e877feccb3c5457e7b1f1e79b,large generated raw array; regenerate from frozen recipe,
results/moments/raw/sigma0.1_seed830011.npz,294861,68cd0013ae41aa4b65be5646886bad05f7341ae1054a65dccd89c727607632a2,large generated raw array; regenerate from frozen recipe,
results/moments/raw/sigma0.1_seed830012.npz,294821,c38cbca773828f1f04ce89df64602c6895d6949db273598865b2767bf494649f,large generated raw array; regenerate from frozen recipe,
results/moments/raw/sigma0.1_seed830013.npz,294849,134db1ed70aba0183723cb06430a7a5d6f30c206c997be6db9c6e7c9cac9ec96,large generated raw array; regenerate from frozen recipe,
results/moments/raw/sigma0.1_seed830014.npz,294768,c283dddcd93e1808ce9763ef44cc023bf27b9671744d996b790a7bae6f250959,large generated raw array; regenerate from frozen recipe,
results/moments/raw/sigma0.1_seed830015.npz,294831,4f602e6190aeebe32d36231ac3dba4bcf0e656291861757b6a88a47838b8fa0a,large generated raw array; regenerate from frozen recipe,
results/moments/raw/sigma0.1_seed830016.npz,294910,961ee120a39141da12428982a5748345598c499eac4333cdf66011db399322c2,large generated raw array; regenerate from frozen recipe,
results/moments/raw/sigma0.1_seed830017.npz,294861,fcc3e0dd3c27b1a57d8cb893a6589c05f858531d3c8b192d01ddde2f0ea9fda0,large generated raw array; regenerate from frozen recipe,
results/moments/raw/sigma0.1_seed830018.npz,294893,199ccdacefdca39196dbdb62dd9531c55ef0045e8c1cb390d98b3635c9ace3ff,large generated raw array; regenerate from frozen recipe,
results/moments/raw/sigma0.1_seed830019.npz,294861,157ce32b03a4642c18c49cfc11f99fd457bead20ba1784df0bb61b5a7a8953f9,large generated raw array; regenerate from frozen recipe,
results/moments/raw/sigma0.1_seed830020.npz,294769,01042795901f61386858f348650808508a90dcffce57816b15ae15adc6bde14f,large generated raw array; regenerate from frozen recipe,
results/moments/raw/sigma0.1_seed830021.npz,294960,96e516215675222e6d9c0b0d8d8dd56246cce9b32a7326cb61df7ce650b1f8e4,large generated raw array; regenerate from frozen recipe,
results/moments/raw/sigma0.1_seed830022.npz,294957,7e22cfdccc25b1fdd64d803efe88a6a7a4a1aab69d1313df7a790037b96b7904,large generated raw array; regenerate from frozen recipe,
results/moments/raw/sigma0.1_seed830023.npz,294887,d01cbab7a3c71073b08c3d5ae81eec4edb1cbfc4505ec9b784decaf4ca1ec727,large generated raw array; regenerate from frozen recipe,
results/moments/raw/sigma0.1_seed830024.npz,294920,3401c75c3cb15ec8b5bc5d795f1764131b428f5ecf7303224f05efbace3a156f,large generated raw array; regenerate from frozen recipe,
results/moments/raw/sigma0.1_seed830025.npz,294891,164b5d4c7656d3c720293d796740c704474a28c9cf938d174e07145ed01e431a,large generated raw array; regenerate from frozen recipe,
results/moments/raw/sigma0.1_seed830026.npz,294795,c23b362306a3746caf55755559fe1f8eea02fd835dbe77f0c8a5230640c9d5d9,large generated raw array; regenerate from frozen recipe,
results/moments/raw/sigma0.1_seed830027.npz,294893,d9cf72e78fb83444059c2f13b73d93027ce01940864fb312cf705ccb45226049,large generated raw array; regenerate from frozen recipe,
results/moments/raw/sigma0.1_seed830028.npz,294942,79106c072ee1ddc9af4bb61d2792a6cd330eed453c935caec29937c6d2ebbae5,large generated raw array; regenerate from frozen recipe,
results/moments/raw/sigma0.1_seed830029.npz,294911,d0e85b10e99d75d60101da257aa7150bfc9effd0bb3d35d343e1887300866a9a,large generated raw array; regenerate from frozen recipe,
results/moments/raw/sigma0.1_seed830030.npz,294777,5b4c0ddbbdd3ba81cf3b9f52154c163c76586053da720fba93ddb4ec396f3705,large generated raw array; regenerate from frozen recipe,
results/moments/raw/sigma0.1_seed830031.npz,294946,c7917cded25557b1f77c423e23a37a103059a142f5132097db8f78331afb03f1,large generated raw array; regenerate from frozen recipe,
results/moments/raw/sigma0.1_seed830032.npz,294851,c1d72a3060bd296fd99ba1c716f5add277ae48c37c732586b9deebd408111825,large generated raw array; regenerate from frozen recipe,
results/moments/raw/sigma0.1_seed830033.npz,294831,6150862f8d28d955102903593ad2c781ea3bf9ac0ccb04d618ff219020355e25,large generated raw array; regenerate from frozen recipe,
results/moments/raw/sigma0.1_seed830034.npz,294819,30fefa365f1c6d160f3f248d35bdbb20c3741e80ae7298f957a19150e4368b23,large generated raw array; regenerate from frozen recipe,
results/moments/raw/sigma0.1_seed830035.npz,294888,240d24bf8f57a52cfa9e82ad0805b0f33be0a23fa04c6343bfd58d723bbf9ad9,large generated raw array; regenerate from frozen recipe,
results/moments/raw/sigma0.1_seed830036.npz,295000,e1c2fb728a5ed5e5b7b1b11a3119ca7a0b2b25b3c0080be0a599c32d782e2012,large generated raw array; regenerate from frozen recipe,
results/moments/raw/sigma0.1_seed830037.npz,294851,fb44d3f65a87d8a876febf4c453cb447f39b08f6e132b04fc0a4cb9bf49e3f26,large generated raw array; regenerate from frozen recipe,
results/moments/raw/sigma0.1_seed830038.npz,294940,665c8a5a5fd95157e735e308870e76d5fe090d4c6001b2747aaa7b88d9e40c96,large generated raw array; regenerate from frozen recipe,
results/moments/raw/sigma0.1_seed830039.npz,294915,f5de3aaeb1e38e3fda279fc07c62813991840e68a07e5d613e5a5ccb300bea6f,large generated raw array; regenerate from frozen recipe,
results/moments/raw/sigma0.1_seed830040.npz,294828,9a39718557d9e6a3d8275027d4fe22ff9ea0072351ae50691b1216c54bf89d4b,large generated raw array; regenerate from frozen recipe,
results/moments/raw/sigma0.1_seed830041.npz,294935,21d25d1c16e1d0851e141c55d750f8c3d80ff8ac9fb1f7c5ea79a73834db3b82,large generated raw array; regenerate from frozen recipe,
results/moments/raw/sigma0.1_seed830042.npz,294731,21574e88efb75defb5c71e5600ae5f67dc592fafb631dfce3e18698d9f2fbbd2,large generated raw array; regenerate from frozen recipe,
results/moments/raw/sigma0.1_seed830043.npz,294964,52e2e92a432a245d96a6425add205575f3c98afd599028480b68fad9b2d22c64,large generated raw array; regenerate from frozen recipe,
results/moments/raw/sigma0.1_seed830044.npz,294853,fd3b8aea343844136614a7ca638c373d1b7f122a0190722b40de8b182a6aef98,large generated raw array; regenerate from frozen recipe,
results/moments/raw/sigma0.1_seed830045.npz,294795,8d4ed056998578a5436b172af1d68619364ec185f6a65b94a427ab2468e6f8a5,large generated raw array; regenerate from frozen recipe,
results/moments/raw/sigma0.1_seed830046.npz,294949,87e3238ed40bc20d67e06523a3dc885f628cadc61fd650cb8581d06f838d3eec,large generated raw array; regenerate from frozen recipe,
results/moments/raw/sigma0.1_seed830047.npz,294850,bec54620d53f26e63ad369a2a1a3d44bd7f543c4f8cc8966ecccbe0ad60af721,large generated raw array; regenerate from frozen recipe,
results/moments/raw/sigma0.1_seed830048.npz,294880,97274f34dc6445d176475f901b10542d39f94369f449de253ba3a06d637fb9a8,large generated raw array; regenerate from frozen recipe,
results/moments/raw/sigma0.1_seed830049.npz,294985,e16ee14c5969fb18eef375c345c8cb1f2f66069afeadc9f2f9d9fe80393bf0c1,large generated raw array; regenerate from frozen recipe,
results/moments/raw/sigma0.1_seed830050.npz,295017,795d9cb1f03daf4fab5ac00964094f7d8bbdb5b0adcd6a4fbf38219fde2c07c6,large generated raw array; regenerate from frozen recipe,
results/moments/raw/sigma0.1_seed830051.npz,294838,47676d199d7f265be38a124fa8ceee9d4878f1812f8320788a8a7ac876ef1f98,large generated raw array; regenerate from frozen recipe,
results/moments/raw/sigma0.1_seed830052.npz,294880,1764358c762924d037c22841a073c709424ec69bc1ccdd6d3e304ec93c607846,large generated raw array; regenerate from frozen recipe,
results/moments/raw/sigma0.1_seed830053.npz,294828,207b1cbe1893ff4c77c9a88231d56e37ed6f5f1c6df9f92b1c6d12bf1d9a753b,large generated raw array; regenerate from frozen recipe,
results/moments/raw/sigma0.1_seed830054.npz,294990,f3f483f47587579a560250c97a7363c79231390f39bf54b2675bcbdcea990a50,large generated raw array; regenerate from frozen recipe,
results/moments/raw/sigma0.1_seed830055.npz,294906,776df86192ea06ecb7d655b6160cc360e08b5a87ce911f63652a079cc5963533,large generated raw array; regenerate from frozen recipe,
results/moments/raw/sigma0.1_seed830056.npz,294922,547592a5fa01ba4f7c2e0d048aaa5643699c09051943091d23a0077c0aa77b21,large generated raw array; regenerate from frozen recipe,
results/moments/raw/sigma0.1_seed830057.npz,294759,265f536ab5563828bb31b4aebe7da7eca357a423b86b018fab96ae486ce658de,large generated raw array; regenerate from frozen recipe,
results/moments/raw/sigma0.1_seed830058.npz,294938,b3a5adc2305ad993e4c6337d23a57eae13222e549e7a73ddfd22c8364f788ffe,large generated raw array; regenerate from frozen recipe,
results/moments/raw/sigma0.1_seed830059.npz,294828,40bd60acf89de858b4f5bf0c967985cfb23fec3d7c95a9150ff63079e2c83383,large generated raw array; regenerate from frozen recipe,
results/moments/raw/sigma0.1_seed830060.npz,294880,73a05e8455ecd2831342250ab4f8cfb0f9260ade98ac59eadde47d459fc2bb57,large generated raw array; regenerate from frozen recipe,
results/moments/raw/sigma0.1_seed830061.npz,294880,1061b83e4ed34e6c4c00a183ef81464595bf2964e886157888ce81dd1b218180,large generated raw array; regenerate from frozen recipe,
results/moments/raw/sigma0.1_seed830062.npz,294884,aa646915a9b50d1f18707da197a1e86672f86422e4a62c190e362cb712b633fe,large generated raw array; regenerate from frozen recipe,
results/moments/raw/sigma0.1_seed830063.npz,294908,0e7837e57c54923af58ad55b92ee5c8afec7bfbd358cc2b272628ffe26339262,large generated raw array; regenerate from frozen recipe,
results/moments/raw/sigma0_seed830000.npz,293476,3c328952e50cb001004f382c5fcab8a9cd3eb6e1d4a76af518834db62fa32537,large generated raw array; regenerate from frozen recipe,
results/moments/raw/sigma0_seed830001.npz,293636,e247d7df6f92cef02e776ddb6d46e7f1071021c963840c4f41db6a63daa22520,large generated raw array; regenerate from frozen recipe,
results/moments/raw/sigma0_seed830002.npz,293459,ff0ed0199403cfeddd28fcb64282bd284d919b07cf24737273edfa8bd6a2e4b5,large generated raw array; regenerate from frozen recipe,
results/moments/raw/sigma0_seed830003.npz,293660,3acc10392bf6de599aebbe0673288509747b9a2e02b84137f02d66affc73e9c7,large generated raw array; regenerate from frozen recipe,
results/moments/raw/sigma0_seed830004.npz,293687,53f2e8e604a7d8c03dd564a95b9ff1b7d9c429ec00965adb7e006b6649b9c7fc,large generated raw array; regenerate from frozen recipe,
results/moments/raw/sigma0_seed830005.npz,293573,edb72bcee6b29e4f30f5bddadaa9e4230400a6b656e265480311f8c1745a6864,large generated raw array; regenerate from frozen recipe,
results/moments/raw/sigma0_seed830006.npz,293633,bc8da8d5f520e6c609b81f29e5023d6906e0f40f83c543f12d3444b91454c4ca,large generated raw array; regenerate from frozen recipe,
results/moments/raw/sigma0_seed830007.npz,293489,12eb05d523b2a022d50dfed5a717f0a5f8ce12207c40f3843a61711106194cda,large generated raw array; regenerate from frozen recipe,
results/moments/raw/sigma0_seed830008.npz,293599,88009f5df92b7aad5ba147cf710aca72e8a36449eec257956e9314cbff902d44,large generated raw array; regenerate from frozen recipe,
results/moments/raw/sigma0_seed830009.npz,293521,769f0e5af48e1cdf7d7200ede68acfc3149fad9adee268eb6f7faa34db94dc2a,large generated raw array; regenerate from frozen recipe,
results/moments/raw/sigma0_seed830010.npz,293522,5650e1b7d114c5dfcab8ad9b06fbff3906af58224a51fcbc40e4a90190f30ad1,large generated raw array; regenerate from frozen recipe,
results/moments/raw/sigma0_seed830011.npz,293460,aa7634bd7e5b44fe410de4ae286c4c2779f777000008a21f7eecd9327ae562fb,large generated raw array; regenerate from frozen recipe,
results/moments/raw/sigma0_seed830012.npz,293485,846c2159eeeec864879999aa5772f936d29538853c60a08e4eb80aaeb98722cf,large generated raw array; regenerate from frozen recipe,
results/moments/raw/sigma0_seed830013.npz,293510,19c5b3fea746394135a8a5d2cdd413c0c728da90df464f3d7c1f8a383e4c02ea,large generated raw array; regenerate from frozen recipe,
results/moments/raw/sigma0_seed830014.npz,293366,b64350b7448a70b799ed2b0d76d77b858886440ef2e6a0c2cba858bbcb979eda,large generated raw array; regenerate from frozen recipe,
results/moments/raw/sigma0_seed830015.npz,293469,b93bf1e840abf98557c492bb7563668172a47a692d927e4c217b6f3826607a6c,large generated raw array; regenerate from frozen recipe,
results/moments/raw/sigma0_seed830016.npz,293508,7101297f9d99a20c1c7bb0f60de2c09159cb5d1ea994b064bd4b37a532f63c3e,large generated raw array; regenerate from frozen recipe,
results/moments/raw/sigma0_seed830017.npz,293510,a21f6d000e97c1ba6590b03cb2dd55f7a5977c88a2826c14672a52a61513b657,large generated raw array; regenerate from frozen recipe,
results/moments/raw/sigma0_seed830018.npz,293577,170640516ea52311f6b5efd307cafe7e54d33b0fcf9f3394d52b54f8e8fc5320,large generated raw array; regenerate from frozen recipe,
results/moments/raw/sigma0_seed830019.npz,293501,b2daf883b98899501b7a71aca9ed23d128f5ed016e0255c79cbdc1763d981738,large generated raw array; regenerate from frozen recipe,
results/moments/raw/sigma0_seed830020.npz,293544,a5584b2902aab4eda9323ed9666972a150436543ea9865650f00a4a6aee548ea,large generated raw array; regenerate from frozen recipe,
results/moments/raw/sigma0_seed830021.npz,293645,bb759fcadf6d75b11b1d14bb62bcb8bd8f56ed9349337b673cb15caaa3b29575,large generated raw array; regenerate from frozen recipe,
results/moments/raw/sigma0_seed830022.npz,293667,b192e89f3a55cd2a8b7905b834d770d0171b3560a7a24a00ccb7d49b6d4b4d0b,large generated raw array; regenerate from frozen recipe,
results/moments/raw/sigma0_seed830023.npz,293565,a024ae16b217abcbaf50125afcbc7956eac77c0d486e8914a49aaa7f454d931f,large generated raw array; regenerate from frozen recipe,
results/moments/raw/sigma0_seed830024.npz,293554,30394ddd251074dc885213e3ce7d7b5d0413dfc9fdb432f34eaf0f8a8e4c227a,large generated raw array; regenerate from frozen recipe,
results/moments/raw/sigma0_seed830025.npz,293710,09c1e3e7c015c53a1b71e3ce09c18b9eafd804918c8aa10fcf62e303f5a5a80b,large generated raw array; regenerate from frozen recipe,
results/moments/raw/sigma0_seed830026.npz,293493,be4a85c14f3e6e88345d0bf18e9a328d5ea40f06e6049012aa0f6805465a6ad6,large generated raw array; regenerate from frozen recipe,
results/moments/raw/sigma0_seed830027.npz,293581,4fe9cd6f8ea5e3464bc9a6ef9480aab1e9c3883710f7f63c675fa4b243aa36c6,large generated raw array; regenerate from frozen recipe,
results/moments/raw/sigma0_seed830028.npz,293658,3e3446133bcc36099a416b6a213406a3809c82f9f4ee0655374ecf46da4e5ecc,large generated raw array; regenerate from frozen recipe,
results/moments/raw/sigma0_seed830029.npz,293553,29cd67c9d7040161c8372d168e1d6c763172214e468e4ffa59f602e8bebd2087,large generated raw array; regenerate from frozen recipe,
results/moments/raw/sigma0_seed830030.npz,293434,27c71b7b2b8002bedb8ba5922fc08bd3989ae55f8e112abec398ff0d7442f816,large generated raw array; regenerate from frozen recipe,
results/moments/raw/sigma0_seed830031.npz,293636,e4f28d9f961e51441ee3828a8e6d0374b44c38ebfc555e0bbc3bfefb1e751e9c,large generated raw array; regenerate from frozen recipe,
results/moments/raw/sigma0_seed830032.npz,293489,09f111233299ffabca180dac658b1dfcac29951c39eafb0368d27b33d04546ce,large generated raw array; regenerate from frozen recipe,
results/moments/raw/sigma0_seed830033.npz,293512,5f47afb856334ae4b3615bde1e9fafbe3947fc19dd423c2cfab8aeac5bc4abb6,large generated raw array; regenerate from frozen recipe,
results/moments/raw/sigma0_seed830034.npz,293568,db4db543916dc949489bc3d285dd7ce879ab3c0f063a3f5e7167548952dc16e9,large generated raw array; regenerate from frozen recipe,
results/moments/raw/sigma0_seed830035.npz,293496,d01d548166f1033852fccf7f46820b31e501b81c8a8cbed3a6fe39d74da1e478,large generated raw array; regenerate from frozen recipe,
results/moments/raw/sigma0_seed830036.npz,293689,d06f1a7ad2633d6f170f0c6e4e5bd7a3ac8179cf8a9fefd82cd5ac236488ae9b,large generated raw array; regenerate from frozen recipe,
results/moments/raw/sigma0_seed830037.npz,293535,c9088b27d997f1fbece4e542403241555fd5c4410686dcdd3a81f0fa9183259a,large generated raw array; regenerate from frozen recipe,
results/moments/raw/sigma0_seed830038.npz,293644,8a896e1276132137475ee1a2e837b49dc8f0accb0b25287bca15c7b2945b536b,large generated raw array; regenerate from frozen recipe,
results/moments/raw/sigma0_seed830039.npz,293608,052d8a221197ac5f5b891447abbf0b94be5455e192ad280191bb3c6b6f0ef847,large generated raw array; regenerate from frozen recipe,
results/moments/raw/sigma0_seed830040.npz,293490,1ac622dc06cf136a971166b5281bfeddcb5d5144b4c722c00b482de32afa80e6,large generated raw array; regenerate from frozen recipe,
results/moments/raw/sigma0_seed830041.npz,293676,f96b84f3367053ba7a27659488a4d89216ae61681301d89df83cb325255cf32c,large generated raw array; regenerate from frozen recipe,
results/moments/raw/sigma0_seed830042.npz,293406,ac1f7d89a0aeffb7897a008719e2e8ea8787093628988e07486f2461397f7950,large generated raw array; regenerate from frozen recipe,
results/moments/raw/sigma0_seed830043.npz,293576,b864e068bbcb9eb3b5f0273d52d21de3042531dec11e1b7ce80f9287c6cfb230,large generated raw array; regenerate from frozen recipe,
results/moments/raw/sigma0_seed830044.npz,293571,186df48cae3586b238244bdd34dd3e7b05a030ce57cc0ee52ba547ca72e757f5,large generated raw array; regenerate from frozen recipe,
results/moments/raw/sigma0_seed830045.npz,293426,d0619f6559d539b6b19da33de4e59d9bf39290e6cd7894e1bd38adf32b762ce6,large generated raw array; regenerate from frozen recipe,
results/moments/raw/sigma0_seed830046.npz,293542,850805ca17cd1d457bba10cc88b20e7b633b7b8372bdc7995914af9d30f2bea4,large generated raw array; regenerate from frozen recipe,
results/moments/raw/sigma0_seed830047.npz,293544,522d745dd25ab438b3a4055af82965d7e879ca8d183dae78933bcee6816f766c,large generated raw array; regenerate from frozen recipe,
results/moments/raw/sigma0_seed830048.npz,293625,8babaf91f958a072ff76c14314e57b478f962d998611b8f7aaf4e8522e5cb5ec,large generated raw array; regenerate from frozen recipe,
results/moments/raw/sigma0_seed830049.npz,293663,49ab9183e8705fc6ad408daa436776a1572f4ca98596ca65df200a99810cc820,large generated raw array; regenerate from frozen recipe,
results/moments/raw/sigma0_seed830050.npz,293715,b6397a723a6b871ca81351f130e9b1e0d9e501b08a6e7dd567f0bc94d941999e,large generated raw array; regenerate from frozen recipe,
results/moments/raw/sigma0_seed830051.npz,293530,0beccbd233377db30f77eb5f623799b5075e572432499d07d61cedda92a3f0a8,large generated raw array; regenerate from frozen recipe,
results/moments/raw/sigma0_seed830052.npz,293629,9f5f5bcf8828448f74112b02bc155caec415a755ca3926ca3130b7b55e4969fe,large generated raw array; regenerate from frozen recipe,
results/moments/raw/sigma0_seed830053.npz,293537,70732009b82dc984c6f53da59dcd6eadeec1303bf51824f898be2a4fb12948f7,large generated raw array; regenerate from frozen recipe,
results/moments/raw/sigma0_seed830054.npz,293810,88c8893352424264884506371b3aec90cb939301a5f6b77c9fd9e552b5e187e9,large generated raw array; regenerate from frozen recipe,
results/moments/raw/sigma0_seed830055.npz,293607,f0db75aeb6813453b056b55ecbc0d30376bda612e01adb7fee4cc3f78660d581,large generated raw array; regenerate from frozen recipe,
results/moments/raw/sigma0_seed830056.npz,293585,1873205fce4a60d4ab68cb5a46ea5a7ef34701de030d5ea995e0665c25081cf8,large generated raw array; regenerate from frozen recipe,
results/moments/raw/sigma0_seed830057.npz,293499,0abd4a954410e3b2ba338621d6401bf661599deb6befa0aef59e723876fe8334,large generated raw array; regenerate from frozen recipe,
results/moments/raw/sigma0_seed830058.npz,293704,eb6e61fb68ed98e8312c5d4040718874d54617ec45be3688b5e9852d8d9957fa,large generated raw array; regenerate from frozen recipe,
results/moments/raw/sigma0_seed830059.npz,293508,b734fb4c571a9d5fe20dc310ce28ebf3bbe1ade50837e74f0067176117ff3b7f,large generated raw array; regenerate from frozen recipe,
results/moments/raw/sigma0_seed830060.npz,293632,7fea49edbdf2804fa0aefc71ac629c0d537573f041acff7deb11c632b5740ce6,large generated raw array; regenerate from frozen recipe,
results/moments/raw/sigma0_seed830061.npz,293527,02070e707a1e7f5f5cb1f85f9b5f008fa9d840759a830c4b7b35d2027aecbc11,large generated raw array; regenerate from frozen recipe,
results/moments/raw/sigma0_seed830062.npz,293534,9710494b58b4207d34e04f29f076075345db66cdc422bbc0ef6ead208f67dbc9,large generated raw array; regenerate from frozen recipe,
results/moments/raw/sigma0_seed830063.npz,293591,4cc2491de57063da9c2b45e7f83512d33bb5dba95aab8f8ae393b24760a5ace3,large generated raw array; regenerate from frozen recipe,
reviews/__pycache__/audit_empirical.cpython-312.pyc,32076,be8649d88b0bbbe107aff9e61f74de86a659fb7d07a7d83d6bac6cc8d53c0bd1,cache or machine metadata,
reviews/adaptive_empirical_audit_run.log,2414,29fe50a7f4f0a3f1264ad38e263f4ebc11b1af058a714874d832181cf8d08c25,build/log/cache or third-party source extraction,
reviews/adaptive_validation_perturbation/fixed2_gated.json,49969,e87c1869ab28078156729ec84a91a61ae0647398089b437ff2cceeb042edd05a,duplicate audit replay or temporary review build,
reviews/adaptive_validation_perturbation/fixed7_gated.json,78751,0e66f5c08816819b92381dcd4d0b248458adae6a67e9863554777e71933c1a97,duplicate audit replay or temporary review build,
reviews/adaptive_validation_perturbation/fixed7_ungated.json,78398,ca294055ef866863f071dee7487bae210b669f495336dc38bd902593c6830183,duplicate audit replay or temporary review build,
reviews/adaptive_validation_perturbation/fresh_adaptive.json,47127,1eaa72ec43f8b89ada54b58e8691ebca74b7692126eee491051be2d255889db6,duplicate audit replay or temporary review build,
reviews/adaptive_validation_perturbation/random_adaptive.json,46625,6e389b103cb827946c6a1a87f46edf5b224df56e8fbf3aec95ace23840a14f24,duplicate audit replay or temporary review build,
reviews/empirical_audit_run.log,4408,8bd5ce1017030ce4901b90a86c2e3ccbeb47a237caef846151e280b0d034b675,build/log/cache or third-party source extraction,
reviews/empirical_replay/data/indefinite_noisy_820000.npz,3994287,f74f62b7b783e03ce3dc37ab0180244897028be4d9925ab67b7d5755774162e9,large generated raw array; regenerate from frozen recipe,experiments/confirmation/data/indefinite_noisy_820000.npz
reviews/empirical_replay/data/indefinite_noisy_820000_access.npz,21612,2249b2642599798a81242a7cba1c00bcf78ea7e75bca4ba9f94ff607a81743d1,large generated raw array; regenerate from frozen recipe,experiments/confirmation/data/indefinite_noisy_820000_access.npz
reviews/empirical_replay/perturbed_fixed7_replay138.json,238762,7e7b7f76af1a20c172cab6b6f8e26d95f3d5965942a476b4dfc63fb54eb16177,duplicate audit replay or temporary review build,
reviews/empirical_replay/perturbed_fresh_residual.json,199171,4dbc6aef51ecde192784f704c87ee46ae13cc3c1c2a6064d56ac6da12f43bb1c,duplicate audit replay or temporary review build,
reviews/empirical_replay/perturbed_historical_moment.json,231985,290d70913730d45036861ef767ccd39b29ff4f2f9159a419279d0eb37c16c1e0,duplicate audit replay or temporary review build,
reviews/empirical_replay/perturbed_learned_probe.json,220262,7729936e40a0801d8743db40df6de4b1927a2dda18e446567d79a2ff8d11f6ac,duplicate audit replay or temporary review build,
reviews/empirical_replay/perturbed_random_matched138.json,196146,aaa8a8a0780a3f38b699e76560826f129b1597a79c9c51c838542dec78a30154,duplicate audit replay or temporary review build,
reviews/empirical_replay/perturbed_random_replay128.json,194523,2f2e9c4f57dc0987f7dbd538ed0a2843b7b6bbefc1b936df0522ca16c68ce5a6,duplicate audit replay or temporary review build,
reviews/empirical_replay/perturbed_reservoir_residual.json,199130,c04805c582efb174e3b0c1c0c0085305ff63699be2ef7c363507300fcb03047d,duplicate audit replay or temporary review build,
reviews/empirical_replay/results/indefinite_noisy_820000.json,2019382,d0be81a66a6ee71eb30457763666e28010d353d205ec0994b604bafa620796cc,duplicate audit replay or temporary review build,
reviews/fullbatch_audit_run.log,2974,3ee5f7d65824a62687cb414af9e170beffdae6c289d16fe47d59347fcfb0b7b9,build/log/cache or third-party source extraction,
reviews/fullbatch_replay/data/indefinite_noisy_850000.npz,3994287,6a75231d0afe70dca90dd2ecdf05dac0b20fb780c59819597d9b5768f33457a4,large generated raw array; regenerate from frozen recipe,experiments/fullbatch_confirmation/data/indefinite_noisy_850000.npz
reviews/fullbatch_replay/data/indefinite_noisy_850000_access.npz,11091,c74a9b39d592d25a3c6672f440d144e2d8e0dd91014a0ceafcfbb6fdf51f9871,large generated raw array; regenerate from frozen recipe,experiments/fullbatch_confirmation/data/indefinite_noisy_850000_access.npz
reviews/fullbatch_replay/results/indefinite_noisy_850000.json,1071639,907ad3a52ce3c7086b553530029f7e882a01033f8a47083d57058769c2fb1389,duplicate audit replay or temporary review build,
reviews/integrated_theory_review.aux,12396,deaece61fcf85405adcf7d9c62e040339e19e0669bb05ea6c54b1dee2b82601b,build/log/cache or third-party source extraction,
reviews/integrated_theory_review.bbl,5556,6c019f52878e1688d41574cf6a4d45e944b591e9077b1e0c75d46e0232c988b5,build/log/cache or third-party source extraction,manuscript/main.bbl
reviews/integrated_theory_review.blg,922,73db6b907359a1396c495508e16dd29405bd35c8f1c9fdba329d9cf6f195dff9,build/log/cache or third-party source extraction,
reviews/integrated_theory_review.log,33186,1dabf708f0640626e2e3b299daab2d2e48adde68e707999a80f8d25f4882b42e,build/log/cache or third-party source extraction,
reviews/integrated_theory_review.out,7189,b7f91a7491ce2f1d40691c6e28733145fbc250481c4b2419021ec65d04ce4e13,build/log/cache or third-party source extraction,
reviews/integrated_theory_review.pdf,522092,6ea1f05b3de95c561c92a566f614396f545e34ea9803b877ce38ab5ca6a23c0b,duplicate audit replay or temporary review build,
reviews/integrated_theory_review.toc,2667,1e5baca24aae9f30f6f815e8da5b02d1ebb95e117c668d40ff4e3e4efec4deb6,build/log/cache or third-party source extraction,
reviews/texput.log,793,d2afa77add7ea5fd8e31a28ba663bf1deedd8f1a0bc927dde71ba74a1d70c646,build/log/cache or third-party source extraction,
reviews/theory_compile_check.aux,2142,ca36df5cf5a6e1844c2e01b56144f7a182a719ae8c869b42e2cf77ff2aa59132,build/log/cache or third-party source extraction,
reviews/theory_compile_check.log,9060,31cf92e70962361ebc9f27bfd76bdaf241731128361d6041e4787c6ac8607714,build/log/cache or third-party source extraction,
reviews/theory_compile_check.pdf,188999,f72b39dbc7ffa728b5321804915e1ca1986511a3224da6ca7982e14ab7fc2a54,duplicate audit replay or temporary review build,
reviews/theory_compile_check.tex,361,60fe915b10f7995e8929e18c8f68aeda0f3bb9c163efc3e8254ceeb31d6ffa6d,duplicate audit replay or temporary review build,
