task,seed,method,event,risk,width,proxy,fit_accesses,proposal_accesses,moment_accesses
null,820000,historical_moment,0,0.2552742079127697,1,1999972,42796,0,1024
null,820000,historical_moment,1,0.26032591527607746,2,1999943,21961,0,1024
null,820000,historical_moment,2,0.25456889546458084,3,1999950,14818,0,1024
null,820000,historical_moment,3,0.26080618555561597,4,1999995,11181,0,1024
null,820000,historical_moment,4,0.26403564094712395,5,1999979,8977,0,1024
null,820000,historical_moment,5,0.2646576695325598,6,1999818,7498,0,1024
null,820000,historical_moment,6,0.26289734550336585,7,1999914,6438,0,1024
null,820001,historical_moment,0,0.2531430866874973,1,1999972,42796,0,1024
null,820001,historical_moment,1,0.26133876785065413,2,1999943,21961,0,1024
null,820001,historical_moment,2,0.25852773376225313,3,1999950,14818,0,1024
null,820001,historical_moment,3,0.25647400195374537,4,1999995,11181,0,1024
null,820001,historical_moment,4,0.257244641397542,5,1999979,8977,0,1024
null,820001,historical_moment,5,0.2555992124371904,6,1999818,7498,0,1024
null,820001,historical_moment,6,0.25393301417082115,7,1999914,6438,0,1024
null,820002,historical_moment,0,0.25475251447467273,1,1999972,42796,0,1024
null,820002,historical_moment,1,0.25835935662434145,2,1999943,21961,0,1024
null,820002,historical_moment,2,0.2568040361173768,3,1999950,14818,0,1024
null,820002,historical_moment,3,0.2575970044494217,4,1999995,11181,0,1024
null,820002,historical_moment,4,0.26658227010512436,5,1999979,8977,0,1024
null,820002,historical_moment,5,0.25733924610010495,6,1999818,7498,0,1024
null,820002,historical_moment,6,0.2571652928368399,7,1999914,6438,0,1024
null,820003,historical_moment,0,0.2548843866861161,1,1999972,42796,0,1024
null,820003,historical_moment,1,0.2563188785166253,2,1999943,21961,0,1024
null,820003,historical_moment,2,0.26255471641100964,3,1999950,14818,0,1024
null,820003,historical_moment,3,0.2633035275620556,4,1999995,11181,0,1024
null,820003,historical_moment,4,0.2609223024048687,5,1999979,8977,0,1024
null,820003,historical_moment,5,0.26307730986394046,6,1999818,7498,0,1024
null,820003,historical_moment,6,0.2750160588175069,7,1999914,6438,0,1024
null,820004,historical_moment,0,0.2538200890394891,1,1999972,42796,0,1024
null,820004,historical_moment,1,0.25372422411666723,2,1999943,21961,0,1024
null,820004,historical_moment,2,0.25888407062478275,3,1999950,14818,0,1024
null,820004,historical_moment,3,0.25726928952235056,4,1999995,11181,0,1024
null,820004,historical_moment,4,0.25515822428939794,5,1999979,8977,0,1024
null,820004,historical_moment,5,0.25921349275794847,6,1999818,7498,0,1024
null,820004,historical_moment,6,0.2627522553736988,7,1999914,6438,0,1024
null,820005,historical_moment,0,0.2573874064876653,1,1999972,42796,0,1024
null,820005,historical_moment,1,0.2641959658288994,2,1999943,21961,0,1024
null,820005,historical_moment,2,0.2586702113332477,3,1999950,14818,0,1024
null,820005,historical_moment,3,0.2567673111097017,4,1999995,11181,0,1024
null,820005,historical_moment,4,0.2582038776817168,5,1999979,8977,0,1024
null,820005,historical_moment,5,0.26466165900981226,6,1999818,7498,0,1024
null,820005,historical_moment,6,0.2577787818326957,7,1999914,6438,0,1024
null,820006,historical_moment,0,0.25530580469754466,1,1999972,42796,0,1024
null,820006,historical_moment,1,0.2572255530560474,2,1999943,21961,0,1024
null,820006,historical_moment,2,0.2532704422154435,3,1999950,14818,0,1024
null,820006,historical_moment,3,0.2600382885956189,4,1999995,11181,0,1024
null,820006,historical_moment,4,0.2544446050461538,5,1999979,8977,0,1024
null,820006,historical_moment,5,0.2571497693007673,6,1999818,7498,0,1024
null,820006,historical_moment,6,0.26306183963703933,7,1999914,6438,0,1024
null,820007,historical_moment,0,0.2551914792014473,1,1999972,42796,0,1024
null,820007,historical_moment,1,0.25648323609513163,2,1999943,21961,0,1024
null,820007,historical_moment,2,0.2566771995194862,3,1999950,14818,0,1024
null,820007,historical_moment,3,0.25973998161516265,4,1999995,11181,0,1024
null,820007,historical_moment,4,0.25853447901527443,5,1999979,8977,0,1024
null,820007,historical_moment,5,0.2599346192722975,6,1999818,7498,0,1024
null,820007,historical_moment,6,0.2595841822942484,7,1999914,6438,0,1024
null,820008,historical_moment,0,0.25447956117759113,1,1999972,42796,0,1024
null,820008,historical_moment,1,0.2606418957099952,2,1999943,21961,0,1024
null,820008,historical_moment,2,0.2611696844355172,3,1999950,14818,0,1024
null,820008,historical_moment,3,0.2564073920240384,4,1999995,11181,0,1024
null,820008,historical_moment,4,0.25850657556613627,5,1999979,8977,0,1024
null,820008,historical_moment,5,0.2573101421655968,6,1999818,7498,0,1024
null,820008,historical_moment,6,0.2622941950068894,7,1999914,6438,0,1024
null,820009,historical_moment,0,0.2550674767363236,1,1999972,42796,0,1024
null,820009,historical_moment,1,0.2598876627012599,2,1999943,21961,0,1024
null,820009,historical_moment,2,0.25613255096118814,3,1999950,14818,0,1024
null,820009,historical_moment,3,0.26028868995674315,4,1999995,11181,0,1024
null,820009,historical_moment,4,0.2598679848158341,5,1999979,8977,0,1024
null,820009,historical_moment,5,0.2652339194734175,6,1999818,7498,0,1024
null,820009,historical_moment,6,0.25906470868394066,7,1999914,6438,0,1024
null,820010,historical_moment,0,0.25382557028023345,1,1999972,42796,0,1024
null,820010,historical_moment,1,0.25961296918888443,2,1999943,21961,0,1024
null,820010,historical_moment,2,0.2591049627241152,3,1999950,14818,0,1024
null,820010,historical_moment,3,0.2547581790745706,4,1999995,11181,0,1024
null,820010,historical_moment,4,0.25822878851748443,5,1999979,8977,0,1024
null,820010,historical_moment,5,0.2564043592661646,6,1999818,7498,0,1024
null,820010,historical_moment,6,0.2536844174173437,7,1999914,6438,0,1024
null,820011,historical_moment,0,0.2545761376321551,1,1999972,42796,0,1024
null,820011,historical_moment,1,0.2567798601812353,2,1999943,21961,0,1024
null,820011,historical_moment,2,0.2604563425088844,3,1999950,14818,0,1024
null,820011,historical_moment,3,0.2563193352962849,4,1999995,11181,0,1024
null,820011,historical_moment,4,0.25651567170823747,5,1999979,8977,0,1024
null,820011,historical_moment,5,0.2643428160865556,6,1999818,7498,0,1024
null,820011,historical_moment,6,0.2614682538939077,7,1999914,6438,0,1024
null,820000,reservoir_residual,0,0.2527994320787261,1,1999973,46511,0,0
null,820000,reservoir_residual,1,0.2605101191039302,2,1999927,23603,138,0
null,820000,reservoir_residual,2,0.2511809135606329,3,1999878,15910,138,0
null,820000,reservoir_residual,3,0.2555658336482773,4,1999877,11993,138,0
null,820000,reservoir_residual,4,0.26819748764906287,5,1999948,9620,138,0
null,820000,reservoir_residual,5,0.2641225606485844,6,1999962,8028,138,0
null,820000,reservoir_residual,6,0.256600525695816,7,1999966,6886,138,0
null,820001,reservoir_residual,0,0.254566051798999,1,1999973,46511,0,0
null,820001,reservoir_residual,1,0.25392737158467354,2,1999927,23603,138,0
null,820001,reservoir_residual,2,0.256778986027981,3,1999878,15910,138,0
null,820001,reservoir_residual,3,0.25884473299775573,4,1999877,11993,138,0
null,820001,reservoir_residual,4,0.259792439667156,5,1999948,9620,138,0
null,820001,reservoir_residual,5,0.2530976611674096,6,1999962,8028,138,0
null,820001,reservoir_residual,6,0.2595176640583631,7,1999966,6886,138,0
null,820002,reservoir_residual,0,0.25520731582844897,1,1999973,46511,0,0
null,820002,reservoir_residual,1,0.2547086861945025,2,1999927,23603,138,0
null,820002,reservoir_residual,2,0.2532873651993402,3,1999878,15910,138,0
null,820002,reservoir_residual,3,0.2583948017962621,4,1999877,11993,138,0
null,820002,reservoir_residual,4,0.2573582606348746,5,1999948,9620,138,0
null,820002,reservoir_residual,5,0.2554766079791315,6,1999962,8028,138,0
null,820002,reservoir_residual,6,0.25655813445863224,7,1999966,6886,138,0
null,820003,reservoir_residual,0,0.2561929753467941,1,1999973,46511,0,0
null,820003,reservoir_residual,1,0.2511063468782603,2,1999927,23603,138,0
null,820003,reservoir_residual,2,0.26084028720766317,3,1999878,15910,138,0
null,820003,reservoir_residual,3,0.259425934877701,4,1999877,11993,138,0
null,820003,reservoir_residual,4,0.2583251819775677,5,1999948,9620,138,0
null,820003,reservoir_residual,5,0.25695142921198993,6,1999962,8028,138,0
null,820003,reservoir_residual,6,0.25990890821350304,7,1999966,6886,138,0
null,820004,reservoir_residual,0,0.2544223464473655,1,1999973,46511,0,0
null,820004,reservoir_residual,1,0.25667787161093725,2,1999927,23603,138,0
null,820004,reservoir_residual,2,0.25757606709016906,3,1999878,15910,138,0
null,820004,reservoir_residual,3,0.25285644720345585,4,1999877,11993,138,0
null,820004,reservoir_residual,4,0.25784116198269896,5,1999948,9620,138,0
null,820004,reservoir_residual,5,0.2540456620851841,6,1999962,8028,138,0
null,820004,reservoir_residual,6,0.26017569662275086,7,1999966,6886,138,0
null,820005,reservoir_residual,0,0.2585239182224851,1,1999973,46511,0,0
null,820005,reservoir_residual,1,0.2580773483436946,2,1999927,23603,138,0
null,820005,reservoir_residual,2,0.2570634233700758,3,1999878,15910,138,0
null,820005,reservoir_residual,3,0.2601216812555635,4,1999877,11993,138,0
null,820005,reservoir_residual,4,0.2571355013333369,5,1999948,9620,138,0
null,820005,reservoir_residual,5,0.25918515380771234,6,1999962,8028,138,0
null,820005,reservoir_residual,6,0.25560363651542595,7,1999966,6886,138,0
null,820006,reservoir_residual,0,0.25488758146445106,1,1999973,46511,0,0
null,820006,reservoir_residual,1,0.2509546289306658,2,1999927,23603,138,0
null,820006,reservoir_residual,2,0.25672038514885664,3,1999878,15910,138,0
null,820006,reservoir_residual,3,0.2550228086681725,4,1999877,11993,138,0
null,820006,reservoir_residual,4,0.25688525920312444,5,1999948,9620,138,0
null,820006,reservoir_residual,5,0.2519587543603681,6,1999962,8028,138,0
null,820006,reservoir_residual,6,0.2588678821727395,7,1999966,6886,138,0
null,820007,reservoir_residual,0,0.25574677260132495,1,1999973,46511,0,0
null,820007,reservoir_residual,1,0.2528438786079976,2,1999927,23603,138,0
null,820007,reservoir_residual,2,0.26304270352129794,3,1999878,15910,138,0
null,820007,reservoir_residual,3,0.259806433271152,4,1999877,11993,138,0
null,820007,reservoir_residual,4,0.2547223293245988,5,1999948,9620,138,0
null,820007,reservoir_residual,5,0.25283808029708676,6,1999962,8028,138,0
null,820007,reservoir_residual,6,0.25846617010491485,7,1999966,6886,138,0
null,820008,reservoir_residual,0,0.2555067028448165,1,1999973,46511,0,0
null,820008,reservoir_residual,1,0.252844648102865,2,1999927,23603,138,0
null,820008,reservoir_residual,2,0.25792682800491895,3,1999878,15910,138,0
null,820008,reservoir_residual,3,0.26322664622401776,4,1999877,11993,138,0
null,820008,reservoir_residual,4,0.2571634685018548,5,1999948,9620,138,0
null,820008,reservoir_residual,5,0.2558540894373463,6,1999962,8028,138,0
null,820008,reservoir_residual,6,0.26172253048109667,7,1999966,6886,138,0
null,820009,reservoir_residual,0,0.25730243618138815,1,1999973,46511,0,0
null,820009,reservoir_residual,1,0.25813627620180424,2,1999927,23603,138,0
null,820009,reservoir_residual,2,0.2604213332636804,3,1999878,15910,138,0
null,820009,reservoir_residual,3,0.27597981088813295,4,1999877,11993,138,0
null,820009,reservoir_residual,4,0.2593365062302392,5,1999948,9620,138,0
null,820009,reservoir_residual,5,0.25468348732485707,6,1999962,8028,138,0
null,820009,reservoir_residual,6,0.2553542363187136,7,1999966,6886,138,0
null,820010,reservoir_residual,0,0.25502872390676445,1,1999973,46511,0,0
null,820010,reservoir_residual,1,0.25409799084626655,2,1999927,23603,138,0
null,820010,reservoir_residual,2,0.25972665136001144,3,1999878,15910,138,0
null,820010,reservoir_residual,3,0.26211111514146973,4,1999877,11993,138,0
null,820010,reservoir_residual,4,0.26012694679290094,5,1999948,9620,138,0
null,820010,reservoir_residual,5,0.25277390613363865,6,1999962,8028,138,0
null,820010,reservoir_residual,6,0.2533905712769007,7,1999966,6886,138,0
null,820011,reservoir_residual,0,0.2539635441707404,1,1999973,46511,0,0
null,820011,reservoir_residual,1,0.2666105810344211,2,1999927,23603,138,0
null,820011,reservoir_residual,2,0.2560567144536243,3,1999878,15910,138,0
null,820011,reservoir_residual,3,0.25747467345833724,4,1999877,11993,138,0
null,820011,reservoir_residual,4,0.2602522169176803,5,1999948,9620,138,0
null,820011,reservoir_residual,5,0.2564196293822074,6,1999962,8028,138,0
null,820011,reservoir_residual,6,0.2609551220155317,7,1999966,6886,138,0
null,820000,fresh_residual,0,0.2527994320787261,1,1999973,46511,0,0
null,820000,fresh_residual,1,0.25650635975139036,2,1999958,21778,1024,0
null,820000,fresh_residual,2,0.2536153517894636,3,1999977,14571,1024,0
null,820000,fresh_residual,3,0.2505373465549613,4,1999967,10901,1024,0
null,820000,fresh_residual,4,0.2563996907247588,5,1999895,8677,1024,0
null,820000,fresh_residual,5,0.2530452546145801,6,1999779,7185,1024,0
null,820000,fresh_residual,6,0.2604124535623642,7,1999729,6115,1024,0
null,820001,fresh_residual,0,0.254566051798999,1,1999973,46511,0,0
null,820001,fresh_residual,1,0.25876274942273364,2,1999958,21778,1024,0
null,820001,fresh_residual,2,0.2579890427807619,3,1999977,14571,1024,0
null,820001,fresh_residual,3,0.2570318989322485,4,1999967,10901,1024,0
null,820001,fresh_residual,4,0.2583052594859692,5,1999895,8677,1024,0
null,820001,fresh_residual,5,0.2572436399751368,6,1999779,7185,1024,0
null,820001,fresh_residual,6,0.2509459412333143,7,1999729,6115,1024,0
null,820002,fresh_residual,0,0.25520731582844897,1,1999973,46511,0,0
null,820002,fresh_residual,1,0.25799054828882023,2,1999958,21778,1024,0
null,820002,fresh_residual,2,0.2536240331646797,3,1999977,14571,1024,0
null,820002,fresh_residual,3,0.2540568285023057,4,1999967,10901,1024,0
null,820002,fresh_residual,4,0.2644518085591818,5,1999895,8677,1024,0
null,820002,fresh_residual,5,0.25655117610324,6,1999779,7185,1024,0
null,820002,fresh_residual,6,0.25918639084239165,7,1999729,6115,1024,0
null,820003,fresh_residual,0,0.2561929753467941,1,1999973,46511,0,0
null,820003,fresh_residual,1,0.253647248611547,2,1999958,21778,1024,0
null,820003,fresh_residual,2,0.2646602943295473,3,1999977,14571,1024,0
null,820003,fresh_residual,3,0.26382855288452894,4,1999967,10901,1024,0
null,820003,fresh_residual,4,0.25343052877477,5,1999895,8677,1024,0
null,820003,fresh_residual,5,0.2627332578899334,6,1999779,7185,1024,0
null,820003,fresh_residual,6,0.26857500711835963,7,1999729,6115,1024,0
null,820004,fresh_residual,0,0.2544223464473655,1,1999973,46511,0,0
null,820004,fresh_residual,1,0.2526298999187281,2,1999958,21778,1024,0
null,820004,fresh_residual,2,0.25377702232941324,3,1999977,14571,1024,0
null,820004,fresh_residual,3,0.25371973869383113,4,1999967,10901,1024,0
null,820004,fresh_residual,4,0.25296367251904445,5,1999895,8677,1024,0
null,820004,fresh_residual,5,0.2547989708601004,6,1999779,7185,1024,0
null,820004,fresh_residual,6,0.2584560207913398,7,1999729,6115,1024,0
null,820005,fresh_residual,0,0.2585239182224851,1,1999973,46511,0,0
null,820005,fresh_residual,1,0.2624468995388381,2,1999958,21778,1024,0
null,820005,fresh_residual,2,0.25489683810777064,3,1999977,14571,1024,0
null,820005,fresh_residual,3,0.2545631960979974,4,1999967,10901,1024,0
null,820005,fresh_residual,4,0.2541637808845251,5,1999895,8677,1024,0
null,820005,fresh_residual,5,0.2585315975834575,6,1999779,7185,1024,0
null,820005,fresh_residual,6,0.2527647648921741,7,1999729,6115,1024,0
null,820006,fresh_residual,0,0.25488758146445106,1,1999973,46511,0,0
null,820006,fresh_residual,1,0.2521345900152706,2,1999958,21778,1024,0
null,820006,fresh_residual,2,0.2605392516296671,3,1999977,14571,1024,0
null,820006,fresh_residual,3,0.25898556389111305,4,1999967,10901,1024,0
null,820006,fresh_residual,4,0.26334809822718497,5,1999895,8677,1024,0
null,820006,fresh_residual,5,0.25591690122007626,6,1999779,7185,1024,0
null,820006,fresh_residual,6,0.26588087931050325,7,1999729,6115,1024,0
null,820007,fresh_residual,0,0.25574677260132495,1,1999973,46511,0,0
null,820007,fresh_residual,1,0.2578753661957879,2,1999958,21778,1024,0
null,820007,fresh_residual,2,0.2563396601100286,3,1999977,14571,1024,0
null,820007,fresh_residual,3,0.2673873551891901,4,1999967,10901,1024,0
null,820007,fresh_residual,4,0.25711394821078487,5,1999895,8677,1024,0
null,820007,fresh_residual,5,0.2542378914318156,6,1999779,7185,1024,0
null,820007,fresh_residual,6,0.2546613580572713,7,1999729,6115,1024,0
null,820008,fresh_residual,0,0.2555067028448165,1,1999973,46511,0,0
null,820008,fresh_residual,1,0.2580900916238496,2,1999958,21778,1024,0
null,820008,fresh_residual,2,0.2618172886156178,3,1999977,14571,1024,0
null,820008,fresh_residual,3,0.2671568597349526,4,1999967,10901,1024,0
null,820008,fresh_residual,4,0.25737519868690106,5,1999895,8677,1024,0
null,820008,fresh_residual,5,0.256234782974538,6,1999779,7185,1024,0
null,820008,fresh_residual,6,0.26705343550169297,7,1999729,6115,1024,0
null,820009,fresh_residual,0,0.25730243618138815,1,1999973,46511,0,0
null,820009,fresh_residual,1,0.2517663336828464,2,1999958,21778,1024,0
null,820009,fresh_residual,2,0.25444889969399814,3,1999977,14571,1024,0
null,820009,fresh_residual,3,0.25587058058214296,4,1999967,10901,1024,0
null,820009,fresh_residual,4,0.2553185597509082,5,1999895,8677,1024,0
null,820009,fresh_residual,5,0.2599870315685283,6,1999779,7185,1024,0
null,820009,fresh_residual,6,0.2512730798615144,7,1999729,6115,1024,0
null,820010,fresh_residual,0,0.25502872390676445,1,1999973,46511,0,0
null,820010,fresh_residual,1,0.2562763008838889,2,1999958,21778,1024,0
null,820010,fresh_residual,2,0.26379264891963267,3,1999977,14571,1024,0
null,820010,fresh_residual,3,0.25332685684823025,4,1999967,10901,1024,0
null,820010,fresh_residual,4,0.2586795225233114,5,1999895,8677,1024,0
null,820010,fresh_residual,5,0.2585515740719309,6,1999779,7185,1024,0
null,820010,fresh_residual,6,0.2527233903870134,7,1999729,6115,1024,0
null,820011,fresh_residual,0,0.2539635441707404,1,1999973,46511,0,0
null,820011,fresh_residual,1,0.26018674856172813,2,1999958,21778,1024,0
null,820011,fresh_residual,2,0.25539774003394666,3,1999977,14571,1024,0
null,820011,fresh_residual,3,0.2553028359934081,4,1999967,10901,1024,0
null,820011,fresh_residual,4,0.26023911952443857,5,1999895,8677,1024,0
null,820011,fresh_residual,5,0.25652046510059257,6,1999779,7185,1024,0
null,820011,fresh_residual,6,0.25765456045278756,7,1999729,6115,1024,0
null,820000,learned_probe,0,0.2527994320787261,1,1999973,46511,0,0
null,820000,learned_probe,1,0.25454357286215673,2,1999929,15203,2698,0
null,820000,learned_probe,2,0.2533265083194134,3,1999964,9996,2698,0
null,820000,learned_probe,3,0.2516381176583467,4,1999904,7344,2698,0
null,820000,learned_probe,4,0.2564785713153874,5,1999819,5737,2698,0
null,820000,learned_probe,5,0.2558514386020326,6,1999964,4660,2698,0
null,820000,learned_probe,6,0.2529654580188016,7,1999981,3887,2698,0
null,820001,learned_probe,0,0.254566051798999,1,1999973,46511,0,0
null,820001,learned_probe,1,0.25497986239223625,2,1999929,15203,2698,0
null,820001,learned_probe,2,0.2557605374873946,3,1999964,9996,2698,0
null,820001,learned_probe,3,0.2542827838172996,4,1999904,7344,2698,0
null,820001,learned_probe,4,0.2544950640296645,5,1999819,5737,2698,0
null,820001,learned_probe,5,0.2539753832941926,6,1999964,4660,2698,0
null,820001,learned_probe,6,0.253685378661114,7,1999981,3887,2698,0
null,820002,learned_probe,0,0.25520731582844897,1,1999973,46511,0,0
null,820002,learned_probe,1,0.2511514091474713,2,1999929,15203,2698,0
null,820002,learned_probe,2,0.25637382050791463,3,1999964,9996,2698,0
null,820002,learned_probe,3,0.2584423357381542,4,1999904,7344,2698,0
null,820002,learned_probe,4,0.25877035604957904,5,1999819,5737,2698,0
null,820002,learned_probe,5,0.2523215462046994,6,1999964,4660,2698,0
null,820002,learned_probe,6,0.2533883899374058,7,1999981,3887,2698,0
null,820003,learned_probe,0,0.2561929753467941,1,1999973,46511,0,0
null,820003,learned_probe,1,0.2575363691297214,2,1999929,15203,2698,0
null,820003,learned_probe,2,0.2571352251196507,3,1999964,9996,2698,0
null,820003,learned_probe,3,0.2611595490234957,4,1999904,7344,2698,0
null,820003,learned_probe,4,0.26149886346759255,5,1999819,5737,2698,0
null,820003,learned_probe,5,0.2600163535230317,6,1999964,4660,2698,0
null,820003,learned_probe,6,0.2546432700567644,7,1999981,3887,2698,0
null,820004,learned_probe,0,0.2544223464473655,1,1999973,46511,0,0
null,820004,learned_probe,1,0.2522253734609238,2,1999929,15203,2698,0
null,820004,learned_probe,2,0.25440600472494396,3,1999964,9996,2698,0
null,820004,learned_probe,3,0.2536045570051713,4,1999904,7344,2698,0
null,820004,learned_probe,4,0.2526634501620964,5,1999819,5737,2698,0
null,820004,learned_probe,5,0.25822089133905685,6,1999964,4660,2698,0
null,820004,learned_probe,6,0.2747713182703362,7,1999981,3887,2698,0
null,820005,learned_probe,0,0.2585239182224851,1,1999973,46511,0,0
null,820005,learned_probe,1,0.2604461848567173,2,1999929,15203,2698,0
null,820005,learned_probe,2,0.2520021470861819,3,1999964,9996,2698,0
null,820005,learned_probe,3,0.2519784530593091,4,1999904,7344,2698,0
null,820005,learned_probe,4,0.2566532683232188,5,1999819,5737,2698,0
null,820005,learned_probe,5,0.2567123572484665,6,1999964,4660,2698,0
null,820005,learned_probe,6,0.2575657916135285,7,1999981,3887,2698,0
null,820006,learned_probe,0,0.25488758146445106,1,1999973,46511,0,0
null,820006,learned_probe,1,0.2535708632296884,2,1999929,15203,2698,0
null,820006,learned_probe,2,0.2545115005791164,3,1999964,9996,2698,0
null,820006,learned_probe,3,0.25774564326664257,4,1999904,7344,2698,0
null,820006,learned_probe,4,0.25642136830200746,5,1999819,5737,2698,0
null,820006,learned_probe,5,0.2512521004323934,6,1999964,4660,2698,0
null,820006,learned_probe,6,0.25111232796343497,7,1999981,3887,2698,0
null,820007,learned_probe,0,0.25574677260132495,1,1999973,46511,0,0
null,820007,learned_probe,1,0.25371906640106495,2,1999929,15203,2698,0
null,820007,learned_probe,2,0.25256563359892964,3,1999964,9996,2698,0
null,820007,learned_probe,3,0.2603883870347742,4,1999904,7344,2698,0
null,820007,learned_probe,4,0.25460873883116963,5,1999819,5737,2698,0
null,820007,learned_probe,5,0.2508666334169511,6,1999964,4660,2698,0
null,820007,learned_probe,6,0.2544485526717044,7,1999981,3887,2698,0
null,820008,learned_probe,0,0.2555067028448165,1,1999973,46511,0,0
null,820008,learned_probe,1,0.2570020297545419,2,1999929,15203,2698,0
null,820008,learned_probe,2,0.26440296311525113,3,1999964,9996,2698,0
null,820008,learned_probe,3,0.2532269958170449,4,1999904,7344,2698,0
null,820008,learned_probe,4,0.25235797893100936,5,1999819,5737,2698,0
null,820008,learned_probe,5,0.25862646148683877,6,1999964,4660,2698,0
null,820008,learned_probe,6,0.25972469545067933,7,1999981,3887,2698,0
null,820009,learned_probe,0,0.25730243618138815,1,1999973,46511,0,0
null,820009,learned_probe,1,0.2538957430457724,2,1999929,15203,2698,0
null,820009,learned_probe,2,0.25450358132495604,3,1999964,9996,2698,0
null,820009,learned_probe,3,0.2513540165353886,4,1999904,7344,2698,0
null,820009,learned_probe,4,0.25226620499871544,5,1999819,5737,2698,0
null,820009,learned_probe,5,0.25309741957361004,6,1999964,4660,2698,0
null,820009,learned_probe,6,0.25592630585192844,7,1999981,3887,2698,0
null,820010,learned_probe,0,0.25502872390676445,1,1999973,46511,0,0
null,820010,learned_probe,1,0.25521105488981694,2,1999929,15203,2698,0
null,820010,learned_probe,2,0.2569371581129741,3,1999964,9996,2698,0
null,820010,learned_probe,3,0.25550372730343646,4,1999904,7344,2698,0
null,820010,learned_probe,4,0.25619735427935253,5,1999819,5737,2698,0
null,820010,learned_probe,5,0.25591932195497924,6,1999964,4660,2698,0
null,820010,learned_probe,6,0.252756815939591,7,1999981,3887,2698,0
null,820011,learned_probe,0,0.2539635441707404,1,1999973,46511,0,0
null,820011,learned_probe,1,0.258285005556037,2,1999929,15203,2698,0
null,820011,learned_probe,2,0.2681461041043069,3,1999964,9996,2698,0
null,820011,learned_probe,3,0.2568144989496615,4,1999904,7344,2698,0
null,820011,learned_probe,4,0.25635995838415204,5,1999819,5737,2698,0
null,820011,learned_probe,5,0.2530441427271942,6,1999964,4660,2698,0
null,820011,learned_probe,6,0.26038349401152533,7,1999981,3887,2698,0
null,820000,random_replay128,0,0.2527994320787261,1,1999973,46511,0,0
null,820000,random_replay128,1,0.2564069210764645,2,1999968,24096,0,0
null,820000,random_replay128,2,0.2540537016968837,3,1999980,16260,0,0
null,820000,random_replay128,3,0.2599817687187902,4,1999847,12269,0,0
null,820000,random_replay128,4,0.2607238862616049,5,1999956,9852,0,0
null,820000,random_replay128,5,0.2627346579739464,6,1999890,8230,0,0
null,820000,random_replay128,6,0.2620406630597798,7,1999961,7067,0,0
null,820001,random_replay128,0,0.254566051798999,1,1999973,46511,0,0
null,820001,random_replay128,1,0.25566000985482673,2,1999968,24096,0,0
null,820001,random_replay128,2,0.25604964446551304,3,1999980,16260,0,0
null,820001,random_replay128,3,0.2607262765664474,4,1999847,12269,0,0
null,820001,random_replay128,4,0.25429207729221454,5,1999956,9852,0,0
null,820001,random_replay128,5,0.25765143939200613,6,1999890,8230,0,0
null,820001,random_replay128,6,0.2565180864057901,7,1999961,7067,0,0
null,820002,random_replay128,0,0.25520731582844897,1,1999973,46511,0,0
null,820002,random_replay128,1,0.25667065770130126,2,1999968,24096,0,0
null,820002,random_replay128,2,0.25660517292347673,3,1999980,16260,0,0
null,820002,random_replay128,3,0.2557141306270241,4,1999847,12269,0,0
null,820002,random_replay128,4,0.26041455308052636,5,1999956,9852,0,0
null,820002,random_replay128,5,0.25399556384641764,6,1999890,8230,0,0
null,820002,random_replay128,6,0.25893593757437516,7,1999961,7067,0,0
null,820003,random_replay128,0,0.2561929753467941,1,1999973,46511,0,0
null,820003,random_replay128,1,0.2562324471348436,2,1999968,24096,0,0
null,820003,random_replay128,2,0.25589398676513003,3,1999980,16260,0,0
null,820003,random_replay128,3,0.26217018944037845,4,1999847,12269,0,0
null,820003,random_replay128,4,0.26022819984002277,5,1999956,9852,0,0
null,820003,random_replay128,5,0.2573159128619156,6,1999890,8230,0,0
null,820003,random_replay128,6,0.25778330647472947,7,1999961,7067,0,0
null,820004,random_replay128,0,0.2544223464473655,1,1999973,46511,0,0
null,820004,random_replay128,1,0.25658122900938235,2,1999968,24096,0,0
null,820004,random_replay128,2,0.25928454230254333,3,1999980,16260,0,0
null,820004,random_replay128,3,0.2594767877715594,4,1999847,12269,0,0
null,820004,random_replay128,4,0.25837030796428256,5,1999956,9852,0,0
null,820004,random_replay128,5,0.26051506673283076,6,1999890,8230,0,0
null,820004,random_replay128,6,0.2600051878079869,7,1999961,7067,0,0
null,820005,random_replay128,0,0.2585239182224851,1,1999973,46511,0,0
null,820005,random_replay128,1,0.26023590484404513,2,1999968,24096,0,0
null,820005,random_replay128,2,0.2565536311485158,3,1999980,16260,0,0
null,820005,random_replay128,3,0.2582925872544642,4,1999847,12269,0,0
null,820005,random_replay128,4,0.2560644772726262,5,1999956,9852,0,0
null,820005,random_replay128,5,0.26436804354430915,6,1999890,8230,0,0
null,820005,random_replay128,6,0.25755839596292945,7,1999961,7067,0,0
null,820006,random_replay128,0,0.25488758146445106,1,1999973,46511,0,0
null,820006,random_replay128,1,0.2545993905188471,2,1999968,24096,0,0
null,820006,random_replay128,2,0.25665411225412266,3,1999980,16260,0,0
null,820006,random_replay128,3,0.2602999620322187,4,1999847,12269,0,0
null,820006,random_replay128,4,0.25973249493339606,5,1999956,9852,0,0
null,820006,random_replay128,5,0.25816717767636244,6,1999890,8230,0,0
null,820006,random_replay128,6,0.26000152161368323,7,1999961,7067,0,0
null,820007,random_replay128,0,0.25574677260132495,1,1999973,46511,0,0
null,820007,random_replay128,1,0.2587086405841101,2,1999968,24096,0,0
null,820007,random_replay128,2,0.2555008342033272,3,1999980,16260,0,0
null,820007,random_replay128,3,0.2586464813513959,4,1999847,12269,0,0
null,820007,random_replay128,4,0.2643761882647232,5,1999956,9852,0,0
null,820007,random_replay128,5,0.2534454154105575,6,1999890,8230,0,0
null,820007,random_replay128,6,0.25705699423448386,7,1999961,7067,0,0
null,820008,random_replay128,0,0.2555067028448165,1,1999973,46511,0,0
null,820008,random_replay128,1,0.25836774291737885,2,1999968,24096,0,0
null,820008,random_replay128,2,0.26832252498512543,3,1999980,16260,0,0
null,820008,random_replay128,3,0.25938479696481653,4,1999847,12269,0,0
null,820008,random_replay128,4,0.2582235449641197,5,1999956,9852,0,0
null,820008,random_replay128,5,0.25667579792328415,6,1999890,8230,0,0
null,820008,random_replay128,6,0.25495459958565075,7,1999961,7067,0,0
null,820009,random_replay128,0,0.25730243618138815,1,1999973,46511,0,0
null,820009,random_replay128,1,0.2603844659948576,2,1999968,24096,0,0
null,820009,random_replay128,2,0.2555453399131552,3,1999980,16260,0,0
null,820009,random_replay128,3,0.2638576545511534,4,1999847,12269,0,0
null,820009,random_replay128,4,0.2639000881324823,5,1999956,9852,0,0
null,820009,random_replay128,5,0.2628615106729329,6,1999890,8230,0,0
null,820009,random_replay128,6,0.2593206858478998,7,1999961,7067,0,0
null,820010,random_replay128,0,0.25502872390676445,1,1999973,46511,0,0
null,820010,random_replay128,1,0.25929691457605875,2,1999968,24096,0,0
null,820010,random_replay128,2,0.25956888727633187,3,1999980,16260,0,0
null,820010,random_replay128,3,0.25596853341393977,4,1999847,12269,0,0
null,820010,random_replay128,4,0.25624213025942044,5,1999956,9852,0,0
null,820010,random_replay128,5,0.2554146649831704,6,1999890,8230,0,0
null,820010,random_replay128,6,0.25304116608299343,7,1999961,7067,0,0
null,820011,random_replay128,0,0.2539635441707404,1,1999973,46511,0,0
null,820011,random_replay128,1,0.25645987066809717,2,1999968,24096,0,0
null,820011,random_replay128,2,0.2626687506833968,3,1999980,16260,0,0
null,820011,random_replay128,3,0.2607034098612885,4,1999847,12269,0,0
null,820011,random_replay128,4,0.26712677470403556,5,1999956,9852,0,0
null,820011,random_replay128,5,0.25732626745220394,6,1999890,8230,0,0
null,820011,random_replay128,6,0.26539193906735936,7,1999961,7067,0,0
null,820000,random_matched138,0,0.2527994320787261,1,1999973,46511,0,0
null,820000,random_matched138,1,0.25842069188584177,2,1999968,24096,0,0
null,820000,random_matched138,2,0.2536905544211716,3,1999980,16260,0,0
null,820000,random_matched138,3,0.2511894336090516,4,1999847,12269,0,0
null,820000,random_matched138,4,0.26999090409593407,5,1999956,9852,0,0
null,820000,random_matched138,5,0.2568628018897708,6,1999890,8230,0,0
null,820000,random_matched138,6,0.2596997726479618,7,1999961,7067,0,0
null,820001,random_matched138,0,0.254566051798999,1,1999973,46511,0,0
null,820001,random_matched138,1,0.2562548203389544,2,1999968,24096,0,0
null,820001,random_matched138,2,0.2587393397636228,3,1999980,16260,0,0
null,820001,random_matched138,3,0.2601104784665977,4,1999847,12269,0,0
null,820001,random_matched138,4,0.2625146976677616,5,1999956,9852,0,0
null,820001,random_matched138,5,0.2541305358866208,6,1999890,8230,0,0
null,820001,random_matched138,6,0.2568458277302015,7,1999961,7067,0,0
null,820002,random_matched138,0,0.25520731582844897,1,1999973,46511,0,0
null,820002,random_matched138,1,0.25204278684183073,2,1999968,24096,0,0
null,820002,random_matched138,2,0.2545513370021575,3,1999980,16260,0,0
null,820002,random_matched138,3,0.2575136831680395,4,1999847,12269,0,0
null,820002,random_matched138,4,0.26214186723953725,5,1999956,9852,0,0
null,820002,random_matched138,5,0.26047799098865637,6,1999890,8230,0,0
null,820002,random_matched138,6,0.2559065041729763,7,1999961,7067,0,0
null,820003,random_matched138,0,0.2561929753467941,1,1999973,46511,0,0
null,820003,random_matched138,1,0.2579804401095376,2,1999968,24096,0,0
null,820003,random_matched138,2,0.2596800669950834,3,1999980,16260,0,0
null,820003,random_matched138,3,0.25698513376789717,4,1999847,12269,0,0
null,820003,random_matched138,4,0.2575238142118653,5,1999956,9852,0,0
null,820003,random_matched138,5,0.2591096111160839,6,1999890,8230,0,0
null,820003,random_matched138,6,0.25343505607894307,7,1999961,7067,0,0
null,820004,random_matched138,0,0.2544223464473655,1,1999973,46511,0,0
null,820004,random_matched138,1,0.25959085418703864,2,1999968,24096,0,0
null,820004,random_matched138,2,0.25522531274634136,3,1999980,16260,0,0
null,820004,random_matched138,3,0.2622714784802066,4,1999847,12269,0,0
null,820004,random_matched138,4,0.2574522969299195,5,1999956,9852,0,0
null,820004,random_matched138,5,0.25489283406590846,6,1999890,8230,0,0
null,820004,random_matched138,6,0.25201648140134564,7,1999961,7067,0,0
null,820005,random_matched138,0,0.2585239182224851,1,1999973,46511,0,0
null,820005,random_matched138,1,0.25557788295175754,2,1999968,24096,0,0
null,820005,random_matched138,2,0.25474032178855893,3,1999980,16260,0,0
null,820005,random_matched138,3,0.25384084164424303,4,1999847,12269,0,0
null,820005,random_matched138,4,0.2552163992913863,5,1999956,9852,0,0
null,820005,random_matched138,5,0.2589791978205575,6,1999890,8230,0,0
null,820005,random_matched138,6,0.2637295490604668,7,1999961,7067,0,0
null,820006,random_matched138,0,0.25488758146445106,1,1999973,46511,0,0
null,820006,random_matched138,1,0.2527533696643852,2,1999968,24096,0,0
null,820006,random_matched138,2,0.26302148097835204,3,1999980,16260,0,0
null,820006,random_matched138,3,0.25280638305003544,4,1999847,12269,0,0
null,820006,random_matched138,4,0.2589337817631357,5,1999956,9852,0,0
null,820006,random_matched138,5,0.25224460828100054,6,1999890,8230,0,0
null,820006,random_matched138,6,0.2584725474445489,7,1999961,7067,0,0
null,820007,random_matched138,0,0.25574677260132495,1,1999973,46511,0,0
null,820007,random_matched138,1,0.25256139033733,2,1999968,24096,0,0
null,820007,random_matched138,2,0.2578626053546541,3,1999980,16260,0,0
null,820007,random_matched138,3,0.2583087954431467,4,1999847,12269,0,0
null,820007,random_matched138,4,0.2520774151699442,5,1999956,9852,0,0
null,820007,random_matched138,5,0.25449155763894343,6,1999890,8230,0,0
null,820007,random_matched138,6,0.25467057024184664,7,1999961,7067,0,0
null,820008,random_matched138,0,0.2555067028448165,1,1999973,46511,0,0
null,820008,random_matched138,1,0.25341323160348184,2,1999968,24096,0,0
null,820008,random_matched138,2,0.25877960038267805,3,1999980,16260,0,0
null,820008,random_matched138,3,0.25491791267956737,4,1999847,12269,0,0
null,820008,random_matched138,4,0.2567199273794441,5,1999956,9852,0,0
null,820008,random_matched138,5,0.25701745911587554,6,1999890,8230,0,0
null,820008,random_matched138,6,0.25977623846190256,7,1999961,7067,0,0
null,820009,random_matched138,0,0.25730243618138815,1,1999973,46511,0,0
null,820009,random_matched138,1,0.25727890461765335,2,1999968,24096,0,0
null,820009,random_matched138,2,0.25692793090503824,3,1999980,16260,0,0
null,820009,random_matched138,3,0.2624062140411953,4,1999847,12269,0,0
null,820009,random_matched138,4,0.26122056682468675,5,1999956,9852,0,0
null,820009,random_matched138,5,0.2581905208786854,6,1999890,8230,0,0
null,820009,random_matched138,6,0.2572954011873165,7,1999961,7067,0,0
null,820010,random_matched138,0,0.25502872390676445,1,1999973,46511,0,0
null,820010,random_matched138,1,0.25221962574907325,2,1999968,24096,0,0
null,820010,random_matched138,2,0.2549599927021916,3,1999980,16260,0,0
null,820010,random_matched138,3,0.25898448169324423,4,1999847,12269,0,0
null,820010,random_matched138,4,0.26055380612288975,5,1999956,9852,0,0
null,820010,random_matched138,5,0.2536724940592167,6,1999890,8230,0,0
null,820010,random_matched138,6,0.2630781708838575,7,1999961,7067,0,0
null,820011,random_matched138,0,0.2539635441707404,1,1999973,46511,0,0
null,820011,random_matched138,1,0.2613789030243196,2,1999968,24096,0,0
null,820011,random_matched138,2,0.2621768394960242,3,1999980,16260,0,0
null,820011,random_matched138,3,0.25614650566077435,4,1999847,12269,0,0
null,820011,random_matched138,4,0.25852826801252266,5,1999956,9852,0,0
null,820011,random_matched138,5,0.25409331217278947,6,1999890,8230,0,0
null,820011,random_matched138,6,0.25891928053135005,7,1999961,7067,0,0
null,820000,fixed7_replay138,0,0.2565352193713203,7,1999961,7067,0,0
null,820000,fixed7_replay138,1,0.26346819002105115,7,1999961,7067,0,0
null,820000,fixed7_replay138,2,0.2586960653181984,7,1999961,7067,0,0
null,820000,fixed7_replay138,3,0.2575216390453909,7,1999961,7067,0,0
null,820000,fixed7_replay138,4,0.2645220335285559,7,1999961,7067,0,0
null,820000,fixed7_replay138,5,0.25836923918120513,7,1999961,7067,0,0
null,820000,fixed7_replay138,6,0.26028693642861184,7,1999961,7067,0,0
null,820001,fixed7_replay138,0,0.26411554129219683,7,1999961,7067,0,0
null,820001,fixed7_replay138,1,0.260276646213711,7,1999961,7067,0,0
null,820001,fixed7_replay138,2,0.2520987279620198,7,1999961,7067,0,0
null,820001,fixed7_replay138,3,0.2554641741731943,7,1999961,7067,0,0
null,820001,fixed7_replay138,4,0.2619034787958417,7,1999961,7067,0,0
null,820001,fixed7_replay138,5,0.2561351578447804,7,1999961,7067,0,0
null,820001,fixed7_replay138,6,0.2572039045736136,7,1999961,7067,0,0
null,820002,fixed7_replay138,0,0.2600286875849379,7,1999961,7067,0,0
null,820002,fixed7_replay138,1,0.2611613782169697,7,1999961,7067,0,0
null,820002,fixed7_replay138,2,0.2516003713395582,7,1999961,7067,0,0
null,820002,fixed7_replay138,3,0.2554003022692716,7,1999961,7067,0,0
null,820002,fixed7_replay138,4,0.2571717050698807,7,1999961,7067,0,0
null,820002,fixed7_replay138,5,0.261743006979801,7,1999961,7067,0,0
null,820002,fixed7_replay138,6,0.2618521591619107,7,1999961,7067,0,0
null,820003,fixed7_replay138,0,0.2607709796309567,7,1999961,7067,0,0
null,820003,fixed7_replay138,1,0.2589984161754336,7,1999961,7067,0,0
null,820003,fixed7_replay138,2,0.25647286239287986,7,1999961,7067,0,0
null,820003,fixed7_replay138,3,0.2620824350158209,7,1999961,7067,0,0
null,820003,fixed7_replay138,4,0.2572104169084403,7,1999961,7067,0,0
null,820003,fixed7_replay138,5,0.25873703616915406,7,1999961,7067,0,0
null,820003,fixed7_replay138,6,0.25465886822681233,7,1999961,7067,0,0
null,820004,fixed7_replay138,0,0.26136198307547354,7,1999961,7067,0,0
null,820004,fixed7_replay138,1,0.25430047701421277,7,1999961,7067,0,0
null,820004,fixed7_replay138,2,0.2565371255535278,7,1999961,7067,0,0
null,820004,fixed7_replay138,3,0.2582488364729645,7,1999961,7067,0,0
null,820004,fixed7_replay138,4,0.2568831224233062,7,1999961,7067,0,0
null,820004,fixed7_replay138,5,0.2552411167754279,7,1999961,7067,0,0
null,820004,fixed7_replay138,6,0.2539328037030052,7,1999961,7067,0,0
null,820005,fixed7_replay138,0,0.27392208985756605,7,1999961,7067,0,0
null,820005,fixed7_replay138,1,0.26531667869921854,7,1999961,7067,0,0
null,820005,fixed7_replay138,2,0.2601349247810463,7,1999961,7067,0,0
null,820005,fixed7_replay138,3,0.2559850742249813,7,1999961,7067,0,0
null,820005,fixed7_replay138,4,0.25660429492643777,7,1999961,7067,0,0
null,820005,fixed7_replay138,5,0.25603312719380783,7,1999961,7067,0,0
null,820005,fixed7_replay138,6,0.2551184382333864,7,1999961,7067,0,0
null,820006,fixed7_replay138,0,0.2627893977703912,7,1999961,7067,0,0
null,820006,fixed7_replay138,1,0.25704433521660136,7,1999961,7067,0,0
null,820006,fixed7_replay138,2,0.25215789173816644,7,1999961,7067,0,0
null,820006,fixed7_replay138,3,0.2579272098339632,7,1999961,7067,0,0
null,820006,fixed7_replay138,4,0.25311316665767253,7,1999961,7067,0,0
null,820006,fixed7_replay138,5,0.25179022995812017,7,1999961,7067,0,0
null,820006,fixed7_replay138,6,0.2580827559468943,7,1999961,7067,0,0
null,820007,fixed7_replay138,0,0.2636929082139344,7,1999961,7067,0,0
null,820007,fixed7_replay138,1,0.26015625605321707,7,1999961,7067,0,0
null,820007,fixed7_replay138,2,0.2567896530437567,7,1999961,7067,0,0
null,820007,fixed7_replay138,3,0.25724987567333846,7,1999961,7067,0,0
null,820007,fixed7_replay138,4,0.2627125412892286,7,1999961,7067,0,0
null,820007,fixed7_replay138,5,0.25717829455198465,7,1999961,7067,0,0
null,820007,fixed7_replay138,6,0.25668190843385225,7,1999961,7067,0,0
null,820008,fixed7_replay138,0,0.2578878237721865,7,1999961,7067,0,0
null,820008,fixed7_replay138,1,0.2535021302234833,7,1999961,7067,0,0
null,820008,fixed7_replay138,2,0.2659956771319181,7,1999961,7067,0,0
null,820008,fixed7_replay138,3,0.2610485521222964,7,1999961,7067,0,0
null,820008,fixed7_replay138,4,0.2590933128229089,7,1999961,7067,0,0
null,820008,fixed7_replay138,5,0.2588054809124516,7,1999961,7067,0,0
null,820008,fixed7_replay138,6,0.26040658735090627,7,1999961,7067,0,0
null,820009,fixed7_replay138,0,0.2646142888976251,7,1999961,7067,0,0
null,820009,fixed7_replay138,1,0.2557120496357628,7,1999961,7067,0,0
null,820009,fixed7_replay138,2,0.25790246165375963,7,1999961,7067,0,0
null,820009,fixed7_replay138,3,0.25567944954624744,7,1999961,7067,0,0
null,820009,fixed7_replay138,4,0.25587441549170914,7,1999961,7067,0,0
null,820009,fixed7_replay138,5,0.2560527375164436,7,1999961,7067,0,0
null,820009,fixed7_replay138,6,0.2543724687032435,7,1999961,7067,0,0
null,820010,fixed7_replay138,0,0.26320965821501835,7,1999961,7067,0,0
null,820010,fixed7_replay138,1,0.2540315268510839,7,1999961,7067,0,0
null,820010,fixed7_replay138,2,0.26452812586682983,7,1999961,7067,0,0
null,820010,fixed7_replay138,3,0.26116257463503467,7,1999961,7067,0,0
null,820010,fixed7_replay138,4,0.2556337994967719,7,1999961,7067,0,0
null,820010,fixed7_replay138,5,0.25897120778251453,7,1999961,7067,0,0
null,820010,fixed7_replay138,6,0.2547357526739564,7,1999961,7067,0,0
null,820011,fixed7_replay138,0,0.2602534271536005,7,1999961,7067,0,0
null,820011,fixed7_replay138,1,0.25834064803292695,7,1999961,7067,0,0
null,820011,fixed7_replay138,2,0.25695261911357403,7,1999961,7067,0,0
null,820011,fixed7_replay138,3,0.2594021486492014,7,1999961,7067,0,0
null,820011,fixed7_replay138,4,0.2552041277355301,7,1999961,7067,0,0
null,820011,fixed7_replay138,5,0.26004195598337987,7,1999961,7067,0,0
null,820011,fixed7_replay138,6,0.25608205048552624,7,1999961,7067,0,0
lowrank_noiseless,820000,historical_moment,0,0.4136485657457878,1,1999972,42796,0,1024
lowrank_noiseless,820000,historical_moment,1,3.147393965458637e-08,2,1999943,21961,0,1024
lowrank_noiseless,820000,historical_moment,2,2.0461520816652506e-07,3,1999950,14818,0,1024
lowrank_noiseless,820000,historical_moment,3,6.840871700220844e-07,4,1999995,11181,0,1024
lowrank_noiseless,820000,historical_moment,4,3.0270708355227552e-06,5,1999979,8977,0,1024
lowrank_noiseless,820000,historical_moment,5,1.3681609718512849e-05,6,1999818,7498,0,1024
lowrank_noiseless,820000,historical_moment,6,5.594607428386619e-06,7,1999914,6438,0,1024
lowrank_noiseless,820001,historical_moment,0,0.40932231013318215,1,1999972,42796,0,1024
lowrank_noiseless,820001,historical_moment,1,9.955433953909451e-09,2,1999943,21961,0,1024
lowrank_noiseless,820001,historical_moment,2,1.3839812396861917e-07,3,1999950,14818,0,1024
lowrank_noiseless,820001,historical_moment,3,6.504085953462135e-08,4,1999995,11181,0,1024
lowrank_noiseless,820001,historical_moment,4,2.410510674448534e-06,5,1999979,8977,0,1024
lowrank_noiseless,820001,historical_moment,5,5.8673763835003495e-06,6,1999818,7498,0,1024
lowrank_noiseless,820001,historical_moment,6,1.4684726893133023e-05,7,1999914,6438,0,1024
lowrank_noiseless,820002,historical_moment,0,0.41609760527798695,1,1999972,42796,0,1024
lowrank_noiseless,820002,historical_moment,1,4.2113537616694246e-08,2,1999943,21961,0,1024
lowrank_noiseless,820002,historical_moment,2,1.0650952731080188e-07,3,1999950,14818,0,1024
lowrank_noiseless,820002,historical_moment,3,2.5520717282377123e-07,4,1999995,11181,0,1024
lowrank_noiseless,820002,historical_moment,4,1.0344255387438073e-06,5,1999979,8977,0,1024
lowrank_noiseless,820002,historical_moment,5,1.4682320143740315e-05,6,1999818,7498,0,1024
lowrank_noiseless,820002,historical_moment,6,8.709061372954034e-06,7,1999914,6438,0,1024
lowrank_noiseless,820003,historical_moment,0,0.4060564570579469,1,1999972,42796,0,1024
lowrank_noiseless,820003,historical_moment,1,1.288543862483153e-06,2,1999943,21961,0,1024
lowrank_noiseless,820003,historical_moment,2,7.488162945597193e-07,3,1999950,14818,0,1024
lowrank_noiseless,820003,historical_moment,3,2.6906718801376336e-07,4,1999995,11181,0,1024
lowrank_noiseless,820003,historical_moment,4,1.3557891453751377e-06,5,1999979,8977,0,1024
lowrank_noiseless,820003,historical_moment,5,2.454628268531802e-06,6,1999818,7498,0,1024
lowrank_noiseless,820003,historical_moment,6,7.24718905538287e-06,7,1999914,6438,0,1024
lowrank_noiseless,820004,historical_moment,0,0.4130918305790844,1,1999972,42796,0,1024
lowrank_noiseless,820004,historical_moment,1,1.2423821344919491e-08,2,1999943,21961,0,1024
lowrank_noiseless,820004,historical_moment,2,1.624181127150143e-07,3,1999950,14818,0,1024
lowrank_noiseless,820004,historical_moment,3,1.0542719418435463e-06,4,1999995,11181,0,1024
lowrank_noiseless,820004,historical_moment,4,1.041036103606551e-06,5,1999979,8977,0,1024
lowrank_noiseless,820004,historical_moment,5,3.402235141877087e-06,6,1999818,7498,0,1024
lowrank_noiseless,820004,historical_moment,6,1.8587467511728376e-05,7,1999914,6438,0,1024
lowrank_noiseless,820005,historical_moment,0,0.42997061301272466,1,1999972,42796,0,1024
lowrank_noiseless,820005,historical_moment,1,3.401149517829856e-08,2,1999943,21961,0,1024
lowrank_noiseless,820005,historical_moment,2,5.386565413768084e-09,3,1999950,14818,0,1024
lowrank_noiseless,820005,historical_moment,3,9.186707526387235e-08,4,1999995,11181,0,1024
lowrank_noiseless,820005,historical_moment,4,1.7265915437204806e-06,5,1999979,8977,0,1024
lowrank_noiseless,820005,historical_moment,5,1.1945148008479564e-05,6,1999818,7498,0,1024
lowrank_noiseless,820005,historical_moment,6,2.0221028271374223e-05,7,1999914,6438,0,1024
lowrank_noiseless,820006,historical_moment,0,0.4215345483504501,1,1999972,42796,0,1024
lowrank_noiseless,820006,historical_moment,1,1.9320846438078365e-08,2,1999943,21961,0,1024
lowrank_noiseless,820006,historical_moment,2,2.521149417427908e-08,3,1999950,14818,0,1024
lowrank_noiseless,820006,historical_moment,3,2.3614492405697058e-07,4,1999995,11181,0,1024
lowrank_noiseless,820006,historical_moment,4,1.6278037517692995e-06,5,1999979,8977,0,1024
lowrank_noiseless,820006,historical_moment,5,1.4725507527526818e-05,6,1999818,7498,0,1024
lowrank_noiseless,820006,historical_moment,6,4.213373252305778e-05,7,1999914,6438,0,1024
lowrank_noiseless,820007,historical_moment,0,0.41090302878691076,1,1999972,42796,0,1024
lowrank_noiseless,820007,historical_moment,1,1.023096516650496e-07,2,1999943,21961,0,1024
lowrank_noiseless,820007,historical_moment,2,1.1283519290466704e-07,3,1999950,14818,0,1024
lowrank_noiseless,820007,historical_moment,3,7.499905874011075e-08,4,1999995,11181,0,1024
lowrank_noiseless,820007,historical_moment,4,7.194690004391696e-06,5,1999979,8977,0,1024
lowrank_noiseless,820007,historical_moment,5,6.412168151775766e-06,6,1999818,7498,0,1024
lowrank_noiseless,820007,historical_moment,6,1.192258473724055e-05,7,1999914,6438,0,1024
lowrank_noiseless,820008,historical_moment,0,0.4114643493023467,1,1999972,42796,0,1024
lowrank_noiseless,820008,historical_moment,1,2.439543319529021e-08,2,1999943,21961,0,1024
lowrank_noiseless,820008,historical_moment,2,1.9023657265763404e-07,3,1999950,14818,0,1024
lowrank_noiseless,820008,historical_moment,3,7.821130051171691e-07,4,1999995,11181,0,1024
lowrank_noiseless,820008,historical_moment,4,1.0122162226004036e-05,5,1999979,8977,0,1024
lowrank_noiseless,820008,historical_moment,5,2.688449951307088e-06,6,1999818,7498,0,1024
lowrank_noiseless,820008,historical_moment,6,4.33014514204668e-06,7,1999914,6438,0,1024
lowrank_noiseless,820009,historical_moment,0,0.4137105920057315,1,1999972,42796,0,1024
lowrank_noiseless,820009,historical_moment,1,2.4516615047906112e-08,2,1999943,21961,0,1024
lowrank_noiseless,820009,historical_moment,2,5.6275470858786545e-08,3,1999950,14818,0,1024
lowrank_noiseless,820009,historical_moment,3,6.491874517231686e-07,4,1999995,11181,0,1024
lowrank_noiseless,820009,historical_moment,4,5.383866795241912e-07,5,1999979,8977,0,1024
lowrank_noiseless,820009,historical_moment,5,3.812211379290555e-06,6,1999818,7498,0,1024
lowrank_noiseless,820009,historical_moment,6,8.039577372606016e-06,7,1999914,6438,0,1024
lowrank_noiseless,820010,historical_moment,0,0.4120407811035488,1,1999972,42796,0,1024
lowrank_noiseless,820010,historical_moment,1,2.5378821555825337e-08,2,1999943,21961,0,1024
lowrank_noiseless,820010,historical_moment,2,9.991300310524349e-08,3,1999950,14818,0,1024
lowrank_noiseless,820010,historical_moment,3,3.8125943850818307e-07,4,1999995,11181,0,1024
lowrank_noiseless,820010,historical_moment,4,9.224476277805016e-07,5,1999979,8977,0,1024
lowrank_noiseless,820010,historical_moment,5,3.990620088550526e-06,6,1999818,7498,0,1024
lowrank_noiseless,820010,historical_moment,6,5.112824851998763e-05,7,1999914,6438,0,1024
lowrank_noiseless,820011,historical_moment,0,1.708961007851163,1,1999972,42796,0,1024
lowrank_noiseless,820011,historical_moment,1,0.4175807632057972,2,1999943,21961,0,1024
lowrank_noiseless,820011,historical_moment,2,2.367871851652962e-06,3,1999950,14818,0,1024
lowrank_noiseless,820011,historical_moment,3,9.590309338323428e-07,4,1999995,11181,0,1024
lowrank_noiseless,820011,historical_moment,4,3.186255122187849e-06,5,1999979,8977,0,1024
lowrank_noiseless,820011,historical_moment,5,4.488936532429075e-05,6,1999818,7498,0,1024
lowrank_noiseless,820011,historical_moment,6,1.0018785652911124e-05,7,1999914,6438,0,1024
lowrank_noiseless,820000,reservoir_residual,0,0.41490354431775217,1,1999973,46511,0,0
lowrank_noiseless,820000,reservoir_residual,1,3.78152842982433e-08,2,1999927,23603,138,0
lowrank_noiseless,820000,reservoir_residual,2,5.668059335407128e-07,3,1999878,15910,138,0
lowrank_noiseless,820000,reservoir_residual,3,7.467011867577404e-07,4,1999877,11993,138,0
lowrank_noiseless,820000,reservoir_residual,4,2.3482769951503074e-05,5,1999948,9620,138,0
lowrank_noiseless,820000,reservoir_residual,5,1.0548937329325434e-05,6,1999962,8028,138,0
lowrank_noiseless,820000,reservoir_residual,6,2.3387390115308016e-05,7,1999966,6886,138,0
lowrank_noiseless,820001,reservoir_residual,0,0.40942861819604165,1,1999973,46511,0,0
lowrank_noiseless,820001,reservoir_residual,1,7.335746770086009e-08,2,1999927,23603,138,0
lowrank_noiseless,820001,reservoir_residual,2,4.2408267946766907e-07,3,1999878,15910,138,0
lowrank_noiseless,820001,reservoir_residual,3,3.673517021418186e-07,4,1999877,11993,138,0
lowrank_noiseless,820001,reservoir_residual,4,6.601025717553347e-07,5,1999948,9620,138,0
lowrank_noiseless,820001,reservoir_residual,5,2.976368771100902e-06,6,1999962,8028,138,0
lowrank_noiseless,820001,reservoir_residual,6,2.2744455533663583e-05,7,1999966,6886,138,0
lowrank_noiseless,820002,reservoir_residual,0,0.4175367016189065,1,1999973,46511,0,0
lowrank_noiseless,820002,reservoir_residual,1,1.1646220463706248e-07,2,1999927,23603,138,0
lowrank_noiseless,820002,reservoir_residual,2,3.533250571020874e-06,3,1999878,15910,138,0
lowrank_noiseless,820002,reservoir_residual,3,4.05039675183653e-07,4,1999877,11993,138,0
lowrank_noiseless,820002,reservoir_residual,4,6.389248963722396e-06,5,1999948,9620,138,0
lowrank_noiseless,820002,reservoir_residual,5,5.027632769489844e-06,6,1999962,8028,138,0
lowrank_noiseless,820002,reservoir_residual,6,1.5731718075881683e-05,7,1999966,6886,138,0
lowrank_noiseless,820003,reservoir_residual,0,0.4060649848868985,1,1999973,46511,0,0
lowrank_noiseless,820003,reservoir_residual,1,3.433482435493628e-08,2,1999927,23603,138,0
lowrank_noiseless,820003,reservoir_residual,2,8.864450906567899e-08,3,1999878,15910,138,0
lowrank_noiseless,820003,reservoir_residual,3,2.2591869169737667e-07,4,1999877,11993,138,0
lowrank_noiseless,820003,reservoir_residual,4,2.0388289391493887e-05,5,1999948,9620,138,0
lowrank_noiseless,820003,reservoir_residual,5,3.834714579185907e-06,6,1999962,8028,138,0
lowrank_noiseless,820003,reservoir_residual,6,2.889416632620153e-06,7,1999966,6886,138,0
lowrank_noiseless,820004,reservoir_residual,0,0.4138227476404944,1,1999973,46511,0,0
lowrank_noiseless,820004,reservoir_residual,1,1.1396556759993558e-09,2,1999927,23603,138,0
lowrank_noiseless,820004,reservoir_residual,2,1.5533230669788413e-08,3,1999878,15910,138,0
lowrank_noiseless,820004,reservoir_residual,3,8.70853029152601e-06,4,1999877,11993,138,0
lowrank_noiseless,820004,reservoir_residual,4,6.9050028224065074e-06,5,1999948,9620,138,0
lowrank_noiseless,820004,reservoir_residual,5,3.345608930587082e-06,6,1999962,8028,138,0
lowrank_noiseless,820004,reservoir_residual,6,4.142771501269513e-06,7,1999966,6886,138,0
lowrank_noiseless,820005,reservoir_residual,0,0.4258555073796809,1,1999973,46511,0,0
lowrank_noiseless,820005,reservoir_residual,1,1.0411028159388566e-08,2,1999927,23603,138,0
lowrank_noiseless,820005,reservoir_residual,2,1.5122348247200384e-06,3,1999878,15910,138,0
lowrank_noiseless,820005,reservoir_residual,3,3.7091989371844413e-06,4,1999877,11993,138,0
lowrank_noiseless,820005,reservoir_residual,4,3.916538929848259e-06,5,1999948,9620,138,0
lowrank_noiseless,820005,reservoir_residual,5,1.4947429060655284e-05,6,1999962,8028,138,0
lowrank_noiseless,820005,reservoir_residual,6,2.8933859859243764e-06,7,1999966,6886,138,0
lowrank_noiseless,820006,reservoir_residual,0,0.42171676924458523,1,1999973,46511,0,0
lowrank_noiseless,820006,reservoir_residual,1,9.295726786884925e-08,2,1999927,23603,138,0
lowrank_noiseless,820006,reservoir_residual,2,7.812985812814298e-08,3,1999878,15910,138,0
lowrank_noiseless,820006,reservoir_residual,3,1.654932915914613e-07,4,1999877,11993,138,0
lowrank_noiseless,820006,reservoir_residual,4,1.0730955888023865e-05,5,1999948,9620,138,0
lowrank_noiseless,820006,reservoir_residual,5,1.0917454250274772e-05,6,1999962,8028,138,0
lowrank_noiseless,820006,reservoir_residual,6,3.837639045270965e-05,7,1999966,6886,138,0
lowrank_noiseless,820007,reservoir_residual,0,0.4126760036358876,1,1999973,46511,0,0
lowrank_noiseless,820007,reservoir_residual,1,4.854658719375525e-09,2,1999927,23603,138,0
lowrank_noiseless,820007,reservoir_residual,2,5.505385320513341e-09,3,1999878,15910,138,0
lowrank_noiseless,820007,reservoir_residual,3,1.0099434354502498e-07,4,1999877,11993,138,0
lowrank_noiseless,820007,reservoir_residual,4,3.272219495668865e-06,5,1999948,9620,138,0
lowrank_noiseless,820007,reservoir_residual,5,6.54489301844318e-06,6,1999962,8028,138,0
lowrank_noiseless,820007,reservoir_residual,6,6.828509250961962e-06,7,1999966,6886,138,0
lowrank_noiseless,820008,reservoir_residual,0,0.4122848794743866,1,1999973,46511,0,0
lowrank_noiseless,820008,reservoir_residual,1,1.2098995180575955e-07,2,1999927,23603,138,0
lowrank_noiseless,820008,reservoir_residual,2,1.0136204048372792e-07,3,1999878,15910,138,0
lowrank_noiseless,820008,reservoir_residual,3,1.138144953352816e-06,4,1999877,11993,138,0
lowrank_noiseless,820008,reservoir_residual,4,3.408068435929908e-05,5,1999948,9620,138,0
lowrank_noiseless,820008,reservoir_residual,5,2.9817354733001656e-05,6,1999962,8028,138,0
lowrank_noiseless,820008,reservoir_residual,6,1.2778446614154464e-05,7,1999966,6886,138,0
lowrank_noiseless,820009,reservoir_residual,0,0.41349321402681616,1,1999973,46511,0,0
lowrank_noiseless,820009,reservoir_residual,1,3.501179813868641e-07,2,1999927,23603,138,0
lowrank_noiseless,820009,reservoir_residual,2,9.821950450317838e-09,3,1999878,15910,138,0
lowrank_noiseless,820009,reservoir_residual,3,4.48111650560351e-07,4,1999877,11993,138,0
lowrank_noiseless,820009,reservoir_residual,4,1.7688898848822982e-06,5,1999948,9620,138,0
lowrank_noiseless,820009,reservoir_residual,5,1.0521656461774505e-05,6,1999962,8028,138,0
lowrank_noiseless,820009,reservoir_residual,6,7.910008092841612e-06,7,1999966,6886,138,0
lowrank_noiseless,820010,reservoir_residual,0,0.4182774230026257,1,1999973,46511,0,0
lowrank_noiseless,820010,reservoir_residual,1,1.497468351022165e-08,2,1999927,23603,138,0
lowrank_noiseless,820010,reservoir_residual,2,1.2961751873006305e-08,3,1999878,15910,138,0
lowrank_noiseless,820010,reservoir_residual,3,1.5342561770879036e-06,4,1999877,11993,138,0
lowrank_noiseless,820010,reservoir_residual,4,8.699433660369651e-06,5,1999948,9620,138,0
lowrank_noiseless,820010,reservoir_residual,5,2.6631099579587257e-06,6,1999962,8028,138,0
lowrank_noiseless,820010,reservoir_residual,6,4.694061883500512e-06,7,1999966,6886,138,0
lowrank_noiseless,820011,reservoir_residual,0,1.714589080418244,1,1999973,46511,0,0
lowrank_noiseless,820011,reservoir_residual,1,0.4571306402824534,2,1999927,23603,138,0
lowrank_noiseless,820011,reservoir_residual,2,1.2818036023302822e-06,3,1999878,15910,138,0
lowrank_noiseless,820011,reservoir_residual,3,1.1012202118922042e-07,4,1999877,11993,138,0
lowrank_noiseless,820011,reservoir_residual,4,3.25727114960929e-06,5,1999948,9620,138,0
lowrank_noiseless,820011,reservoir_residual,5,4.155901024201533e-06,6,1999962,8028,138,0
lowrank_noiseless,820011,reservoir_residual,6,7.665559490516984e-06,7,1999966,6886,138,0
lowrank_noiseless,820000,fresh_residual,0,0.41490354431775217,1,1999973,46511,0,0
lowrank_noiseless,820000,fresh_residual,1,3.136325063259658e-08,2,1999958,21778,1024,0
lowrank_noiseless,820000,fresh_residual,2,1.6485177606459148e-07,3,1999977,14571,1024,0
lowrank_noiseless,820000,fresh_residual,3,9.608947331082174e-07,4,1999967,10901,1024,0
lowrank_noiseless,820000,fresh_residual,4,0.000204008974250333,5,1999895,8677,1024,0
lowrank_noiseless,820000,fresh_residual,5,2.556043419074011e-06,6,1999779,7185,1024,0
lowrank_noiseless,820000,fresh_residual,6,6.279587079688929e-05,7,1999729,6115,1024,0
lowrank_noiseless,820001,fresh_residual,0,0.40942861819604165,1,1999973,46511,0,0
lowrank_noiseless,820001,fresh_residual,1,5.972726828383575e-08,2,1999958,21778,1024,0
lowrank_noiseless,820001,fresh_residual,2,1.0345917484792243e-06,3,1999977,14571,1024,0
lowrank_noiseless,820001,fresh_residual,3,1.8110167894959527e-06,4,1999967,10901,1024,0
lowrank_noiseless,820001,fresh_residual,4,1.6965147437790408e-06,5,1999895,8677,1024,0
lowrank_noiseless,820001,fresh_residual,5,3.631768212762201e-05,6,1999779,7185,1024,0
lowrank_noiseless,820001,fresh_residual,6,7.974876659132633e-06,7,1999729,6115,1024,0
lowrank_noiseless,820002,fresh_residual,0,0.4175367016189065,1,1999973,46511,0,0
lowrank_noiseless,820002,fresh_residual,1,1.512996156308978e-08,2,1999958,21778,1024,0
lowrank_noiseless,820002,fresh_residual,2,1.3473012722736e-06,3,1999977,14571,1024,0
lowrank_noiseless,820002,fresh_residual,3,7.824011932232482e-07,4,1999967,10901,1024,0
lowrank_noiseless,820002,fresh_residual,4,2.3528986209131464e-06,5,1999895,8677,1024,0
lowrank_noiseless,820002,fresh_residual,5,2.747930859385755e-05,6,1999779,7185,1024,0
lowrank_noiseless,820002,fresh_residual,6,2.086401839804837e-05,7,1999729,6115,1024,0
lowrank_noiseless,820003,fresh_residual,0,0.4060649848868985,1,1999973,46511,0,0
lowrank_noiseless,820003,fresh_residual,1,3.9902576481032924e-07,2,1999958,21778,1024,0
lowrank_noiseless,820003,fresh_residual,2,1.1729832035554889e-07,3,1999977,14571,1024,0
lowrank_noiseless,820003,fresh_residual,3,4.896657095956257e-07,4,1999967,10901,1024,0
lowrank_noiseless,820003,fresh_residual,4,3.4536574906292593e-06,5,1999895,8677,1024,0
lowrank_noiseless,820003,fresh_residual,5,4.567842994619163e-05,6,1999779,7185,1024,0
lowrank_noiseless,820003,fresh_residual,6,7.763516839098522e-06,7,1999729,6115,1024,0
lowrank_noiseless,820004,fresh_residual,0,0.4138227476404944,1,1999973,46511,0,0
lowrank_noiseless,820004,fresh_residual,1,2.6232728405671243e-08,2,1999958,21778,1024,0
lowrank_noiseless,820004,fresh_residual,2,3.5079380311292504e-08,3,1999977,14571,1024,0
lowrank_noiseless,820004,fresh_residual,3,5.28953542642387e-07,4,1999967,10901,1024,0
lowrank_noiseless,820004,fresh_residual,4,2.336718461464698e-06,5,1999895,8677,1024,0
lowrank_noiseless,820004,fresh_residual,5,1.059843898519645e-05,6,1999779,7185,1024,0
lowrank_noiseless,820004,fresh_residual,6,4.2704311920553104e-05,7,1999729,6115,1024,0
lowrank_noiseless,820005,fresh_residual,0,0.4258555073796809,1,1999973,46511,0,0
lowrank_noiseless,820005,fresh_residual,1,2.5044067643790234e-08,2,1999958,21778,1024,0
lowrank_noiseless,820005,fresh_residual,2,4.184262786007238e-06,3,1999977,14571,1024,0
lowrank_noiseless,820005,fresh_residual,3,5.871680553395495e-07,4,1999967,10901,1024,0
lowrank_noiseless,820005,fresh_residual,4,9.972211533199752e-06,5,1999895,8677,1024,0
lowrank_noiseless,820005,fresh_residual,5,1.231399254397728e-05,6,1999779,7185,1024,0
lowrank_noiseless,820005,fresh_residual,6,1.970490933205117e-05,7,1999729,6115,1024,0
lowrank_noiseless,820006,fresh_residual,0,0.42171676924458523,1,1999973,46511,0,0
lowrank_noiseless,820006,fresh_residual,1,2.0978822739344246e-07,2,1999958,21778,1024,0
lowrank_noiseless,820006,fresh_residual,2,2.1545000808490371e-07,3,1999977,14571,1024,0
lowrank_noiseless,820006,fresh_residual,3,7.247742868665107e-07,4,1999967,10901,1024,0
lowrank_noiseless,820006,fresh_residual,4,5.782489067751611e-06,5,1999895,8677,1024,0
lowrank_noiseless,820006,fresh_residual,5,5.0936610379129776e-05,6,1999779,7185,1024,0
lowrank_noiseless,820006,fresh_residual,6,0.00010911244897012365,7,1999729,6115,1024,0
lowrank_noiseless,820007,fresh_residual,0,0.4126760036358876,1,1999973,46511,0,0
lowrank_noiseless,820007,fresh_residual,1,1.6314843643269628e-06,2,1999958,21778,1024,0
lowrank_noiseless,820007,fresh_residual,2,5.443215890836121e-08,3,1999977,14571,1024,0
lowrank_noiseless,820007,fresh_residual,3,1.9197918441139957e-07,4,1999967,10901,1024,0
lowrank_noiseless,820007,fresh_residual,4,2.434730211179971e-06,5,1999895,8677,1024,0
lowrank_noiseless,820007,fresh_residual,5,1.4899836169745663e-05,6,1999779,7185,1024,0
lowrank_noiseless,820007,fresh_residual,6,7.396478741423023e-05,7,1999729,6115,1024,0
lowrank_noiseless,820008,fresh_residual,0,0.4122848794743866,1,1999973,46511,0,0
lowrank_noiseless,820008,fresh_residual,1,5.396233064807336e-07,2,1999958,21778,1024,0
lowrank_noiseless,820008,fresh_residual,2,2.9006540310578023e-07,3,1999977,14571,1024,0
lowrank_noiseless,820008,fresh_residual,3,2.2057157786353867e-06,4,1999967,10901,1024,0
lowrank_noiseless,820008,fresh_residual,4,5.255917213578813e-06,5,1999895,8677,1024,0
lowrank_noiseless,820008,fresh_residual,5,2.956393603379319e-05,6,1999779,7185,1024,0
lowrank_noiseless,820008,fresh_residual,6,8.730218630955111e-06,7,1999729,6115,1024,0
lowrank_noiseless,820009,fresh_residual,0,0.41349321402681616,1,1999973,46511,0,0
lowrank_noiseless,820009,fresh_residual,1,5.8817623838204243e-08,2,1999958,21778,1024,0
lowrank_noiseless,820009,fresh_residual,2,1.6975091027715973e-07,3,1999977,14571,1024,0
lowrank_noiseless,820009,fresh_residual,3,6.527793804234974e-06,4,1999967,10901,1024,0
lowrank_noiseless,820009,fresh_residual,4,2.586473486012263e-06,5,1999895,8677,1024,0
lowrank_noiseless,820009,fresh_residual,5,1.2138927300450522e-05,6,1999779,7185,1024,0
lowrank_noiseless,820009,fresh_residual,6,0.00014946131995559783,7,1999729,6115,1024,0
lowrank_noiseless,820010,fresh_residual,0,0.4182774230026257,1,1999973,46511,0,0
lowrank_noiseless,820010,fresh_residual,1,2.1606520259706448e-08,2,1999958,21778,1024,0
lowrank_noiseless,820010,fresh_residual,2,9.228439561706837e-08,3,1999977,14571,1024,0
lowrank_noiseless,820010,fresh_residual,3,5.545961658377444e-07,4,1999967,10901,1024,0
lowrank_noiseless,820010,fresh_residual,4,4.5134793377788315e-06,5,1999895,8677,1024,0
lowrank_noiseless,820010,fresh_residual,5,3.791157733157655e-06,6,1999779,7185,1024,0
lowrank_noiseless,820010,fresh_residual,6,1.8899978155165626e-05,7,1999729,6115,1024,0
lowrank_noiseless,820011,fresh_residual,0,1.714589080418244,1,1999973,46511,0,0
lowrank_noiseless,820011,fresh_residual,1,0.48252153275356746,2,1999958,21778,1024,0
lowrank_noiseless,820011,fresh_residual,2,1.5213013332150301e-05,3,1999977,14571,1024,0
lowrank_noiseless,820011,fresh_residual,3,1.1569760867950507e-06,4,1999967,10901,1024,0
lowrank_noiseless,820011,fresh_residual,4,3.4666992264410125e-06,5,1999895,8677,1024,0
lowrank_noiseless,820011,fresh_residual,5,3.2381906535835283e-06,6,1999779,7185,1024,0
lowrank_noiseless,820011,fresh_residual,6,7.980706313508498e-06,7,1999729,6115,1024,0
lowrank_noiseless,820000,learned_probe,0,0.41490354431775217,1,1999973,46511,0,0
lowrank_noiseless,820000,learned_probe,1,0.00012063080984573205,2,1999929,15203,2698,0
lowrank_noiseless,820000,learned_probe,2,2.1907749863581983e-07,3,1999964,9996,2698,0
lowrank_noiseless,820000,learned_probe,3,4.565221290892351e-06,4,1999904,7344,2698,0
lowrank_noiseless,820000,learned_probe,4,6.653237344985662e-05,5,1999819,5737,2698,0
lowrank_noiseless,820000,learned_probe,5,0.00013676903855721663,6,1999964,4660,2698,0
lowrank_noiseless,820000,learned_probe,6,5.350851697293376e-05,7,1999981,3887,2698,0
lowrank_noiseless,820001,learned_probe,0,0.40942861819604165,1,1999973,46511,0,0
lowrank_noiseless,820001,learned_probe,1,1.6769386061552953e-05,2,1999929,15203,2698,0
lowrank_noiseless,820001,learned_probe,2,2.432861760158664e-06,3,1999964,9996,2698,0
lowrank_noiseless,820001,learned_probe,3,4.971000385480369e-06,4,1999904,7344,2698,0
lowrank_noiseless,820001,learned_probe,4,1.2963506136368268e-06,5,1999819,5737,2698,0
lowrank_noiseless,820001,learned_probe,5,2.048369376203776e-05,6,1999964,4660,2698,0
lowrank_noiseless,820001,learned_probe,6,4.4367114994787046e-05,7,1999981,3887,2698,0
lowrank_noiseless,820002,learned_probe,0,0.4175367016189065,1,1999973,46511,0,0
lowrank_noiseless,820002,learned_probe,1,1.5111814306667745e-05,2,1999929,15203,2698,0
lowrank_noiseless,820002,learned_probe,2,5.112212046718617e-07,3,1999964,9996,2698,0
lowrank_noiseless,820002,learned_probe,3,2.4964747805498186e-06,4,1999904,7344,2698,0
lowrank_noiseless,820002,learned_probe,4,1.6300825788515917e-05,5,1999819,5737,2698,0
lowrank_noiseless,820002,learned_probe,5,7.173947191505681e-05,6,1999964,4660,2698,0
lowrank_noiseless,820002,learned_probe,6,2.4628783488228843e-05,7,1999981,3887,2698,0
lowrank_noiseless,820003,learned_probe,0,0.4060649848868985,1,1999973,46511,0,0
lowrank_noiseless,820003,learned_probe,1,3.4529843477941844e-05,2,1999929,15203,2698,0
lowrank_noiseless,820003,learned_probe,2,2.5359755492542814e-07,3,1999964,9996,2698,0
lowrank_noiseless,820003,learned_probe,3,2.4263689102427116e-06,4,1999904,7344,2698,0
lowrank_noiseless,820003,learned_probe,4,7.064929751878353e-06,5,1999819,5737,2698,0
lowrank_noiseless,820003,learned_probe,5,6.732137221164138e-06,6,1999964,4660,2698,0
lowrank_noiseless,820003,learned_probe,6,2.347426135307857e-05,7,1999981,3887,2698,0
lowrank_noiseless,820004,learned_probe,0,0.4138227476404944,1,1999973,46511,0,0
lowrank_noiseless,820004,learned_probe,1,9.629270452267771e-06,2,1999929,15203,2698,0
lowrank_noiseless,820004,learned_probe,2,1.7190679120446887e-07,3,1999964,9996,2698,0
lowrank_noiseless,820004,learned_probe,3,0.00013132361035113734,4,1999904,7344,2698,0
lowrank_noiseless,820004,learned_probe,4,4.043510111766199e-06,5,1999819,5737,2698,0
lowrank_noiseless,820004,learned_probe,5,9.135924193260276e-06,6,1999964,4660,2698,0
lowrank_noiseless,820004,learned_probe,6,5.11902545565683e-05,7,1999981,3887,2698,0
lowrank_noiseless,820005,learned_probe,0,0.4258555073796809,1,1999973,46511,0,0
lowrank_noiseless,820005,learned_probe,1,5.009008363407385e-06,2,1999929,15203,2698,0
lowrank_noiseless,820005,learned_probe,2,1.549533037535333e-06,3,1999964,9996,2698,0
lowrank_noiseless,820005,learned_probe,3,5.608619709332312e-06,4,1999904,7344,2698,0
lowrank_noiseless,820005,learned_probe,4,1.8930709753474785e-06,5,1999819,5737,2698,0
lowrank_noiseless,820005,learned_probe,5,4.0394671734564314e-05,6,1999964,4660,2698,0
lowrank_noiseless,820005,learned_probe,6,3.788459874563635e-05,7,1999981,3887,2698,0
lowrank_noiseless,820006,learned_probe,0,0.42171676924458523,1,1999973,46511,0,0
lowrank_noiseless,820006,learned_probe,1,4.0027197171272176e-05,2,1999929,15203,2698,0
lowrank_noiseless,820006,learned_probe,2,7.993349593063173e-07,3,1999964,9996,2698,0
lowrank_noiseless,820006,learned_probe,3,6.3887758593114755e-06,4,1999904,7344,2698,0
lowrank_noiseless,820006,learned_probe,4,8.127134563324806e-06,5,1999819,5737,2698,0
lowrank_noiseless,820006,learned_probe,5,3.914510314429213e-06,6,1999964,4660,2698,0
lowrank_noiseless,820006,learned_probe,6,1.5313427838213063e-05,7,1999981,3887,2698,0
lowrank_noiseless,820007,learned_probe,0,0.4126760036358876,1,1999973,46511,0,0
lowrank_noiseless,820007,learned_probe,1,2.8573225528037125e-05,2,1999929,15203,2698,0
lowrank_noiseless,820007,learned_probe,2,9.93627754515229e-07,3,1999964,9996,2698,0
lowrank_noiseless,820007,learned_probe,3,6.943320257378644e-06,4,1999904,7344,2698,0
lowrank_noiseless,820007,learned_probe,4,1.9918162785375862e-05,5,1999819,5737,2698,0
lowrank_noiseless,820007,learned_probe,5,3.843252818382355e-05,6,1999964,4660,2698,0
lowrank_noiseless,820007,learned_probe,6,7.154351373565742e-05,7,1999981,3887,2698,0
lowrank_noiseless,820008,learned_probe,0,0.4122848794743866,1,1999973,46511,0,0
lowrank_noiseless,820008,learned_probe,1,4.01872090381901e-06,2,1999929,15203,2698,0
lowrank_noiseless,820008,learned_probe,2,2.7271336819712107e-06,3,1999964,9996,2698,0
lowrank_noiseless,820008,learned_probe,3,6.438784388551779e-06,4,1999904,7344,2698,0
lowrank_noiseless,820008,learned_probe,4,1.245382495444558e-06,5,1999819,5737,2698,0
lowrank_noiseless,820008,learned_probe,5,5.660156817092994e-05,6,1999964,4660,2698,0
lowrank_noiseless,820008,learned_probe,6,0.000482540082127979,7,1999981,3887,2698,0
lowrank_noiseless,820009,learned_probe,0,0.41349321402681616,1,1999973,46511,0,0
lowrank_noiseless,820009,learned_probe,1,0.00015208672664504037,2,1999929,15203,2698,0
lowrank_noiseless,820009,learned_probe,2,5.265562398571712e-07,3,1999964,9996,2698,0
lowrank_noiseless,820009,learned_probe,3,5.9743227706437035e-06,4,1999904,7344,2698,0
lowrank_noiseless,820009,learned_probe,4,3.500235323422554e-06,5,1999819,5737,2698,0
lowrank_noiseless,820009,learned_probe,5,2.5461916100351315e-05,6,1999964,4660,2698,0
lowrank_noiseless,820009,learned_probe,6,0.00016429891894412333,7,1999981,3887,2698,0
lowrank_noiseless,820010,learned_probe,0,0.4182774230026257,1,1999973,46511,0,0
lowrank_noiseless,820010,learned_probe,1,2.1284080476181556e-06,2,1999929,15203,2698,0
lowrank_noiseless,820010,learned_probe,2,5.41440905418309e-08,3,1999964,9996,2698,0
lowrank_noiseless,820010,learned_probe,3,1.0884378923545829e-06,4,1999904,7344,2698,0
lowrank_noiseless,820010,learned_probe,4,1.4467298159316576e-05,5,1999819,5737,2698,0
lowrank_noiseless,820010,learned_probe,5,2.215215798962064e-05,6,1999964,4660,2698,0
lowrank_noiseless,820010,learned_probe,6,4.477144637241562e-05,7,1999981,3887,2698,0
lowrank_noiseless,820011,learned_probe,0,1.714589080418244,1,1999973,46511,0,0
lowrank_noiseless,820011,learned_probe,1,0.42473242358224145,2,1999929,15203,2698,0
lowrank_noiseless,820011,learned_probe,2,0.00031053572028465296,3,1999964,9996,2698,0
lowrank_noiseless,820011,learned_probe,3,2.699188477122482e-06,4,1999904,7344,2698,0
lowrank_noiseless,820011,learned_probe,4,4.615523529223049e-06,5,1999819,5737,2698,0
lowrank_noiseless,820011,learned_probe,5,7.607220647688232e-06,6,1999964,4660,2698,0
lowrank_noiseless,820011,learned_probe,6,3.376961971763489e-05,7,1999981,3887,2698,0
lowrank_noiseless,820000,random_replay128,0,0.41490354431775217,1,1999973,46511,0,0
lowrank_noiseless,820000,random_replay128,1,1.3965751725763216e-08,2,1999968,24096,0,0
lowrank_noiseless,820000,random_replay128,2,5.900584791413494e-08,3,1999980,16260,0,0
lowrank_noiseless,820000,random_replay128,3,1.1206079192460842e-07,4,1999847,12269,0,0
lowrank_noiseless,820000,random_replay128,4,6.0178935010855466e-06,5,1999956,9852,0,0
lowrank_noiseless,820000,random_replay128,5,9.880112369116434e-07,6,1999890,8230,0,0
lowrank_noiseless,820000,random_replay128,6,1.5084376425601129e-05,7,1999961,7067,0,0
lowrank_noiseless,820001,random_replay128,0,0.40942861819604165,1,1999973,46511,0,0
lowrank_noiseless,820001,random_replay128,1,8.094765487639492e-09,2,1999968,24096,0,0
lowrank_noiseless,820001,random_replay128,2,2.0985499509827085e-08,3,1999980,16260,0,0
lowrank_noiseless,820001,random_replay128,3,1.9179671138896765e-06,4,1999847,12269,0,0
lowrank_noiseless,820001,random_replay128,4,1.162192664994688e-05,5,1999956,9852,0,0
lowrank_noiseless,820001,random_replay128,5,6.316353568306627e-05,6,1999890,8230,0,0
lowrank_noiseless,820001,random_replay128,6,5.80332604655664e-06,7,1999961,7067,0,0
lowrank_noiseless,820002,random_replay128,0,0.4175367016189065,1,1999973,46511,0,0
lowrank_noiseless,820002,random_replay128,1,3.2535838544837232e-09,2,1999968,24096,0,0
lowrank_noiseless,820002,random_replay128,2,5.998213203550602e-08,3,1999980,16260,0,0
lowrank_noiseless,820002,random_replay128,3,1.7633434669785576e-07,4,1999847,12269,0,0
lowrank_noiseless,820002,random_replay128,4,5.378045193297195e-07,5,1999956,9852,0,0
lowrank_noiseless,820002,random_replay128,5,1.4413298239551636e-06,6,1999890,8230,0,0
lowrank_noiseless,820002,random_replay128,6,2.898602222732921e-06,7,1999961,7067,0,0
lowrank_noiseless,820003,random_replay128,0,0.4060649848868985,1,1999973,46511,0,0
lowrank_noiseless,820003,random_replay128,1,9.133204051579652e-08,2,1999968,24096,0,0
lowrank_noiseless,820003,random_replay128,2,9.198013272324079e-08,3,1999980,16260,0,0
lowrank_noiseless,820003,random_replay128,3,1.9384245340794115e-07,4,1999847,12269,0,0
lowrank_noiseless,820003,random_replay128,4,2.867972050285023e-07,5,1999956,9852,0,0
lowrank_noiseless,820003,random_replay128,5,1.8294572712931119e-06,6,1999890,8230,0,0
lowrank_noiseless,820003,random_replay128,6,2.2535334878927923e-06,7,1999961,7067,0,0
lowrank_noiseless,820004,random_replay128,0,0.4138227476404944,1,1999973,46511,0,0
lowrank_noiseless,820004,random_replay128,1,1.4148157270956771e-08,2,1999968,24096,0,0
lowrank_noiseless,820004,random_replay128,2,4.681145616080376e-07,3,1999980,16260,0,0
lowrank_noiseless,820004,random_replay128,3,0.0002351781730034337,4,1999847,12269,0,0
lowrank_noiseless,820004,random_replay128,4,5.579563616451402e-06,5,1999956,9852,0,0
lowrank_noiseless,820004,random_replay128,5,1.223841471614166e-05,6,1999890,8230,0,0
lowrank_noiseless,820004,random_replay128,6,0.00012675186976730143,7,1999961,7067,0,0
lowrank_noiseless,820005,random_replay128,0,0.4258555073796809,1,1999973,46511,0,0
lowrank_noiseless,820005,random_replay128,1,5.386634884515901e-09,2,1999968,24096,0,0
lowrank_noiseless,820005,random_replay128,2,5.007585905703486e-09,3,1999980,16260,0,0
lowrank_noiseless,820005,random_replay128,3,5.7131368410398695e-08,4,1999847,12269,0,0
lowrank_noiseless,820005,random_replay128,4,5.228605525878889e-07,5,1999956,9852,0,0
lowrank_noiseless,820005,random_replay128,5,7.900576471055696e-05,6,1999890,8230,0,0
lowrank_noiseless,820005,random_replay128,6,7.470269781878835e-06,7,1999961,7067,0,0
lowrank_noiseless,820006,random_replay128,0,0.42171676924458523,1,1999973,46511,0,0
lowrank_noiseless,820006,random_replay128,1,1.1998644549651084e-08,2,1999968,24096,0,0
lowrank_noiseless,820006,random_replay128,2,9.676468305413776e-08,3,1999980,16260,0,0
lowrank_noiseless,820006,random_replay128,3,2.2147887122852338e-07,4,1999847,12269,0,0
lowrank_noiseless,820006,random_replay128,4,1.0785730455521006e-06,5,1999956,9852,0,0
lowrank_noiseless,820006,random_replay128,5,9.38894311513183e-06,6,1999890,8230,0,0
lowrank_noiseless,820006,random_replay128,6,3.0450272880161232e-06,7,1999961,7067,0,0
lowrank_noiseless,820007,random_replay128,0,0.4126760036358876,1,1999973,46511,0,0
lowrank_noiseless,820007,random_replay128,1,4.085168361056456e-08,2,1999968,24096,0,0
lowrank_noiseless,820007,random_replay128,2,4.384175258036483e-08,3,1999980,16260,0,0
lowrank_noiseless,820007,random_replay128,3,2.4594445469045827e-07,4,1999847,12269,0,0
lowrank_noiseless,820007,random_replay128,4,2.002320011363204e-05,5,1999956,9852,0,0
lowrank_noiseless,820007,random_replay128,5,5.8965190663309795e-06,6,1999890,8230,0,0
lowrank_noiseless,820007,random_replay128,6,1.060804967805592e-05,7,1999961,7067,0,0
lowrank_noiseless,820008,random_replay128,0,0.4122848794743866,1,1999973,46511,0,0
lowrank_noiseless,820008,random_replay128,1,4.3698473825752135e-06,2,1999968,24096,0,0
lowrank_noiseless,820008,random_replay128,2,3.5926155888887626e-09,3,1999980,16260,0,0
lowrank_noiseless,820008,random_replay128,3,7.478308536180344e-07,4,1999847,12269,0,0
lowrank_noiseless,820008,random_replay128,4,9.835237355172377e-07,5,1999956,9852,0,0
lowrank_noiseless,820008,random_replay128,5,1.1492557447911901e-05,6,1999890,8230,0,0
lowrank_noiseless,820008,random_replay128,6,1.2196844260250999e-05,7,1999961,7067,0,0
lowrank_noiseless,820009,random_replay128,0,0.41349321402681616,1,1999973,46511,0,0
lowrank_noiseless,820009,random_replay128,1,2.1216676856246916e-07,2,1999968,24096,0,0
lowrank_noiseless,820009,random_replay128,2,2.3781763451671982e-08,3,1999980,16260,0,0
lowrank_noiseless,820009,random_replay128,3,5.4389085096368485e-06,4,1999847,12269,0,0
lowrank_noiseless,820009,random_replay128,4,2.307071980039561e-06,5,1999956,9852,0,0
lowrank_noiseless,820009,random_replay128,5,1.3679473331248096e-06,6,1999890,8230,0,0
lowrank_noiseless,820009,random_replay128,6,1.1841601770006019e-05,7,1999961,7067,0,0
lowrank_noiseless,820010,random_replay128,0,0.4182774230026257,1,1999973,46511,0,0
lowrank_noiseless,820010,random_replay128,1,5.7582287997719805e-09,2,1999968,24096,0,0
lowrank_noiseless,820010,random_replay128,2,1.189022825537574e-08,3,1999980,16260,0,0
lowrank_noiseless,820010,random_replay128,3,2.317270646142977e-07,4,1999847,12269,0,0
lowrank_noiseless,820010,random_replay128,4,1.7171241420423882e-06,5,1999956,9852,0,0
lowrank_noiseless,820010,random_replay128,5,2.8866693959913922e-06,6,1999890,8230,0,0
lowrank_noiseless,820010,random_replay128,6,1.4958177492971968e-06,7,1999961,7067,0,0
lowrank_noiseless,820011,random_replay128,0,1.714589080418244,1,1999973,46511,0,0
lowrank_noiseless,820011,random_replay128,1,0.42124420345824065,2,1999968,24096,0,0
lowrank_noiseless,820011,random_replay128,2,0.00011036127960828018,3,1999980,16260,0,0
lowrank_noiseless,820011,random_replay128,3,2.5175362814862193e-07,4,1999847,12269,0,0
lowrank_noiseless,820011,random_replay128,4,1.1220980177837057e-06,5,1999956,9852,0,0
lowrank_noiseless,820011,random_replay128,5,1.9439626217990504e-06,6,1999890,8230,0,0
lowrank_noiseless,820011,random_replay128,6,2.238575773843022e-06,7,1999961,7067,0,0
lowrank_noiseless,820000,random_matched138,0,0.41490354431775217,1,1999973,46511,0,0
lowrank_noiseless,820000,random_matched138,1,1.3052826544272157e-07,2,1999968,24096,0,0
lowrank_noiseless,820000,random_matched138,2,1.2453762102791207e-08,3,1999980,16260,0,0
lowrank_noiseless,820000,random_matched138,3,1.7783359084386933e-07,4,1999847,12269,0,0
lowrank_noiseless,820000,random_matched138,4,4.2825441581098656e-05,5,1999956,9852,0,0
lowrank_noiseless,820000,random_matched138,5,1.0417626051022959e-05,6,1999890,8230,0,0
lowrank_noiseless,820000,random_matched138,6,2.2451779101876047e-05,7,1999961,7067,0,0
lowrank_noiseless,820001,random_matched138,0,0.40942861819604165,1,1999973,46511,0,0
lowrank_noiseless,820001,random_matched138,1,1.6495757438528256e-08,2,1999968,24096,0,0
lowrank_noiseless,820001,random_matched138,2,4.792005530312115e-07,3,1999980,16260,0,0
lowrank_noiseless,820001,random_matched138,3,3.7984323145928833e-07,4,1999847,12269,0,0
lowrank_noiseless,820001,random_matched138,4,1.5340137069043985e-06,5,1999956,9852,0,0
lowrank_noiseless,820001,random_matched138,5,1.4741627842786683e-05,6,1999890,8230,0,0
lowrank_noiseless,820001,random_matched138,6,1.9140326445221898e-05,7,1999961,7067,0,0
lowrank_noiseless,820002,random_matched138,0,0.4175367016189065,1,1999973,46511,0,0
lowrank_noiseless,820002,random_matched138,1,1.258905069302213e-07,2,1999968,24096,0,0
lowrank_noiseless,820002,random_matched138,2,1.537937308297329e-07,3,1999980,16260,0,0
lowrank_noiseless,820002,random_matched138,3,4.813509552043465e-07,4,1999847,12269,0,0
lowrank_noiseless,820002,random_matched138,4,7.463954757282533e-07,5,1999956,9852,0,0
lowrank_noiseless,820002,random_matched138,5,1.692735600393286e-06,6,1999890,8230,0,0
lowrank_noiseless,820002,random_matched138,6,4.075736371501071e-06,7,1999961,7067,0,0
lowrank_noiseless,820003,random_matched138,0,0.4060649848868985,1,1999973,46511,0,0
lowrank_noiseless,820003,random_matched138,1,2.9087862778746705e-05,2,1999968,24096,0,0
lowrank_noiseless,820003,random_matched138,2,6.624151623584634e-09,3,1999980,16260,0,0
lowrank_noiseless,820003,random_matched138,3,9.635058227452807e-07,4,1999847,12269,0,0
lowrank_noiseless,820003,random_matched138,4,8.455201284001503e-06,5,1999956,9852,0,0
lowrank_noiseless,820003,random_matched138,5,6.854471534053996e-07,6,1999890,8230,0,0
lowrank_noiseless,820003,random_matched138,6,1.2369506325721862e-05,7,1999961,7067,0,0
lowrank_noiseless,820004,random_matched138,0,0.4138227476404944,1,1999973,46511,0,0
lowrank_noiseless,820004,random_matched138,1,2.2871591806513945e-08,2,1999968,24096,0,0
lowrank_noiseless,820004,random_matched138,2,1.3543219354068742e-09,3,1999980,16260,0,0
lowrank_noiseless,820004,random_matched138,3,7.235472255855924e-05,4,1999847,12269,0,0
lowrank_noiseless,820004,random_matched138,4,1.0989379236310582e-06,5,1999956,9852,0,0
lowrank_noiseless,820004,random_matched138,5,1.0908991603002348e-06,6,1999890,8230,0,0
lowrank_noiseless,820004,random_matched138,6,2.7863153227404984e-06,7,1999961,7067,0,0
lowrank_noiseless,820005,random_matched138,0,0.4258555073796809,1,1999973,46511,0,0
lowrank_noiseless,820005,random_matched138,1,2.4478485323554388e-08,2,1999968,24096,0,0
lowrank_noiseless,820005,random_matched138,2,6.371118933876502e-08,3,1999980,16260,0,0
lowrank_noiseless,820005,random_matched138,3,1.491443818318506e-06,4,1999847,12269,0,0
lowrank_noiseless,820005,random_matched138,4,6.005529030826116e-06,5,1999956,9852,0,0
lowrank_noiseless,820005,random_matched138,5,1.7732685485553474e-05,6,1999890,8230,0,0
lowrank_noiseless,820005,random_matched138,6,6.651340126975822e-05,7,1999961,7067,0,0
lowrank_noiseless,820006,random_matched138,0,0.42171676924458523,1,1999973,46511,0,0
lowrank_noiseless,820006,random_matched138,1,1.2140809880030326e-06,2,1999968,24096,0,0
lowrank_noiseless,820006,random_matched138,2,1.5594559003257434e-08,3,1999980,16260,0,0
lowrank_noiseless,820006,random_matched138,3,1.451013360318854e-07,4,1999847,12269,0,0
lowrank_noiseless,820006,random_matched138,4,4.305821682630275e-06,5,1999956,9852,0,0
lowrank_noiseless,820006,random_matched138,5,1.901508090883703e-06,6,1999890,8230,0,0
lowrank_noiseless,820006,random_matched138,6,6.565829019671272e-06,7,1999961,7067,0,0
lowrank_noiseless,820007,random_matched138,0,0.4126760036358876,1,1999973,46511,0,0
lowrank_noiseless,820007,random_matched138,1,4.2222007348996105e-07,2,1999968,24096,0,0
lowrank_noiseless,820007,random_matched138,2,5.786545992372799e-09,3,1999980,16260,0,0
lowrank_noiseless,820007,random_matched138,3,2.9666691807844257e-07,4,1999847,12269,0,0
lowrank_noiseless,820007,random_matched138,4,2.0984768520996545e-06,5,1999956,9852,0,0
lowrank_noiseless,820007,random_matched138,5,4.297785644771319e-06,6,1999890,8230,0,0
lowrank_noiseless,820007,random_matched138,6,1.1082503402596961e-05,7,1999961,7067,0,0
lowrank_noiseless,820008,random_matched138,0,0.4122848794743866,1,1999973,46511,0,0
lowrank_noiseless,820008,random_matched138,1,1.6415648211534e-06,2,1999968,24096,0,0
lowrank_noiseless,820008,random_matched138,2,1.0385507873085849e-07,3,1999980,16260,0,0
lowrank_noiseless,820008,random_matched138,3,5.346780423925563e-07,4,1999847,12269,0,0
lowrank_noiseless,820008,random_matched138,4,1.3958583160884114e-06,5,1999956,9852,0,0
lowrank_noiseless,820008,random_matched138,5,1.416205355351484e-05,6,1999890,8230,0,0
lowrank_noiseless,820008,random_matched138,6,1.8482449446612885e-05,7,1999961,7067,0,0
lowrank_noiseless,820009,random_matched138,0,0.41349321402681616,1,1999973,46511,0,0
lowrank_noiseless,820009,random_matched138,1,1.5607919740754954e-07,2,1999968,24096,0,0
lowrank_noiseless,820009,random_matched138,2,1.6236274182685378e-08,3,1999980,16260,0,0
lowrank_noiseless,820009,random_matched138,3,7.649078128059476e-08,4,1999847,12269,0,0
lowrank_noiseless,820009,random_matched138,4,7.549025001445501e-07,5,1999956,9852,0,0
lowrank_noiseless,820009,random_matched138,5,1.8365844622059979e-06,6,1999890,8230,0,0
lowrank_noiseless,820009,random_matched138,6,5.3261809083619394e-06,7,1999961,7067,0,0
lowrank_noiseless,820010,random_matched138,0,0.4182774230026257,1,1999973,46511,0,0
lowrank_noiseless,820010,random_matched138,1,1.1387044293160382e-08,2,1999968,24096,0,0
lowrank_noiseless,820010,random_matched138,2,6.02943890880536e-08,3,1999980,16260,0,0
lowrank_noiseless,820010,random_matched138,3,1.6947085598697155e-07,4,1999847,12269,0,0
lowrank_noiseless,820010,random_matched138,4,3.579352867581031e-07,5,1999956,9852,0,0
lowrank_noiseless,820010,random_matched138,5,1.5520108161171849e-06,6,1999890,8230,0,0
lowrank_noiseless,820010,random_matched138,6,2.693646940225279e-06,7,1999961,7067,0,0
lowrank_noiseless,820011,random_matched138,0,1.714589080418244,1,1999973,46511,0,0
lowrank_noiseless,820011,random_matched138,1,0.4404362290905163,2,1999968,24096,0,0
lowrank_noiseless,820011,random_matched138,2,1.269737814157427e-06,3,1999980,16260,0,0
lowrank_noiseless,820011,random_matched138,3,1.9623913039107565e-07,4,1999847,12269,0,0
lowrank_noiseless,820011,random_matched138,4,1.6169639679544015e-05,5,1999956,9852,0,0
lowrank_noiseless,820011,random_matched138,5,2.69980841174749e-06,6,1999890,8230,0,0
lowrank_noiseless,820011,random_matched138,6,7.471771776393998e-05,7,1999961,7067,0,0
lowrank_noiseless,820000,fixed7_replay138,0,0.007861713933831099,7,1999961,7067,0,0
lowrank_noiseless,820000,fixed7_replay138,1,0.0008248257387438702,7,1999961,7067,0,0
lowrank_noiseless,820000,fixed7_replay138,2,0.0003652611235141203,7,1999961,7067,0,0
lowrank_noiseless,820000,fixed7_replay138,3,0.00020360358365650367,7,1999961,7067,0,0
lowrank_noiseless,820000,fixed7_replay138,4,0.00023863271884345594,7,1999961,7067,0,0
lowrank_noiseless,820000,fixed7_replay138,5,6.262326936165043e-05,7,1999961,7067,0,0
lowrank_noiseless,820000,fixed7_replay138,6,3.9482641081028025e-05,7,1999961,7067,0,0
lowrank_noiseless,820001,fixed7_replay138,0,0.04372872083385916,7,1999961,7067,0,0
lowrank_noiseless,820001,fixed7_replay138,1,0.0003201402163536029,7,1999961,7067,0,0
lowrank_noiseless,820001,fixed7_replay138,2,7.393746899462087e-05,7,1999961,7067,0,0
lowrank_noiseless,820001,fixed7_replay138,3,2.7870820516614162e-05,7,1999961,7067,0,0
lowrank_noiseless,820001,fixed7_replay138,4,1.6549262981885218e-05,7,1999961,7067,0,0
lowrank_noiseless,820001,fixed7_replay138,5,1.2983179460519684e-05,7,1999961,7067,0,0
lowrank_noiseless,820001,fixed7_replay138,6,9.440185739121992e-06,7,1999961,7067,0,0
lowrank_noiseless,820002,fixed7_replay138,0,0.010242148025060795,7,1999961,7067,0,0
lowrank_noiseless,820002,fixed7_replay138,1,0.00043276594090818204,7,1999961,7067,0,0
lowrank_noiseless,820002,fixed7_replay138,2,0.00014906490022847593,7,1999961,7067,0,0
lowrank_noiseless,820002,fixed7_replay138,3,7.705315444997299e-05,7,1999961,7067,0,0
lowrank_noiseless,820002,fixed7_replay138,4,4.355702452892497e-05,7,1999961,7067,0,0
lowrank_noiseless,820002,fixed7_replay138,5,4.358779709359381e-05,7,1999961,7067,0,0
lowrank_noiseless,820002,fixed7_replay138,6,2.1617102276180255e-05,7,1999961,7067,0,0
lowrank_noiseless,820003,fixed7_replay138,0,0.009594702363165617,7,1999961,7067,0,0
lowrank_noiseless,820003,fixed7_replay138,1,6.957182634815886e-05,7,1999961,7067,0,0
lowrank_noiseless,820003,fixed7_replay138,2,8.078129618996559e-06,7,1999961,7067,0,0
lowrank_noiseless,820003,fixed7_replay138,3,5.186170025476918e-06,7,1999961,7067,0,0
lowrank_noiseless,820003,fixed7_replay138,4,7.944687224641965e-06,7,1999961,7067,0,0
lowrank_noiseless,820003,fixed7_replay138,5,2.5891927219852538e-06,7,1999961,7067,0,0
lowrank_noiseless,820003,fixed7_replay138,6,1.5426885544616379e-06,7,1999961,7067,0,0
lowrank_noiseless,820004,fixed7_replay138,0,0.010053854791778153,7,1999961,7067,0,0
lowrank_noiseless,820004,fixed7_replay138,1,0.0006769230787661069,7,1999961,7067,0,0
lowrank_noiseless,820004,fixed7_replay138,2,0.00023613685220239984,7,1999961,7067,0,0
lowrank_noiseless,820004,fixed7_replay138,3,0.00018627535969760014,7,1999961,7067,0,0
lowrank_noiseless,820004,fixed7_replay138,4,5.497243355036309e-05,7,1999961,7067,0,0
lowrank_noiseless,820004,fixed7_replay138,5,2.800399055772882e-05,7,1999961,7067,0,0
lowrank_noiseless,820004,fixed7_replay138,6,1.7281922916469e-05,7,1999961,7067,0,0
lowrank_noiseless,820005,fixed7_replay138,0,0.020094030603128796,7,1999961,7067,0,0
lowrank_noiseless,820005,fixed7_replay138,1,0.00024863086524703695,7,1999961,7067,0,0
lowrank_noiseless,820005,fixed7_replay138,2,5.620823448347037e-05,7,1999961,7067,0,0
lowrank_noiseless,820005,fixed7_replay138,3,1.4174057947396137e-05,7,1999961,7067,0,0
lowrank_noiseless,820005,fixed7_replay138,4,4.293197888702374e-06,7,1999961,7067,0,0
lowrank_noiseless,820005,fixed7_replay138,5,8.900084515503567e-07,7,1999961,7067,0,0
lowrank_noiseless,820005,fixed7_replay138,6,5.666220709864356e-07,7,1999961,7067,0,0
lowrank_noiseless,820006,fixed7_replay138,0,0.01779036472475248,7,1999961,7067,0,0
lowrank_noiseless,820006,fixed7_replay138,1,6.533036753152545e-05,7,1999961,7067,0,0
lowrank_noiseless,820006,fixed7_replay138,2,9.69209765327532e-07,7,1999961,7067,0,0
lowrank_noiseless,820006,fixed7_replay138,3,1.3618845388394818e-08,7,1999961,7067,0,0
lowrank_noiseless,820006,fixed7_replay138,4,1.1509347166260716e-10,7,1999961,7067,0,0
lowrank_noiseless,820006,fixed7_replay138,5,6.4722551800390455e-12,7,1999961,7067,0,0
lowrank_noiseless,820006,fixed7_replay138,6,7.34053005527722e-14,7,1999961,7067,0,0
lowrank_noiseless,820007,fixed7_replay138,0,0.013189532095293215,7,1999961,7067,0,0
lowrank_noiseless,820007,fixed7_replay138,1,0.0011454313996027165,7,1999961,7067,0,0
lowrank_noiseless,820007,fixed7_replay138,2,0.0003492364414210048,7,1999961,7067,0,0
lowrank_noiseless,820007,fixed7_replay138,3,0.00015430831258007112,7,1999961,7067,0,0
lowrank_noiseless,820007,fixed7_replay138,4,8.744787668419031e-05,7,1999961,7067,0,0
lowrank_noiseless,820007,fixed7_replay138,5,3.751394016644357e-05,7,1999961,7067,0,0
lowrank_noiseless,820007,fixed7_replay138,6,2.049228927313649e-05,7,1999961,7067,0,0
lowrank_noiseless,820008,fixed7_replay138,0,0.010053608459939373,7,1999961,7067,0,0
lowrank_noiseless,820008,fixed7_replay138,1,0.0007869585585264377,7,1999961,7067,0,0
lowrank_noiseless,820008,fixed7_replay138,2,0.00029134457421240947,7,1999961,7067,0,0
lowrank_noiseless,820008,fixed7_replay138,3,0.00014555354909648237,7,1999961,7067,0,0
lowrank_noiseless,820008,fixed7_replay138,4,0.00010822222907076257,7,1999961,7067,0,0
lowrank_noiseless,820008,fixed7_replay138,5,5.523094797355387e-05,7,1999961,7067,0,0
lowrank_noiseless,820008,fixed7_replay138,6,3.366778497813375e-05,7,1999961,7067,0,0
lowrank_noiseless,820009,fixed7_replay138,0,0.01128318512799077,7,1999961,7067,0,0
lowrank_noiseless,820009,fixed7_replay138,1,0.0006277520612417353,7,1999961,7067,0,0
lowrank_noiseless,820009,fixed7_replay138,2,0.00021529416645475576,7,1999961,7067,0,0
lowrank_noiseless,820009,fixed7_replay138,3,0.00011793853922023637,7,1999961,7067,0,0
lowrank_noiseless,820009,fixed7_replay138,4,6.943210609657113e-05,7,1999961,7067,0,0
lowrank_noiseless,820009,fixed7_replay138,5,3.8985751264952754e-05,7,1999961,7067,0,0
lowrank_noiseless,820009,fixed7_replay138,6,2.6580070769597684e-05,7,1999961,7067,0,0
lowrank_noiseless,820010,fixed7_replay138,0,0.0054525678082925945,7,1999961,7067,0,0
lowrank_noiseless,820010,fixed7_replay138,1,0.00017063929847270485,7,1999961,7067,0,0
lowrank_noiseless,820010,fixed7_replay138,2,5.4404077280520426e-05,7,1999961,7067,0,0
lowrank_noiseless,820010,fixed7_replay138,3,2.3799020568087527e-05,7,1999961,7067,0,0
lowrank_noiseless,820010,fixed7_replay138,4,1.2441950508545358e-05,7,1999961,7067,0,0
lowrank_noiseless,820010,fixed7_replay138,5,3.2409934001854716e-06,7,1999961,7067,0,0
lowrank_noiseless,820010,fixed7_replay138,6,1.2605404994732923e-06,7,1999961,7067,0,0
lowrank_noiseless,820011,fixed7_replay138,0,0.0067912402835802995,7,1999961,7067,0,0
lowrank_noiseless,820011,fixed7_replay138,1,0.00031613033854880425,7,1999961,7067,0,0
lowrank_noiseless,820011,fixed7_replay138,2,2.0850861404949935e-05,7,1999961,7067,0,0
lowrank_noiseless,820011,fixed7_replay138,3,8.100253457661662e-06,7,1999961,7067,0,0
lowrank_noiseless,820011,fixed7_replay138,4,5.413841783105313e-07,7,1999961,7067,0,0
lowrank_noiseless,820011,fixed7_replay138,5,4.637365178447241e-08,7,1999961,7067,0,0
lowrank_noiseless,820011,fixed7_replay138,6,2.86996589789926e-09,7,1999961,7067,0,0
indefinite_noisy,820000,historical_moment,0,0.8577678157879974,1,1999972,42796,0,1024
indefinite_noisy,820000,historical_moment,1,0.35828001243819196,2,1999943,21961,0,1024
indefinite_noisy,820000,historical_moment,2,0.17902358843950733,3,1999950,14818,0,1024
indefinite_noisy,820000,historical_moment,3,0.0939359944846218,4,1999995,11181,0,1024
indefinite_noisy,820000,historical_moment,4,0.09595368363987836,5,1999979,8977,0,1024
indefinite_noisy,820000,historical_moment,5,0.1002506536120958,6,1999818,7498,0,1024
indefinite_noisy,820000,historical_moment,6,0.0949916982723476,7,1999914,6438,0,1024
indefinite_noisy,820001,historical_moment,0,0.8614832211342256,1,1999972,42796,0,1024
indefinite_noisy,820001,historical_moment,1,0.3690254988911187,2,1999943,21961,0,1024
indefinite_noisy,820001,historical_moment,2,0.17762313328537024,3,1999950,14818,0,1024
indefinite_noisy,820001,historical_moment,3,0.09651837959143025,4,1999995,11181,0,1024
indefinite_noisy,820001,historical_moment,4,0.09468377493428483,5,1999979,8977,0,1024
indefinite_noisy,820001,historical_moment,5,0.09804860576991264,6,1999818,7498,0,1024
indefinite_noisy,820001,historical_moment,6,0.09693989067649363,7,1999914,6438,0,1024
indefinite_noisy,820002,historical_moment,0,1.22177407648437,1,1999972,42796,0,1024
indefinite_noisy,820002,historical_moment,1,0.36212308982492114,2,1999943,21961,0,1024
indefinite_noisy,820002,historical_moment,2,0.17606990509446305,3,1999950,14818,0,1024
indefinite_noisy,820002,historical_moment,3,0.09710884505421992,4,1999995,11181,0,1024
indefinite_noisy,820002,historical_moment,4,0.0960752270481121,5,1999979,8977,0,1024
indefinite_noisy,820002,historical_moment,5,0.09880404131803619,6,1999818,7498,0,1024
indefinite_noisy,820002,historical_moment,6,0.09697066230567963,7,1999914,6438,0,1024
indefinite_noisy,820003,historical_moment,0,0.8679335417234805,1,1999972,42796,0,1024
indefinite_noisy,820003,historical_moment,1,0.36572449249697536,2,1999943,21961,0,1024
indefinite_noisy,820003,historical_moment,2,0.17471306517105548,3,1999950,14818,0,1024
indefinite_noisy,820003,historical_moment,3,0.0971225251332299,4,1999995,11181,0,1024
indefinite_noisy,820003,historical_moment,4,0.09879696811444778,5,1999979,8977,0,1024
indefinite_noisy,820003,historical_moment,5,0.09601335363143365,6,1999818,7498,0,1024
indefinite_noisy,820003,historical_moment,6,0.10044103630780303,7,1999914,6438,0,1024
indefinite_noisy,820004,historical_moment,0,0.8618637957645413,1,1999972,42796,0,1024
indefinite_noisy,820004,historical_moment,1,0.35893160182875217,2,1999943,21961,0,1024
indefinite_noisy,820004,historical_moment,2,0.18086933011740097,3,1999950,14818,0,1024
indefinite_noisy,820004,historical_moment,3,0.09755326176352698,4,1999995,11181,0,1024
indefinite_noisy,820004,historical_moment,4,0.09625265987362368,5,1999979,8977,0,1024
indefinite_noisy,820004,historical_moment,5,0.09956899581717231,6,1999818,7498,0,1024
indefinite_noisy,820004,historical_moment,6,0.09573352463754492,7,1999914,6438,0,1024
indefinite_noisy,820005,historical_moment,0,1.2255006175635796,1,1999972,42796,0,1024
indefinite_noisy,820005,historical_moment,1,0.3605304994142636,2,1999943,21961,0,1024
indefinite_noisy,820005,historical_moment,2,0.18430452815969836,3,1999950,14818,0,1024
indefinite_noisy,820005,historical_moment,3,0.095773702255676,4,1999995,11181,0,1024
indefinite_noisy,820005,historical_moment,4,0.09487570687685935,5,1999979,8977,0,1024
indefinite_noisy,820005,historical_moment,5,0.10021099477613352,6,1999818,7498,0,1024
indefinite_noisy,820005,historical_moment,6,0.09518448696735773,7,1999914,6438,0,1024
indefinite_noisy,820006,historical_moment,0,0.8593186118257198,1,1999972,42796,0,1024
indefinite_noisy,820006,historical_moment,1,0.35956511255938184,2,1999943,21961,0,1024
indefinite_noisy,820006,historical_moment,2,0.17567052834173313,3,1999950,14818,0,1024
indefinite_noisy,820006,historical_moment,3,0.09591737182792152,4,1999995,11181,0,1024
indefinite_noisy,820006,historical_moment,4,0.09666176216506003,5,1999979,8977,0,1024
indefinite_noisy,820006,historical_moment,5,0.10231502783519433,6,1999818,7498,0,1024
indefinite_noisy,820006,historical_moment,6,0.09887488117273532,7,1999914,6438,0,1024
indefinite_noisy,820007,historical_moment,0,0.8644702234715563,1,1999972,42796,0,1024
indefinite_noisy,820007,historical_moment,1,0.35836632446353567,2,1999943,21961,0,1024
indefinite_noisy,820007,historical_moment,2,0.17677973882709863,3,1999950,14818,0,1024
indefinite_noisy,820007,historical_moment,3,0.09246804134091965,4,1999995,11181,0,1024
indefinite_noisy,820007,historical_moment,4,0.09476546814152399,5,1999979,8977,0,1024
indefinite_noisy,820007,historical_moment,5,0.09810087356974735,6,1999818,7498,0,1024
indefinite_noisy,820007,historical_moment,6,0.09637118771828376,7,1999914,6438,0,1024
indefinite_noisy,820008,historical_moment,0,1.2229547766890139,1,1999972,42796,0,1024
indefinite_noisy,820008,historical_moment,1,0.3662165444236196,2,1999943,21961,0,1024
indefinite_noisy,820008,historical_moment,2,0.18298387054960352,3,1999950,14818,0,1024
indefinite_noisy,820008,historical_moment,3,0.09307481085990836,4,1999995,11181,0,1024
indefinite_noisy,820008,historical_moment,4,0.0969338422082966,5,1999979,8977,0,1024
indefinite_noisy,820008,historical_moment,5,0.09511576581110884,6,1999818,7498,0,1024
indefinite_noisy,820008,historical_moment,6,0.09641169574730071,7,1999914,6438,0,1024
indefinite_noisy,820009,historical_moment,0,0.87906838049959,1,1999972,42796,0,1024
indefinite_noisy,820009,historical_moment,1,0.3570369061419998,2,1999943,21961,0,1024
indefinite_noisy,820009,historical_moment,2,0.17480612968071307,3,1999950,14818,0,1024
indefinite_noisy,820009,historical_moment,3,0.09503119135262492,4,1999995,11181,0,1024
indefinite_noisy,820009,historical_moment,4,0.09585799735647778,5,1999979,8977,0,1024
indefinite_noisy,820009,historical_moment,5,0.09621187386423428,6,1999818,7498,0,1024
indefinite_noisy,820009,historical_moment,6,0.09667269142995691,7,1999914,6438,0,1024
indefinite_noisy,820010,historical_moment,0,0.8601173321552148,1,1999972,42796,0,1024
indefinite_noisy,820010,historical_moment,1,0.3601515379525009,2,1999943,21961,0,1024
indefinite_noisy,820010,historical_moment,2,0.17542919010387048,3,1999950,14818,0,1024
indefinite_noisy,820010,historical_moment,3,0.09523401746641719,4,1999995,11181,0,1024
indefinite_noisy,820010,historical_moment,4,0.09591500990591405,5,1999979,8977,0,1024
indefinite_noisy,820010,historical_moment,5,0.09828098349578891,6,1999818,7498,0,1024
indefinite_noisy,820010,historical_moment,6,0.09901781255341498,7,1999914,6438,0,1024
indefinite_noisy,820011,historical_moment,0,0.8773115718325697,1,1999972,42796,0,1024
indefinite_noisy,820011,historical_moment,1,0.36835282258295465,2,1999943,21961,0,1024
indefinite_noisy,820011,historical_moment,2,0.17774861689024635,3,1999950,14818,0,1024
indefinite_noisy,820011,historical_moment,3,0.09516203305287899,4,1999995,11181,0,1024
indefinite_noisy,820011,historical_moment,4,0.11969169276188925,5,1999979,8977,0,1024
indefinite_noisy,820011,historical_moment,5,0.09462017999318828,6,1999818,7498,0,1024
indefinite_noisy,820011,historical_moment,6,0.09623633301296042,7,1999914,6438,0,1024
indefinite_noisy,820000,reservoir_residual,0,0.8561249042710986,1,1999973,46511,0,0
indefinite_noisy,820000,reservoir_residual,1,0.3609810141235964,2,1999927,23603,138,0
indefinite_noisy,820000,reservoir_residual,2,0.1806047053792349,3,1999878,15910,138,0
indefinite_noisy,820000,reservoir_residual,3,0.1023172242450818,4,1999877,11993,138,0
indefinite_noisy,820000,reservoir_residual,4,0.09767883096283816,5,1999948,9620,138,0
indefinite_noisy,820000,reservoir_residual,5,0.09923442367572434,6,1999962,8028,138,0
indefinite_noisy,820000,reservoir_residual,6,0.09491856022761097,7,1999966,6886,138,0
indefinite_noisy,820001,reservoir_residual,0,0.862719761928216,1,1999973,46511,0,0
indefinite_noisy,820001,reservoir_residual,1,0.37736440235390045,2,1999927,23603,138,0
indefinite_noisy,820001,reservoir_residual,2,0.283449949077023,3,1999878,15910,138,0
indefinite_noisy,820001,reservoir_residual,3,0.11519597181981525,4,1999877,11993,138,0
indefinite_noisy,820001,reservoir_residual,4,0.09547578668135907,5,1999948,9620,138,0
indefinite_noisy,820001,reservoir_residual,5,0.10044268430325733,6,1999962,8028,138,0
indefinite_noisy,820001,reservoir_residual,6,0.10763953718702565,7,1999966,6886,138,0
indefinite_noisy,820002,reservoir_residual,0,1.2158272276672912,1,1999973,46511,0,0
indefinite_noisy,820002,reservoir_residual,1,0.36414328446081323,2,1999927,23603,138,0
indefinite_noisy,820002,reservoir_residual,2,0.28422418095425034,3,1999878,15910,138,0
indefinite_noisy,820002,reservoir_residual,3,0.10608928848053159,4,1999877,11993,138,0
indefinite_noisy,820002,reservoir_residual,4,0.09748093194788969,5,1999948,9620,138,0
indefinite_noisy,820002,reservoir_residual,5,0.10399477718889531,6,1999962,8028,138,0
indefinite_noisy,820002,reservoir_residual,6,0.1069478955310425,7,1999966,6886,138,0
indefinite_noisy,820003,reservoir_residual,0,0.8605935587592263,1,1999973,46511,0,0
indefinite_noisy,820003,reservoir_residual,1,0.3759986163567933,2,1999927,23603,138,0
indefinite_noisy,820003,reservoir_residual,2,0.2901579665561831,3,1999878,15910,138,0
indefinite_noisy,820003,reservoir_residual,3,0.09839641019208906,4,1999877,11993,138,0
indefinite_noisy,820003,reservoir_residual,4,0.09766021869776785,5,1999948,9620,138,0
indefinite_noisy,820003,reservoir_residual,5,0.09637386358575953,6,1999962,8028,138,0
indefinite_noisy,820003,reservoir_residual,6,0.10606749911188783,7,1999966,6886,138,0
indefinite_noisy,820004,reservoir_residual,0,0.8634208168565054,1,1999973,46511,0,0
indefinite_noisy,820004,reservoir_residual,1,0.37708910690197195,2,1999927,23603,138,0
indefinite_noisy,820004,reservoir_residual,2,0.18219297785283128,3,1999878,15910,138,0
indefinite_noisy,820004,reservoir_residual,3,0.10293744531623748,4,1999877,11993,138,0
indefinite_noisy,820004,reservoir_residual,4,0.10036643948957638,5,1999948,9620,138,0
indefinite_noisy,820004,reservoir_residual,5,0.09819005309354338,6,1999962,8028,138,0
indefinite_noisy,820004,reservoir_residual,6,0.09927103100353687,7,1999966,6886,138,0
indefinite_noisy,820005,reservoir_residual,0,1.2243962937982809,1,1999973,46511,0,0
indefinite_noisy,820005,reservoir_residual,1,0.3810315199326808,2,1999927,23603,138,0
indefinite_noisy,820005,reservoir_residual,2,0.186580769019422,3,1999878,15910,138,0
indefinite_noisy,820005,reservoir_residual,3,0.09705783748415359,4,1999877,11993,138,0
indefinite_noisy,820005,reservoir_residual,4,0.10293526296175734,5,1999948,9620,138,0
indefinite_noisy,820005,reservoir_residual,5,0.09740294922271006,6,1999962,8028,138,0
indefinite_noisy,820005,reservoir_residual,6,0.09414154556993135,7,1999966,6886,138,0
indefinite_noisy,820006,reservoir_residual,0,0.8608017529498113,1,1999973,46511,0,0
indefinite_noisy,820006,reservoir_residual,1,0.3684778908244236,2,1999927,23603,138,0
indefinite_noisy,820006,reservoir_residual,2,0.18394266959416866,3,1999878,15910,138,0
indefinite_noisy,820006,reservoir_residual,3,0.100747157156842,4,1999877,11993,138,0
indefinite_noisy,820006,reservoir_residual,4,0.10381218085416744,5,1999948,9620,138,0
indefinite_noisy,820006,reservoir_residual,5,0.09725322485104317,6,1999962,8028,138,0
indefinite_noisy,820006,reservoir_residual,6,0.09615524149308426,7,1999966,6886,138,0
indefinite_noisy,820007,reservoir_residual,0,0.8601169340506652,1,1999973,46511,0,0
indefinite_noisy,820007,reservoir_residual,1,0.3679221867505067,2,1999927,23603,138,0
indefinite_noisy,820007,reservoir_residual,2,0.27894843887004933,3,1999878,15910,138,0
indefinite_noisy,820007,reservoir_residual,3,0.09878744071840953,4,1999877,11993,138,0
indefinite_noisy,820007,reservoir_residual,4,0.09442655703647922,5,1999948,9620,138,0
indefinite_noisy,820007,reservoir_residual,5,0.09774788877976745,6,1999962,8028,138,0
indefinite_noisy,820007,reservoir_residual,6,0.1029991809525703,7,1999966,6886,138,0
indefinite_noisy,820008,reservoir_residual,0,1.209994700900056,1,1999973,46511,0,0
indefinite_noisy,820008,reservoir_residual,1,0.366743042335805,2,1999927,23603,138,0
indefinite_noisy,820008,reservoir_residual,2,0.18883028297078253,3,1999878,15910,138,0
indefinite_noisy,820008,reservoir_residual,3,0.10591533950923182,4,1999877,11993,138,0
indefinite_noisy,820008,reservoir_residual,4,0.09932467334797031,5,1999948,9620,138,0
indefinite_noisy,820008,reservoir_residual,5,0.10831922353273066,6,1999962,8028,138,0
indefinite_noisy,820008,reservoir_residual,6,0.09961777393234199,7,1999966,6886,138,0
indefinite_noisy,820009,reservoir_residual,0,0.8825195024252737,1,1999973,46511,0,0
indefinite_noisy,820009,reservoir_residual,1,0.37456178967381437,2,1999927,23603,138,0
indefinite_noisy,820009,reservoir_residual,2,0.2905840290746885,3,1999878,15910,138,0
indefinite_noisy,820009,reservoir_residual,3,0.09786556170364957,4,1999877,11993,138,0
indefinite_noisy,820009,reservoir_residual,4,0.1046974749183616,5,1999948,9620,138,0
indefinite_noisy,820009,reservoir_residual,5,0.10177614661159351,6,1999962,8028,138,0
indefinite_noisy,820009,reservoir_residual,6,0.09773488954500274,7,1999966,6886,138,0
indefinite_noisy,820010,reservoir_residual,0,0.8597101232952165,1,1999973,46511,0,0
indefinite_noisy,820010,reservoir_residual,1,0.36818844095819503,2,1999927,23603,138,0
indefinite_noisy,820010,reservoir_residual,2,0.28560454823818593,3,1999878,15910,138,0
indefinite_noisy,820010,reservoir_residual,3,0.10245891870178081,4,1999877,11993,138,0
indefinite_noisy,820010,reservoir_residual,4,0.10063140741406275,5,1999948,9620,138,0
indefinite_noisy,820010,reservoir_residual,5,0.09598595731218616,6,1999962,8028,138,0
indefinite_noisy,820010,reservoir_residual,6,0.10253126628438564,7,1999966,6886,138,0
indefinite_noisy,820011,reservoir_residual,0,0.8786302875877282,1,1999973,46511,0,0
indefinite_noisy,820011,reservoir_residual,1,0.3825210672243431,2,1999927,23603,138,0
indefinite_noisy,820011,reservoir_residual,2,0.28131525926885415,3,1999878,15910,138,0
indefinite_noisy,820011,reservoir_residual,3,0.1006442956164019,4,1999877,11993,138,0
indefinite_noisy,820011,reservoir_residual,4,0.13826757530486747,5,1999948,9620,138,0
indefinite_noisy,820011,reservoir_residual,5,0.09505839189032438,6,1999962,8028,138,0
indefinite_noisy,820011,reservoir_residual,6,0.09627302894181572,7,1999966,6886,138,0
indefinite_noisy,820000,fresh_residual,0,0.8561249042710986,1,1999973,46511,0,0
indefinite_noisy,820000,fresh_residual,1,0.35726017259136733,2,1999958,21778,1024,0
indefinite_noisy,820000,fresh_residual,2,0.18732776676086765,3,1999977,14571,1024,0
indefinite_noisy,820000,fresh_residual,3,0.10570670906896043,4,1999967,10901,1024,0
indefinite_noisy,820000,fresh_residual,4,0.0959198009730534,5,1999895,8677,1024,0
indefinite_noisy,820000,fresh_residual,5,0.10045155560707383,6,1999779,7185,1024,0
indefinite_noisy,820000,fresh_residual,6,0.09510667812526581,7,1999729,6115,1024,0
indefinite_noisy,820001,fresh_residual,0,0.862719761928216,1,1999973,46511,0,0
indefinite_noisy,820001,fresh_residual,1,0.3888681402579538,2,1999958,21778,1024,0
indefinite_noisy,820001,fresh_residual,2,0.1825307159376131,3,1999977,14571,1024,0
indefinite_noisy,820001,fresh_residual,3,0.11419267752849876,4,1999967,10901,1024,0
indefinite_noisy,820001,fresh_residual,4,0.10040437261509323,5,1999895,8677,1024,0
indefinite_noisy,820001,fresh_residual,5,0.09711043198622626,6,1999779,7185,1024,0
indefinite_noisy,820001,fresh_residual,6,0.11059192005413528,7,1999729,6115,1024,0
indefinite_noisy,820002,fresh_residual,0,1.2158272276672912,1,1999973,46511,0,0
indefinite_noisy,820002,fresh_residual,1,0.36738066078658815,2,1999958,21778,1024,0
indefinite_noisy,820002,fresh_residual,2,0.1922970113744987,3,1999977,14571,1024,0
indefinite_noisy,820002,fresh_residual,3,0.12533220698128023,4,1999967,10901,1024,0
indefinite_noisy,820002,fresh_residual,4,0.09798186573768446,5,1999895,8677,1024,0
indefinite_noisy,820002,fresh_residual,5,0.11224604041308116,6,1999779,7185,1024,0
indefinite_noisy,820002,fresh_residual,6,0.11228443551866366,7,1999729,6115,1024,0
indefinite_noisy,820003,fresh_residual,0,0.8605935587592263,1,1999973,46511,0,0
indefinite_noisy,820003,fresh_residual,1,0.3695551301980846,2,1999958,21778,1024,0
indefinite_noisy,820003,fresh_residual,2,0.17818123493965393,3,1999977,14571,1024,0
indefinite_noisy,820003,fresh_residual,3,0.10277429150115852,4,1999967,10901,1024,0
indefinite_noisy,820003,fresh_residual,4,0.0955871477966473,5,1999895,8677,1024,0
indefinite_noisy,820003,fresh_residual,5,0.10031429629552789,6,1999779,7185,1024,0
indefinite_noisy,820003,fresh_residual,6,0.1022463639960175,7,1999729,6115,1024,0
indefinite_noisy,820004,fresh_residual,0,0.8634208168565054,1,1999973,46511,0,0
indefinite_noisy,820004,fresh_residual,1,0.36909935556532447,2,1999958,21778,1024,0
indefinite_noisy,820004,fresh_residual,2,0.18884715036410513,3,1999977,14571,1024,0
indefinite_noisy,820004,fresh_residual,3,0.09810642962956691,4,1999967,10901,1024,0
indefinite_noisy,820004,fresh_residual,4,0.10251561778157668,5,1999895,8677,1024,0
indefinite_noisy,820004,fresh_residual,5,0.10514543543780512,6,1999779,7185,1024,0
indefinite_noisy,820004,fresh_residual,6,0.1008768618526662,7,1999729,6115,1024,0
indefinite_noisy,820005,fresh_residual,0,1.2243962937982809,1,1999973,46511,0,0
indefinite_noisy,820005,fresh_residual,1,0.3875287489950062,2,1999958,21778,1024,0
indefinite_noisy,820005,fresh_residual,2,0.19301595792543416,3,1999977,14571,1024,0
indefinite_noisy,820005,fresh_residual,3,0.10508911552952789,4,1999967,10901,1024,0
indefinite_noisy,820005,fresh_residual,4,0.10028021901174906,5,1999895,8677,1024,0
indefinite_noisy,820005,fresh_residual,5,0.09933860762315061,6,1999779,7185,1024,0
indefinite_noisy,820005,fresh_residual,6,0.09441874454444477,7,1999729,6115,1024,0
indefinite_noisy,820006,fresh_residual,0,0.8608017529498113,1,1999973,46511,0,0
indefinite_noisy,820006,fresh_residual,1,0.37212397625591376,2,1999958,21778,1024,0
indefinite_noisy,820006,fresh_residual,2,0.17822170552602118,3,1999977,14571,1024,0
indefinite_noisy,820006,fresh_residual,3,0.10107599912412711,4,1999967,10901,1024,0
indefinite_noisy,820006,fresh_residual,4,0.10687649630081272,5,1999895,8677,1024,0
indefinite_noisy,820006,fresh_residual,5,0.09885651322733115,6,1999779,7185,1024,0
indefinite_noisy,820006,fresh_residual,6,0.09700501716880594,7,1999729,6115,1024,0
indefinite_noisy,820007,fresh_residual,0,0.8601169340506652,1,1999973,46511,0,0
indefinite_noisy,820007,fresh_residual,1,0.36166537678202637,2,1999958,21778,1024,0
indefinite_noisy,820007,fresh_residual,2,0.18590366434986685,3,1999977,14571,1024,0
indefinite_noisy,820007,fresh_residual,3,0.10048839255341961,4,1999967,10901,1024,0
indefinite_noisy,820007,fresh_residual,4,0.10300297804518671,5,1999895,8677,1024,0
indefinite_noisy,820007,fresh_residual,5,0.10067299598599196,6,1999779,7185,1024,0
indefinite_noisy,820007,fresh_residual,6,0.10492767331864969,7,1999729,6115,1024,0
indefinite_noisy,820008,fresh_residual,0,1.209994700900056,1,1999973,46511,0,0
indefinite_noisy,820008,fresh_residual,1,0.3733456828531033,2,1999958,21778,1024,0
indefinite_noisy,820008,fresh_residual,2,0.20382465742503902,3,1999977,14571,1024,0
indefinite_noisy,820008,fresh_residual,3,0.10386887868832244,4,1999967,10901,1024,0
indefinite_noisy,820008,fresh_residual,4,0.09978017544444633,5,1999895,8677,1024,0
indefinite_noisy,820008,fresh_residual,5,0.10990158579358254,6,1999779,7185,1024,0
indefinite_noisy,820008,fresh_residual,6,0.10541601850705055,7,1999729,6115,1024,0
indefinite_noisy,820009,fresh_residual,0,0.8825195024252737,1,1999973,46511,0,0
indefinite_noisy,820009,fresh_residual,1,0.36537480977574355,2,1999958,21778,1024,0
indefinite_noisy,820009,fresh_residual,2,0.18307962914303436,3,1999977,14571,1024,0
indefinite_noisy,820009,fresh_residual,3,0.10898176423320877,4,1999967,10901,1024,0
indefinite_noisy,820009,fresh_residual,4,0.10342329128611717,5,1999895,8677,1024,0
indefinite_noisy,820009,fresh_residual,5,0.09988400422189933,6,1999779,7185,1024,0
indefinite_noisy,820009,fresh_residual,6,0.0995895335962873,7,1999729,6115,1024,0
indefinite_noisy,820010,fresh_residual,0,0.8597101232952165,1,1999973,46511,0,0
indefinite_noisy,820010,fresh_residual,1,0.38079612841837573,2,1999958,21778,1024,0
indefinite_noisy,820010,fresh_residual,2,0.18192652681383137,3,1999977,14571,1024,0
indefinite_noisy,820010,fresh_residual,3,0.10864977893940889,4,1999967,10901,1024,0
indefinite_noisy,820010,fresh_residual,4,0.1006291419176629,5,1999895,8677,1024,0
indefinite_noisy,820010,fresh_residual,5,0.1051330237005454,6,1999779,7185,1024,0
indefinite_noisy,820010,fresh_residual,6,0.10639333747360499,7,1999729,6115,1024,0
indefinite_noisy,820011,fresh_residual,0,0.8786302875877282,1,1999973,46511,0,0
indefinite_noisy,820011,fresh_residual,1,0.36218985246137647,2,1999958,21778,1024,0
indefinite_noisy,820011,fresh_residual,2,0.18337220026363743,3,1999977,14571,1024,0
indefinite_noisy,820011,fresh_residual,3,0.10298319521821041,4,1999967,10901,1024,0
indefinite_noisy,820011,fresh_residual,4,0.10023944507064195,5,1999895,8677,1024,0
indefinite_noisy,820011,fresh_residual,5,0.09549759915305503,6,1999779,7185,1024,0
indefinite_noisy,820011,fresh_residual,6,0.09938253825777202,7,1999729,6115,1024,0
indefinite_noisy,820000,learned_probe,0,0.8561249042710986,1,1999973,46511,0,0
indefinite_noisy,820000,learned_probe,1,0.3722299988077301,2,1999929,15203,2698,0
indefinite_noisy,820000,learned_probe,2,0.18712070183807375,3,1999964,9996,2698,0
indefinite_noisy,820000,learned_probe,3,0.09932412091391438,4,1999904,7344,2698,0
indefinite_noisy,820000,learned_probe,4,0.10451825646008996,5,1999819,5737,2698,0
indefinite_noisy,820000,learned_probe,5,0.10043605174813958,6,1999964,4660,2698,0
indefinite_noisy,820000,learned_probe,6,0.10844867492156031,7,1999981,3887,2698,0
indefinite_noisy,820001,learned_probe,0,0.862719761928216,1,1999973,46511,0,0
indefinite_noisy,820001,learned_probe,1,0.384856443654243,2,1999929,15203,2698,0
indefinite_noisy,820001,learned_probe,2,0.29089517618267224,3,1999964,9996,2698,0
indefinite_noisy,820001,learned_probe,3,0.11461589883361392,4,1999904,7344,2698,0
indefinite_noisy,820001,learned_probe,4,0.10410158994527023,5,1999819,5737,2698,0
indefinite_noisy,820001,learned_probe,5,0.10015313973154699,6,1999964,4660,2698,0
indefinite_noisy,820001,learned_probe,6,0.10595570178390976,7,1999981,3887,2698,0
indefinite_noisy,820002,learned_probe,0,1.2158272276672912,1,1999973,46511,0,0
indefinite_noisy,820002,learned_probe,1,0.3603706400769403,2,1999929,15203,2698,0
indefinite_noisy,820002,learned_probe,2,0.3220387471957781,3,1999964,9996,2698,0
indefinite_noisy,820002,learned_probe,3,0.10002893922153766,4,1999904,7344,2698,0
indefinite_noisy,820002,learned_probe,4,0.09758522078258666,5,1999819,5737,2698,0
indefinite_noisy,820002,learned_probe,5,0.10499028515370175,6,1999964,4660,2698,0
indefinite_noisy,820002,learned_probe,6,0.09772964154134846,7,1999981,3887,2698,0
indefinite_noisy,820003,learned_probe,0,0.8605935587592263,1,1999973,46511,0,0
indefinite_noisy,820003,learned_probe,1,0.6921604577729571,2,1999929,15203,2698,0
indefinite_noisy,820003,learned_probe,2,0.19696239232153323,3,1999964,9996,2698,0
indefinite_noisy,820003,learned_probe,3,0.20031990621854534,4,1999904,7344,2698,0
indefinite_noisy,820003,learned_probe,4,0.10188534594150891,5,1999819,5737,2698,0
indefinite_noisy,820003,learned_probe,5,0.10261907791262402,6,1999964,4660,2698,0
indefinite_noisy,820003,learned_probe,6,0.11371534673488579,7,1999981,3887,2698,0
indefinite_noisy,820004,learned_probe,0,0.8634208168565054,1,1999973,46511,0,0
indefinite_noisy,820004,learned_probe,1,0.382230571873012,2,1999929,15203,2698,0
indefinite_noisy,820004,learned_probe,2,0.1842970800706097,3,1999964,9996,2698,0
indefinite_noisy,820004,learned_probe,3,0.10125372497555366,4,1999904,7344,2698,0
indefinite_noisy,820004,learned_probe,4,0.0991308712027025,5,1999819,5737,2698,0
indefinite_noisy,820004,learned_probe,5,0.10083430588431842,6,1999964,4660,2698,0
indefinite_noisy,820004,learned_probe,6,0.10387831319343531,7,1999981,3887,2698,0
indefinite_noisy,820005,learned_probe,0,1.2243962937982809,1,1999973,46511,0,0
indefinite_noisy,820005,learned_probe,1,0.3725285814067443,2,1999929,15203,2698,0
indefinite_noisy,820005,learned_probe,2,0.1863223235604255,3,1999964,9996,2698,0
indefinite_noisy,820005,learned_probe,3,0.09908159386626766,4,1999904,7344,2698,0
indefinite_noisy,820005,learned_probe,4,0.09691830913021862,5,1999819,5737,2698,0
indefinite_noisy,820005,learned_probe,5,0.12001387254382351,6,1999964,4660,2698,0
indefinite_noisy,820005,learned_probe,6,0.09947970721840314,7,1999981,3887,2698,0
indefinite_noisy,820006,learned_probe,0,0.8608017529498113,1,1999973,46511,0,0
indefinite_noisy,820006,learned_probe,1,0.6857449768445781,2,1999929,15203,2698,0
indefinite_noisy,820006,learned_probe,2,0.17996988614738668,3,1999964,9996,2698,0
indefinite_noisy,820006,learned_probe,3,0.10069738635444488,4,1999904,7344,2698,0
indefinite_noisy,820006,learned_probe,4,0.10688032221264654,5,1999819,5737,2698,0
indefinite_noisy,820006,learned_probe,5,0.10231197084734582,6,1999964,4660,2698,0
indefinite_noisy,820006,learned_probe,6,0.104491712594629,7,1999981,3887,2698,0
indefinite_noisy,820007,learned_probe,0,0.8601169340506652,1,1999973,46511,0,0
indefinite_noisy,820007,learned_probe,1,0.3597652781561076,2,1999929,15203,2698,0
indefinite_noisy,820007,learned_probe,2,0.1892219444650121,3,1999964,9996,2698,0
indefinite_noisy,820007,learned_probe,3,0.09740933174632319,4,1999904,7344,2698,0
indefinite_noisy,820007,learned_probe,4,0.09734114891345573,5,1999819,5737,2698,0
indefinite_noisy,820007,learned_probe,5,0.10340080257929328,6,1999964,4660,2698,0
indefinite_noisy,820007,learned_probe,6,0.10969254425921418,7,1999981,3887,2698,0
indefinite_noisy,820008,learned_probe,0,1.209994700900056,1,1999973,46511,0,0
indefinite_noisy,820008,learned_probe,1,0.3846872584599571,2,1999929,15203,2698,0
indefinite_noisy,820008,learned_probe,2,0.18412794414868927,3,1999964,9996,2698,0
indefinite_noisy,820008,learned_probe,3,0.10318632262875768,4,1999904,7344,2698,0
indefinite_noisy,820008,learned_probe,4,0.10011603712978193,5,1999819,5737,2698,0
indefinite_noisy,820008,learned_probe,5,0.10433425553975771,6,1999964,4660,2698,0
indefinite_noisy,820008,learned_probe,6,0.10265240403082873,7,1999981,3887,2698,0
indefinite_noisy,820009,learned_probe,0,0.8825195024252737,1,1999973,46511,0,0
indefinite_noisy,820009,learned_probe,1,0.3659117872772193,2,1999929,15203,2698,0
indefinite_noisy,820009,learned_probe,2,0.2878015039522918,3,1999964,9996,2698,0
indefinite_noisy,820009,learned_probe,3,0.10843592317750611,4,1999904,7344,2698,0
indefinite_noisy,820009,learned_probe,4,0.10607366598142999,5,1999819,5737,2698,0
indefinite_noisy,820009,learned_probe,5,0.10356857042149953,6,1999964,4660,2698,0
indefinite_noisy,820009,learned_probe,6,0.10874398721626663,7,1999981,3887,2698,0
indefinite_noisy,820010,learned_probe,0,0.8597101232952165,1,1999973,46511,0,0
indefinite_noisy,820010,learned_probe,1,0.37075974477964146,2,1999929,15203,2698,0
indefinite_noisy,820010,learned_probe,2,0.18021448006637925,3,1999964,9996,2698,0
indefinite_noisy,820010,learned_probe,3,0.10142606187764178,4,1999904,7344,2698,0
indefinite_noisy,820010,learned_probe,4,0.09688018629744559,5,1999819,5737,2698,0
indefinite_noisy,820010,learned_probe,5,0.10808499049869909,6,1999964,4660,2698,0
indefinite_noisy,820010,learned_probe,6,0.11653608110188944,7,1999981,3887,2698,0
indefinite_noisy,820011,learned_probe,0,0.8786302875877282,1,1999973,46511,0,0
indefinite_noisy,820011,learned_probe,1,0.698095004768712,2,1999929,15203,2698,0
indefinite_noisy,820011,learned_probe,2,0.18914345423414275,3,1999964,9996,2698,0
indefinite_noisy,820011,learned_probe,3,0.12510899166629638,4,1999904,7344,2698,0
indefinite_noisy,820011,learned_probe,4,0.09700734553893381,5,1999819,5737,2698,0
indefinite_noisy,820011,learned_probe,5,0.09791124610766123,6,1999964,4660,2698,0
indefinite_noisy,820011,learned_probe,6,0.10444512165776941,7,1999981,3887,2698,0
indefinite_noisy,820000,random_replay128,0,0.8561249042710986,1,1999973,46511,0,0
indefinite_noisy,820000,random_replay128,1,0.3555874976400629,2,1999968,24096,0,0
indefinite_noisy,820000,random_replay128,2,0.1830236987329441,3,1999980,16260,0,0
indefinite_noisy,820000,random_replay128,3,0.09595357109310819,4,1999847,12269,0,0
indefinite_noisy,820000,random_replay128,4,0.09915384381782417,5,1999956,9852,0,0
indefinite_noisy,820000,random_replay128,5,0.09757693729753295,6,1999890,8230,0,0
indefinite_noisy,820000,random_replay128,6,0.0947374755605334,7,1999961,7067,0,0
indefinite_noisy,820001,random_replay128,0,0.862719761928216,1,1999973,46511,0,0
indefinite_noisy,820001,random_replay128,1,0.37219919370782284,2,1999968,24096,0,0
indefinite_noisy,820001,random_replay128,2,0.29560292849937964,3,1999980,16260,0,0
indefinite_noisy,820001,random_replay128,3,0.09619320502670288,4,1999847,12269,0,0
indefinite_noisy,820001,random_replay128,4,0.09554626244177225,5,1999956,9852,0,0
indefinite_noisy,820001,random_replay128,5,0.09714230058536528,6,1999890,8230,0,0
indefinite_noisy,820001,random_replay128,6,0.09638472518416219,7,1999961,7067,0,0
indefinite_noisy,820002,random_replay128,0,1.2158272276672912,1,1999973,46511,0,0
indefinite_noisy,820002,random_replay128,1,0.3637845874080503,2,1999968,24096,0,0
indefinite_noisy,820002,random_replay128,2,0.1787657450542668,3,1999980,16260,0,0
indefinite_noisy,820002,random_replay128,3,0.09862110208395826,4,1999847,12269,0,0
indefinite_noisy,820002,random_replay128,4,0.09430697292539822,5,1999956,9852,0,0
indefinite_noisy,820002,random_replay128,5,0.0978013341177954,6,1999890,8230,0,0
indefinite_noisy,820002,random_replay128,6,0.09815219501165111,7,1999961,7067,0,0
indefinite_noisy,820003,random_replay128,0,0.8605935587592263,1,1999973,46511,0,0
indefinite_noisy,820003,random_replay128,1,0.3624443299783071,2,1999968,24096,0,0
indefinite_noisy,820003,random_replay128,2,0.17773703726639825,3,1999980,16260,0,0
indefinite_noisy,820003,random_replay128,3,0.09440587821449259,4,1999847,12269,0,0
indefinite_noisy,820003,random_replay128,4,0.09728916153221086,5,1999956,9852,0,0
indefinite_noisy,820003,random_replay128,5,0.10143192390158882,6,1999890,8230,0,0
indefinite_noisy,820003,random_replay128,6,0.09749123650368224,7,1999961,7067,0,0
indefinite_noisy,820004,random_replay128,0,0.8634208168565054,1,1999973,46511,0,0
indefinite_noisy,820004,random_replay128,1,0.35656906281949563,2,1999968,24096,0,0
indefinite_noisy,820004,random_replay128,2,0.1889047939758045,3,1999980,16260,0,0
indefinite_noisy,820004,random_replay128,3,0.09506598084859125,4,1999847,12269,0,0
indefinite_noisy,820004,random_replay128,4,0.09741949775578913,5,1999956,9852,0,0
indefinite_noisy,820004,random_replay128,5,0.0970909878542657,6,1999890,8230,0,0
indefinite_noisy,820004,random_replay128,6,0.09596428317634441,7,1999961,7067,0,0
indefinite_noisy,820005,random_replay128,0,1.2243962937982809,1,1999973,46511,0,0
indefinite_noisy,820005,random_replay128,1,0.3634836490262181,2,1999968,24096,0,0
indefinite_noisy,820005,random_replay128,2,0.27942688967084406,3,1999980,16260,0,0
indefinite_noisy,820005,random_replay128,3,0.09530329658767396,4,1999847,12269,0,0
indefinite_noisy,820005,random_replay128,4,0.09645014651218708,5,1999956,9852,0,0
indefinite_noisy,820005,random_replay128,5,0.09963167526799219,6,1999890,8230,0,0
indefinite_noisy,820005,random_replay128,6,0.09837312656817146,7,1999961,7067,0,0
indefinite_noisy,820006,random_replay128,0,0.8608017529498113,1,1999973,46511,0,0
indefinite_noisy,820006,random_replay128,1,0.36916287620852273,2,1999968,24096,0,0
indefinite_noisy,820006,random_replay128,2,0.28428846846757194,3,1999980,16260,0,0
indefinite_noisy,820006,random_replay128,3,0.09924301838454097,4,1999847,12269,0,0
indefinite_noisy,820006,random_replay128,4,0.0972547926196737,5,1999956,9852,0,0
indefinite_noisy,820006,random_replay128,5,0.09855390451685278,6,1999890,8230,0,0
indefinite_noisy,820006,random_replay128,6,0.09655360180108251,7,1999961,7067,0,0
indefinite_noisy,820007,random_replay128,0,0.8601169340506652,1,1999973,46511,0,0
indefinite_noisy,820007,random_replay128,1,0.359121759685024,2,1999968,24096,0,0
indefinite_noisy,820007,random_replay128,2,0.17678713250995845,3,1999980,16260,0,0
indefinite_noisy,820007,random_replay128,3,0.09422758235792231,4,1999847,12269,0,0
indefinite_noisy,820007,random_replay128,4,0.09687839521022154,5,1999956,9852,0,0
indefinite_noisy,820007,random_replay128,5,0.10253815382502772,6,1999890,8230,0,0
indefinite_noisy,820007,random_replay128,6,0.09867085806698543,7,1999961,7067,0,0
indefinite_noisy,820008,random_replay128,0,1.209994700900056,1,1999973,46511,0,0
indefinite_noisy,820008,random_replay128,1,0.38862576372593893,2,1999968,24096,0,0
indefinite_noisy,820008,random_replay128,2,0.1780295627391094,3,1999980,16260,0,0
indefinite_noisy,820008,random_replay128,3,0.0936307173639181,4,1999847,12269,0,0
indefinite_noisy,820008,random_replay128,4,0.09689739328197473,5,1999956,9852,0,0
indefinite_noisy,820008,random_replay128,5,0.09575666267160776,6,1999890,8230,0,0
indefinite_noisy,820008,random_replay128,6,0.09441927602261943,7,1999961,7067,0,0
indefinite_noisy,820009,random_replay128,0,0.8825195024252737,1,1999973,46511,0,0
indefinite_noisy,820009,random_replay128,1,0.36316960000743936,2,1999968,24096,0,0
indefinite_noisy,820009,random_replay128,2,0.28180921118676316,3,1999980,16260,0,0
indefinite_noisy,820009,random_replay128,3,0.10285576043297853,4,1999847,12269,0,0
indefinite_noisy,820009,random_replay128,4,0.09540090380228142,5,1999956,9852,0,0
indefinite_noisy,820009,random_replay128,5,0.09576970515511027,6,1999890,8230,0,0
indefinite_noisy,820009,random_replay128,6,0.10344951086967781,7,1999961,7067,0,0
indefinite_noisy,820010,random_replay128,0,0.8597101232952165,1,1999973,46511,0,0
indefinite_noisy,820010,random_replay128,1,0.36054016430391067,2,1999968,24096,0,0
indefinite_noisy,820010,random_replay128,2,0.28895728640944,3,1999980,16260,0,0
indefinite_noisy,820010,random_replay128,3,0.09752858428330312,4,1999847,12269,0,0
indefinite_noisy,820010,random_replay128,4,0.09661231269616044,5,1999956,9852,0,0
indefinite_noisy,820010,random_replay128,5,0.09609828626550003,6,1999890,8230,0,0
indefinite_noisy,820010,random_replay128,6,0.09551946934386513,7,1999961,7067,0,0
indefinite_noisy,820011,random_replay128,0,0.8786302875877282,1,1999973,46511,0,0
indefinite_noisy,820011,random_replay128,1,0.3637717686357176,2,1999968,24096,0,0
indefinite_noisy,820011,random_replay128,2,0.18068283869552,3,1999980,16260,0,0
indefinite_noisy,820011,random_replay128,3,0.0986138275527017,4,1999847,12269,0,0
indefinite_noisy,820011,random_replay128,4,0.09595456410995967,5,1999956,9852,0,0
indefinite_noisy,820011,random_replay128,5,0.09737883762992075,6,1999890,8230,0,0
indefinite_noisy,820011,random_replay128,6,0.09536122249542991,7,1999961,7067,0,0
indefinite_noisy,820000,random_matched138,0,0.8561249042710986,1,1999973,46511,0,0
indefinite_noisy,820000,random_matched138,1,0.3600383037499818,2,1999968,24096,0,0
indefinite_noisy,820000,random_matched138,2,0.18431425719748884,3,1999980,16260,0,0
indefinite_noisy,820000,random_matched138,3,0.10046070419503121,4,1999847,12269,0,0
indefinite_noisy,820000,random_matched138,4,0.09587796945380334,5,1999956,9852,0,0
indefinite_noisy,820000,random_matched138,5,0.10277826118604215,6,1999890,8230,0,0
indefinite_noisy,820000,random_matched138,6,0.0997810188322039,7,1999961,7067,0,0
indefinite_noisy,820001,random_matched138,0,0.862719761928216,1,1999973,46511,0,0
indefinite_noisy,820001,random_matched138,1,0.3694991964540625,2,1999968,24096,0,0
indefinite_noisy,820001,random_matched138,2,0.18903416887052413,3,1999980,16260,0,0
indefinite_noisy,820001,random_matched138,3,0.10641559504527057,4,1999847,12269,0,0
indefinite_noisy,820001,random_matched138,4,0.09575054617568886,5,1999956,9852,0,0
indefinite_noisy,820001,random_matched138,5,0.09853799009874363,6,1999890,8230,0,0
indefinite_noisy,820001,random_matched138,6,0.10077256243450025,7,1999961,7067,0,0
indefinite_noisy,820002,random_matched138,0,1.2158272276672912,1,1999973,46511,0,0
indefinite_noisy,820002,random_matched138,1,0.36691658066170785,2,1999968,24096,0,0
indefinite_noisy,820002,random_matched138,2,0.18270765598017225,3,1999980,16260,0,0
indefinite_noisy,820002,random_matched138,3,0.1020744364198341,4,1999847,12269,0,0
indefinite_noisy,820002,random_matched138,4,0.09733419040816178,5,1999956,9852,0,0
indefinite_noisy,820002,random_matched138,5,0.10571602127722751,6,1999890,8230,0,0
indefinite_noisy,820002,random_matched138,6,0.11287051328300286,7,1999961,7067,0,0
indefinite_noisy,820003,random_matched138,0,0.8605935587592263,1,1999973,46511,0,0
indefinite_noisy,820003,random_matched138,1,0.3709801911650479,2,1999968,24096,0,0
indefinite_noisy,820003,random_matched138,2,0.18041979744613446,3,1999980,16260,0,0
indefinite_noisy,820003,random_matched138,3,0.0981577042594237,4,1999847,12269,0,0
indefinite_noisy,820003,random_matched138,4,0.09867234824321024,5,1999956,9852,0,0
indefinite_noisy,820003,random_matched138,5,0.09616265796973246,6,1999890,8230,0,0
indefinite_noisy,820003,random_matched138,6,0.0990737089334037,7,1999961,7067,0,0
indefinite_noisy,820004,random_matched138,0,0.8634208168565054,1,1999973,46511,0,0
indefinite_noisy,820004,random_matched138,1,0.36406481087551723,2,1999968,24096,0,0
indefinite_noisy,820004,random_matched138,2,0.18284353451150215,3,1999980,16260,0,0
indefinite_noisy,820004,random_matched138,3,0.10133153193462731,4,1999847,12269,0,0
indefinite_noisy,820004,random_matched138,4,0.10035076954805557,5,1999956,9852,0,0
indefinite_noisy,820004,random_matched138,5,0.10045870298676235,6,1999890,8230,0,0
indefinite_noisy,820004,random_matched138,6,0.10494197906702406,7,1999961,7067,0,0
indefinite_noisy,820005,random_matched138,0,1.2243962937982809,1,1999973,46511,0,0
indefinite_noisy,820005,random_matched138,1,0.3735795080343929,2,1999968,24096,0,0
indefinite_noisy,820005,random_matched138,2,0.2849794695832439,3,1999980,16260,0,0
indefinite_noisy,820005,random_matched138,3,0.09705912438567946,4,1999847,12269,0,0
indefinite_noisy,820005,random_matched138,4,0.09474251876656928,5,1999956,9852,0,0
indefinite_noisy,820005,random_matched138,5,0.0987039896716291,6,1999890,8230,0,0
indefinite_noisy,820005,random_matched138,6,0.10259569072308244,7,1999961,7067,0,0
indefinite_noisy,820006,random_matched138,0,0.8608017529498113,1,1999973,46511,0,0
indefinite_noisy,820006,random_matched138,1,0.3677241632096597,2,1999968,24096,0,0
indefinite_noisy,820006,random_matched138,2,0.18156290674957948,3,1999980,16260,0,0
indefinite_noisy,820006,random_matched138,3,0.10226415775501586,4,1999847,12269,0,0
indefinite_noisy,820006,random_matched138,4,0.10377960785408313,5,1999956,9852,0,0
indefinite_noisy,820006,random_matched138,5,0.0954425724425714,6,1999890,8230,0,0
indefinite_noisy,820006,random_matched138,6,0.09835606123728606,7,1999961,7067,0,0
indefinite_noisy,820007,random_matched138,0,0.8601169340506652,1,1999973,46511,0,0
indefinite_noisy,820007,random_matched138,1,0.36438241266936566,2,1999968,24096,0,0
indefinite_noisy,820007,random_matched138,2,0.18606171863230037,3,1999980,16260,0,0
indefinite_noisy,820007,random_matched138,3,0.09994123809548565,4,1999847,12269,0,0
indefinite_noisy,820007,random_matched138,4,0.09579402048293015,5,1999956,9852,0,0
indefinite_noisy,820007,random_matched138,5,0.09591714758067983,6,1999890,8230,0,0
indefinite_noisy,820007,random_matched138,6,0.10009851556822678,7,1999961,7067,0,0
indefinite_noisy,820008,random_matched138,0,1.209994700900056,1,1999973,46511,0,0
indefinite_noisy,820008,random_matched138,1,0.36891190329165124,2,1999968,24096,0,0
indefinite_noisy,820008,random_matched138,2,0.1904757738962082,3,1999980,16260,0,0
indefinite_noisy,820008,random_matched138,3,0.110053310139736,4,1999847,12269,0,0
indefinite_noisy,820008,random_matched138,4,0.09848192164895478,5,1999956,9852,0,0
indefinite_noisy,820008,random_matched138,5,0.10999328534990195,6,1999890,8230,0,0
indefinite_noisy,820008,random_matched138,6,0.10288347631157221,7,1999961,7067,0,0
indefinite_noisy,820009,random_matched138,0,0.8825195024252737,1,1999973,46511,0,0
indefinite_noisy,820009,random_matched138,1,0.37759883513338033,2,1999968,24096,0,0
indefinite_noisy,820009,random_matched138,2,0.20101388101042372,3,1999980,16260,0,0
indefinite_noisy,820009,random_matched138,3,0.10004756169591368,4,1999847,12269,0,0
indefinite_noisy,820009,random_matched138,4,0.10250514658396619,5,1999956,9852,0,0
indefinite_noisy,820009,random_matched138,5,0.10030525871114676,6,1999890,8230,0,0
indefinite_noisy,820009,random_matched138,6,0.10228531982472862,7,1999961,7067,0,0
indefinite_noisy,820010,random_matched138,0,0.8597101232952165,1,1999973,46511,0,0
indefinite_noisy,820010,random_matched138,1,0.3674118281024572,2,1999968,24096,0,0
indefinite_noisy,820010,random_matched138,2,0.2862557457898417,3,1999980,16260,0,0
indefinite_noisy,820010,random_matched138,3,0.10057828805399131,4,1999847,12269,0,0
indefinite_noisy,820010,random_matched138,4,0.09941203830813332,5,1999956,9852,0,0
indefinite_noisy,820010,random_matched138,5,0.09782649135989013,6,1999890,8230,0,0
indefinite_noisy,820010,random_matched138,6,0.09814002037319809,7,1999961,7067,0,0
indefinite_noisy,820011,random_matched138,0,0.8786302875877282,1,1999973,46511,0,0
indefinite_noisy,820011,random_matched138,1,0.3807071436234787,2,1999968,24096,0,0
indefinite_noisy,820011,random_matched138,2,0.1833965292529939,3,1999980,16260,0,0
indefinite_noisy,820011,random_matched138,3,0.10305776571469216,4,1999847,12269,0,0
indefinite_noisy,820011,random_matched138,4,0.1249031563829377,5,1999956,9852,0,0
indefinite_noisy,820011,random_matched138,5,0.09591772648052385,6,1999890,8230,0,0
indefinite_noisy,820011,random_matched138,6,0.1037390637702964,7,1999961,7067,0,0
indefinite_noisy,820000,fixed7_replay138,0,0.13304808297513027,7,1999961,7067,0,0
indefinite_noisy,820000,fixed7_replay138,1,0.0990355303392668,7,1999961,7067,0,0
indefinite_noisy,820000,fixed7_replay138,2,0.09997298246263465,7,1999961,7067,0,0
indefinite_noisy,820000,fixed7_replay138,3,0.10581400476286408,7,1999961,7067,0,0
indefinite_noisy,820000,fixed7_replay138,4,0.10752567213460931,7,1999961,7067,0,0
indefinite_noisy,820000,fixed7_replay138,5,0.10262054968876273,7,1999961,7067,0,0
indefinite_noisy,820000,fixed7_replay138,6,0.0992880909451371,7,1999961,7067,0,0
indefinite_noisy,820001,fixed7_replay138,0,0.1494672962196994,7,1999961,7067,0,0
indefinite_noisy,820001,fixed7_replay138,1,0.09802853379016956,7,1999961,7067,0,0
indefinite_noisy,820001,fixed7_replay138,2,0.10073812671468006,7,1999961,7067,0,0
indefinite_noisy,820001,fixed7_replay138,3,0.10644618569749692,7,1999961,7067,0,0
indefinite_noisy,820001,fixed7_replay138,4,0.1120429587243855,7,1999961,7067,0,0
indefinite_noisy,820001,fixed7_replay138,5,0.0979225210682538,7,1999961,7067,0,0
indefinite_noisy,820001,fixed7_replay138,6,0.10199284446564452,7,1999961,7067,0,0
indefinite_noisy,820002,fixed7_replay138,0,0.13677944605224276,7,1999961,7067,0,0
indefinite_noisy,820002,fixed7_replay138,1,0.10108933103325617,7,1999961,7067,0,0
indefinite_noisy,820002,fixed7_replay138,2,0.10055641974515646,7,1999961,7067,0,0
indefinite_noisy,820002,fixed7_replay138,3,0.10319174746588045,7,1999961,7067,0,0
indefinite_noisy,820002,fixed7_replay138,4,0.09700449893230532,7,1999961,7067,0,0
indefinite_noisy,820002,fixed7_replay138,5,0.11728215233888067,7,1999961,7067,0,0
indefinite_noisy,820002,fixed7_replay138,6,0.10846273014238841,7,1999961,7067,0,0
indefinite_noisy,820003,fixed7_replay138,0,0.1925369896605485,7,1999961,7067,0,0
indefinite_noisy,820003,fixed7_replay138,1,0.1894924502558445,7,1999961,7067,0,0
indefinite_noisy,820003,fixed7_replay138,2,0.18826040724150703,7,1999961,7067,0,0
indefinite_noisy,820003,fixed7_replay138,3,0.20351546803538179,7,1999961,7067,0,0
indefinite_noisy,820003,fixed7_replay138,4,0.18146019416113163,7,1999961,7067,0,0
indefinite_noisy,820003,fixed7_replay138,5,0.1827416017363412,7,1999961,7067,0,0
indefinite_noisy,820003,fixed7_replay138,6,0.18906630758482168,7,1999961,7067,0,0
indefinite_noisy,820004,fixed7_replay138,0,0.1182235713090066,7,1999961,7067,0,0
indefinite_noisy,820004,fixed7_replay138,1,0.09930214255478853,7,1999961,7067,0,0
indefinite_noisy,820004,fixed7_replay138,2,0.09444924343001401,7,1999961,7067,0,0
indefinite_noisy,820004,fixed7_replay138,3,0.1028385233989648,7,1999961,7067,0,0
indefinite_noisy,820004,fixed7_replay138,4,0.09935854298810315,7,1999961,7067,0,0
indefinite_noisy,820004,fixed7_replay138,5,0.09919545332265708,7,1999961,7067,0,0
indefinite_noisy,820004,fixed7_replay138,6,0.09692634478981388,7,1999961,7067,0,0
indefinite_noisy,820005,fixed7_replay138,0,0.20085517002116227,7,1999961,7067,0,0
indefinite_noisy,820005,fixed7_replay138,1,0.18675889789465105,7,1999961,7067,0,0
indefinite_noisy,820005,fixed7_replay138,2,0.1884931454015834,7,1999961,7067,0,0
indefinite_noisy,820005,fixed7_replay138,3,0.18086477483222346,7,1999961,7067,0,0
indefinite_noisy,820005,fixed7_replay138,4,0.1930153782436524,7,1999961,7067,0,0
indefinite_noisy,820005,fixed7_replay138,5,0.18650345328421541,7,1999961,7067,0,0
indefinite_noisy,820005,fixed7_replay138,6,0.18018428930691519,7,1999961,7067,0,0
indefinite_noisy,820006,fixed7_replay138,0,0.11176910277353627,7,1999961,7067,0,0
indefinite_noisy,820006,fixed7_replay138,1,0.10716410630723776,7,1999961,7067,0,0
indefinite_noisy,820006,fixed7_replay138,2,0.10130520069057179,7,1999961,7067,0,0
indefinite_noisy,820006,fixed7_replay138,3,0.09816888096855347,7,1999961,7067,0,0
indefinite_noisy,820006,fixed7_replay138,4,0.10915498209413085,7,1999961,7067,0,0
indefinite_noisy,820006,fixed7_replay138,5,0.10408857407229338,7,1999961,7067,0,0
indefinite_noisy,820006,fixed7_replay138,6,0.10398666461225767,7,1999961,7067,0,0
indefinite_noisy,820007,fixed7_replay138,0,0.14946159319857122,7,1999961,7067,0,0
indefinite_noisy,820007,fixed7_replay138,1,0.10245888811685153,7,1999961,7067,0,0
indefinite_noisy,820007,fixed7_replay138,2,0.10283326823145424,7,1999961,7067,0,0
indefinite_noisy,820007,fixed7_replay138,3,0.10383605201838504,7,1999961,7067,0,0
indefinite_noisy,820007,fixed7_replay138,4,0.10924823891599195,7,1999961,7067,0,0
indefinite_noisy,820007,fixed7_replay138,5,0.10016382868103355,7,1999961,7067,0,0
indefinite_noisy,820007,fixed7_replay138,6,0.10768183499781446,7,1999961,7067,0,0
indefinite_noisy,820008,fixed7_replay138,0,0.1444641988884938,7,1999961,7067,0,0
indefinite_noisy,820008,fixed7_replay138,1,0.1016197554292808,7,1999961,7067,0,0
indefinite_noisy,820008,fixed7_replay138,2,0.09690215563014495,7,1999961,7067,0,0
indefinite_noisy,820008,fixed7_replay138,3,0.11195231023903202,7,1999961,7067,0,0
indefinite_noisy,820008,fixed7_replay138,4,0.10615005833058781,7,1999961,7067,0,0
indefinite_noisy,820008,fixed7_replay138,5,0.11027326775385528,7,1999961,7067,0,0
indefinite_noisy,820008,fixed7_replay138,6,0.10123006402540669,7,1999961,7067,0,0
indefinite_noisy,820009,fixed7_replay138,0,0.10390889226056153,7,1999961,7067,0,0
indefinite_noisy,820009,fixed7_replay138,1,0.10078973495257065,7,1999961,7067,0,0
indefinite_noisy,820009,fixed7_replay138,2,0.09584095088807756,7,1999961,7067,0,0
indefinite_noisy,820009,fixed7_replay138,3,0.11061654698104209,7,1999961,7067,0,0
indefinite_noisy,820009,fixed7_replay138,4,0.09977106689550405,7,1999961,7067,0,0
indefinite_noisy,820009,fixed7_replay138,5,0.09596504953054408,7,1999961,7067,0,0
indefinite_noisy,820009,fixed7_replay138,6,0.1031170836741127,7,1999961,7067,0,0
indefinite_noisy,820010,fixed7_replay138,0,0.10359874326523619,7,1999961,7067,0,0
indefinite_noisy,820010,fixed7_replay138,1,0.10029729776799241,7,1999961,7067,0,0
indefinite_noisy,820010,fixed7_replay138,2,0.10021972638770953,7,1999961,7067,0,0
indefinite_noisy,820010,fixed7_replay138,3,0.1290781856438812,7,1999961,7067,0,0
indefinite_noisy,820010,fixed7_replay138,4,0.10705609869756927,7,1999961,7067,0,0
indefinite_noisy,820010,fixed7_replay138,5,0.09999895376027493,7,1999961,7067,0,0
indefinite_noisy,820010,fixed7_replay138,6,0.10168584907918814,7,1999961,7067,0,0
indefinite_noisy,820011,fixed7_replay138,0,0.11499611870987783,7,1999961,7067,0,0
indefinite_noisy,820011,fixed7_replay138,1,0.10344824059431611,7,1999961,7067,0,0
indefinite_noisy,820011,fixed7_replay138,2,0.1050427551289957,7,1999961,7067,0,0
indefinite_noisy,820011,fixed7_replay138,3,0.1008313296907947,7,1999961,7067,0,0
indefinite_noisy,820011,fixed7_replay138,4,0.0993431122170532,7,1999961,7067,0,0
indefinite_noisy,820011,fixed7_replay138,5,0.09881107663892569,7,1999961,7067,0,0
indefinite_noisy,820011,fixed7_replay138,6,0.10170819066849787,7,1999961,7067,0,0
nonlinear,820000,historical_moment,0,0.22603709303003972,1,1999972,42796,0,1024
nonlinear,820000,historical_moment,1,0.1558958233241399,2,1999943,21961,0,1024
nonlinear,820000,historical_moment,2,0.15926948757442572,3,1999950,14818,0,1024
nonlinear,820000,historical_moment,3,0.16100446991974657,4,1999995,11181,0,1024
nonlinear,820000,historical_moment,4,0.15935242752209966,5,1999979,8977,0,1024
nonlinear,820000,historical_moment,5,0.16889332920231506,6,1999818,7498,0,1024
nonlinear,820000,historical_moment,6,0.1639869498091241,7,1999914,6438,0,1024
nonlinear,820001,historical_moment,0,0.22524170805983812,1,1999972,42796,0,1024
nonlinear,820001,historical_moment,1,0.15488741860031568,2,1999943,21961,0,1024
nonlinear,820001,historical_moment,2,0.15456511759089006,3,1999950,14818,0,1024
nonlinear,820001,historical_moment,3,0.15893880866499177,4,1999995,11181,0,1024
nonlinear,820001,historical_moment,4,0.16378194262129353,5,1999979,8977,0,1024
nonlinear,820001,historical_moment,5,0.15967718163938247,6,1999818,7498,0,1024
nonlinear,820001,historical_moment,6,0.16060809003555226,7,1999914,6438,0,1024
nonlinear,820002,historical_moment,0,0.22907101577464353,1,1999972,42796,0,1024
nonlinear,820002,historical_moment,1,0.1561806001001248,2,1999943,21961,0,1024
nonlinear,820002,historical_moment,2,0.15788889251614147,3,1999950,14818,0,1024
nonlinear,820002,historical_moment,3,0.16381355227116862,4,1999995,11181,0,1024
nonlinear,820002,historical_moment,4,0.1624698091763577,5,1999979,8977,0,1024
nonlinear,820002,historical_moment,5,0.16642732693604015,6,1999818,7498,0,1024
nonlinear,820002,historical_moment,6,0.1594866152281989,7,1999914,6438,0,1024
nonlinear,820003,historical_moment,0,0.2289023275947794,1,1999972,42796,0,1024
nonlinear,820003,historical_moment,1,0.15928527313804736,2,1999943,21961,0,1024
nonlinear,820003,historical_moment,2,0.15719876522154297,3,1999950,14818,0,1024
nonlinear,820003,historical_moment,3,0.15965284407618419,4,1999995,11181,0,1024
nonlinear,820003,historical_moment,4,0.16650869858559333,5,1999979,8977,0,1024
nonlinear,820003,historical_moment,5,0.1600854339263461,6,1999818,7498,0,1024
nonlinear,820003,historical_moment,6,0.1668195513565549,7,1999914,6438,0,1024
nonlinear,820004,historical_moment,0,0.22516739227650356,1,1999972,42796,0,1024
nonlinear,820004,historical_moment,1,0.15631832059222273,2,1999943,21961,0,1024
nonlinear,820004,historical_moment,2,0.15855300477037976,3,1999950,14818,0,1024
nonlinear,820004,historical_moment,3,0.15905402242980057,4,1999995,11181,0,1024
nonlinear,820004,historical_moment,4,0.1581904647935878,5,1999979,8977,0,1024
nonlinear,820004,historical_moment,5,0.15859958802725999,6,1999818,7498,0,1024
nonlinear,820004,historical_moment,6,0.15923894275768435,7,1999914,6438,0,1024
nonlinear,820005,historical_moment,0,0.2326858297744452,1,1999972,42796,0,1024
nonlinear,820005,historical_moment,1,0.16340032935383114,2,1999943,21961,0,1024
nonlinear,820005,historical_moment,2,0.15767051440567575,3,1999950,14818,0,1024
nonlinear,820005,historical_moment,3,0.16187221864480505,4,1999995,11181,0,1024
nonlinear,820005,historical_moment,4,0.1587450548731084,5,1999979,8977,0,1024
nonlinear,820005,historical_moment,5,0.16222342332573184,6,1999818,7498,0,1024
nonlinear,820005,historical_moment,6,0.16190950667170542,7,1999914,6438,0,1024
nonlinear,820006,historical_moment,0,0.22810027528148294,1,1999972,42796,0,1024
nonlinear,820006,historical_moment,1,0.1559169659510071,2,1999943,21961,0,1024
nonlinear,820006,historical_moment,2,0.15543552338855565,3,1999950,14818,0,1024
nonlinear,820006,historical_moment,3,0.1543715875007316,4,1999995,11181,0,1024
nonlinear,820006,historical_moment,4,0.1617597487407876,5,1999979,8977,0,1024
nonlinear,820006,historical_moment,5,0.15920619167227046,6,1999818,7498,0,1024
nonlinear,820006,historical_moment,6,0.16110854572075015,7,1999914,6438,0,1024
nonlinear,820007,historical_moment,0,0.22972472726506596,1,1999972,42796,0,1024
nonlinear,820007,historical_moment,1,0.1565611941262554,2,1999943,21961,0,1024
nonlinear,820007,historical_moment,2,0.15828067627680348,3,1999950,14818,0,1024
nonlinear,820007,historical_moment,3,0.15609567825886836,4,1999995,11181,0,1024
nonlinear,820007,historical_moment,4,0.16463777647818484,5,1999979,8977,0,1024
nonlinear,820007,historical_moment,5,0.16008554354547921,6,1999818,7498,0,1024
nonlinear,820007,historical_moment,6,0.16383286990676926,7,1999914,6438,0,1024
nonlinear,820008,historical_moment,0,0.2307314447864546,1,1999972,42796,0,1024
nonlinear,820008,historical_moment,1,0.1570393982013698,2,1999943,21961,0,1024
nonlinear,820008,historical_moment,2,0.1587662217865961,3,1999950,14818,0,1024
nonlinear,820008,historical_moment,3,0.15957368594357504,4,1999995,11181,0,1024
nonlinear,820008,historical_moment,4,0.1633364507109982,5,1999979,8977,0,1024
nonlinear,820008,historical_moment,5,0.1598030822165803,6,1999818,7498,0,1024
nonlinear,820008,historical_moment,6,0.15782243486240768,7,1999914,6438,0,1024
nonlinear,820009,historical_moment,0,0.23175420075528883,1,1999972,42796,0,1024
nonlinear,820009,historical_moment,1,0.1548252847689271,2,1999943,21961,0,1024
nonlinear,820009,historical_moment,2,0.15723236435733873,3,1999950,14818,0,1024
nonlinear,820009,historical_moment,3,0.1618592320126956,4,1999995,11181,0,1024
nonlinear,820009,historical_moment,4,0.16178329630081328,5,1999979,8977,0,1024
nonlinear,820009,historical_moment,5,0.16453746645066883,6,1999818,7498,0,1024
nonlinear,820009,historical_moment,6,0.1693298242239116,7,1999914,6438,0,1024
nonlinear,820010,historical_moment,0,0.22621372567566184,1,1999972,42796,0,1024
nonlinear,820010,historical_moment,1,0.15901727431206658,2,1999943,21961,0,1024
nonlinear,820010,historical_moment,2,0.16126189656231538,3,1999950,14818,0,1024
nonlinear,820010,historical_moment,3,0.15827797142446176,4,1999995,11181,0,1024
nonlinear,820010,historical_moment,4,0.15855747617468832,5,1999979,8977,0,1024
nonlinear,820010,historical_moment,5,0.16775721622239798,6,1999818,7498,0,1024
nonlinear,820010,historical_moment,6,0.1630348190943396,7,1999914,6438,0,1024
nonlinear,820011,historical_moment,0,0.22613297056373202,1,1999972,42796,0,1024
nonlinear,820011,historical_moment,1,0.15235418351407914,2,1999943,21961,0,1024
nonlinear,820011,historical_moment,2,0.15597714139136998,3,1999950,14818,0,1024
nonlinear,820011,historical_moment,3,0.15569373419815846,4,1999995,11181,0,1024
nonlinear,820011,historical_moment,4,0.166493769500957,5,1999979,8977,0,1024
nonlinear,820011,historical_moment,5,0.16237145243094114,6,1999818,7498,0,1024
nonlinear,820011,historical_moment,6,0.15573085300887246,7,1999914,6438,0,1024
nonlinear,820000,reservoir_residual,0,0.22574010865876476,1,1999973,46511,0,0
nonlinear,820000,reservoir_residual,1,0.157885543198771,2,1999927,23603,138,0
nonlinear,820000,reservoir_residual,2,0.16365176458141378,3,1999878,15910,138,0
nonlinear,820000,reservoir_residual,3,0.1619062481590472,4,1999877,11993,138,0
nonlinear,820000,reservoir_residual,4,0.1614724337936203,5,1999948,9620,138,0
nonlinear,820000,reservoir_residual,5,0.16050733031814265,6,1999962,8028,138,0
nonlinear,820000,reservoir_residual,6,0.1675423375022185,7,1999966,6886,138,0
nonlinear,820001,reservoir_residual,0,0.22546915471226678,1,1999973,46511,0,0
nonlinear,820001,reservoir_residual,1,0.17281007388091868,2,1999927,23603,138,0
nonlinear,820001,reservoir_residual,2,0.15407517974854604,3,1999878,15910,138,0
nonlinear,820001,reservoir_residual,3,0.1577628587282543,4,1999877,11993,138,0
nonlinear,820001,reservoir_residual,4,0.16060587924299533,5,1999948,9620,138,0
nonlinear,820001,reservoir_residual,5,0.15845062162156984,6,1999962,8028,138,0
nonlinear,820001,reservoir_residual,6,0.15816463002156744,7,1999966,6886,138,0
nonlinear,820002,reservoir_residual,0,0.22862922020229734,1,1999973,46511,0,0
nonlinear,820002,reservoir_residual,1,0.16225064314193693,2,1999927,23603,138,0
nonlinear,820002,reservoir_residual,2,0.16402381985626563,3,1999878,15910,138,0
nonlinear,820002,reservoir_residual,3,0.16140269016125908,4,1999877,11993,138,0
nonlinear,820002,reservoir_residual,4,0.1648413674263319,5,1999948,9620,138,0
nonlinear,820002,reservoir_residual,5,0.164115695453735,6,1999962,8028,138,0
nonlinear,820002,reservoir_residual,6,0.16363296148497947,7,1999966,6886,138,0
nonlinear,820003,reservoir_residual,0,0.22912598937360867,1,1999973,46511,0,0
nonlinear,820003,reservoir_residual,1,0.1636098274313747,2,1999927,23603,138,0
nonlinear,820003,reservoir_residual,2,0.1581501487266068,3,1999878,15910,138,0
nonlinear,820003,reservoir_residual,3,0.16905937848202993,4,1999877,11993,138,0
nonlinear,820003,reservoir_residual,4,0.16212752223924254,5,1999948,9620,138,0
nonlinear,820003,reservoir_residual,5,0.16064482472641006,6,1999962,8028,138,0
nonlinear,820003,reservoir_residual,6,0.16244535906457186,7,1999966,6886,138,0
nonlinear,820004,reservoir_residual,0,0.22817069924368874,1,1999973,46511,0,0
nonlinear,820004,reservoir_residual,1,0.1600646404830537,2,1999927,23603,138,0
nonlinear,820004,reservoir_residual,2,0.1582646717851094,3,1999878,15910,138,0
nonlinear,820004,reservoir_residual,3,0.1707782059925878,4,1999877,11993,138,0
nonlinear,820004,reservoir_residual,4,0.16173139925413302,5,1999948,9620,138,0
nonlinear,820004,reservoir_residual,5,0.16141394317119756,6,1999962,8028,138,0
nonlinear,820004,reservoir_residual,6,0.1600704280715675,7,1999966,6886,138,0
nonlinear,820005,reservoir_residual,0,0.23548918957991677,1,1999973,46511,0,0
nonlinear,820005,reservoir_residual,1,0.15657175009341467,2,1999927,23603,138,0
nonlinear,820005,reservoir_residual,2,0.1648315190770748,3,1999878,15910,138,0
nonlinear,820005,reservoir_residual,3,0.1639276035446918,4,1999877,11993,138,0
nonlinear,820005,reservoir_residual,4,0.1630554037494263,5,1999948,9620,138,0
nonlinear,820005,reservoir_residual,5,0.1590514573222977,6,1999962,8028,138,0
nonlinear,820005,reservoir_residual,6,0.171984624618831,7,1999966,6886,138,0
nonlinear,820006,reservoir_residual,0,0.22702760305402675,1,1999973,46511,0,0
nonlinear,820006,reservoir_residual,1,0.16635459937860722,2,1999927,23603,138,0
nonlinear,820006,reservoir_residual,2,0.16096056548931134,3,1999878,15910,138,0
nonlinear,820006,reservoir_residual,3,0.15861328648724105,4,1999877,11993,138,0
nonlinear,820006,reservoir_residual,4,0.16348397803345388,5,1999948,9620,138,0
nonlinear,820006,reservoir_residual,5,0.16013591389693926,6,1999962,8028,138,0
nonlinear,820006,reservoir_residual,6,0.19022210680958943,7,1999966,6886,138,0
nonlinear,820007,reservoir_residual,0,0.22816064029808242,1,1999973,46511,0,0
nonlinear,820007,reservoir_residual,1,0.1654588475311993,2,1999927,23603,138,0
nonlinear,820007,reservoir_residual,2,0.1587695648198059,3,1999878,15910,138,0
nonlinear,820007,reservoir_residual,3,0.1636848188182854,4,1999877,11993,138,0
nonlinear,820007,reservoir_residual,4,0.1600299903748416,5,1999948,9620,138,0
nonlinear,820007,reservoir_residual,5,0.15875868926889958,6,1999962,8028,138,0
nonlinear,820007,reservoir_residual,6,0.15895076938541483,7,1999966,6886,138,0
nonlinear,820008,reservoir_residual,0,0.22681470152803826,1,1999973,46511,0,0
nonlinear,820008,reservoir_residual,1,0.15696306327774795,2,1999927,23603,138,0
nonlinear,820008,reservoir_residual,2,0.15619457838223122,3,1999878,15910,138,0
nonlinear,820008,reservoir_residual,3,0.16341416464797484,4,1999877,11993,138,0
nonlinear,820008,reservoir_residual,4,0.15815601360338574,5,1999948,9620,138,0
nonlinear,820008,reservoir_residual,5,0.16046537990044807,6,1999962,8028,138,0
nonlinear,820008,reservoir_residual,6,0.15735031276514794,7,1999966,6886,138,0
nonlinear,820009,reservoir_residual,0,0.2313900055505995,1,1999973,46511,0,0
nonlinear,820009,reservoir_residual,1,0.1577691917128627,2,1999927,23603,138,0
nonlinear,820009,reservoir_residual,2,0.15934236501377372,3,1999878,15910,138,0
nonlinear,820009,reservoir_residual,3,0.17005406779215973,4,1999877,11993,138,0
nonlinear,820009,reservoir_residual,4,0.16086847442237,5,1999948,9620,138,0
nonlinear,820009,reservoir_residual,5,0.1695380428894366,6,1999962,8028,138,0
nonlinear,820009,reservoir_residual,6,0.16842549936982462,7,1999966,6886,138,0
nonlinear,820010,reservoir_residual,0,0.2260836603224655,1,1999973,46511,0,0
nonlinear,820010,reservoir_residual,1,0.15724953831109897,2,1999927,23603,138,0
nonlinear,820010,reservoir_residual,2,0.16745435941405815,3,1999878,15910,138,0
nonlinear,820010,reservoir_residual,3,0.16303814827606578,4,1999877,11993,138,0
nonlinear,820010,reservoir_residual,4,0.1606274106501446,5,1999948,9620,138,0
nonlinear,820010,reservoir_residual,5,0.16516584967895045,6,1999962,8028,138,0
nonlinear,820010,reservoir_residual,6,0.16715084769385224,7,1999966,6886,138,0
nonlinear,820011,reservoir_residual,0,0.22630500828309486,1,1999973,46511,0,0
nonlinear,820011,reservoir_residual,1,0.15728344311916478,2,1999927,23603,138,0
nonlinear,820011,reservoir_residual,2,0.15878186210558076,3,1999878,15910,138,0
nonlinear,820011,reservoir_residual,3,0.16292933793532466,4,1999877,11993,138,0
nonlinear,820011,reservoir_residual,4,0.1591546309535161,5,1999948,9620,138,0
nonlinear,820011,reservoir_residual,5,0.16102143768446048,6,1999962,8028,138,0
nonlinear,820011,reservoir_residual,6,0.15302687626004055,7,1999966,6886,138,0
nonlinear,820000,fresh_residual,0,0.22574010865876476,1,1999973,46511,0,0
nonlinear,820000,fresh_residual,1,0.16019052083298096,2,1999958,21778,1024,0
nonlinear,820000,fresh_residual,2,0.1639614330451416,3,1999977,14571,1024,0
nonlinear,820000,fresh_residual,3,0.15862654832999568,4,1999967,10901,1024,0
nonlinear,820000,fresh_residual,4,0.17422031983831968,5,1999895,8677,1024,0
nonlinear,820000,fresh_residual,5,0.1632480386917003,6,1999779,7185,1024,0
nonlinear,820000,fresh_residual,6,0.1662800278707524,7,1999729,6115,1024,0
nonlinear,820001,fresh_residual,0,0.22546915471226678,1,1999973,46511,0,0
nonlinear,820001,fresh_residual,1,0.15625651871642046,2,1999958,21778,1024,0
nonlinear,820001,fresh_residual,2,0.15848226743762572,3,1999977,14571,1024,0
nonlinear,820001,fresh_residual,3,0.15909414174374112,4,1999967,10901,1024,0
nonlinear,820001,fresh_residual,4,0.1647811532626273,5,1999895,8677,1024,0
nonlinear,820001,fresh_residual,5,0.15909432255656739,6,1999779,7185,1024,0
nonlinear,820001,fresh_residual,6,0.16217463943236518,7,1999729,6115,1024,0
nonlinear,820002,fresh_residual,0,0.22862922020229734,1,1999973,46511,0,0
nonlinear,820002,fresh_residual,1,0.1583595683087939,2,1999958,21778,1024,0
nonlinear,820002,fresh_residual,2,0.16177890194837494,3,1999977,14571,1024,0
nonlinear,820002,fresh_residual,3,0.1652072652154953,4,1999967,10901,1024,0
nonlinear,820002,fresh_residual,4,0.17527657470194644,5,1999895,8677,1024,0
nonlinear,820002,fresh_residual,5,0.1626861110108294,6,1999779,7185,1024,0
nonlinear,820002,fresh_residual,6,0.1680198098135029,7,1999729,6115,1024,0
nonlinear,820003,fresh_residual,0,0.22912598937360867,1,1999973,46511,0,0
nonlinear,820003,fresh_residual,1,0.16300186507347497,2,1999958,21778,1024,0
nonlinear,820003,fresh_residual,2,0.16144219584798022,3,1999977,14571,1024,0
nonlinear,820003,fresh_residual,3,0.16970578850380974,4,1999967,10901,1024,0
nonlinear,820003,fresh_residual,4,0.16125079990821284,5,1999895,8677,1024,0
nonlinear,820003,fresh_residual,5,0.16718101262335958,6,1999779,7185,1024,0
nonlinear,820003,fresh_residual,6,0.17572124302011058,7,1999729,6115,1024,0
nonlinear,820004,fresh_residual,0,0.22817069924368874,1,1999973,46511,0,0
nonlinear,820004,fresh_residual,1,0.1584367499720196,2,1999958,21778,1024,0
nonlinear,820004,fresh_residual,2,0.16449341705983933,3,1999977,14571,1024,0
nonlinear,820004,fresh_residual,3,0.16276707154474918,4,1999967,10901,1024,0
nonlinear,820004,fresh_residual,4,0.17334945627457277,5,1999895,8677,1024,0
nonlinear,820004,fresh_residual,5,0.1628618081937392,6,1999779,7185,1024,0
nonlinear,820004,fresh_residual,6,0.16595509563064006,7,1999729,6115,1024,0
nonlinear,820005,fresh_residual,0,0.23548918957991677,1,1999973,46511,0,0
nonlinear,820005,fresh_residual,1,0.159567730102487,2,1999958,21778,1024,0
nonlinear,820005,fresh_residual,2,0.16214956767890887,3,1999977,14571,1024,0
nonlinear,820005,fresh_residual,3,0.15765639825085748,4,1999967,10901,1024,0
nonlinear,820005,fresh_residual,4,0.1640437354337451,5,1999895,8677,1024,0
nonlinear,820005,fresh_residual,5,0.15983952502226895,6,1999779,7185,1024,0
nonlinear,820005,fresh_residual,6,0.16620401523315162,7,1999729,6115,1024,0
nonlinear,820006,fresh_residual,0,0.22702760305402675,1,1999973,46511,0,0
nonlinear,820006,fresh_residual,1,0.16404005204859534,2,1999958,21778,1024,0
nonlinear,820006,fresh_residual,2,0.16138110427135344,3,1999977,14571,1024,0
nonlinear,820006,fresh_residual,3,0.15697890353225613,4,1999967,10901,1024,0
nonlinear,820006,fresh_residual,4,0.16427364734921596,5,1999895,8677,1024,0
nonlinear,820006,fresh_residual,5,0.15907077577769066,6,1999779,7185,1024,0
nonlinear,820006,fresh_residual,6,0.17421634910986383,7,1999729,6115,1024,0
nonlinear,820007,fresh_residual,0,0.22816064029808242,1,1999973,46511,0,0
nonlinear,820007,fresh_residual,1,0.21313806437509333,2,1999958,21778,1024,0
nonlinear,820007,fresh_residual,2,0.16002164010114453,3,1999977,14571,1024,0
nonlinear,820007,fresh_residual,3,0.15970490506368162,4,1999967,10901,1024,0
nonlinear,820007,fresh_residual,4,0.16652157100632328,5,1999895,8677,1024,0
nonlinear,820007,fresh_residual,5,0.16289140914415223,6,1999779,7185,1024,0
nonlinear,820007,fresh_residual,6,0.15833234369044208,7,1999729,6115,1024,0
nonlinear,820008,fresh_residual,0,0.22681470152803826,1,1999973,46511,0,0
nonlinear,820008,fresh_residual,1,0.1580433796886797,2,1999958,21778,1024,0
nonlinear,820008,fresh_residual,2,0.15741664239897113,3,1999977,14571,1024,0
nonlinear,820008,fresh_residual,3,0.15920069211221885,4,1999967,10901,1024,0
nonlinear,820008,fresh_residual,4,0.16142604939387656,5,1999895,8677,1024,0
nonlinear,820008,fresh_residual,5,0.16138041928579486,6,1999779,7185,1024,0
nonlinear,820008,fresh_residual,6,0.15779307691761152,7,1999729,6115,1024,0
nonlinear,820009,fresh_residual,0,0.2313900055505995,1,1999973,46511,0,0
nonlinear,820009,fresh_residual,1,0.15878666438578268,2,1999958,21778,1024,0
nonlinear,820009,fresh_residual,2,0.15765874167415142,3,1999977,14571,1024,0
nonlinear,820009,fresh_residual,3,0.1626601291685631,4,1999967,10901,1024,0
nonlinear,820009,fresh_residual,4,0.17419604011929915,5,1999895,8677,1024,0
nonlinear,820009,fresh_residual,5,0.1656973260028695,6,1999779,7185,1024,0
nonlinear,820009,fresh_residual,6,0.16197132851712517,7,1999729,6115,1024,0
nonlinear,820010,fresh_residual,0,0.2260836603224655,1,1999973,46511,0,0
nonlinear,820010,fresh_residual,1,0.1578832125802173,2,1999958,21778,1024,0
nonlinear,820010,fresh_residual,2,0.15749417437603136,3,1999977,14571,1024,0
nonlinear,820010,fresh_residual,3,0.16019787980318365,4,1999967,10901,1024,0
nonlinear,820010,fresh_residual,4,0.15927259674643984,5,1999895,8677,1024,0
nonlinear,820010,fresh_residual,5,0.168277897951111,6,1999779,7185,1024,0
nonlinear,820010,fresh_residual,6,0.17429066363807158,7,1999729,6115,1024,0
nonlinear,820011,fresh_residual,0,0.22630500828309486,1,1999973,46511,0,0
nonlinear,820011,fresh_residual,1,0.15466951969763884,2,1999958,21778,1024,0
nonlinear,820011,fresh_residual,2,0.15757285103184096,3,1999977,14571,1024,0
nonlinear,820011,fresh_residual,3,0.16233554248611415,4,1999967,10901,1024,0
nonlinear,820011,fresh_residual,4,0.1646062132754016,5,1999895,8677,1024,0
nonlinear,820011,fresh_residual,5,0.1591656338390824,6,1999779,7185,1024,0
nonlinear,820011,fresh_residual,6,0.15828038270610492,7,1999729,6115,1024,0
nonlinear,820000,learned_probe,0,0.22574010865876476,1,1999973,46511,0,0
nonlinear,820000,learned_probe,1,0.15677376033912832,2,1999929,15203,2698,0
nonlinear,820000,learned_probe,2,0.16066481072162864,3,1999964,9996,2698,0
nonlinear,820000,learned_probe,3,0.16784418478716046,4,1999904,7344,2698,0
nonlinear,820000,learned_probe,4,0.15558443484046697,5,1999819,5737,2698,0
nonlinear,820000,learned_probe,5,0.1602381434376335,6,1999964,4660,2698,0
nonlinear,820000,learned_probe,6,0.165213151551902,7,1999981,3887,2698,0
nonlinear,820001,learned_probe,0,0.22546915471226678,1,1999973,46511,0,0
nonlinear,820001,learned_probe,1,0.1543053628740081,2,1999929,15203,2698,0
nonlinear,820001,learned_probe,2,0.15573743407368656,3,1999964,9996,2698,0
nonlinear,820001,learned_probe,3,0.1627762452236506,4,1999904,7344,2698,0
nonlinear,820001,learned_probe,4,0.15807130001791309,5,1999819,5737,2698,0
nonlinear,820001,learned_probe,5,0.15734647945310815,6,1999964,4660,2698,0
nonlinear,820001,learned_probe,6,0.16477351291555264,7,1999981,3887,2698,0
nonlinear,820002,learned_probe,0,0.22862922020229734,1,1999973,46511,0,0
nonlinear,820002,learned_probe,1,0.15634457195365292,2,1999929,15203,2698,0
nonlinear,820002,learned_probe,2,0.16397935045596618,3,1999964,9996,2698,0
nonlinear,820002,learned_probe,3,0.16410698175827076,4,1999904,7344,2698,0
nonlinear,820002,learned_probe,4,0.16029489297990182,5,1999819,5737,2698,0
nonlinear,820002,learned_probe,5,0.16424501886479917,6,1999964,4660,2698,0
nonlinear,820002,learned_probe,6,0.16235381324662237,7,1999981,3887,2698,0
nonlinear,820003,learned_probe,0,0.22912598937360867,1,1999973,46511,0,0
nonlinear,820003,learned_probe,1,0.23101004846501993,2,1999929,15203,2698,0
nonlinear,820003,learned_probe,2,0.1890777529663056,3,1999964,9996,2698,0
nonlinear,820003,learned_probe,3,0.1633770689872731,4,1999904,7344,2698,0
nonlinear,820003,learned_probe,4,0.16002315847875154,5,1999819,5737,2698,0
nonlinear,820003,learned_probe,5,0.1639738724244488,6,1999964,4660,2698,0
nonlinear,820003,learned_probe,6,0.1847260787468654,7,1999981,3887,2698,0
nonlinear,820004,learned_probe,0,0.22817069924368874,1,1999973,46511,0,0
nonlinear,820004,learned_probe,1,0.2323101618973509,2,1999929,15203,2698,0
nonlinear,820004,learned_probe,2,0.1620882114579591,3,1999964,9996,2698,0
nonlinear,820004,learned_probe,3,0.16002365925868076,4,1999904,7344,2698,0
nonlinear,820004,learned_probe,4,0.16428733339688742,5,1999819,5737,2698,0
nonlinear,820004,learned_probe,5,0.16678077302825323,6,1999964,4660,2698,0
nonlinear,820004,learned_probe,6,0.15983030569550974,7,1999981,3887,2698,0
nonlinear,820005,learned_probe,0,0.23548918957991677,1,1999973,46511,0,0
nonlinear,820005,learned_probe,1,0.15817797954265772,2,1999929,15203,2698,0
nonlinear,820005,learned_probe,2,0.1649263059992757,3,1999964,9996,2698,0
nonlinear,820005,learned_probe,3,0.17014838973953034,4,1999904,7344,2698,0
nonlinear,820005,learned_probe,4,0.16145789625273108,5,1999819,5737,2698,0
nonlinear,820005,learned_probe,5,0.16418749555069453,6,1999964,4660,2698,0
nonlinear,820005,learned_probe,6,0.17488735085264648,7,1999981,3887,2698,0
nonlinear,820006,learned_probe,0,0.22702760305402675,1,1999973,46511,0,0
nonlinear,820006,learned_probe,1,0.1589784424059245,2,1999929,15203,2698,0
nonlinear,820006,learned_probe,2,0.1566262653873139,3,1999964,9996,2698,0
nonlinear,820006,learned_probe,3,0.1620046320344894,4,1999904,7344,2698,0
nonlinear,820006,learned_probe,4,0.1623310744632617,5,1999819,5737,2698,0
nonlinear,820006,learned_probe,5,0.16402298757736644,6,1999964,4660,2698,0
nonlinear,820006,learned_probe,6,0.1637599825749672,7,1999981,3887,2698,0
nonlinear,820007,learned_probe,0,0.22816064029808242,1,1999973,46511,0,0
nonlinear,820007,learned_probe,1,0.16003896950421828,2,1999929,15203,2698,0
nonlinear,820007,learned_probe,2,0.1575464689421669,3,1999964,9996,2698,0
nonlinear,820007,learned_probe,3,0.1635241589232022,4,1999904,7344,2698,0
nonlinear,820007,learned_probe,4,0.161738213851951,5,1999819,5737,2698,0
nonlinear,820007,learned_probe,5,0.16821096659575524,6,1999964,4660,2698,0
nonlinear,820007,learned_probe,6,0.16650268326281456,7,1999981,3887,2698,0
nonlinear,820008,learned_probe,0,0.22681470152803826,1,1999973,46511,0,0
nonlinear,820008,learned_probe,1,0.16009813276183152,2,1999929,15203,2698,0
nonlinear,820008,learned_probe,2,0.15605792131104756,3,1999964,9996,2698,0
nonlinear,820008,learned_probe,3,0.16052967676645613,4,1999904,7344,2698,0
nonlinear,820008,learned_probe,4,0.1757750253786529,5,1999819,5737,2698,0
nonlinear,820008,learned_probe,5,0.15895069779009208,6,1999964,4660,2698,0
nonlinear,820008,learned_probe,6,0.18065302581051804,7,1999981,3887,2698,0
nonlinear,820009,learned_probe,0,0.2313900055505995,1,1999973,46511,0,0
nonlinear,820009,learned_probe,1,0.22840964777292086,2,1999929,15203,2698,0
nonlinear,820009,learned_probe,2,0.1570663807197859,3,1999964,9996,2698,0
nonlinear,820009,learned_probe,3,0.16126985022454304,4,1999904,7344,2698,0
nonlinear,820009,learned_probe,4,0.15898772728810195,5,1999819,5737,2698,0
nonlinear,820009,learned_probe,5,0.16389126292833373,6,1999964,4660,2698,0
nonlinear,820009,learned_probe,6,0.1608855700898085,7,1999981,3887,2698,0
nonlinear,820010,learned_probe,0,0.2260836603224655,1,1999973,46511,0,0
nonlinear,820010,learned_probe,1,0.16214685705036924,2,1999929,15203,2698,0
nonlinear,820010,learned_probe,2,0.16284163253416334,3,1999964,9996,2698,0
nonlinear,820010,learned_probe,3,0.164843612064842,4,1999904,7344,2698,0
nonlinear,820010,learned_probe,4,0.16233611492333355,5,1999819,5737,2698,0
nonlinear,820010,learned_probe,5,0.16375041492416684,6,1999964,4660,2698,0
nonlinear,820010,learned_probe,6,0.15672168979456713,7,1999981,3887,2698,0
nonlinear,820011,learned_probe,0,0.22630500828309486,1,1999973,46511,0,0
nonlinear,820011,learned_probe,1,0.15914604852148467,2,1999929,15203,2698,0
nonlinear,820011,learned_probe,2,0.16229965525170098,3,1999964,9996,2698,0
nonlinear,820011,learned_probe,3,0.15719097928002082,4,1999904,7344,2698,0
nonlinear,820011,learned_probe,4,0.15483546860822764,5,1999819,5737,2698,0
nonlinear,820011,learned_probe,5,0.1552970119263783,6,1999964,4660,2698,0
nonlinear,820011,learned_probe,6,0.15602479624839438,7,1999981,3887,2698,0
nonlinear,820000,random_replay128,0,0.22574010865876476,1,1999973,46511,0,0
nonlinear,820000,random_replay128,1,0.1561155809206406,2,1999968,24096,0,0
nonlinear,820000,random_replay128,2,0.1595088089166695,3,1999980,16260,0,0
nonlinear,820000,random_replay128,3,0.15788747304377626,4,1999847,12269,0,0
nonlinear,820000,random_replay128,4,0.16006316351509198,5,1999956,9852,0,0
nonlinear,820000,random_replay128,5,0.1592714175374729,6,1999890,8230,0,0
nonlinear,820000,random_replay128,6,0.16443476225107662,7,1999961,7067,0,0
nonlinear,820001,random_replay128,0,0.22546915471226678,1,1999973,46511,0,0
nonlinear,820001,random_replay128,1,0.15391020690421503,2,1999968,24096,0,0
nonlinear,820001,random_replay128,2,0.15612583554661696,3,1999980,16260,0,0
nonlinear,820001,random_replay128,3,0.1586343955586515,4,1999847,12269,0,0
nonlinear,820001,random_replay128,4,0.1597657893643843,5,1999956,9852,0,0
nonlinear,820001,random_replay128,5,0.1607940145331233,6,1999890,8230,0,0
nonlinear,820001,random_replay128,6,0.15846774711761333,7,1999961,7067,0,0
nonlinear,820002,random_replay128,0,0.22862922020229734,1,1999973,46511,0,0
nonlinear,820002,random_replay128,1,0.23211043651669303,2,1999968,24096,0,0
nonlinear,820002,random_replay128,2,0.16619981996882918,3,1999980,16260,0,0
nonlinear,820002,random_replay128,3,0.1585733453096997,4,1999847,12269,0,0
nonlinear,820002,random_replay128,4,0.16570706524420317,5,1999956,9852,0,0
nonlinear,820002,random_replay128,5,0.1620258753140618,6,1999890,8230,0,0
nonlinear,820002,random_replay128,6,0.16029576633598897,7,1999961,7067,0,0
nonlinear,820003,random_replay128,0,0.22912598937360867,1,1999973,46511,0,0
nonlinear,820003,random_replay128,1,0.22926040422942168,2,1999968,24096,0,0
nonlinear,820003,random_replay128,2,0.1605182900108577,3,1999980,16260,0,0
nonlinear,820003,random_replay128,3,0.16119732319875282,4,1999847,12269,0,0
nonlinear,820003,random_replay128,4,0.16302415118675356,5,1999956,9852,0,0
nonlinear,820003,random_replay128,5,0.16177885885436116,6,1999890,8230,0,0
nonlinear,820003,random_replay128,6,0.1633295484887216,7,1999961,7067,0,0
nonlinear,820004,random_replay128,0,0.22817069924368874,1,1999973,46511,0,0
nonlinear,820004,random_replay128,1,0.15730635681502175,2,1999968,24096,0,0
nonlinear,820004,random_replay128,2,0.1591558624176449,3,1999980,16260,0,0
nonlinear,820004,random_replay128,3,0.1566868297793328,4,1999847,12269,0,0
nonlinear,820004,random_replay128,4,0.16561284809145163,5,1999956,9852,0,0
nonlinear,820004,random_replay128,5,0.1582816531861941,6,1999890,8230,0,0
nonlinear,820004,random_replay128,6,0.1600961006961765,7,1999961,7067,0,0
nonlinear,820005,random_replay128,0,0.23548918957991677,1,1999973,46511,0,0
nonlinear,820005,random_replay128,1,0.15939074504847367,2,1999968,24096,0,0
nonlinear,820005,random_replay128,2,0.16360254169813115,3,1999980,16260,0,0
nonlinear,820005,random_replay128,3,0.16437075995241848,4,1999847,12269,0,0
nonlinear,820005,random_replay128,4,0.1617679739224142,5,1999956,9852,0,0
nonlinear,820005,random_replay128,5,0.16178430562238041,6,1999890,8230,0,0
nonlinear,820005,random_replay128,6,0.16736283416805356,7,1999961,7067,0,0
nonlinear,820006,random_replay128,0,0.22702760305402675,1,1999973,46511,0,0
nonlinear,820006,random_replay128,1,0.15891334017623726,2,1999968,24096,0,0
nonlinear,820006,random_replay128,2,0.15386339738682753,3,1999980,16260,0,0
nonlinear,820006,random_replay128,3,0.1556315752696929,4,1999847,12269,0,0
nonlinear,820006,random_replay128,4,0.15912939667374013,5,1999956,9852,0,0
nonlinear,820006,random_replay128,5,0.16082855225986947,6,1999890,8230,0,0
nonlinear,820006,random_replay128,6,0.1572521941150022,7,1999961,7067,0,0
nonlinear,820007,random_replay128,0,0.22816064029808242,1,1999973,46511,0,0
nonlinear,820007,random_replay128,1,0.15569886869220495,2,1999968,24096,0,0
nonlinear,820007,random_replay128,2,0.15735359576737376,3,1999980,16260,0,0
nonlinear,820007,random_replay128,3,0.15531230292191348,4,1999847,12269,0,0
nonlinear,820007,random_replay128,4,0.15887234504541548,5,1999956,9852,0,0
nonlinear,820007,random_replay128,5,0.15789415733737208,6,1999890,8230,0,0
nonlinear,820007,random_replay128,6,0.1579133668898352,7,1999961,7067,0,0
nonlinear,820008,random_replay128,0,0.22681470152803826,1,1999973,46511,0,0
nonlinear,820008,random_replay128,1,0.1589821590306616,2,1999968,24096,0,0
nonlinear,820008,random_replay128,2,0.15936132778941578,3,1999980,16260,0,0
nonlinear,820008,random_replay128,3,0.15609992580343918,4,1999847,12269,0,0
nonlinear,820008,random_replay128,4,0.17164198728430188,5,1999956,9852,0,0
nonlinear,820008,random_replay128,5,0.1616375638768821,6,1999890,8230,0,0
nonlinear,820008,random_replay128,6,0.15775508690326207,7,1999961,7067,0,0
nonlinear,820009,random_replay128,0,0.2313900055505995,1,1999973,46511,0,0
nonlinear,820009,random_replay128,1,0.15485116928398585,2,1999968,24096,0,0
nonlinear,820009,random_replay128,2,0.15743369572818605,3,1999980,16260,0,0
nonlinear,820009,random_replay128,3,0.16671954484657978,4,1999847,12269,0,0
nonlinear,820009,random_replay128,4,0.1610229227474455,5,1999956,9852,0,0
nonlinear,820009,random_replay128,5,0.1617011371721739,6,1999890,8230,0,0
nonlinear,820009,random_replay128,6,0.1642420068412782,7,1999961,7067,0,0
nonlinear,820010,random_replay128,0,0.2260836603224655,1,1999973,46511,0,0
nonlinear,820010,random_replay128,1,0.15957865643092506,2,1999968,24096,0,0
nonlinear,820010,random_replay128,2,0.1634045915329222,3,1999980,16260,0,0
nonlinear,820010,random_replay128,3,0.15731731749214128,4,1999847,12269,0,0
nonlinear,820010,random_replay128,4,0.1597479822456642,5,1999956,9852,0,0
nonlinear,820010,random_replay128,5,0.1620936980706342,6,1999890,8230,0,0
nonlinear,820010,random_replay128,6,0.15692004957259292,7,1999961,7067,0,0
nonlinear,820011,random_replay128,0,0.22630500828309486,1,1999973,46511,0,0
nonlinear,820011,random_replay128,1,0.15285649410692784,2,1999968,24096,0,0
nonlinear,820011,random_replay128,2,0.15563072041273895,3,1999980,16260,0,0
nonlinear,820011,random_replay128,3,0.15697708279620748,4,1999847,12269,0,0
nonlinear,820011,random_replay128,4,0.15835430066539738,5,1999956,9852,0,0
nonlinear,820011,random_replay128,5,0.1607440386271291,6,1999890,8230,0,0
nonlinear,820011,random_replay128,6,0.15504112574711632,7,1999961,7067,0,0
nonlinear,820000,random_matched138,0,0.22574010865876476,1,1999973,46511,0,0
nonlinear,820000,random_matched138,1,0.15772189079549545,2,1999968,24096,0,0
nonlinear,820000,random_matched138,2,0.16060105256921436,3,1999980,16260,0,0
nonlinear,820000,random_matched138,3,0.15917126314104837,4,1999847,12269,0,0
nonlinear,820000,random_matched138,4,0.16323145855787996,5,1999956,9852,0,0
nonlinear,820000,random_matched138,5,0.1906492307280413,6,1999890,8230,0,0
nonlinear,820000,random_matched138,6,0.16430329533558558,7,1999961,7067,0,0
nonlinear,820001,random_matched138,0,0.22546915471226678,1,1999973,46511,0,0
nonlinear,820001,random_matched138,1,0.1666176954781219,2,1999968,24096,0,0
nonlinear,820001,random_matched138,2,0.15374936692187902,3,1999980,16260,0,0
nonlinear,820001,random_matched138,3,0.15796408600829723,4,1999847,12269,0,0
nonlinear,820001,random_matched138,4,0.1611721594328442,5,1999956,9852,0,0
nonlinear,820001,random_matched138,5,0.16062545645591342,6,1999890,8230,0,0
nonlinear,820001,random_matched138,6,0.1579751286678647,7,1999961,7067,0,0
nonlinear,820002,random_matched138,0,0.22862922020229734,1,1999973,46511,0,0
nonlinear,820002,random_matched138,1,0.2341399135874129,2,1999968,24096,0,0
nonlinear,820002,random_matched138,2,0.1623157221677033,3,1999980,16260,0,0
nonlinear,820002,random_matched138,3,0.16032919645277324,4,1999847,12269,0,0
nonlinear,820002,random_matched138,4,0.16564079948412333,5,1999956,9852,0,0
nonlinear,820002,random_matched138,5,0.1607618310302341,6,1999890,8230,0,0
nonlinear,820002,random_matched138,6,0.15886438219801977,7,1999961,7067,0,0
nonlinear,820003,random_matched138,0,0.22912598937360867,1,1999973,46511,0,0
nonlinear,820003,random_matched138,1,0.23621841553215397,2,1999968,24096,0,0
nonlinear,820003,random_matched138,2,0.1582392246871523,3,1999980,16260,0,0
nonlinear,820003,random_matched138,3,0.16964766396611394,4,1999847,12269,0,0
nonlinear,820003,random_matched138,4,0.16327462502747295,5,1999956,9852,0,0
nonlinear,820003,random_matched138,5,0.15823961248013424,6,1999890,8230,0,0
nonlinear,820003,random_matched138,6,0.1607698451148917,7,1999961,7067,0,0
nonlinear,820004,random_matched138,0,0.22817069924368874,1,1999973,46511,0,0
nonlinear,820004,random_matched138,1,0.1593600065175109,2,1999968,24096,0,0
nonlinear,820004,random_matched138,2,0.1594956839188243,3,1999980,16260,0,0
nonlinear,820004,random_matched138,3,0.1778480590777143,4,1999847,12269,0,0
nonlinear,820004,random_matched138,4,0.16436674567503695,5,1999956,9852,0,0
nonlinear,820004,random_matched138,5,0.1626849843232721,6,1999890,8230,0,0
nonlinear,820004,random_matched138,6,0.16102483607869006,7,1999961,7067,0,0
nonlinear,820005,random_matched138,0,0.23548918957991677,1,1999973,46511,0,0
nonlinear,820005,random_matched138,1,0.22867868347955242,2,1999968,24096,0,0
nonlinear,820005,random_matched138,2,0.1644298940500836,3,1999980,16260,0,0
nonlinear,820005,random_matched138,3,0.16666062478463312,4,1999847,12269,0,0
nonlinear,820005,random_matched138,4,0.17026371159797057,5,1999956,9852,0,0
nonlinear,820005,random_matched138,5,0.16502418302767274,6,1999890,8230,0,0
nonlinear,820005,random_matched138,6,0.1694596795518821,7,1999961,7067,0,0
nonlinear,820006,random_matched138,0,0.22702760305402675,1,1999973,46511,0,0
nonlinear,820006,random_matched138,1,0.16366233183471765,2,1999968,24096,0,0
nonlinear,820006,random_matched138,2,0.15967416989979483,3,1999980,16260,0,0
nonlinear,820006,random_matched138,3,0.1558782213667928,4,1999847,12269,0,0
nonlinear,820006,random_matched138,4,0.16467784080147205,5,1999956,9852,0,0
nonlinear,820006,random_matched138,5,0.15946241299756064,6,1999890,8230,0,0
nonlinear,820006,random_matched138,6,0.18618686338863855,7,1999961,7067,0,0
nonlinear,820007,random_matched138,0,0.22816064029808242,1,1999973,46511,0,0
nonlinear,820007,random_matched138,1,0.16583984412839195,2,1999968,24096,0,0
nonlinear,820007,random_matched138,2,0.1573929780518305,3,1999980,16260,0,0
nonlinear,820007,random_matched138,3,0.16377499323435266,4,1999847,12269,0,0
nonlinear,820007,random_matched138,4,0.16331602065579554,5,1999956,9852,0,0
nonlinear,820007,random_matched138,5,0.15912667430514923,6,1999890,8230,0,0
nonlinear,820007,random_matched138,6,0.15999858946084022,7,1999961,7067,0,0
nonlinear,820008,random_matched138,0,0.22681470152803826,1,1999973,46511,0,0
nonlinear,820008,random_matched138,1,0.15668210931704754,2,1999968,24096,0,0
nonlinear,820008,random_matched138,2,0.15688257792909555,3,1999980,16260,0,0
nonlinear,820008,random_matched138,3,0.16852994377496358,4,1999847,12269,0,0
nonlinear,820008,random_matched138,4,0.15879668734800478,5,1999956,9852,0,0
nonlinear,820008,random_matched138,5,0.16179050720347116,6,1999890,8230,0,0
nonlinear,820008,random_matched138,6,0.15428753779033866,7,1999961,7067,0,0
nonlinear,820009,random_matched138,0,0.2313900055505995,1,1999973,46511,0,0
nonlinear,820009,random_matched138,1,0.16017519412993866,2,1999968,24096,0,0
nonlinear,820009,random_matched138,2,0.15997331016988975,3,1999980,16260,0,0
nonlinear,820009,random_matched138,3,0.1645535451678051,4,1999847,12269,0,0
nonlinear,820009,random_matched138,4,0.16287165836463416,5,1999956,9852,0,0
nonlinear,820009,random_matched138,5,0.16577810146336658,6,1999890,8230,0,0
nonlinear,820009,random_matched138,6,0.16592969502206054,7,1999961,7067,0,0
nonlinear,820010,random_matched138,0,0.2260836603224655,1,1999973,46511,0,0
nonlinear,820010,random_matched138,1,0.15595549342922993,2,1999968,24096,0,0
nonlinear,820010,random_matched138,2,0.15635830306840212,3,1999980,16260,0,0
nonlinear,820010,random_matched138,3,0.16107548568988644,4,1999847,12269,0,0
nonlinear,820010,random_matched138,4,0.15685485029891666,5,1999956,9852,0,0
nonlinear,820010,random_matched138,5,0.16774424377678676,6,1999890,8230,0,0
nonlinear,820010,random_matched138,6,0.16323194431252178,7,1999961,7067,0,0
nonlinear,820011,random_matched138,0,0.22630500828309486,1,1999973,46511,0,0
nonlinear,820011,random_matched138,1,0.23062276839075865,2,1999968,24096,0,0
nonlinear,820011,random_matched138,2,0.1597357776123671,3,1999980,16260,0,0
nonlinear,820011,random_matched138,3,0.16552981380952117,4,1999847,12269,0,0
nonlinear,820011,random_matched138,4,0.1650471020211093,5,1999956,9852,0,0
nonlinear,820011,random_matched138,5,0.1579043331840008,6,1999890,8230,0,0
nonlinear,820011,random_matched138,6,0.1533314843628977,7,1999961,7067,0,0
nonlinear,820000,fixed7_replay138,0,0.17325540840315387,7,1999961,7067,0,0
nonlinear,820000,fixed7_replay138,1,0.16307653238412342,7,1999961,7067,0,0
nonlinear,820000,fixed7_replay138,2,0.1609332201973498,7,1999961,7067,0,0
nonlinear,820000,fixed7_replay138,3,0.1665602035672987,7,1999961,7067,0,0
nonlinear,820000,fixed7_replay138,4,0.16163016693976115,7,1999961,7067,0,0
nonlinear,820000,fixed7_replay138,5,0.16502887613228132,7,1999961,7067,0,0
nonlinear,820000,fixed7_replay138,6,0.1649510780944796,7,1999961,7067,0,0
nonlinear,820001,fixed7_replay138,0,0.1615765028293509,7,1999961,7067,0,0
nonlinear,820001,fixed7_replay138,1,0.16143779625803784,7,1999961,7067,0,0
nonlinear,820001,fixed7_replay138,2,0.15843446978923095,7,1999961,7067,0,0
nonlinear,820001,fixed7_replay138,3,0.15835769398253785,7,1999961,7067,0,0
nonlinear,820001,fixed7_replay138,4,0.16043590064323937,7,1999961,7067,0,0
nonlinear,820001,fixed7_replay138,5,0.1597432290776567,7,1999961,7067,0,0
nonlinear,820001,fixed7_replay138,6,0.16071264552789732,7,1999961,7067,0,0
nonlinear,820002,fixed7_replay138,0,0.1607974195760526,7,1999961,7067,0,0
nonlinear,820002,fixed7_replay138,1,0.18203568367550665,7,1999961,7067,0,0
nonlinear,820002,fixed7_replay138,2,0.1601283553214456,7,1999961,7067,0,0
nonlinear,820002,fixed7_replay138,3,0.161321449255247,7,1999961,7067,0,0
nonlinear,820002,fixed7_replay138,4,0.16127264079792492,7,1999961,7067,0,0
nonlinear,820002,fixed7_replay138,5,0.1583991985049817,7,1999961,7067,0,0
nonlinear,820002,fixed7_replay138,6,0.15752289548119625,7,1999961,7067,0,0
nonlinear,820003,fixed7_replay138,0,0.16262651331958144,7,1999961,7067,0,0
nonlinear,820003,fixed7_replay138,1,0.1598908072230945,7,1999961,7067,0,0
nonlinear,820003,fixed7_replay138,2,0.16377856004617097,7,1999961,7067,0,0
nonlinear,820003,fixed7_replay138,3,0.16027483469889842,7,1999961,7067,0,0
nonlinear,820003,fixed7_replay138,4,0.16177217880438421,7,1999961,7067,0,0
nonlinear,820003,fixed7_replay138,5,0.16167427246805954,7,1999961,7067,0,0
nonlinear,820003,fixed7_replay138,6,0.1620677456067366,7,1999961,7067,0,0
nonlinear,820004,fixed7_replay138,0,0.15990878475662934,7,1999961,7067,0,0
nonlinear,820004,fixed7_replay138,1,0.16095711658353,7,1999961,7067,0,0
nonlinear,820004,fixed7_replay138,2,0.16717791637237292,7,1999961,7067,0,0
nonlinear,820004,fixed7_replay138,3,0.15861620631249246,7,1999961,7067,0,0
nonlinear,820004,fixed7_replay138,4,0.1626702012433443,7,1999961,7067,0,0
nonlinear,820004,fixed7_replay138,5,0.15665596350953565,7,1999961,7067,0,0
nonlinear,820004,fixed7_replay138,6,0.16273953185158266,7,1999961,7067,0,0
nonlinear,820005,fixed7_replay138,0,0.16443378311677145,7,1999961,7067,0,0
nonlinear,820005,fixed7_replay138,1,0.16150099364668785,7,1999961,7067,0,0
nonlinear,820005,fixed7_replay138,2,0.15865430773962674,7,1999961,7067,0,0
nonlinear,820005,fixed7_replay138,3,0.16695222938772927,7,1999961,7067,0,0
nonlinear,820005,fixed7_replay138,4,0.15718394156678878,7,1999961,7067,0,0
nonlinear,820005,fixed7_replay138,5,0.16106795870475266,7,1999961,7067,0,0
nonlinear,820005,fixed7_replay138,6,0.16462431342513567,7,1999961,7067,0,0
nonlinear,820006,fixed7_replay138,0,0.1630904991037933,7,1999961,7067,0,0
nonlinear,820006,fixed7_replay138,1,0.15960066120778088,7,1999961,7067,0,0
nonlinear,820006,fixed7_replay138,2,0.15778458044384994,7,1999961,7067,0,0
nonlinear,820006,fixed7_replay138,3,0.15753663331014162,7,1999961,7067,0,0
nonlinear,820006,fixed7_replay138,4,0.1645105993023235,7,1999961,7067,0,0
nonlinear,820006,fixed7_replay138,5,0.1584387452372712,7,1999961,7067,0,0
nonlinear,820006,fixed7_replay138,6,0.1821299182649794,7,1999961,7067,0,0
nonlinear,820007,fixed7_replay138,0,0.16000340465924748,7,1999961,7067,0,0
nonlinear,820007,fixed7_replay138,1,0.16409281852705146,7,1999961,7067,0,0
nonlinear,820007,fixed7_replay138,2,0.16376790950621425,7,1999961,7067,0,0
nonlinear,820007,fixed7_replay138,3,0.15989373014351616,7,1999961,7067,0,0
nonlinear,820007,fixed7_replay138,4,0.16166738687016727,7,1999961,7067,0,0
nonlinear,820007,fixed7_replay138,5,0.16818934364979063,7,1999961,7067,0,0
nonlinear,820007,fixed7_replay138,6,0.15952980562394947,7,1999961,7067,0,0
nonlinear,820008,fixed7_replay138,0,0.1617203920969837,7,1999961,7067,0,0
nonlinear,820008,fixed7_replay138,1,0.16500501121121228,7,1999961,7067,0,0
nonlinear,820008,fixed7_replay138,2,0.16031568089989484,7,1999961,7067,0,0
nonlinear,820008,fixed7_replay138,3,0.15905595345446477,7,1999961,7067,0,0
nonlinear,820008,fixed7_replay138,4,0.16458043591747124,7,1999961,7067,0,0
nonlinear,820008,fixed7_replay138,5,0.16068135672123984,7,1999961,7067,0,0
nonlinear,820008,fixed7_replay138,6,0.15637190384781174,7,1999961,7067,0,0
nonlinear,820009,fixed7_replay138,0,0.16384471911826826,7,1999961,7067,0,0
nonlinear,820009,fixed7_replay138,1,0.17181823138994287,7,1999961,7067,0,0
nonlinear,820009,fixed7_replay138,2,0.1722638936251269,7,1999961,7067,0,0
nonlinear,820009,fixed7_replay138,3,0.1630183111119823,7,1999961,7067,0,0
nonlinear,820009,fixed7_replay138,4,0.1592705502083387,7,1999961,7067,0,0
nonlinear,820009,fixed7_replay138,5,0.1644527742258723,7,1999961,7067,0,0
nonlinear,820009,fixed7_replay138,6,0.16582681806554483,7,1999961,7067,0,0
nonlinear,820010,fixed7_replay138,0,0.1605950735015894,7,1999961,7067,0,0
nonlinear,820010,fixed7_replay138,1,0.1644471282373326,7,1999961,7067,0,0
nonlinear,820010,fixed7_replay138,2,0.16015717801910515,7,1999961,7067,0,0
nonlinear,820010,fixed7_replay138,3,0.16046182907656312,7,1999961,7067,0,0
nonlinear,820010,fixed7_replay138,4,0.16640132589581202,7,1999961,7067,0,0
nonlinear,820010,fixed7_replay138,5,0.16276759764113563,7,1999961,7067,0,0
nonlinear,820010,fixed7_replay138,6,0.1611865891704341,7,1999961,7067,0,0
nonlinear,820011,fixed7_replay138,0,0.16281649801243747,7,1999961,7067,0,0
nonlinear,820011,fixed7_replay138,1,0.15716077958902552,7,1999961,7067,0,0
nonlinear,820011,fixed7_replay138,2,0.15707957218005128,7,1999961,7067,0,0
nonlinear,820011,fixed7_replay138,3,0.1571138901215336,7,1999961,7067,0,0
nonlinear,820011,fixed7_replay138,4,0.1632746752197421,7,1999961,7067,0,0
nonlinear,820011,fixed7_replay138,5,0.157905228140221,7,1999961,7067,0,0
nonlinear,820011,fixed7_replay138,6,0.15359072120440315,7,1999961,7067,0,0
