task,seed,method,event,action,width,risk_before,risk_after,total_proxy,rejected_proxy
null,840000,fresh_adaptive,0,warmup,1,0.2500001035647733,0.255615496431474,1999973,0
null,840000,fresh_adaptive,1,hold,1,0.255615496431474,0.255615496431474,1999921,1835185
null,840000,fresh_adaptive,2,hold,1,0.255615496431474,0.255615496431474,1999921,1835185
null,840000,fresh_adaptive,3,hold,1,0.255615496431474,0.255615496431474,1999921,1835185
null,840000,fresh_adaptive,4,hold,1,0.255615496431474,0.255615496431474,1999921,1835185
null,840000,fresh_adaptive,5,hold,1,0.255615496431474,0.255615496431474,1999921,1835185
null,840000,fresh_adaptive,6,hold,1,0.255615496431474,0.255615496431474,1999921,1835185
null,840001,fresh_adaptive,0,warmup,1,0.250130216068408,0.2587817382042765,1999973,0
null,840001,fresh_adaptive,1,hold,1,0.2587817382042765,0.2587817382042765,1999921,1835185
null,840001,fresh_adaptive,2,hold,1,0.2587817382042765,0.2587817382042765,1999921,1835185
null,840001,fresh_adaptive,3,hold,1,0.2587817382042765,0.2587817382042765,1999921,1835185
null,840001,fresh_adaptive,4,hold,1,0.2587817382042765,0.2587817382042765,1999921,1835185
null,840001,fresh_adaptive,5,hold,1,0.2587817382042765,0.2587817382042765,1999921,1835185
null,840001,fresh_adaptive,6,hold,1,0.2587817382042765,0.2587817382042765,1999921,1835185
null,840002,fresh_adaptive,0,warmup,1,0.250004443473951,0.2531340210157553,1999973,0
null,840002,fresh_adaptive,1,hold,1,0.2531340210157553,0.2531340210157553,1999921,1835185
null,840002,fresh_adaptive,2,hold,1,0.2531340210157553,0.2531340210157553,1999921,1835185
null,840002,fresh_adaptive,3,hold,1,0.2531340210157553,0.2531340210157553,1999921,1835185
null,840002,fresh_adaptive,4,hold,1,0.2531340210157553,0.2531340210157553,1999921,1835185
null,840002,fresh_adaptive,5,hold,1,0.2531340210157553,0.2531340210157553,1999921,1835185
null,840002,fresh_adaptive,6,hold,1,0.2531340210157553,0.2531340210157553,1999921,1835185
null,840003,fresh_adaptive,0,warmup,1,0.2500023035354855,0.25538588067983903,1999973,0
null,840003,fresh_adaptive,1,hold,1,0.25538588067983903,0.25538588067983903,1999921,1835185
null,840003,fresh_adaptive,2,hold,1,0.25538588067983903,0.25538588067983903,1999921,1835185
null,840003,fresh_adaptive,3,hold,1,0.25538588067983903,0.25538588067983903,1999921,1835185
null,840003,fresh_adaptive,4,hold,1,0.25538588067983903,0.25538588067983903,1999921,1835185
null,840003,fresh_adaptive,5,hold,1,0.25538588067983903,0.25538588067983903,1999921,1835185
null,840003,fresh_adaptive,6,hold,1,0.25538588067983903,0.25538588067983903,1999921,1835185
null,840004,fresh_adaptive,0,warmup,1,0.2500262106780682,0.2542126743309497,1999973,0
null,840004,fresh_adaptive,1,hold,1,0.2542126743309497,0.2542126743309497,1999921,1835185
null,840004,fresh_adaptive,2,hold,1,0.2542126743309497,0.2542126743309497,1999921,1835185
null,840004,fresh_adaptive,3,hold,1,0.2542126743309497,0.2542126743309497,1999921,1835185
null,840004,fresh_adaptive,4,hold,1,0.2542126743309497,0.2542126743309497,1999921,1835185
null,840004,fresh_adaptive,5,hold,1,0.2542126743309497,0.2542126743309497,1999921,1835185
null,840004,fresh_adaptive,6,hold,1,0.2542126743309497,0.2542126743309497,1999921,1835185
null,840005,fresh_adaptive,0,warmup,1,0.2504552523777168,0.25936549300906314,1999973,0
null,840005,fresh_adaptive,1,continue,1,0.25936549300906314,0.25041499424620517,1999921,917565
null,840005,fresh_adaptive,2,hold,1,0.25041499424620517,0.25041499424620517,1999921,1835185
null,840005,fresh_adaptive,3,hold,1,0.25041499424620517,0.25041499424620517,1999921,1835185
null,840005,fresh_adaptive,4,hold,1,0.25041499424620517,0.25041499424620517,1999921,1835185
null,840005,fresh_adaptive,5,hold,1,0.25041499424620517,0.25041499424620517,1999921,1835185
null,840005,fresh_adaptive,6,hold,1,0.25041499424620517,0.25041499424620517,1999921,1835185
null,840006,fresh_adaptive,0,warmup,1,0.25002691972675917,0.25443343501399074,1999973,0
null,840006,fresh_adaptive,1,hold,1,0.25443343501399074,0.25443343501399074,1999921,1835185
null,840006,fresh_adaptive,2,hold,1,0.25443343501399074,0.25443343501399074,1999921,1835185
null,840006,fresh_adaptive,3,hold,1,0.25443343501399074,0.25443343501399074,1999921,1835185
null,840006,fresh_adaptive,4,hold,1,0.25443343501399074,0.25443343501399074,1999921,1835185
null,840006,fresh_adaptive,5,hold,1,0.25443343501399074,0.25443343501399074,1999921,1835185
null,840006,fresh_adaptive,6,hold,1,0.25443343501399074,0.25443343501399074,1999921,1835185
null,840007,fresh_adaptive,0,warmup,1,0.2500255227229039,0.2584523958316383,1999973,0
null,840007,fresh_adaptive,1,hold,1,0.2584523958316383,0.2584523958316383,1999921,1835185
null,840007,fresh_adaptive,2,hold,1,0.2584523958316383,0.2584523958316383,1999921,1835185
null,840007,fresh_adaptive,3,continue,1,0.2584523958316383,0.25219582056099105,1999921,917565
null,840007,fresh_adaptive,4,hold,1,0.25219582056099105,0.25219582056099105,1999921,1835185
null,840007,fresh_adaptive,5,hold,1,0.25219582056099105,0.25219582056099105,1999921,1835185
null,840007,fresh_adaptive,6,hold,1,0.25219582056099105,0.25219582056099105,1999921,1835185
null,840008,fresh_adaptive,0,warmup,1,0.2501469065410818,0.2561862837164342,1999973,0
null,840008,fresh_adaptive,1,hold,1,0.2561862837164342,0.2561862837164342,1999921,1835185
null,840008,fresh_adaptive,2,hold,1,0.2561862837164342,0.2561862837164342,1999921,1835185
null,840008,fresh_adaptive,3,hold,1,0.2561862837164342,0.2561862837164342,1999921,1835185
null,840008,fresh_adaptive,4,hold,1,0.2561862837164342,0.2561862837164342,1999921,1835185
null,840008,fresh_adaptive,5,hold,1,0.2561862837164342,0.2561862837164342,1999921,1835185
null,840008,fresh_adaptive,6,hold,1,0.2561862837164342,0.2561862837164342,1999921,1835185
null,840009,fresh_adaptive,0,warmup,1,0.2500000035976669,0.2601798151145298,1999973,0
null,840009,fresh_adaptive,1,hold,1,0.2601798151145298,0.2601798151145298,1999921,1835185
null,840009,fresh_adaptive,2,grow,2,0.2601798151145298,0.25066935870620183,1999921,917620
null,840009,fresh_adaptive,3,hold,2,0.25066935870620183,0.25066935870620183,1999905,1812129
null,840009,fresh_adaptive,4,hold,2,0.25066935870620183,0.25066935870620183,1999905,1812129
null,840009,fresh_adaptive,5,hold,2,0.25066935870620183,0.25066935870620183,1999905,1812129
null,840009,fresh_adaptive,6,hold,2,0.25066935870620183,0.25066935870620183,1999905,1812129
null,840010,fresh_adaptive,0,warmup,1,0.2504469883456483,0.2620544381155983,1999973,0
null,840010,fresh_adaptive,1,hold,1,0.2620544381155983,0.2620544381155983,1999921,1835185
null,840010,fresh_adaptive,2,hold,1,0.2620544381155983,0.2620544381155983,1999921,1835185
null,840010,fresh_adaptive,3,continue,1,0.2620544381155983,0.2504807584759293,1999921,917565
null,840010,fresh_adaptive,4,hold,1,0.2504807584759293,0.2504807584759293,1999921,1835185
null,840010,fresh_adaptive,5,hold,1,0.2504807584759293,0.2504807584759293,1999921,1835185
null,840010,fresh_adaptive,6,hold,1,0.2504807584759293,0.2504807584759293,1999921,1835185
null,840011,fresh_adaptive,0,warmup,1,0.2500029996956483,0.2593195010910034,1999973,0
null,840011,fresh_adaptive,1,hold,1,0.2593195010910034,0.2593195010910034,1999921,1835185
null,840011,fresh_adaptive,2,hold,1,0.2593195010910034,0.2593195010910034,1999921,1835185
null,840011,fresh_adaptive,3,hold,1,0.2593195010910034,0.2593195010910034,1999921,1835185
null,840011,fresh_adaptive,4,hold,1,0.2593195010910034,0.2593195010910034,1999921,1835185
null,840011,fresh_adaptive,5,hold,1,0.2593195010910034,0.2593195010910034,1999921,1835185
null,840011,fresh_adaptive,6,continue,1,0.2593195010910034,0.25235761818003916,1999921,917565
null,840000,random_adaptive,0,warmup,1,0.2500001035647733,0.255615496431474,1999973,0
null,840000,random_adaptive,1,hold,1,0.255615496431474,0.255615496431474,1999985,1983857
null,840000,random_adaptive,2,hold,1,0.255615496431474,0.255615496431474,1999985,1983857
null,840000,random_adaptive,3,hold,1,0.255615496431474,0.255615496431474,1999985,1983857
null,840000,random_adaptive,4,hold,1,0.255615496431474,0.255615496431474,1999985,1983857
null,840000,random_adaptive,5,hold,1,0.255615496431474,0.255615496431474,1999985,1983857
null,840000,random_adaptive,6,hold,1,0.255615496431474,0.255615496431474,1999985,1983857
null,840001,random_adaptive,0,warmup,1,0.250130216068408,0.2587817382042765,1999973,0
null,840001,random_adaptive,1,hold,1,0.2587817382042765,0.2587817382042765,1999985,1983857
null,840001,random_adaptive,2,hold,1,0.2587817382042765,0.2587817382042765,1999985,1983857
null,840001,random_adaptive,3,hold,1,0.2587817382042765,0.2587817382042765,1999985,1983857
null,840001,random_adaptive,4,hold,1,0.2587817382042765,0.2587817382042765,1999985,1983857
null,840001,random_adaptive,5,hold,1,0.2587817382042765,0.2587817382042765,1999985,1983857
null,840001,random_adaptive,6,continue,1,0.2587817382042765,0.253213712222991,1999985,991933
null,840002,random_adaptive,0,warmup,1,0.250004443473951,0.2531340210157553,1999973,0
null,840002,random_adaptive,1,hold,1,0.2531340210157553,0.2531340210157553,1999985,1983857
null,840002,random_adaptive,2,hold,1,0.2531340210157553,0.2531340210157553,1999985,1983857
null,840002,random_adaptive,3,hold,1,0.2531340210157553,0.2531340210157553,1999985,1983857
null,840002,random_adaptive,4,hold,1,0.2531340210157553,0.2531340210157553,1999985,1983857
null,840002,random_adaptive,5,hold,1,0.2531340210157553,0.2531340210157553,1999985,1983857
null,840002,random_adaptive,6,hold,1,0.2531340210157553,0.2531340210157553,1999985,1983857
null,840003,random_adaptive,0,warmup,1,0.2500023035354855,0.25538588067983903,1999973,0
null,840003,random_adaptive,1,hold,1,0.25538588067983903,0.25538588067983903,1999985,1983857
null,840003,random_adaptive,2,hold,1,0.25538588067983903,0.25538588067983903,1999985,1983857
null,840003,random_adaptive,3,hold,1,0.25538588067983903,0.25538588067983903,1999985,1983857
null,840003,random_adaptive,4,hold,1,0.25538588067983903,0.25538588067983903,1999985,1983857
null,840003,random_adaptive,5,hold,1,0.25538588067983903,0.25538588067983903,1999985,1983857
null,840003,random_adaptive,6,hold,1,0.25538588067983903,0.25538588067983903,1999985,1983857
null,840004,random_adaptive,0,warmup,1,0.2500262106780682,0.2542126743309497,1999973,0
null,840004,random_adaptive,1,hold,1,0.2542126743309497,0.2542126743309497,1999985,1983857
null,840004,random_adaptive,2,hold,1,0.2542126743309497,0.2542126743309497,1999985,1983857
null,840004,random_adaptive,3,hold,1,0.2542126743309497,0.2542126743309497,1999985,1983857
null,840004,random_adaptive,4,hold,1,0.2542126743309497,0.2542126743309497,1999985,1983857
null,840004,random_adaptive,5,hold,1,0.2542126743309497,0.2542126743309497,1999985,1983857
null,840004,random_adaptive,6,hold,1,0.2542126743309497,0.2542126743309497,1999985,1983857
null,840005,random_adaptive,0,warmup,1,0.2504552523777168,0.25936549300906314,1999973,0
null,840005,random_adaptive,1,hold,1,0.25936549300906314,0.25936549300906314,1999985,1983857
null,840005,random_adaptive,2,hold,1,0.25936549300906314,0.25936549300906314,1999985,1983857
null,840005,random_adaptive,3,hold,1,0.25936549300906314,0.25936549300906314,1999985,1983857
null,840005,random_adaptive,4,hold,1,0.25936549300906314,0.25936549300906314,1999985,1983857
null,840005,random_adaptive,5,hold,1,0.25936549300906314,0.25936549300906314,1999985,1983857
null,840005,random_adaptive,6,hold,1,0.25936549300906314,0.25936549300906314,1999985,1983857
null,840006,random_adaptive,0,warmup,1,0.25002691972675917,0.25443343501399074,1999973,0
null,840006,random_adaptive,1,hold,1,0.25443343501399074,0.25443343501399074,1999985,1983857
null,840006,random_adaptive,2,hold,1,0.25443343501399074,0.25443343501399074,1999985,1983857
null,840006,random_adaptive,3,hold,1,0.25443343501399074,0.25443343501399074,1999985,1983857
null,840006,random_adaptive,4,hold,1,0.25443343501399074,0.25443343501399074,1999985,1983857
null,840006,random_adaptive,5,hold,1,0.25443343501399074,0.25443343501399074,1999985,1983857
null,840006,random_adaptive,6,hold,1,0.25443343501399074,0.25443343501399074,1999985,1983857
null,840007,random_adaptive,0,warmup,1,0.2500255227229039,0.2584523958316383,1999973,0
null,840007,random_adaptive,1,hold,1,0.2584523958316383,0.2584523958316383,1999985,1983857
null,840007,random_adaptive,2,hold,1,0.2584523958316383,0.2584523958316383,1999985,1983857
null,840007,random_adaptive,3,grow,2,0.2584523958316383,0.2521828307885043,1999985,991924
null,840007,random_adaptive,4,hold,2,0.2521828307885043,0.2521828307885043,1999862,1972214
null,840007,random_adaptive,5,hold,2,0.2521828307885043,0.2521828307885043,1999862,1972214
null,840007,random_adaptive,6,hold,2,0.2521828307885043,0.2521828307885043,1999862,1972214
null,840008,random_adaptive,0,warmup,1,0.2501469065410818,0.2561862837164342,1999973,0
null,840008,random_adaptive,1,hold,1,0.2561862837164342,0.2561862837164342,1999985,1983857
null,840008,random_adaptive,2,hold,1,0.2561862837164342,0.2561862837164342,1999985,1983857
null,840008,random_adaptive,3,hold,1,0.2561862837164342,0.2561862837164342,1999985,1983857
null,840008,random_adaptive,4,hold,1,0.2561862837164342,0.2561862837164342,1999985,1983857
null,840008,random_adaptive,5,hold,1,0.2561862837164342,0.2561862837164342,1999985,1983857
null,840008,random_adaptive,6,hold,1,0.2561862837164342,0.2561862837164342,1999985,1983857
null,840009,random_adaptive,0,warmup,1,0.2500000035976669,0.2601798151145298,1999973,0
null,840009,random_adaptive,1,hold,1,0.2601798151145298,0.2601798151145298,1999985,1983857
null,840009,random_adaptive,2,grow,2,0.2601798151145298,0.25270453605497734,1999985,991924
null,840009,random_adaptive,3,hold,2,0.25270453605497734,0.25270453605497734,1999862,1972214
null,840009,random_adaptive,4,hold,2,0.25270453605497734,0.25270453605497734,1999862,1972214
null,840009,random_adaptive,5,hold,2,0.25270453605497734,0.25270453605497734,1999862,1972214
null,840009,random_adaptive,6,hold,2,0.25270453605497734,0.25270453605497734,1999862,1972214
null,840010,random_adaptive,0,warmup,1,0.2504469883456483,0.2620544381155983,1999973,0
null,840010,random_adaptive,1,hold,1,0.2620544381155983,0.2620544381155983,1999985,1983857
null,840010,random_adaptive,2,hold,1,0.2620544381155983,0.2620544381155983,1999985,1983857
null,840010,random_adaptive,3,hold,1,0.2620544381155983,0.2620544381155983,1999985,1983857
null,840010,random_adaptive,4,hold,1,0.2620544381155983,0.2620544381155983,1999985,1983857
null,840010,random_adaptive,5,hold,1,0.2620544381155983,0.2620544381155983,1999985,1983857
null,840010,random_adaptive,6,hold,1,0.2620544381155983,0.2620544381155983,1999985,1983857
null,840011,random_adaptive,0,warmup,1,0.2500029996956483,0.2593195010910034,1999973,0
null,840011,random_adaptive,1,hold,1,0.2593195010910034,0.2593195010910034,1999985,1983857
null,840011,random_adaptive,2,hold,1,0.2593195010910034,0.2593195010910034,1999985,1983857
null,840011,random_adaptive,3,hold,1,0.2593195010910034,0.2593195010910034,1999985,1983857
null,840011,random_adaptive,4,hold,1,0.2593195010910034,0.2593195010910034,1999985,1983857
null,840011,random_adaptive,5,hold,1,0.2593195010910034,0.2593195010910034,1999985,1983857
null,840011,random_adaptive,6,continue,1,0.2593195010910034,0.2516359706354423,1999985,991933
null,840000,fixed2_gated,0,warmup,2,0.2507865207320013,0.25573400344690694,1999968,0
null,840000,fixed2_gated,1,hold,2,0.25573400344690694,0.25573400344690694,1999987,1984115
null,840000,fixed2_gated,2,hold,2,0.25573400344690694,0.25573400344690694,1999987,1984115
null,840000,fixed2_gated,3,hold,2,0.25573400344690694,0.25573400344690694,1999987,1984115
null,840000,fixed2_gated,4,hold,2,0.25573400344690694,0.25573400344690694,1999987,1984115
null,840000,fixed2_gated,5,hold,2,0.25573400344690694,0.25573400344690694,1999987,1984115
null,840000,fixed2_gated,6,hold,2,0.25573400344690694,0.25573400344690694,1999987,1984115
null,840001,fixed2_gated,0,warmup,2,0.25054782661859043,0.2706622009051961,1999968,0
null,840001,fixed2_gated,1,hold,2,0.2706622009051961,0.2706622009051961,1999987,1984115
null,840001,fixed2_gated,2,hold,2,0.2706622009051961,0.2706622009051961,1999987,1984115
null,840001,fixed2_gated,3,continue,2,0.2706622009051961,0.25397190045449214,1999987,0
null,840001,fixed2_gated,4,hold,2,0.25397190045449214,0.25397190045449214,1999987,1984115
null,840001,fixed2_gated,5,hold,2,0.25397190045449214,0.25397190045449214,1999987,1984115
null,840001,fixed2_gated,6,hold,2,0.25397190045449214,0.25397190045449214,1999987,1984115
null,840002,fixed2_gated,0,warmup,2,0.25003863295071604,0.25832317001991884,1999968,0
null,840002,fixed2_gated,1,hold,2,0.25832317001991884,0.25832317001991884,1999987,1984115
null,840002,fixed2_gated,2,hold,2,0.25832317001991884,0.25832317001991884,1999987,1984115
null,840002,fixed2_gated,3,hold,2,0.25832317001991884,0.25832317001991884,1999987,1984115
null,840002,fixed2_gated,4,hold,2,0.25832317001991884,0.25832317001991884,1999987,1984115
null,840002,fixed2_gated,5,hold,2,0.25832317001991884,0.25832317001991884,1999987,1984115
null,840002,fixed2_gated,6,hold,2,0.25832317001991884,0.25832317001991884,1999987,1984115
null,840003,fixed2_gated,0,warmup,2,0.25049446872286585,0.26422295108399246,1999968,0
null,840003,fixed2_gated,1,continue,2,0.26422295108399246,0.2569622832471107,1999987,0
null,840003,fixed2_gated,2,hold,2,0.2569622832471107,0.2569622832471107,1999987,1984115
null,840003,fixed2_gated,3,hold,2,0.2569622832471107,0.2569622832471107,1999987,1984115
null,840003,fixed2_gated,4,hold,2,0.2569622832471107,0.2569622832471107,1999987,1984115
null,840003,fixed2_gated,5,hold,2,0.2569622832471107,0.2569622832471107,1999987,1984115
null,840003,fixed2_gated,6,hold,2,0.2569622832471107,0.2569622832471107,1999987,1984115
null,840004,fixed2_gated,0,warmup,2,0.25047232678415726,0.25633444547319184,1999968,0
null,840004,fixed2_gated,1,hold,2,0.25633444547319184,0.25633444547319184,1999987,1984115
null,840004,fixed2_gated,2,hold,2,0.25633444547319184,0.25633444547319184,1999987,1984115
null,840004,fixed2_gated,3,hold,2,0.25633444547319184,0.25633444547319184,1999987,1984115
null,840004,fixed2_gated,4,hold,2,0.25633444547319184,0.25633444547319184,1999987,1984115
null,840004,fixed2_gated,5,hold,2,0.25633444547319184,0.25633444547319184,1999987,1984115
null,840004,fixed2_gated,6,hold,2,0.25633444547319184,0.25633444547319184,1999987,1984115
null,840005,fixed2_gated,0,warmup,2,0.2506071712100442,0.26453666560957556,1999968,0
null,840005,fixed2_gated,1,continue,2,0.26453666560957556,0.25233964778585233,1999987,0
null,840005,fixed2_gated,2,hold,2,0.25233964778585233,0.25233964778585233,1999987,1984115
null,840005,fixed2_gated,3,hold,2,0.25233964778585233,0.25233964778585233,1999987,1984115
null,840005,fixed2_gated,4,hold,2,0.25233964778585233,0.25233964778585233,1999987,1984115
null,840005,fixed2_gated,5,hold,2,0.25233964778585233,0.25233964778585233,1999987,1984115
null,840005,fixed2_gated,6,hold,2,0.25233964778585233,0.25233964778585233,1999987,1984115
null,840006,fixed2_gated,0,warmup,2,0.2502042167414786,0.25519031181005797,1999968,0
null,840006,fixed2_gated,1,hold,2,0.25519031181005797,0.25519031181005797,1999987,1984115
null,840006,fixed2_gated,2,hold,2,0.25519031181005797,0.25519031181005797,1999987,1984115
null,840006,fixed2_gated,3,hold,2,0.25519031181005797,0.25519031181005797,1999987,1984115
null,840006,fixed2_gated,4,hold,2,0.25519031181005797,0.25519031181005797,1999987,1984115
null,840006,fixed2_gated,5,hold,2,0.25519031181005797,0.25519031181005797,1999987,1984115
null,840006,fixed2_gated,6,hold,2,0.25519031181005797,0.25519031181005797,1999987,1984115
null,840007,fixed2_gated,0,warmup,2,0.25082978831315905,0.2619820564224058,1999968,0
null,840007,fixed2_gated,1,hold,2,0.2619820564224058,0.2619820564224058,1999987,1984115
null,840007,fixed2_gated,2,hold,2,0.2619820564224058,0.2619820564224058,1999987,1984115
null,840007,fixed2_gated,3,continue,2,0.2619820564224058,0.2530457049019493,1999987,0
null,840007,fixed2_gated,4,hold,2,0.2530457049019493,0.2530457049019493,1999987,1984115
null,840007,fixed2_gated,5,hold,2,0.2530457049019493,0.2530457049019493,1999987,1984115
null,840007,fixed2_gated,6,hold,2,0.2530457049019493,0.2530457049019493,1999987,1984115
null,840008,fixed2_gated,0,warmup,2,0.2502659592850836,0.26241438641584347,1999968,0
null,840008,fixed2_gated,1,hold,2,0.26241438641584347,0.26241438641584347,1999987,1984115
null,840008,fixed2_gated,2,hold,2,0.26241438641584347,0.26241438641584347,1999987,1984115
null,840008,fixed2_gated,3,hold,2,0.26241438641584347,0.26241438641584347,1999987,1984115
null,840008,fixed2_gated,4,hold,2,0.26241438641584347,0.26241438641584347,1999987,1984115
null,840008,fixed2_gated,5,hold,2,0.26241438641584347,0.26241438641584347,1999987,1984115
null,840008,fixed2_gated,6,continue,2,0.26241438641584347,0.2576899196428699,1999987,0
null,840009,fixed2_gated,0,warmup,2,0.25062629082481624,0.2627632288854131,1999968,0
null,840009,fixed2_gated,1,hold,2,0.2627632288854131,0.2627632288854131,1999987,1984115
null,840009,fixed2_gated,2,hold,2,0.2627632288854131,0.2627632288854131,1999987,1984115
null,840009,fixed2_gated,3,hold,2,0.2627632288854131,0.2627632288854131,1999987,1984115
null,840009,fixed2_gated,4,hold,2,0.2627632288854131,0.2627632288854131,1999987,1984115
null,840009,fixed2_gated,5,hold,2,0.2627632288854131,0.2627632288854131,1999987,1984115
null,840009,fixed2_gated,6,hold,2,0.2627632288854131,0.2627632288854131,1999987,1984115
null,840010,fixed2_gated,0,warmup,2,0.25027777465978845,0.27116532102468066,1999968,0
null,840010,fixed2_gated,1,hold,2,0.27116532102468066,0.27116532102468066,1999987,1984115
null,840010,fixed2_gated,2,hold,2,0.27116532102468066,0.27116532102468066,1999987,1984115
null,840010,fixed2_gated,3,hold,2,0.27116532102468066,0.27116532102468066,1999987,1984115
null,840010,fixed2_gated,4,hold,2,0.27116532102468066,0.27116532102468066,1999987,1984115
null,840010,fixed2_gated,5,hold,2,0.27116532102468066,0.27116532102468066,1999987,1984115
null,840010,fixed2_gated,6,hold,2,0.27116532102468066,0.27116532102468066,1999987,1984115
null,840011,fixed2_gated,0,warmup,2,0.25068031765623267,0.26603195389549017,1999968,0
null,840011,fixed2_gated,1,hold,2,0.26603195389549017,0.26603195389549017,1999987,1984115
null,840011,fixed2_gated,2,continue,2,0.26603195389549017,0.2580497345666994,1999987,0
null,840011,fixed2_gated,3,hold,2,0.2580497345666994,0.2580497345666994,1999987,1984115
null,840011,fixed2_gated,4,hold,2,0.2580497345666994,0.2580497345666994,1999987,1984115
null,840011,fixed2_gated,5,hold,2,0.2580497345666994,0.2580497345666994,1999987,1984115
null,840011,fixed2_gated,6,hold,2,0.2580497345666994,0.2580497345666994,1999987,1984115
null,840000,fixed7_gated,0,warmup,7,0.2512714046365129,0.25862468283442364,1999961,0
null,840000,fixed7_gated,1,hold,7,0.25862468283442364,0.25862468283442364,1999897,1945625
null,840000,fixed7_gated,2,hold,7,0.25862468283442364,0.25862468283442364,1999897,1945625
null,840000,fixed7_gated,3,hold,7,0.25862468283442364,0.25862468283442364,1999897,1945625
null,840000,fixed7_gated,4,hold,7,0.25862468283442364,0.25862468283442364,1999897,1945625
null,840000,fixed7_gated,5,hold,7,0.25862468283442364,0.25862468283442364,1999897,1945625
null,840000,fixed7_gated,6,hold,7,0.25862468283442364,0.25862468283442364,1999897,1945625
null,840001,fixed7_gated,0,warmup,7,0.25173117392627353,0.27383668762941105,1999961,0
null,840001,fixed7_gated,1,hold,7,0.27383668762941105,0.27383668762941105,1999897,1945625
null,840001,fixed7_gated,2,hold,7,0.27383668762941105,0.27383668762941105,1999897,1945625
null,840001,fixed7_gated,3,hold,7,0.27383668762941105,0.27383668762941105,1999897,1945625
null,840001,fixed7_gated,4,hold,7,0.27383668762941105,0.27383668762941105,1999897,1945625
null,840001,fixed7_gated,5,hold,7,0.27383668762941105,0.27383668762941105,1999897,1945625
null,840001,fixed7_gated,6,continue,7,0.27383668762941105,0.26209268834668475,1999897,0
null,840002,fixed7_gated,0,warmup,7,0.25170198035573366,0.2652211886811319,1999961,0
null,840002,fixed7_gated,1,hold,7,0.2652211886811319,0.2652211886811319,1999897,1945625
null,840002,fixed7_gated,2,hold,7,0.2652211886811319,0.2652211886811319,1999897,1945625
null,840002,fixed7_gated,3,hold,7,0.2652211886811319,0.2652211886811319,1999897,1945625
null,840002,fixed7_gated,4,hold,7,0.2652211886811319,0.2652211886811319,1999897,1945625
null,840002,fixed7_gated,5,hold,7,0.2652211886811319,0.2652211886811319,1999897,1945625
null,840002,fixed7_gated,6,hold,7,0.2652211886811319,0.2652211886811319,1999897,1945625
null,840003,fixed7_gated,0,warmup,7,0.2516171107998986,0.2696138703804292,1999961,0
null,840003,fixed7_gated,1,hold,7,0.2696138703804292,0.2696138703804292,1999897,1945625
null,840003,fixed7_gated,2,hold,7,0.2696138703804292,0.2696138703804292,1999897,1945625
null,840003,fixed7_gated,3,hold,7,0.2696138703804292,0.2696138703804292,1999897,1945625
null,840003,fixed7_gated,4,hold,7,0.2696138703804292,0.2696138703804292,1999897,1945625
null,840003,fixed7_gated,5,continue,7,0.2696138703804292,0.2576504835705443,1999897,0
null,840003,fixed7_gated,6,hold,7,0.2576504835705443,0.2576504835705443,1999897,1945625
null,840004,fixed7_gated,0,warmup,7,0.25115115216958167,0.26077455492465706,1999961,0
null,840004,fixed7_gated,1,hold,7,0.26077455492465706,0.26077455492465706,1999897,1945625
null,840004,fixed7_gated,2,hold,7,0.26077455492465706,0.26077455492465706,1999897,1945625
null,840004,fixed7_gated,3,hold,7,0.26077455492465706,0.26077455492465706,1999897,1945625
null,840004,fixed7_gated,4,hold,7,0.26077455492465706,0.26077455492465706,1999897,1945625
null,840004,fixed7_gated,5,hold,7,0.26077455492465706,0.26077455492465706,1999897,1945625
null,840004,fixed7_gated,6,hold,7,0.26077455492465706,0.26077455492465706,1999897,1945625
null,840005,fixed7_gated,0,warmup,7,0.25063619764658607,0.26299592027117574,1999961,0
null,840005,fixed7_gated,1,hold,7,0.26299592027117574,0.26299592027117574,1999897,1945625
null,840005,fixed7_gated,2,hold,7,0.26299592027117574,0.26299592027117574,1999897,1945625
null,840005,fixed7_gated,3,hold,7,0.26299592027117574,0.26299592027117574,1999897,1945625
null,840005,fixed7_gated,4,hold,7,0.26299592027117574,0.26299592027117574,1999897,1945625
null,840005,fixed7_gated,5,hold,7,0.26299592027117574,0.26299592027117574,1999897,1945625
null,840005,fixed7_gated,6,hold,7,0.26299592027117574,0.26299592027117574,1999897,1945625
null,840006,fixed7_gated,0,warmup,7,0.2522395632710583,0.2587687446818411,1999961,0
null,840006,fixed7_gated,1,hold,7,0.2587687446818411,0.2587687446818411,1999897,1945625
null,840006,fixed7_gated,2,hold,7,0.2587687446818411,0.2587687446818411,1999897,1945625
null,840006,fixed7_gated,3,hold,7,0.2587687446818411,0.2587687446818411,1999897,1945625
null,840006,fixed7_gated,4,hold,7,0.2587687446818411,0.2587687446818411,1999897,1945625
null,840006,fixed7_gated,5,hold,7,0.2587687446818411,0.2587687446818411,1999897,1945625
null,840006,fixed7_gated,6,hold,7,0.2587687446818411,0.2587687446818411,1999897,1945625
null,840007,fixed7_gated,0,warmup,7,0.25180477252529776,0.2653869584410239,1999961,0
null,840007,fixed7_gated,1,hold,7,0.2653869584410239,0.2653869584410239,1999897,1945625
null,840007,fixed7_gated,2,hold,7,0.2653869584410239,0.2653869584410239,1999897,1945625
null,840007,fixed7_gated,3,continue,7,0.2653869584410239,0.25501833656980255,1999897,0
null,840007,fixed7_gated,4,hold,7,0.25501833656980255,0.25501833656980255,1999897,1945625
null,840007,fixed7_gated,5,hold,7,0.25501833656980255,0.25501833656980255,1999897,1945625
null,840007,fixed7_gated,6,hold,7,0.25501833656980255,0.25501833656980255,1999897,1945625
null,840008,fixed7_gated,0,warmup,7,0.25046003912657083,0.2695403146487611,1999961,0
null,840008,fixed7_gated,1,hold,7,0.2695403146487611,0.2695403146487611,1999897,1945625
null,840008,fixed7_gated,2,hold,7,0.2695403146487611,0.2695403146487611,1999897,1945625
null,840008,fixed7_gated,3,hold,7,0.2695403146487611,0.2695403146487611,1999897,1945625
null,840008,fixed7_gated,4,hold,7,0.2695403146487611,0.2695403146487611,1999897,1945625
null,840008,fixed7_gated,5,hold,7,0.2695403146487611,0.2695403146487611,1999897,1945625
null,840008,fixed7_gated,6,hold,7,0.2695403146487611,0.2695403146487611,1999897,1945625
null,840009,fixed7_gated,0,warmup,7,0.25221533490122433,0.27026877549208655,1999961,0
null,840009,fixed7_gated,1,hold,7,0.27026877549208655,0.27026877549208655,1999897,1945625
null,840009,fixed7_gated,2,continue,7,0.27026877549208655,0.25832206482281606,1999897,0
null,840009,fixed7_gated,3,hold,7,0.25832206482281606,0.25832206482281606,1999897,1945625
null,840009,fixed7_gated,4,hold,7,0.25832206482281606,0.25832206482281606,1999897,1945625
null,840009,fixed7_gated,5,hold,7,0.25832206482281606,0.25832206482281606,1999897,1945625
null,840009,fixed7_gated,6,hold,7,0.25832206482281606,0.25832206482281606,1999897,1945625
null,840010,fixed7_gated,0,warmup,7,0.25235994495762315,0.278796910225126,1999961,0
null,840010,fixed7_gated,1,hold,7,0.278796910225126,0.278796910225126,1999897,1945625
null,840010,fixed7_gated,2,hold,7,0.278796910225126,0.278796910225126,1999897,1945625
null,840010,fixed7_gated,3,hold,7,0.278796910225126,0.278796910225126,1999897,1945625
null,840010,fixed7_gated,4,hold,7,0.278796910225126,0.278796910225126,1999897,1945625
null,840010,fixed7_gated,5,hold,7,0.278796910225126,0.278796910225126,1999897,1945625
null,840010,fixed7_gated,6,hold,7,0.278796910225126,0.278796910225126,1999897,1945625
null,840011,fixed7_gated,0,warmup,7,0.25159845327306035,0.2633218870638331,1999961,0
null,840011,fixed7_gated,1,hold,7,0.2633218870638331,0.2633218870638331,1999897,1945625
null,840011,fixed7_gated,2,hold,7,0.2633218870638331,0.2633218870638331,1999897,1945625
null,840011,fixed7_gated,3,hold,7,0.2633218870638331,0.2633218870638331,1999897,1945625
null,840011,fixed7_gated,4,hold,7,0.2633218870638331,0.2633218870638331,1999897,1945625
null,840011,fixed7_gated,5,hold,7,0.2633218870638331,0.2633218870638331,1999897,1945625
null,840011,fixed7_gated,6,hold,7,0.2633218870638331,0.2633218870638331,1999897,1945625
null,840000,fixed7_ungated,0,warmup,7,0.2512714046365129,0.25862468283442364,1999961,0
null,840000,fixed7_ungated,1,continue,7,0.25862468283442364,0.2674039067554583,1999961,0
null,840000,fixed7_ungated,2,continue,7,0.2674039067554583,0.2639889804836145,1999961,0
null,840000,fixed7_ungated,3,continue,7,0.2639889804836145,0.2630685574003972,1999961,0
null,840000,fixed7_ungated,4,continue,7,0.2630685574003972,0.2599658568928255,1999961,0
null,840000,fixed7_ungated,5,continue,7,0.2599658568928255,0.25800864738578827,1999961,0
null,840000,fixed7_ungated,6,continue,7,0.25800864738578827,0.2690283770144273,1999961,0
null,840001,fixed7_ungated,0,warmup,7,0.25173117392627353,0.27383668762941105,1999961,0
null,840001,fixed7_ungated,1,continue,7,0.27383668762941105,0.2665624018468613,1999961,0
null,840001,fixed7_ungated,2,continue,7,0.2665624018468613,0.26407669897671815,1999961,0
null,840001,fixed7_ungated,3,continue,7,0.26407669897671815,0.2640739004096098,1999961,0
null,840001,fixed7_ungated,4,continue,7,0.2640739004096098,0.2547187652483466,1999961,0
null,840001,fixed7_ungated,5,continue,7,0.2547187652483466,0.26610511264300357,1999961,0
null,840001,fixed7_ungated,6,continue,7,0.26610511264300357,0.26201256859623806,1999961,0
null,840002,fixed7_ungated,0,warmup,7,0.25170198035573366,0.2652211886811319,1999961,0
null,840002,fixed7_ungated,1,continue,7,0.2652211886811319,0.25724719861097406,1999961,0
null,840002,fixed7_ungated,2,continue,7,0.25724719861097406,0.27076432409769324,1999961,0
null,840002,fixed7_ungated,3,continue,7,0.27076432409769324,0.2651364744399399,1999961,0
null,840002,fixed7_ungated,4,continue,7,0.2651364744399399,0.2590507080973243,1999961,0
null,840002,fixed7_ungated,5,continue,7,0.2590507080973243,0.2653191406665157,1999961,0
null,840002,fixed7_ungated,6,continue,7,0.2653191406665157,0.25820511501510646,1999961,0
null,840003,fixed7_ungated,0,warmup,7,0.2516171107998986,0.2696138703804292,1999961,0
null,840003,fixed7_ungated,1,continue,7,0.2696138703804292,0.25893956701877724,1999961,0
null,840003,fixed7_ungated,2,continue,7,0.25893956701877724,0.25883682652287904,1999961,0
null,840003,fixed7_ungated,3,continue,7,0.25883682652287904,0.2554474388666463,1999961,0
null,840003,fixed7_ungated,4,continue,7,0.2554474388666463,0.2600705109843377,1999961,0
null,840003,fixed7_ungated,5,continue,7,0.2600705109843377,0.26178421387976036,1999961,0
null,840003,fixed7_ungated,6,continue,7,0.26178421387976036,0.2661630659427448,1999961,0
null,840004,fixed7_ungated,0,warmup,7,0.25115115216958167,0.26077455492465706,1999961,0
null,840004,fixed7_ungated,1,continue,7,0.26077455492465706,0.2639362657606431,1999961,0
null,840004,fixed7_ungated,2,continue,7,0.2639362657606431,0.2594996933450962,1999961,0
null,840004,fixed7_ungated,3,continue,7,0.2594996933450962,0.2565256488418158,1999961,0
null,840004,fixed7_ungated,4,continue,7,0.2565256488418158,0.2647153895324814,1999961,0
null,840004,fixed7_ungated,5,continue,7,0.2647153895324814,0.25451629075216103,1999961,0
null,840004,fixed7_ungated,6,continue,7,0.25451629075216103,0.26638124454956846,1999961,0
null,840005,fixed7_ungated,0,warmup,7,0.25063619764658607,0.26299592027117574,1999961,0
null,840005,fixed7_ungated,1,continue,7,0.26299592027117574,0.25721759590153287,1999961,0
null,840005,fixed7_ungated,2,continue,7,0.25721759590153287,0.2615540739504939,1999961,0
null,840005,fixed7_ungated,3,continue,7,0.2615540739504939,0.26315543766936267,1999961,0
null,840005,fixed7_ungated,4,continue,7,0.26315543766936267,0.2579131476642057,1999961,0
null,840005,fixed7_ungated,5,continue,7,0.2579131476642057,0.27434828645153514,1999961,0
null,840005,fixed7_ungated,6,continue,7,0.27434828645153514,0.2706335852399524,1999961,0
null,840006,fixed7_ungated,0,warmup,7,0.2522395632710583,0.2587687446818411,1999961,0
null,840006,fixed7_ungated,1,continue,7,0.2587687446818411,0.2591802426879821,1999961,0
null,840006,fixed7_ungated,2,continue,7,0.2591802426879821,0.26783142102590884,1999961,0
null,840006,fixed7_ungated,3,continue,7,0.26783142102590884,0.25831622400375454,1999961,0
null,840006,fixed7_ungated,4,continue,7,0.25831622400375454,0.2580357279796149,1999961,0
null,840006,fixed7_ungated,5,continue,7,0.2580357279796149,0.25965534731363205,1999961,0
null,840006,fixed7_ungated,6,continue,7,0.25965534731363205,0.2615974052207242,1999961,0
null,840007,fixed7_ungated,0,warmup,7,0.25180477252529776,0.2653869584410239,1999961,0
null,840007,fixed7_ungated,1,continue,7,0.2653869584410239,0.2544755491108303,1999961,0
null,840007,fixed7_ungated,2,continue,7,0.2544755491108303,0.26282107438869307,1999961,0
null,840007,fixed7_ungated,3,continue,7,0.26282107438869307,0.25446957636855383,1999961,0
null,840007,fixed7_ungated,4,continue,7,0.25446957636855383,0.2538958073947636,1999961,0
null,840007,fixed7_ungated,5,continue,7,0.2538958073947636,0.2684619012241523,1999961,0
null,840007,fixed7_ungated,6,continue,7,0.2684619012241523,0.2618930216141401,1999961,0
null,840008,fixed7_ungated,0,warmup,7,0.25046003912657083,0.2695403146487611,1999961,0
null,840008,fixed7_ungated,1,continue,7,0.2695403146487611,0.26416659561396094,1999961,0
null,840008,fixed7_ungated,2,continue,7,0.26416659561396094,0.27206103718306845,1999961,0
null,840008,fixed7_ungated,3,continue,7,0.27206103718306845,0.2571312028490906,1999961,0
null,840008,fixed7_ungated,4,continue,7,0.2571312028490906,0.2659466308700486,1999961,0
null,840008,fixed7_ungated,5,continue,7,0.2659466308700486,0.26034715898890565,1999961,0
null,840008,fixed7_ungated,6,continue,7,0.26034715898890565,0.2633494728128767,1999961,0
null,840009,fixed7_ungated,0,warmup,7,0.25221533490122433,0.27026877549208655,1999961,0
null,840009,fixed7_ungated,1,continue,7,0.27026877549208655,0.2539264935576474,1999961,0
null,840009,fixed7_ungated,2,continue,7,0.2539264935576474,0.2530265170110335,1999961,0
null,840009,fixed7_ungated,3,continue,7,0.2530265170110335,0.25418030276980963,1999961,0
null,840009,fixed7_ungated,4,continue,7,0.25418030276980963,0.2652594448779751,1999961,0
null,840009,fixed7_ungated,5,continue,7,0.2652594448779751,0.2549940741763695,1999961,0
null,840009,fixed7_ungated,6,continue,7,0.2549940741763695,0.25996696645376965,1999961,0
null,840010,fixed7_ungated,0,warmup,7,0.25235994495762315,0.278796910225126,1999961,0
null,840010,fixed7_ungated,1,continue,7,0.278796910225126,0.25735171121042194,1999961,0
null,840010,fixed7_ungated,2,continue,7,0.25735171121042194,0.26397593889170345,1999961,0
null,840010,fixed7_ungated,3,continue,7,0.26397593889170345,0.26585483888045985,1999961,0
null,840010,fixed7_ungated,4,continue,7,0.26585483888045985,0.25784874756790926,1999961,0
null,840010,fixed7_ungated,5,continue,7,0.25784874756790926,0.2627274076966517,1999961,0
null,840010,fixed7_ungated,6,continue,7,0.2627274076966517,0.27176149560597124,1999961,0
null,840011,fixed7_ungated,0,warmup,7,0.25159845327306035,0.2633218870638331,1999961,0
null,840011,fixed7_ungated,1,continue,7,0.2633218870638331,0.2535549951624347,1999961,0
null,840011,fixed7_ungated,2,continue,7,0.2535549951624347,0.258915862855573,1999961,0
null,840011,fixed7_ungated,3,continue,7,0.258915862855573,0.2583845821954666,1999961,0
null,840011,fixed7_ungated,4,continue,7,0.2583845821954666,0.2569810869005583,1999961,0
null,840011,fixed7_ungated,5,continue,7,0.2569810869005583,0.26533567366369526,1999961,0
null,840011,fixed7_ungated,6,continue,7,0.26533567366369526,0.26976651310564376,1999961,0
lowrank_noiseless,840000,fresh_adaptive,0,warmup,1,1.685926058242671,0.4181452666739372,1999973,0
lowrank_noiseless,840000,fresh_adaptive,1,grow,2,0.4181452666739372,0.00011474833947669432,1999921,917620
lowrank_noiseless,840000,fresh_adaptive,2,hold,2,0.00011474833947669432,0.00011474833947669432,1999905,1812129
lowrank_noiseless,840000,fresh_adaptive,3,hold,2,0.00011474833947669432,0.00011474833947669432,1999905,1812129
lowrank_noiseless,840000,fresh_adaptive,4,hold,2,0.00011474833947669432,0.00011474833947669432,1999905,1812129
lowrank_noiseless,840000,fresh_adaptive,5,hold,2,0.00011474833947669432,0.00011474833947669432,1999905,1812129
lowrank_noiseless,840000,fresh_adaptive,6,hold,2,0.00011474833947669432,0.00011474833947669432,1999905,1812129
lowrank_noiseless,840001,fresh_adaptive,0,warmup,1,1.6850237369930874,1.7152828265324482,1999973,0
lowrank_noiseless,840001,fresh_adaptive,1,grow,2,1.7152828265324482,0.4096595187734056,1999921,917620
lowrank_noiseless,840001,fresh_adaptive,2,continue,2,0.4096595187734056,0.0006638211377009189,1999905,906018
lowrank_noiseless,840001,fresh_adaptive,3,hold,2,0.0006638211377009189,0.0006638211377009189,1999905,1812129
lowrank_noiseless,840001,fresh_adaptive,4,hold,2,0.0006638211377009189,0.0006638211377009189,1999905,1812129
lowrank_noiseless,840001,fresh_adaptive,5,hold,2,0.0006638211377009189,0.0006638211377009189,1999905,1812129
lowrank_noiseless,840001,fresh_adaptive,6,hold,2,0.0006638211377009189,0.0006638211377009189,1999905,1812129
lowrank_noiseless,840002,fresh_adaptive,0,warmup,1,1.6852346979431614,1.7175169588818318,1999973,0
lowrank_noiseless,840002,fresh_adaptive,1,grow,2,1.7175169588818318,0.020010245329653016,1999921,917620
lowrank_noiseless,840002,fresh_adaptive,2,continue,2,0.020010245329653016,2.2248808592123903e-06,1999905,906018
lowrank_noiseless,840002,fresh_adaptive,3,hold,2,2.2248808592123903e-06,2.2248808592123903e-06,1999905,1812129
lowrank_noiseless,840002,fresh_adaptive,4,hold,2,2.2248808592123903e-06,2.2248808592123903e-06,1999905,1812129
lowrank_noiseless,840002,fresh_adaptive,5,hold,2,2.2248808592123903e-06,2.2248808592123903e-06,1999905,1812129
lowrank_noiseless,840002,fresh_adaptive,6,hold,2,2.2248808592123903e-06,2.2248808592123903e-06,1999905,1812129
lowrank_noiseless,840003,fresh_adaptive,0,warmup,1,1.6838404846283237,0.4319804692907437,1999973,0
lowrank_noiseless,840003,fresh_adaptive,1,grow,2,0.4319804692907437,4.0400233372786854e-05,1999921,917620
lowrank_noiseless,840003,fresh_adaptive,2,hold,2,4.0400233372786854e-05,4.0400233372786854e-05,1999905,1812129
lowrank_noiseless,840003,fresh_adaptive,3,hold,2,4.0400233372786854e-05,4.0400233372786854e-05,1999905,1812129
lowrank_noiseless,840003,fresh_adaptive,4,hold,2,4.0400233372786854e-05,4.0400233372786854e-05,1999905,1812129
lowrank_noiseless,840003,fresh_adaptive,5,hold,2,4.0400233372786854e-05,4.0400233372786854e-05,1999905,1812129
lowrank_noiseless,840003,fresh_adaptive,6,hold,2,4.0400233372786854e-05,4.0400233372786854e-05,1999905,1812129
lowrank_noiseless,840004,fresh_adaptive,0,warmup,1,1.6905487929253926,0.4188072754838256,1999973,0
lowrank_noiseless,840004,fresh_adaptive,1,grow,2,0.4188072754838256,0.00010887800450420904,1999921,917620
lowrank_noiseless,840004,fresh_adaptive,2,hold,2,0.00010887800450420904,0.00010887800450420904,1999905,1812129
lowrank_noiseless,840004,fresh_adaptive,3,hold,2,0.00010887800450420904,0.00010887800450420904,1999905,1812129
lowrank_noiseless,840004,fresh_adaptive,4,hold,2,0.00010887800450420904,0.00010887800450420904,1999905,1812129
lowrank_noiseless,840004,fresh_adaptive,5,hold,2,0.00010887800450420904,0.00010887800450420904,1999905,1812129
lowrank_noiseless,840004,fresh_adaptive,6,hold,2,0.00010887800450420904,0.00010887800450420904,1999905,1812129
lowrank_noiseless,840005,fresh_adaptive,0,warmup,1,1.6844085837084368,0.40950286487975074,1999973,0
lowrank_noiseless,840005,fresh_adaptive,1,grow,2,0.40950286487975074,0.00015711949922499673,1999921,917620
lowrank_noiseless,840005,fresh_adaptive,2,hold,2,0.00015711949922499673,0.00015711949922499673,1999905,1812129
lowrank_noiseless,840005,fresh_adaptive,3,hold,2,0.00015711949922499673,0.00015711949922499673,1999905,1812129
lowrank_noiseless,840005,fresh_adaptive,4,hold,2,0.00015711949922499673,0.00015711949922499673,1999905,1812129
lowrank_noiseless,840005,fresh_adaptive,5,hold,2,0.00015711949922499673,0.00015711949922499673,1999905,1812129
lowrank_noiseless,840005,fresh_adaptive,6,hold,2,0.00015711949922499673,0.00015711949922499673,1999905,1812129
lowrank_noiseless,840006,fresh_adaptive,0,warmup,1,1.690668366097901,0.4263779425723768,1999973,0
lowrank_noiseless,840006,fresh_adaptive,1,grow,2,0.4263779425723768,0.00023729272150432713,1999921,917620
lowrank_noiseless,840006,fresh_adaptive,2,hold,2,0.00023729272150432713,0.00023729272150432713,1999905,1812129
lowrank_noiseless,840006,fresh_adaptive,3,hold,2,0.00023729272150432713,0.00023729272150432713,1999905,1812129
lowrank_noiseless,840006,fresh_adaptive,4,hold,2,0.00023729272150432713,0.00023729272150432713,1999905,1812129
lowrank_noiseless,840006,fresh_adaptive,5,hold,2,0.00023729272150432713,0.00023729272150432713,1999905,1812129
lowrank_noiseless,840006,fresh_adaptive,6,hold,2,0.00023729272150432713,0.00023729272150432713,1999905,1812129
lowrank_noiseless,840007,fresh_adaptive,0,warmup,1,1.6852643528537343,0.410790340032492,1999973,0
lowrank_noiseless,840007,fresh_adaptive,1,grow,2,0.410790340032492,2.8082400541242077e-05,1999921,917620
lowrank_noiseless,840007,fresh_adaptive,2,hold,2,2.8082400541242077e-05,2.8082400541242077e-05,1999905,1812129
lowrank_noiseless,840007,fresh_adaptive,3,hold,2,2.8082400541242077e-05,2.8082400541242077e-05,1999905,1812129
lowrank_noiseless,840007,fresh_adaptive,4,hold,2,2.8082400541242077e-05,2.8082400541242077e-05,1999905,1812129
lowrank_noiseless,840007,fresh_adaptive,5,hold,2,2.8082400541242077e-05,2.8082400541242077e-05,1999905,1812129
lowrank_noiseless,840007,fresh_adaptive,6,hold,2,2.8082400541242077e-05,2.8082400541242077e-05,1999905,1812129
lowrank_noiseless,840008,fresh_adaptive,0,warmup,1,1.6890071933650193,0.42125722374943647,1999973,0
lowrank_noiseless,840008,fresh_adaptive,1,grow,2,0.42125722374943647,5.76242083371428e-05,1999921,917620
lowrank_noiseless,840008,fresh_adaptive,2,hold,2,5.76242083371428e-05,5.76242083371428e-05,1999905,1812129
lowrank_noiseless,840008,fresh_adaptive,3,hold,2,5.76242083371428e-05,5.76242083371428e-05,1999905,1812129
lowrank_noiseless,840008,fresh_adaptive,4,hold,2,5.76242083371428e-05,5.76242083371428e-05,1999905,1812129
lowrank_noiseless,840008,fresh_adaptive,5,hold,2,5.76242083371428e-05,5.76242083371428e-05,1999905,1812129
lowrank_noiseless,840008,fresh_adaptive,6,hold,2,5.76242083371428e-05,5.76242083371428e-05,1999905,1812129
lowrank_noiseless,840009,fresh_adaptive,0,warmup,1,1.6793552217047871,0.46014558110690196,1999973,0
lowrank_noiseless,840009,fresh_adaptive,1,grow,2,0.46014558110690196,0.0001205486873029714,1999921,917620
lowrank_noiseless,840009,fresh_adaptive,2,hold,2,0.0001205486873029714,0.0001205486873029714,1999905,1812129
lowrank_noiseless,840009,fresh_adaptive,3,hold,2,0.0001205486873029714,0.0001205486873029714,1999905,1812129
lowrank_noiseless,840009,fresh_adaptive,4,hold,2,0.0001205486873029714,0.0001205486873029714,1999905,1812129
lowrank_noiseless,840009,fresh_adaptive,5,hold,2,0.0001205486873029714,0.0001205486873029714,1999905,1812129
lowrank_noiseless,840009,fresh_adaptive,6,hold,2,0.0001205486873029714,0.0001205486873029714,1999905,1812129
lowrank_noiseless,840010,fresh_adaptive,0,warmup,1,1.7043007630277356,0.414140799628874,1999973,0
lowrank_noiseless,840010,fresh_adaptive,1,grow,2,0.414140799628874,0.00011953945479041931,1999921,917620
lowrank_noiseless,840010,fresh_adaptive,2,hold,2,0.00011953945479041931,0.00011953945479041931,1999905,1812129
lowrank_noiseless,840010,fresh_adaptive,3,hold,2,0.00011953945479041931,0.00011953945479041931,1999905,1812129
lowrank_noiseless,840010,fresh_adaptive,4,hold,2,0.00011953945479041931,0.00011953945479041931,1999905,1812129
lowrank_noiseless,840010,fresh_adaptive,5,hold,2,0.00011953945479041931,0.00011953945479041931,1999905,1812129
lowrank_noiseless,840010,fresh_adaptive,6,hold,2,0.00011953945479041931,0.00011953945479041931,1999905,1812129
lowrank_noiseless,840011,fresh_adaptive,0,warmup,1,1.691905630000634,0.4203355518664392,1999973,0
lowrank_noiseless,840011,fresh_adaptive,1,grow,2,0.4203355518664392,7.398050860663629e-05,1999921,917620
lowrank_noiseless,840011,fresh_adaptive,2,hold,2,7.398050860663629e-05,7.398050860663629e-05,1999905,1812129
lowrank_noiseless,840011,fresh_adaptive,3,hold,2,7.398050860663629e-05,7.398050860663629e-05,1999905,1812129
lowrank_noiseless,840011,fresh_adaptive,4,hold,2,7.398050860663629e-05,7.398050860663629e-05,1999905,1812129
lowrank_noiseless,840011,fresh_adaptive,5,hold,2,7.398050860663629e-05,7.398050860663629e-05,1999905,1812129
lowrank_noiseless,840011,fresh_adaptive,6,hold,2,7.398050860663629e-05,7.398050860663629e-05,1999905,1812129
lowrank_noiseless,840000,random_adaptive,0,warmup,1,1.685926058242671,0.4181452666739372,1999973,0
lowrank_noiseless,840000,random_adaptive,1,grow,2,0.4181452666739372,3.85979440923992e-05,1999985,991924
lowrank_noiseless,840000,random_adaptive,2,hold,2,3.85979440923992e-05,3.85979440923992e-05,1999862,1972214
lowrank_noiseless,840000,random_adaptive,3,hold,2,3.85979440923992e-05,3.85979440923992e-05,1999862,1972214
lowrank_noiseless,840000,random_adaptive,4,hold,2,3.85979440923992e-05,3.85979440923992e-05,1999862,1972214
lowrank_noiseless,840000,random_adaptive,5,hold,2,3.85979440923992e-05,3.85979440923992e-05,1999862,1972214
lowrank_noiseless,840000,random_adaptive,6,hold,2,3.85979440923992e-05,3.85979440923992e-05,1999862,1972214
lowrank_noiseless,840001,random_adaptive,0,warmup,1,1.6850237369930874,1.7152828265324482,1999973,0
lowrank_noiseless,840001,random_adaptive,1,grow,2,1.7152828265324482,0.41658724129268515,1999985,991924
lowrank_noiseless,840001,random_adaptive,2,grow,3,0.41658724129268515,0.0012401906571993786,1999862,986123
lowrank_noiseless,840001,random_adaptive,3,hold,3,0.0012401906571993786,0.0012401906571993786,1999760,1960592
lowrank_noiseless,840001,random_adaptive,4,hold,3,0.0012401906571993786,0.0012401906571993786,1999760,1960592
lowrank_noiseless,840001,random_adaptive,5,hold,3,0.0012401906571993786,0.0012401906571993786,1999760,1960592
lowrank_noiseless,840001,random_adaptive,6,hold,3,0.0012401906571993786,0.0012401906571993786,1999760,1960592
lowrank_noiseless,840002,random_adaptive,0,warmup,1,1.6852346979431614,1.7175169588818318,1999973,0
lowrank_noiseless,840002,random_adaptive,1,continue,1,1.7175169588818318,0.41108940537766403,1999985,991933
lowrank_noiseless,840002,random_adaptive,2,grow,2,0.41108940537766403,7.864832351073457e-05,1999985,991924
lowrank_noiseless,840002,random_adaptive,3,hold,2,7.864832351073457e-05,7.864832351073457e-05,1999862,1972214
lowrank_noiseless,840002,random_adaptive,4,hold,2,7.864832351073457e-05,7.864832351073457e-05,1999862,1972214
lowrank_noiseless,840002,random_adaptive,5,hold,2,7.864832351073457e-05,7.864832351073457e-05,1999862,1972214
lowrank_noiseless,840002,random_adaptive,6,hold,2,7.864832351073457e-05,7.864832351073457e-05,1999862,1972214
lowrank_noiseless,840003,random_adaptive,0,warmup,1,1.6838404846283237,0.4319804692907437,1999973,0
lowrank_noiseless,840003,random_adaptive,1,grow,2,0.4319804692907437,1.453347871461882e-05,1999985,991924
lowrank_noiseless,840003,random_adaptive,2,hold,2,1.453347871461882e-05,1.453347871461882e-05,1999862,1972214
lowrank_noiseless,840003,random_adaptive,3,hold,2,1.453347871461882e-05,1.453347871461882e-05,1999862,1972214
lowrank_noiseless,840003,random_adaptive,4,hold,2,1.453347871461882e-05,1.453347871461882e-05,1999862,1972214
lowrank_noiseless,840003,random_adaptive,5,hold,2,1.453347871461882e-05,1.453347871461882e-05,1999862,1972214
lowrank_noiseless,840003,random_adaptive,6,hold,2,1.453347871461882e-05,1.453347871461882e-05,1999862,1972214
lowrank_noiseless,840004,random_adaptive,0,warmup,1,1.6905487929253926,0.4188072754838256,1999973,0
lowrank_noiseless,840004,random_adaptive,1,grow,2,0.4188072754838256,9.559667048914219e-05,1999985,991924
lowrank_noiseless,840004,random_adaptive,2,hold,2,9.559667048914219e-05,9.559667048914219e-05,1999862,1972214
lowrank_noiseless,840004,random_adaptive,3,hold,2,9.559667048914219e-05,9.559667048914219e-05,1999862,1972214
lowrank_noiseless,840004,random_adaptive,4,hold,2,9.559667048914219e-05,9.559667048914219e-05,1999862,1972214
lowrank_noiseless,840004,random_adaptive,5,hold,2,9.559667048914219e-05,9.559667048914219e-05,1999862,1972214
lowrank_noiseless,840004,random_adaptive,6,hold,2,9.559667048914219e-05,9.559667048914219e-05,1999862,1972214
lowrank_noiseless,840005,random_adaptive,0,warmup,1,1.6844085837084368,0.40950286487975074,1999973,0
lowrank_noiseless,840005,random_adaptive,1,grow,2,0.40950286487975074,0.00029944059960651916,1999985,991924
lowrank_noiseless,840005,random_adaptive,2,hold,2,0.00029944059960651916,0.00029944059960651916,1999862,1972214
lowrank_noiseless,840005,random_adaptive,3,hold,2,0.00029944059960651916,0.00029944059960651916,1999862,1972214
lowrank_noiseless,840005,random_adaptive,4,hold,2,0.00029944059960651916,0.00029944059960651916,1999862,1972214
lowrank_noiseless,840005,random_adaptive,5,hold,2,0.00029944059960651916,0.00029944059960651916,1999862,1972214
lowrank_noiseless,840005,random_adaptive,6,hold,2,0.00029944059960651916,0.00029944059960651916,1999862,1972214
lowrank_noiseless,840006,random_adaptive,0,warmup,1,1.690668366097901,0.4263779425723768,1999973,0
lowrank_noiseless,840006,random_adaptive,1,grow,2,0.4263779425723768,5.0513146051941383e-05,1999985,991924
lowrank_noiseless,840006,random_adaptive,2,hold,2,5.0513146051941383e-05,5.0513146051941383e-05,1999862,1972214
lowrank_noiseless,840006,random_adaptive,3,hold,2,5.0513146051941383e-05,5.0513146051941383e-05,1999862,1972214
lowrank_noiseless,840006,random_adaptive,4,hold,2,5.0513146051941383e-05,5.0513146051941383e-05,1999862,1972214
lowrank_noiseless,840006,random_adaptive,5,hold,2,5.0513146051941383e-05,5.0513146051941383e-05,1999862,1972214
lowrank_noiseless,840006,random_adaptive,6,hold,2,5.0513146051941383e-05,5.0513146051941383e-05,1999862,1972214
lowrank_noiseless,840007,random_adaptive,0,warmup,1,1.6852643528537343,0.410790340032492,1999973,0
lowrank_noiseless,840007,random_adaptive,1,hold,1,0.410790340032492,0.410790340032492,1999985,1983857
lowrank_noiseless,840007,random_adaptive,2,grow,2,0.410790340032492,1.610451304279216e-05,1999985,991924
lowrank_noiseless,840007,random_adaptive,3,hold,2,1.610451304279216e-05,1.610451304279216e-05,1999862,1972214
lowrank_noiseless,840007,random_adaptive,4,hold,2,1.610451304279216e-05,1.610451304279216e-05,1999862,1972214
lowrank_noiseless,840007,random_adaptive,5,hold,2,1.610451304279216e-05,1.610451304279216e-05,1999862,1972214
lowrank_noiseless,840007,random_adaptive,6,hold,2,1.610451304279216e-05,1.610451304279216e-05,1999862,1972214
lowrank_noiseless,840008,random_adaptive,0,warmup,1,1.6890071933650193,0.42125722374943647,1999973,0
lowrank_noiseless,840008,random_adaptive,1,grow,2,0.42125722374943647,0.00012863472037849736,1999985,991924
lowrank_noiseless,840008,random_adaptive,2,hold,2,0.00012863472037849736,0.00012863472037849736,1999862,1972214
lowrank_noiseless,840008,random_adaptive,3,hold,2,0.00012863472037849736,0.00012863472037849736,1999862,1972214
lowrank_noiseless,840008,random_adaptive,4,hold,2,0.00012863472037849736,0.00012863472037849736,1999862,1972214
lowrank_noiseless,840008,random_adaptive,5,hold,2,0.00012863472037849736,0.00012863472037849736,1999862,1972214
lowrank_noiseless,840008,random_adaptive,6,hold,2,0.00012863472037849736,0.00012863472037849736,1999862,1972214
lowrank_noiseless,840009,random_adaptive,0,warmup,1,1.6793552217047871,0.46014558110690196,1999973,0
lowrank_noiseless,840009,random_adaptive,1,grow,2,0.46014558110690196,0.00013853933910183333,1999985,991924
lowrank_noiseless,840009,random_adaptive,2,hold,2,0.00013853933910183333,0.00013853933910183333,1999862,1972214
lowrank_noiseless,840009,random_adaptive,3,hold,2,0.00013853933910183333,0.00013853933910183333,1999862,1972214
lowrank_noiseless,840009,random_adaptive,4,hold,2,0.00013853933910183333,0.00013853933910183333,1999862,1972214
lowrank_noiseless,840009,random_adaptive,5,hold,2,0.00013853933910183333,0.00013853933910183333,1999862,1972214
lowrank_noiseless,840009,random_adaptive,6,hold,2,0.00013853933910183333,0.00013853933910183333,1999862,1972214
lowrank_noiseless,840010,random_adaptive,0,warmup,1,1.7043007630277356,0.414140799628874,1999973,0
lowrank_noiseless,840010,random_adaptive,1,grow,2,0.414140799628874,2.6313700615572075e-05,1999985,991924
lowrank_noiseless,840010,random_adaptive,2,hold,2,2.6313700615572075e-05,2.6313700615572075e-05,1999862,1972214
lowrank_noiseless,840010,random_adaptive,3,hold,2,2.6313700615572075e-05,2.6313700615572075e-05,1999862,1972214
lowrank_noiseless,840010,random_adaptive,4,hold,2,2.6313700615572075e-05,2.6313700615572075e-05,1999862,1972214
lowrank_noiseless,840010,random_adaptive,5,hold,2,2.6313700615572075e-05,2.6313700615572075e-05,1999862,1972214
lowrank_noiseless,840010,random_adaptive,6,hold,2,2.6313700615572075e-05,2.6313700615572075e-05,1999862,1972214
lowrank_noiseless,840011,random_adaptive,0,warmup,1,1.691905630000634,0.4203355518664392,1999973,0
lowrank_noiseless,840011,random_adaptive,1,grow,2,0.4203355518664392,3.0213493696760075e-05,1999985,991924
lowrank_noiseless,840011,random_adaptive,2,hold,2,3.0213493696760075e-05,3.0213493696760075e-05,1999862,1972214
lowrank_noiseless,840011,random_adaptive,3,hold,2,3.0213493696760075e-05,3.0213493696760075e-05,1999862,1972214
lowrank_noiseless,840011,random_adaptive,4,hold,2,3.0213493696760075e-05,3.0213493696760075e-05,1999862,1972214
lowrank_noiseless,840011,random_adaptive,5,hold,2,3.0213493696760075e-05,3.0213493696760075e-05,1999862,1972214
lowrank_noiseless,840011,random_adaptive,6,hold,2,3.0213493696760075e-05,3.0213493696760075e-05,1999862,1972214
lowrank_noiseless,840000,fixed2_gated,0,warmup,2,1.6725032417150207,2.3767681857965286e-07,1999968,0
lowrank_noiseless,840000,fixed2_gated,1,hold,2,2.3767681857965286e-07,2.3767681857965286e-07,1999987,1984115
lowrank_noiseless,840000,fixed2_gated,2,hold,2,2.3767681857965286e-07,2.3767681857965286e-07,1999987,1984115
lowrank_noiseless,840000,fixed2_gated,3,hold,2,2.3767681857965286e-07,2.3767681857965286e-07,1999987,1984115
lowrank_noiseless,840000,fixed2_gated,4,hold,2,2.3767681857965286e-07,2.3767681857965286e-07,1999987,1984115
lowrank_noiseless,840000,fixed2_gated,5,hold,2,2.3767681857965286e-07,2.3767681857965286e-07,1999987,1984115
lowrank_noiseless,840000,fixed2_gated,6,hold,2,2.3767681857965286e-07,2.3767681857965286e-07,1999987,1984115
lowrank_noiseless,840001,fixed2_gated,0,warmup,2,1.6842251043927776,0.4216827093887986,1999968,0
lowrank_noiseless,840001,fixed2_gated,1,hold,2,0.4216827093887986,0.4216827093887986,1999987,1984115
lowrank_noiseless,840001,fixed2_gated,2,continue,2,0.4216827093887986,0.4250597319156907,1999987,0
lowrank_noiseless,840001,fixed2_gated,3,hold,2,0.4250597319156907,0.4250597319156907,1999987,1984115
lowrank_noiseless,840001,fixed2_gated,4,hold,2,0.4250597319156907,0.4250597319156907,1999987,1984115
lowrank_noiseless,840001,fixed2_gated,5,hold,2,0.4250597319156907,0.4250597319156907,1999987,1984115
lowrank_noiseless,840001,fixed2_gated,6,hold,2,0.4250597319156907,0.4250597319156907,1999987,1984115
lowrank_noiseless,840002,fixed2_gated,0,warmup,2,1.683829919224348,4.193719445462413e-08,1999968,0
lowrank_noiseless,840002,fixed2_gated,1,hold,2,4.193719445462413e-08,4.193719445462413e-08,1999987,1984115
lowrank_noiseless,840002,fixed2_gated,2,hold,2,4.193719445462413e-08,4.193719445462413e-08,1999987,1984115
lowrank_noiseless,840002,fixed2_gated,3,hold,2,4.193719445462413e-08,4.193719445462413e-08,1999987,1984115
lowrank_noiseless,840002,fixed2_gated,4,hold,2,4.193719445462413e-08,4.193719445462413e-08,1999987,1984115
lowrank_noiseless,840002,fixed2_gated,5,hold,2,4.193719445462413e-08,4.193719445462413e-08,1999987,1984115
lowrank_noiseless,840002,fixed2_gated,6,hold,2,4.193719445462413e-08,4.193719445462413e-08,1999987,1984115
lowrank_noiseless,840003,fixed2_gated,0,warmup,2,1.688183624959325,7.223244901726243e-08,1999968,0
lowrank_noiseless,840003,fixed2_gated,1,hold,2,7.223244901726243e-08,7.223244901726243e-08,1999987,1984115
lowrank_noiseless,840003,fixed2_gated,2,hold,2,7.223244901726243e-08,7.223244901726243e-08,1999987,1984115
lowrank_noiseless,840003,fixed2_gated,3,hold,2,7.223244901726243e-08,7.223244901726243e-08,1999987,1984115
lowrank_noiseless,840003,fixed2_gated,4,hold,2,7.223244901726243e-08,7.223244901726243e-08,1999987,1984115
lowrank_noiseless,840003,fixed2_gated,5,hold,2,7.223244901726243e-08,7.223244901726243e-08,1999987,1984115
lowrank_noiseless,840003,fixed2_gated,6,hold,2,7.223244901726243e-08,7.223244901726243e-08,1999987,1984115
lowrank_noiseless,840004,fixed2_gated,0,warmup,2,1.6854251992070515,2.6273951749840312e-08,1999968,0
lowrank_noiseless,840004,fixed2_gated,1,hold,2,2.6273951749840312e-08,2.6273951749840312e-08,1999987,1984115
lowrank_noiseless,840004,fixed2_gated,2,hold,2,2.6273951749840312e-08,2.6273951749840312e-08,1999987,1984115
lowrank_noiseless,840004,fixed2_gated,3,hold,2,2.6273951749840312e-08,2.6273951749840312e-08,1999987,1984115
lowrank_noiseless,840004,fixed2_gated,4,hold,2,2.6273951749840312e-08,2.6273951749840312e-08,1999987,1984115
lowrank_noiseless,840004,fixed2_gated,5,hold,2,2.6273951749840312e-08,2.6273951749840312e-08,1999987,1984115
lowrank_noiseless,840004,fixed2_gated,6,hold,2,2.6273951749840312e-08,2.6273951749840312e-08,1999987,1984115
lowrank_noiseless,840005,fixed2_gated,0,warmup,2,1.689801769248894,1.156412054875257e-06,1999968,0
lowrank_noiseless,840005,fixed2_gated,1,hold,2,1.156412054875257e-06,1.156412054875257e-06,1999987,1984115
lowrank_noiseless,840005,fixed2_gated,2,hold,2,1.156412054875257e-06,1.156412054875257e-06,1999987,1984115
lowrank_noiseless,840005,fixed2_gated,3,hold,2,1.156412054875257e-06,1.156412054875257e-06,1999987,1984115
lowrank_noiseless,840005,fixed2_gated,4,hold,2,1.156412054875257e-06,1.156412054875257e-06,1999987,1984115
lowrank_noiseless,840005,fixed2_gated,5,hold,2,1.156412054875257e-06,1.156412054875257e-06,1999987,1984115
lowrank_noiseless,840005,fixed2_gated,6,hold,2,1.156412054875257e-06,1.156412054875257e-06,1999987,1984115
lowrank_noiseless,840006,fixed2_gated,0,warmup,2,1.6860097930472258,0.42401887742582184,1999968,0
lowrank_noiseless,840006,fixed2_gated,1,hold,2,0.42401887742582184,0.42401887742582184,1999987,1984115
lowrank_noiseless,840006,fixed2_gated,2,hold,2,0.42401887742582184,0.42401887742582184,1999987,1984115
lowrank_noiseless,840006,fixed2_gated,3,hold,2,0.42401887742582184,0.42401887742582184,1999987,1984115
lowrank_noiseless,840006,fixed2_gated,4,hold,2,0.42401887742582184,0.42401887742582184,1999987,1984115
lowrank_noiseless,840006,fixed2_gated,5,hold,2,0.42401887742582184,0.42401887742582184,1999987,1984115
lowrank_noiseless,840006,fixed2_gated,6,hold,2,0.42401887742582184,0.42401887742582184,1999987,1984115
lowrank_noiseless,840007,fixed2_gated,0,warmup,2,1.6979046119173211,0.4173083155511152,1999968,0
lowrank_noiseless,840007,fixed2_gated,1,hold,2,0.4173083155511152,0.4173083155511152,1999987,1984115
lowrank_noiseless,840007,fixed2_gated,2,hold,2,0.4173083155511152,0.4173083155511152,1999987,1984115
lowrank_noiseless,840007,fixed2_gated,3,continue,2,0.4173083155511152,0.0007665555195613233,1999987,0
lowrank_noiseless,840007,fixed2_gated,4,hold,2,0.0007665555195613233,0.0007665555195613233,1999987,1984115
lowrank_noiseless,840007,fixed2_gated,5,hold,2,0.0007665555195613233,0.0007665555195613233,1999987,1984115
lowrank_noiseless,840007,fixed2_gated,6,hold,2,0.0007665555195613233,0.0007665555195613233,1999987,1984115
lowrank_noiseless,840008,fixed2_gated,0,warmup,2,1.6835323208395996,6.796120385850939e-07,1999968,0
lowrank_noiseless,840008,fixed2_gated,1,hold,2,6.796120385850939e-07,6.796120385850939e-07,1999987,1984115
lowrank_noiseless,840008,fixed2_gated,2,hold,2,6.796120385850939e-07,6.796120385850939e-07,1999987,1984115
lowrank_noiseless,840008,fixed2_gated,3,hold,2,6.796120385850939e-07,6.796120385850939e-07,1999987,1984115
lowrank_noiseless,840008,fixed2_gated,4,hold,2,6.796120385850939e-07,6.796120385850939e-07,1999987,1984115
lowrank_noiseless,840008,fixed2_gated,5,hold,2,6.796120385850939e-07,6.796120385850939e-07,1999987,1984115
lowrank_noiseless,840008,fixed2_gated,6,hold,2,6.796120385850939e-07,6.796120385850939e-07,1999987,1984115
lowrank_noiseless,840009,fixed2_gated,0,warmup,2,1.6927695252596746,8.557938385474343e-07,1999968,0
lowrank_noiseless,840009,fixed2_gated,1,hold,2,8.557938385474343e-07,8.557938385474343e-07,1999987,1984115
lowrank_noiseless,840009,fixed2_gated,2,hold,2,8.557938385474343e-07,8.557938385474343e-07,1999987,1984115
lowrank_noiseless,840009,fixed2_gated,3,hold,2,8.557938385474343e-07,8.557938385474343e-07,1999987,1984115
lowrank_noiseless,840009,fixed2_gated,4,hold,2,8.557938385474343e-07,8.557938385474343e-07,1999987,1984115
lowrank_noiseless,840009,fixed2_gated,5,hold,2,8.557938385474343e-07,8.557938385474343e-07,1999987,1984115
lowrank_noiseless,840009,fixed2_gated,6,hold,2,8.557938385474343e-07,8.557938385474343e-07,1999987,1984115
lowrank_noiseless,840010,fixed2_gated,0,warmup,2,1.6822930174249882,0.4200380620541028,1999968,0
lowrank_noiseless,840010,fixed2_gated,1,hold,2,0.4200380620541028,0.4200380620541028,1999987,1984115
lowrank_noiseless,840010,fixed2_gated,2,hold,2,0.4200380620541028,0.4200380620541028,1999987,1984115
lowrank_noiseless,840010,fixed2_gated,3,hold,2,0.4200380620541028,0.4200380620541028,1999987,1984115
lowrank_noiseless,840010,fixed2_gated,4,hold,2,0.4200380620541028,0.4200380620541028,1999987,1984115
lowrank_noiseless,840010,fixed2_gated,5,continue,2,0.4200380620541028,0.0027590979727950757,1999987,0
lowrank_noiseless,840010,fixed2_gated,6,hold,2,0.0027590979727950757,0.0027590979727950757,1999987,1984115
lowrank_noiseless,840011,fixed2_gated,0,warmup,2,1.6856793539103254,3.878229185124117e-08,1999968,0
lowrank_noiseless,840011,fixed2_gated,1,hold,2,3.878229185124117e-08,3.878229185124117e-08,1999987,1984115
lowrank_noiseless,840011,fixed2_gated,2,hold,2,3.878229185124117e-08,3.878229185124117e-08,1999987,1984115
lowrank_noiseless,840011,fixed2_gated,3,hold,2,3.878229185124117e-08,3.878229185124117e-08,1999987,1984115
lowrank_noiseless,840011,fixed2_gated,4,hold,2,3.878229185124117e-08,3.878229185124117e-08,1999987,1984115
lowrank_noiseless,840011,fixed2_gated,5,hold,2,3.878229185124117e-08,3.878229185124117e-08,1999987,1984115
lowrank_noiseless,840011,fixed2_gated,6,hold,2,3.878229185124117e-08,3.878229185124117e-08,1999987,1984115
lowrank_noiseless,840000,fixed7_gated,0,warmup,7,1.703938946863659,0.008529915824819536,1999961,0
lowrank_noiseless,840000,fixed7_gated,1,continue,7,0.008529915824819536,0.0009582102527749939,1999897,0
lowrank_noiseless,840000,fixed7_gated,2,hold,7,0.0009582102527749939,0.0009582102527749939,1999897,1945625
lowrank_noiseless,840000,fixed7_gated,3,hold,7,0.0009582102527749939,0.0009582102527749939,1999897,1945625
lowrank_noiseless,840000,fixed7_gated,4,hold,7,0.0009582102527749939,0.0009582102527749939,1999897,1945625
lowrank_noiseless,840000,fixed7_gated,5,hold,7,0.0009582102527749939,0.0009582102527749939,1999897,1945625
lowrank_noiseless,840000,fixed7_gated,6,hold,7,0.0009582102527749939,0.0009582102527749939,1999897,1945625
lowrank_noiseless,840001,fixed7_gated,0,warmup,7,1.684917289516023,0.014423987043850965,1999961,0
lowrank_noiseless,840001,fixed7_gated,1,continue,7,0.014423987043850965,0.0005824928328407345,1999897,0
lowrank_noiseless,840001,fixed7_gated,2,hold,7,0.0005824928328407345,0.0005824928328407345,1999897,1945625
lowrank_noiseless,840001,fixed7_gated,3,hold,7,0.0005824928328407345,0.0005824928328407345,1999897,1945625
lowrank_noiseless,840001,fixed7_gated,4,hold,7,0.0005824928328407345,0.0005824928328407345,1999897,1945625
lowrank_noiseless,840001,fixed7_gated,5,hold,7,0.0005824928328407345,0.0005824928328407345,1999897,1945625
lowrank_noiseless,840001,fixed7_gated,6,hold,7,0.0005824928328407345,0.0005824928328407345,1999897,1945625
lowrank_noiseless,840002,fixed7_gated,0,warmup,7,1.7109373565353874,0.008007738201174156,1999961,0
lowrank_noiseless,840002,fixed7_gated,1,continue,7,0.008007738201174156,0.0003333412484654433,1999897,0
lowrank_noiseless,840002,fixed7_gated,2,hold,7,0.0003333412484654433,0.0003333412484654433,1999897,1945625
lowrank_noiseless,840002,fixed7_gated,3,hold,7,0.0003333412484654433,0.0003333412484654433,1999897,1945625
lowrank_noiseless,840002,fixed7_gated,4,hold,7,0.0003333412484654433,0.0003333412484654433,1999897,1945625
lowrank_noiseless,840002,fixed7_gated,5,hold,7,0.0003333412484654433,0.0003333412484654433,1999897,1945625
lowrank_noiseless,840002,fixed7_gated,6,hold,7,0.0003333412484654433,0.0003333412484654433,1999897,1945625
lowrank_noiseless,840003,fixed7_gated,0,warmup,7,1.6935419616257699,0.06562922894784998,1999961,0
lowrank_noiseless,840003,fixed7_gated,1,continue,7,0.06562922894784998,0.0006919039843310225,1999897,0
lowrank_noiseless,840003,fixed7_gated,2,hold,7,0.0006919039843310225,0.0006919039843310225,1999897,1945625
lowrank_noiseless,840003,fixed7_gated,3,hold,7,0.0006919039843310225,0.0006919039843310225,1999897,1945625
lowrank_noiseless,840003,fixed7_gated,4,hold,7,0.0006919039843310225,0.0006919039843310225,1999897,1945625
lowrank_noiseless,840003,fixed7_gated,5,hold,7,0.0006919039843310225,0.0006919039843310225,1999897,1945625
lowrank_noiseless,840003,fixed7_gated,6,hold,7,0.0006919039843310225,0.0006919039843310225,1999897,1945625
lowrank_noiseless,840004,fixed7_gated,0,warmup,7,1.72435353037185,0.0067045339340945686,1999961,0
lowrank_noiseless,840004,fixed7_gated,1,continue,7,0.0067045339340945686,6.003585723266469e-05,1999897,0
lowrank_noiseless,840004,fixed7_gated,2,hold,7,6.003585723266469e-05,6.003585723266469e-05,1999897,1945625
lowrank_noiseless,840004,fixed7_gated,3,hold,7,6.003585723266469e-05,6.003585723266469e-05,1999897,1945625
lowrank_noiseless,840004,fixed7_gated,4,hold,7,6.003585723266469e-05,6.003585723266469e-05,1999897,1945625
lowrank_noiseless,840004,fixed7_gated,5,hold,7,6.003585723266469e-05,6.003585723266469e-05,1999897,1945625
lowrank_noiseless,840004,fixed7_gated,6,hold,7,6.003585723266469e-05,6.003585723266469e-05,1999897,1945625
lowrank_noiseless,840005,fixed7_gated,0,warmup,7,1.6994626786340494,0.006584865233907696,1999961,0
lowrank_noiseless,840005,fixed7_gated,1,continue,7,0.006584865233907696,0.00051967954672569,1999897,0
lowrank_noiseless,840005,fixed7_gated,2,hold,7,0.00051967954672569,0.00051967954672569,1999897,1945625
lowrank_noiseless,840005,fixed7_gated,3,hold,7,0.00051967954672569,0.00051967954672569,1999897,1945625
lowrank_noiseless,840005,fixed7_gated,4,hold,7,0.00051967954672569,0.00051967954672569,1999897,1945625
lowrank_noiseless,840005,fixed7_gated,5,hold,7,0.00051967954672569,0.00051967954672569,1999897,1945625
lowrank_noiseless,840005,fixed7_gated,6,hold,7,0.00051967954672569,0.00051967954672569,1999897,1945625
lowrank_noiseless,840006,fixed7_gated,0,warmup,7,1.679263605504317,0.006703795803383821,1999961,0
lowrank_noiseless,840006,fixed7_gated,1,continue,7,0.006703795803383821,0.0004968865678881983,1999897,0
lowrank_noiseless,840006,fixed7_gated,2,hold,7,0.0004968865678881983,0.0004968865678881983,1999897,1945625
lowrank_noiseless,840006,fixed7_gated,3,hold,7,0.0004968865678881983,0.0004968865678881983,1999897,1945625
lowrank_noiseless,840006,fixed7_gated,4,hold,7,0.0004968865678881983,0.0004968865678881983,1999897,1945625
lowrank_noiseless,840006,fixed7_gated,5,hold,7,0.0004968865678881983,0.0004968865678881983,1999897,1945625
lowrank_noiseless,840006,fixed7_gated,6,hold,7,0.0004968865678881983,0.0004968865678881983,1999897,1945625
lowrank_noiseless,840007,fixed7_gated,0,warmup,7,1.675038680517686,0.014991910676866805,1999961,0
lowrank_noiseless,840007,fixed7_gated,1,continue,7,0.014991910676866805,0.00021756546137571478,1999897,0
lowrank_noiseless,840007,fixed7_gated,2,hold,7,0.00021756546137571478,0.00021756546137571478,1999897,1945625
lowrank_noiseless,840007,fixed7_gated,3,hold,7,0.00021756546137571478,0.00021756546137571478,1999897,1945625
lowrank_noiseless,840007,fixed7_gated,4,hold,7,0.00021756546137571478,0.00021756546137571478,1999897,1945625
lowrank_noiseless,840007,fixed7_gated,5,hold,7,0.00021756546137571478,0.00021756546137571478,1999897,1945625
lowrank_noiseless,840007,fixed7_gated,6,hold,7,0.00021756546137571478,0.00021756546137571478,1999897,1945625
lowrank_noiseless,840008,fixed7_gated,0,warmup,7,1.680890225122282,0.004141735599001335,1999961,0
lowrank_noiseless,840008,fixed7_gated,1,continue,7,0.004141735599001335,0.0005160959023372484,1999897,0
lowrank_noiseless,840008,fixed7_gated,2,hold,7,0.0005160959023372484,0.0005160959023372484,1999897,1945625
lowrank_noiseless,840008,fixed7_gated,3,hold,7,0.0005160959023372484,0.0005160959023372484,1999897,1945625
lowrank_noiseless,840008,fixed7_gated,4,hold,7,0.0005160959023372484,0.0005160959023372484,1999897,1945625
lowrank_noiseless,840008,fixed7_gated,5,hold,7,0.0005160959023372484,0.0005160959023372484,1999897,1945625
lowrank_noiseless,840008,fixed7_gated,6,hold,7,0.0005160959023372484,0.0005160959023372484,1999897,1945625
lowrank_noiseless,840009,fixed7_gated,0,warmup,7,1.6853975942570822,0.013700467172079782,1999961,0
lowrank_noiseless,840009,fixed7_gated,1,continue,7,0.013700467172079782,0.0006606035415414426,1999897,0
lowrank_noiseless,840009,fixed7_gated,2,hold,7,0.0006606035415414426,0.0006606035415414426,1999897,1945625
lowrank_noiseless,840009,fixed7_gated,3,hold,7,0.0006606035415414426,0.0006606035415414426,1999897,1945625
lowrank_noiseless,840009,fixed7_gated,4,hold,7,0.0006606035415414426,0.0006606035415414426,1999897,1945625
lowrank_noiseless,840009,fixed7_gated,5,hold,7,0.0006606035415414426,0.0006606035415414426,1999897,1945625
lowrank_noiseless,840009,fixed7_gated,6,hold,7,0.0006606035415414426,0.0006606035415414426,1999897,1945625
lowrank_noiseless,840010,fixed7_gated,0,warmup,7,1.6943002182508646,0.03581792891483468,1999961,0
lowrank_noiseless,840010,fixed7_gated,1,continue,7,0.03581792891483468,0.0004962963766843033,1999897,0
lowrank_noiseless,840010,fixed7_gated,2,hold,7,0.0004962963766843033,0.0004962963766843033,1999897,1945625
lowrank_noiseless,840010,fixed7_gated,3,hold,7,0.0004962963766843033,0.0004962963766843033,1999897,1945625
lowrank_noiseless,840010,fixed7_gated,4,hold,7,0.0004962963766843033,0.0004962963766843033,1999897,1945625
lowrank_noiseless,840010,fixed7_gated,5,hold,7,0.0004962963766843033,0.0004962963766843033,1999897,1945625
lowrank_noiseless,840010,fixed7_gated,6,hold,7,0.0004962963766843033,0.0004962963766843033,1999897,1945625
lowrank_noiseless,840011,fixed7_gated,0,warmup,7,1.699614195854984,0.01212863723936318,1999961,0
lowrank_noiseless,840011,fixed7_gated,1,continue,7,0.01212863723936318,0.0007558998815975467,1999897,0
lowrank_noiseless,840011,fixed7_gated,2,hold,7,0.0007558998815975467,0.0007558998815975467,1999897,1945625
lowrank_noiseless,840011,fixed7_gated,3,hold,7,0.0007558998815975467,0.0007558998815975467,1999897,1945625
lowrank_noiseless,840011,fixed7_gated,4,hold,7,0.0007558998815975467,0.0007558998815975467,1999897,1945625
lowrank_noiseless,840011,fixed7_gated,5,hold,7,0.0007558998815975467,0.0007558998815975467,1999897,1945625
lowrank_noiseless,840011,fixed7_gated,6,hold,7,0.0007558998815975467,0.0007558998815975467,1999897,1945625
lowrank_noiseless,840000,fixed7_ungated,0,warmup,7,1.703938946863659,0.008529915824819536,1999961,0
lowrank_noiseless,840000,fixed7_ungated,1,continue,7,0.008529915824819536,0.0008890010031798134,1999961,0
lowrank_noiseless,840000,fixed7_ungated,2,continue,7,0.0008890010031798134,0.0002961836575679253,1999961,0
lowrank_noiseless,840000,fixed7_ungated,3,continue,7,0.0002961836575679253,0.0001553973322025856,1999961,0
lowrank_noiseless,840000,fixed7_ungated,4,continue,7,0.0001553973322025856,0.00010342646560548469,1999961,0
lowrank_noiseless,840000,fixed7_ungated,5,continue,7,0.00010342646560548469,7.492161204511886e-05,1999961,0
lowrank_noiseless,840000,fixed7_ungated,6,continue,7,7.492161204511886e-05,7.903926012148204e-05,1999961,0
lowrank_noiseless,840001,fixed7_ungated,0,warmup,7,1.684917289516023,0.014423987043850965,1999961,0
lowrank_noiseless,840001,fixed7_ungated,1,continue,7,0.014423987043850965,0.0004979088450658991,1999961,0
lowrank_noiseless,840001,fixed7_ungated,2,continue,7,0.0004979088450658991,9.003391443720667e-05,1999961,0
lowrank_noiseless,840001,fixed7_ungated,3,continue,7,9.003391443720667e-05,4.488369739112845e-05,1999961,0
lowrank_noiseless,840001,fixed7_ungated,4,continue,7,4.488369739112845e-05,2.2063198622835612e-05,1999961,0
lowrank_noiseless,840001,fixed7_ungated,5,continue,7,2.2063198622835612e-05,1.4633582589614279e-05,1999961,0
lowrank_noiseless,840001,fixed7_ungated,6,continue,7,1.4633582589614279e-05,8.244094175435634e-06,1999961,0
lowrank_noiseless,840002,fixed7_ungated,0,warmup,7,1.7109373565353874,0.008007738201174156,1999961,0
lowrank_noiseless,840002,fixed7_ungated,1,continue,7,0.008007738201174156,0.0003407774133471794,1999961,0
lowrank_noiseless,840002,fixed7_ungated,2,continue,7,0.0003407774133471794,0.00011844947229386666,1999961,0
lowrank_noiseless,840002,fixed7_ungated,3,continue,7,0.00011844947229386666,5.939674579513731e-05,1999961,0
lowrank_noiseless,840002,fixed7_ungated,4,continue,7,5.939674579513731e-05,7.641607495165172e-05,1999961,0
lowrank_noiseless,840002,fixed7_ungated,5,continue,7,7.641607495165172e-05,3.0508796784968933e-05,1999961,0
lowrank_noiseless,840002,fixed7_ungated,6,continue,7,3.0508796784968933e-05,1.595828766155575e-05,1999961,0
lowrank_noiseless,840003,fixed7_ungated,0,warmup,7,1.6935419616257699,0.06562922894784998,1999961,0
lowrank_noiseless,840003,fixed7_ungated,1,continue,7,0.06562922894784998,0.0006413190781390341,1999961,0
lowrank_noiseless,840003,fixed7_ungated,2,continue,7,0.0006413190781390341,6.0505924021882756e-05,1999961,0
lowrank_noiseless,840003,fixed7_ungated,3,continue,7,6.0505924021882756e-05,2.654714621810812e-05,1999961,0
lowrank_noiseless,840003,fixed7_ungated,4,continue,7,2.654714621810812e-05,7.151344088886263e-06,1999961,0
lowrank_noiseless,840003,fixed7_ungated,5,continue,7,7.151344088886263e-06,7.539628436137818e-06,1999961,0
lowrank_noiseless,840003,fixed7_ungated,6,continue,7,7.539628436137818e-06,1.5211452705365092e-06,1999961,0
lowrank_noiseless,840004,fixed7_ungated,0,warmup,7,1.72435353037185,0.0067045339340945686,1999961,0
lowrank_noiseless,840004,fixed7_ungated,1,continue,7,0.0067045339340945686,5.886664307513091e-05,1999961,0
lowrank_noiseless,840004,fixed7_ungated,2,continue,7,5.886664307513091e-05,5.4360257592764835e-06,1999961,0
lowrank_noiseless,840004,fixed7_ungated,3,continue,7,5.4360257592764835e-06,2.5055425388574373e-07,1999961,0
lowrank_noiseless,840004,fixed7_ungated,4,continue,7,2.5055425388574373e-07,5.128516261938628e-07,1999961,0
lowrank_noiseless,840004,fixed7_ungated,5,continue,7,5.128516261938628e-07,6.635376288054182e-08,1999961,0
lowrank_noiseless,840004,fixed7_ungated,6,continue,7,6.635376288054182e-08,1.8362598135617907e-09,1999961,0
lowrank_noiseless,840005,fixed7_ungated,0,warmup,7,1.6994626786340494,0.006584865233907696,1999961,0
lowrank_noiseless,840005,fixed7_ungated,1,continue,7,0.006584865233907696,0.0004991276271852063,1999961,0
lowrank_noiseless,840005,fixed7_ungated,2,continue,7,0.0004991276271852063,0.00022630252729902446,1999961,0
lowrank_noiseless,840005,fixed7_ungated,3,continue,7,0.00022630252729902446,9.397369337073958e-05,1999961,0
lowrank_noiseless,840005,fixed7_ungated,4,continue,7,9.397369337073958e-05,6.737599467049043e-05,1999961,0
lowrank_noiseless,840005,fixed7_ungated,5,continue,7,6.737599467049043e-05,6.855116412753519e-05,1999961,0
lowrank_noiseless,840005,fixed7_ungated,6,continue,7,6.855116412753519e-05,2.768309314285347e-05,1999961,0
lowrank_noiseless,840006,fixed7_ungated,0,warmup,7,1.679263605504317,0.006703795803383821,1999961,0
lowrank_noiseless,840006,fixed7_ungated,1,continue,7,0.006703795803383821,0.00048116910530879867,1999961,0
lowrank_noiseless,840006,fixed7_ungated,2,continue,7,0.00048116910530879867,0.00016951389340176586,1999961,0
lowrank_noiseless,840006,fixed7_ungated,3,continue,7,0.00016951389340176586,0.00010115759587417271,1999961,0
lowrank_noiseless,840006,fixed7_ungated,4,continue,7,0.00010115759587417271,0.00010040217712136955,1999961,0
lowrank_noiseless,840006,fixed7_ungated,5,continue,7,0.00010040217712136955,2.7257573551432365e-05,1999961,0
lowrank_noiseless,840006,fixed7_ungated,6,continue,7,2.7257573551432365e-05,1.9209726089691466e-05,1999961,0
lowrank_noiseless,840007,fixed7_ungated,0,warmup,7,1.675038680517686,0.014991910676866805,1999961,0
lowrank_noiseless,840007,fixed7_ungated,1,continue,7,0.014991910676866805,0.00020648855259728456,1999961,0
lowrank_noiseless,840007,fixed7_ungated,2,continue,7,0.00020648855259728456,8.665854794622863e-05,1999961,0
lowrank_noiseless,840007,fixed7_ungated,3,continue,7,8.665854794622863e-05,3.547473808401741e-05,1999961,0
lowrank_noiseless,840007,fixed7_ungated,4,continue,7,3.547473808401741e-05,2.3825820443042727e-05,1999961,0
lowrank_noiseless,840007,fixed7_ungated,5,continue,7,2.3825820443042727e-05,1.821746307052066e-05,1999961,0
lowrank_noiseless,840007,fixed7_ungated,6,continue,7,1.821746307052066e-05,3.447550875618064e-05,1999961,0
lowrank_noiseless,840008,fixed7_ungated,0,warmup,7,1.680890225122282,0.004141735599001335,1999961,0
lowrank_noiseless,840008,fixed7_ungated,1,continue,7,0.004141735599001335,0.0003832767859431388,1999961,0
lowrank_noiseless,840008,fixed7_ungated,2,continue,7,0.0003832767859431388,0.00010439635483440313,1999961,0
lowrank_noiseless,840008,fixed7_ungated,3,continue,7,0.00010439635483440313,6.525286428897336e-05,1999961,0
lowrank_noiseless,840008,fixed7_ungated,4,continue,7,6.525286428897336e-05,8.564183238901002e-05,1999961,0
lowrank_noiseless,840008,fixed7_ungated,5,continue,7,8.564183238901002e-05,0.0010492961405382919,1999961,0
lowrank_noiseless,840008,fixed7_ungated,6,continue,7,0.0010492961405382919,2.0838841476639805e-05,1999961,0
lowrank_noiseless,840009,fixed7_ungated,0,warmup,7,1.6853975942570822,0.013700467172079782,1999961,0
lowrank_noiseless,840009,fixed7_ungated,1,continue,7,0.013700467172079782,0.0006547941319452218,1999961,0
lowrank_noiseless,840009,fixed7_ungated,2,continue,7,0.0006547941319452218,0.00021724235348811064,1999961,0
lowrank_noiseless,840009,fixed7_ungated,3,continue,7,0.00021724235348811064,0.00010417627852613206,1999961,0
lowrank_noiseless,840009,fixed7_ungated,4,continue,7,0.00010417627852613206,4.6099886476469786e-05,1999961,0
lowrank_noiseless,840009,fixed7_ungated,5,continue,7,4.6099886476469786e-05,3.538433549822394e-05,1999961,0
lowrank_noiseless,840009,fixed7_ungated,6,continue,7,3.538433549822394e-05,2.3980530565511705e-05,1999961,0
lowrank_noiseless,840010,fixed7_ungated,0,warmup,7,1.6943002182508646,0.03581792891483468,1999961,0
lowrank_noiseless,840010,fixed7_ungated,1,continue,7,0.03581792891483468,0.00043529014047879696,1999961,0
lowrank_noiseless,840010,fixed7_ungated,2,continue,7,0.00043529014047879696,1.5841435543129113e-05,1999961,0
lowrank_noiseless,840010,fixed7_ungated,3,continue,7,1.5841435543129113e-05,4.146598862756972e-06,1999961,0
lowrank_noiseless,840010,fixed7_ungated,4,continue,7,4.146598862756972e-06,1.4219621943824127e-06,1999961,0
lowrank_noiseless,840010,fixed7_ungated,5,continue,7,1.4219621943824127e-06,2.975268797456005e-07,1999961,0
lowrank_noiseless,840010,fixed7_ungated,6,continue,7,2.975268797456005e-07,1.0806161022521123e-07,1999961,0
lowrank_noiseless,840011,fixed7_ungated,0,warmup,7,1.699614195854984,0.01212863723936318,1999961,0
lowrank_noiseless,840011,fixed7_ungated,1,continue,7,0.01212863723936318,0.0007268933438884725,1999961,0
lowrank_noiseless,840011,fixed7_ungated,2,continue,7,0.0007268933438884725,0.0007265358951532089,1999961,0
lowrank_noiseless,840011,fixed7_ungated,3,continue,7,0.0007265358951532089,0.00014513952271697097,1999961,0
lowrank_noiseless,840011,fixed7_ungated,4,continue,7,0.00014513952271697097,5.7243909830281076e-05,1999961,0
lowrank_noiseless,840011,fixed7_ungated,5,continue,7,5.7243909830281076e-05,3.9091595441545946e-05,1999961,0
lowrank_noiseless,840011,fixed7_ungated,6,continue,7,3.9091595441545946e-05,2.7146278783719397e-05,1999961,0
indefinite_noisy,840000,fresh_adaptive,0,warmup,1,1.6967043729270144,0.8620176241017584,1999973,0
indefinite_noisy,840000,fresh_adaptive,1,grow,2,0.8620176241017584,0.3655786629996838,1999921,917620
indefinite_noisy,840000,fresh_adaptive,2,grow,3,0.3655786629996838,0.19257904368119172,1999905,906111
indefinite_noisy,840000,fresh_adaptive,3,grow,4,0.19257904368119172,0.11543834958821209,1999939,894579
indefinite_noisy,840000,fresh_adaptive,4,hold,4,0.11543834958821209,0.11543834958821209,1999877,1766021
indefinite_noisy,840000,fresh_adaptive,5,hold,4,0.11543834958821209,0.11543834958821209,1999877,1766021
indefinite_noisy,840000,fresh_adaptive,6,hold,4,0.11543834958821209,0.11543834958821209,1999877,1766021
indefinite_noisy,840001,fresh_adaptive,0,warmup,1,1.6949514600432243,1.2258303364945338,1999973,0
indefinite_noisy,840001,fresh_adaptive,1,grow,2,1.2258303364945338,0.3744900010097123,1999921,917620
indefinite_noisy,840001,fresh_adaptive,2,grow,3,0.3744900010097123,0.185189816672228,1999905,906111
indefinite_noisy,840001,fresh_adaptive,3,grow,4,0.185189816672228,0.1046454260972532,1999939,894579
indefinite_noisy,840001,fresh_adaptive,4,hold,4,0.1046454260972532,0.1046454260972532,1999877,1766021
indefinite_noisy,840001,fresh_adaptive,5,continue,4,0.1046454260972532,0.09776939503939973,1999877,883050
indefinite_noisy,840001,fresh_adaptive,6,hold,4,0.09776939503939973,0.09776939503939973,1999877,1766021
indefinite_noisy,840002,fresh_adaptive,0,warmup,1,1.6952270399153888,0.8668045162774984,1999973,0
indefinite_noisy,840002,fresh_adaptive,1,grow,2,0.8668045162774984,0.373804607656572,1999921,917620
indefinite_noisy,840002,fresh_adaptive,2,grow,3,0.373804607656572,0.19334729859096206,1999905,906111
indefinite_noisy,840002,fresh_adaptive,3,grow,4,0.19334729859096206,0.09910998870579958,1999939,894579
indefinite_noisy,840002,fresh_adaptive,4,hold,4,0.09910998870579958,0.09910998870579958,1999877,1766021
indefinite_noisy,840002,fresh_adaptive,5,hold,4,0.09910998870579958,0.09910998870579958,1999877,1766021
indefinite_noisy,840002,fresh_adaptive,6,hold,4,0.09910998870579958,0.09910998870579958,1999877,1766021
indefinite_noisy,840003,fresh_adaptive,0,warmup,1,1.692908693271624,1.2096741621110916,1999973,0
indefinite_noisy,840003,fresh_adaptive,1,grow,2,1.2096741621110916,0.39267129302046033,1999921,917620
indefinite_noisy,840003,fresh_adaptive,2,grow,3,0.39267129302046033,0.18672246355342254,1999905,906111
indefinite_noisy,840003,fresh_adaptive,3,grow,4,0.18672246355342254,0.09595716975285318,1999939,894579
indefinite_noisy,840003,fresh_adaptive,4,hold,4,0.09595716975285318,0.09595716975285318,1999877,1766021
indefinite_noisy,840003,fresh_adaptive,5,hold,4,0.09595716975285318,0.09595716975285318,1999877,1766021
indefinite_noisy,840003,fresh_adaptive,6,hold,4,0.09595716975285318,0.09595716975285318,1999877,1766021
indefinite_noisy,840004,fresh_adaptive,0,warmup,1,1.6984798410207558,1.2337294448893499,1999973,0
indefinite_noisy,840004,fresh_adaptive,1,grow,2,1.2337294448893499,0.3747805935935221,1999921,917620
indefinite_noisy,840004,fresh_adaptive,2,grow,3,0.3747805935935221,0.20745055347446434,1999905,906111
indefinite_noisy,840004,fresh_adaptive,3,grow,4,0.20745055347446434,0.10144057795136727,1999939,894579
indefinite_noisy,840004,fresh_adaptive,4,hold,4,0.10144057795136727,0.10144057795136727,1999877,1766021
indefinite_noisy,840004,fresh_adaptive,5,grow,5,0.10144057795136727,0.09577897752996259,1999877,882971
indefinite_noisy,840004,fresh_adaptive,6,hold,5,0.09577897752996259,0.09577897752996259,1999773,1742877
indefinite_noisy,840005,fresh_adaptive,0,warmup,1,1.6930409415115912,1.213679306087799,1999973,0
indefinite_noisy,840005,fresh_adaptive,1,grow,2,1.213679306087799,0.365910525557139,1999921,917620
indefinite_noisy,840005,fresh_adaptive,2,grow,3,0.365910525557139,0.28418338511424,1999905,906111
indefinite_noisy,840005,fresh_adaptive,3,grow,4,0.28418338511424,0.09842156258602075,1999939,894579
indefinite_noisy,840005,fresh_adaptive,4,hold,4,0.09842156258602075,0.09842156258602075,1999877,1766021
indefinite_noisy,840005,fresh_adaptive,5,hold,4,0.09842156258602075,0.09842156258602075,1999877,1766021
indefinite_noisy,840005,fresh_adaptive,6,hold,4,0.09842156258602075,0.09842156258602075,1999877,1766021
indefinite_noisy,840006,fresh_adaptive,0,warmup,1,1.6949326574236705,1.2149646054623655,1999973,0
indefinite_noisy,840006,fresh_adaptive,1,grow,2,1.2149646054623655,0.3923119830811419,1999921,917620
indefinite_noisy,840006,fresh_adaptive,2,grow,3,0.3923119830811419,0.1863618210754165,1999905,906111
indefinite_noisy,840006,fresh_adaptive,3,grow,4,0.1863618210754165,0.09722167837230901,1999939,894579
indefinite_noisy,840006,fresh_adaptive,4,hold,4,0.09722167837230901,0.09722167837230901,1999877,1766021
indefinite_noisy,840006,fresh_adaptive,5,hold,4,0.09722167837230901,0.09722167837230901,1999877,1766021
indefinite_noisy,840006,fresh_adaptive,6,hold,4,0.09722167837230901,0.09722167837230901,1999877,1766021
indefinite_noisy,840007,fresh_adaptive,0,warmup,1,1.697887764274271,0.8676775727488246,1999973,0
indefinite_noisy,840007,fresh_adaptive,1,grow,2,0.8676775727488246,0.37734624451710386,1999921,917620
indefinite_noisy,840007,fresh_adaptive,2,grow,3,0.37734624451710386,0.18330504880137666,1999905,906111
indefinite_noisy,840007,fresh_adaptive,3,grow,4,0.18330504880137666,0.09851019722852869,1999939,894579
indefinite_noisy,840007,fresh_adaptive,4,hold,4,0.09851019722852869,0.09851019722852869,1999877,1766021
indefinite_noisy,840007,fresh_adaptive,5,hold,4,0.09851019722852869,0.09851019722852869,1999877,1766021
indefinite_noisy,840007,fresh_adaptive,6,hold,4,0.09851019722852869,0.09851019722852869,1999877,1766021
indefinite_noisy,840008,fresh_adaptive,0,warmup,1,1.695834574703049,1.2106251087066102,1999973,0
indefinite_noisy,840008,fresh_adaptive,1,grow,2,1.2106251087066102,0.3775579437181724,1999921,917620
indefinite_noisy,840008,fresh_adaptive,2,grow,3,0.3775579437181724,0.18466574150782994,1999905,906111
indefinite_noisy,840008,fresh_adaptive,3,grow,4,0.18466574150782994,0.10785713231733293,1999939,894579
indefinite_noisy,840008,fresh_adaptive,4,hold,4,0.10785713231733293,0.10785713231733293,1999877,1766021
indefinite_noisy,840008,fresh_adaptive,5,continue,4,0.10785713231733293,0.09678226206009424,1999877,883050
indefinite_noisy,840008,fresh_adaptive,6,hold,4,0.09678226206009424,0.09678226206009424,1999877,1766021
indefinite_noisy,840009,fresh_adaptive,0,warmup,1,1.6921119599905783,1.2232332730164035,1999973,0
indefinite_noisy,840009,fresh_adaptive,1,grow,2,1.2232332730164035,0.3627396209856988,1999921,917620
indefinite_noisy,840009,fresh_adaptive,2,grow,3,0.3627396209856988,0.19655335716348843,1999905,906111
indefinite_noisy,840009,fresh_adaptive,3,grow,4,0.19655335716348843,0.10225619342348506,1999939,894579
indefinite_noisy,840009,fresh_adaptive,4,hold,4,0.10225619342348506,0.10225619342348506,1999877,1766021
indefinite_noisy,840009,fresh_adaptive,5,hold,4,0.10225619342348506,0.10225619342348506,1999877,1766021
indefinite_noisy,840009,fresh_adaptive,6,hold,4,0.10225619342348506,0.10225619342348506,1999877,1766021
indefinite_noisy,840010,fresh_adaptive,0,warmup,1,1.6971153654200428,1.228527046634092,1999973,0
indefinite_noisy,840010,fresh_adaptive,1,grow,2,1.228527046634092,0.4036055858748311,1999921,917620
indefinite_noisy,840010,fresh_adaptive,2,grow,3,0.4036055858748311,0.17803412438376992,1999905,906111
indefinite_noisy,840010,fresh_adaptive,3,grow,4,0.17803412438376992,0.11005771352036978,1999939,894579
indefinite_noisy,840010,fresh_adaptive,4,hold,4,0.11005771352036978,0.11005771352036978,1999877,1766021
indefinite_noisy,840010,fresh_adaptive,5,hold,4,0.11005771352036978,0.11005771352036978,1999877,1766021
indefinite_noisy,840010,fresh_adaptive,6,hold,4,0.11005771352036978,0.11005771352036978,1999877,1766021
indefinite_noisy,840011,fresh_adaptive,0,warmup,1,1.696159036903899,0.8805949192873558,1999973,0
indefinite_noisy,840011,fresh_adaptive,1,grow,2,0.8805949192873558,0.39867949758161836,1999921,917620
indefinite_noisy,840011,fresh_adaptive,2,grow,3,0.39867949758161836,0.18838950072825023,1999905,906111
indefinite_noisy,840011,fresh_adaptive,3,grow,4,0.18838950072825023,0.09662645289746143,1999939,894579
indefinite_noisy,840011,fresh_adaptive,4,hold,4,0.09662645289746143,0.09662645289746143,1999877,1766021
indefinite_noisy,840011,fresh_adaptive,5,hold,4,0.09662645289746143,0.09662645289746143,1999877,1766021
indefinite_noisy,840011,fresh_adaptive,6,hold,4,0.09662645289746143,0.09662645289746143,1999877,1766021
indefinite_noisy,840000,random_adaptive,0,warmup,1,1.6967043729270144,0.8620176241017584,1999973,0
indefinite_noisy,840000,random_adaptive,1,grow,2,0.8620176241017584,0.7157276002251146,1999985,991924
indefinite_noisy,840000,random_adaptive,2,grow,3,0.7157276002251146,0.18724869613399386,1999862,986123
indefinite_noisy,840000,random_adaptive,3,grow,4,0.18724869613399386,0.11122157404458485,1999760,980310
indefinite_noisy,840000,random_adaptive,4,hold,4,0.11122157404458485,0.11122157404458485,1999868,1949180
indefinite_noisy,840000,random_adaptive,5,hold,4,0.11122157404458485,0.11122157404458485,1999868,1949180
indefinite_noisy,840000,random_adaptive,6,hold,4,0.11122157404458485,0.11122157404458485,1999868,1949180
indefinite_noisy,840001,random_adaptive,0,warmup,1,1.6949514600432243,1.2258303364945338,1999973,0
indefinite_noisy,840001,random_adaptive,1,grow,2,1.2258303364945338,0.4213491676377925,1999985,991924
indefinite_noisy,840001,random_adaptive,2,grow,3,0.4213491676377925,0.18249234836514866,1999862,986123
indefinite_noisy,840001,random_adaptive,3,grow,4,0.18249234836514866,0.11538375459683715,1999760,980310
indefinite_noisy,840001,random_adaptive,4,hold,4,0.11538375459683715,0.11538375459683715,1999868,1949180
indefinite_noisy,840001,random_adaptive,5,continue,4,0.11538375459683715,0.10164714879154428,1999868,974603
indefinite_noisy,840001,random_adaptive,6,hold,4,0.10164714879154428,0.10164714879154428,1999868,1949180
indefinite_noisy,840002,random_adaptive,0,warmup,1,1.6952270399153888,0.8668045162774984,1999973,0
indefinite_noisy,840002,random_adaptive,1,hold,1,0.8668045162774984,0.8668045162774984,1999985,1983857
indefinite_noisy,840002,random_adaptive,2,grow,2,0.8668045162774984,0.36637748333803954,1999985,991924
indefinite_noisy,840002,random_adaptive,3,grow,3,0.36637748333803954,0.22247327081728202,1999862,986123
indefinite_noisy,840002,random_adaptive,4,grow,4,0.22247327081728202,0.10423948010204964,1999760,980310
indefinite_noisy,840002,random_adaptive,5,hold,4,0.10423948010204964,0.10423948010204964,1999868,1949180
indefinite_noisy,840002,random_adaptive,6,hold,4,0.10423948010204964,0.10423948010204964,1999868,1949180
indefinite_noisy,840003,random_adaptive,0,warmup,1,1.692908693271624,1.2096741621110916,1999973,0
indefinite_noisy,840003,random_adaptive,1,grow,2,1.2096741621110916,0.3739809255379193,1999985,991924
indefinite_noisy,840003,random_adaptive,2,grow,3,0.3739809255379193,0.20597409682823253,1999862,986123
indefinite_noisy,840003,random_adaptive,3,grow,4,0.20597409682823253,0.10095534294788891,1999760,980310
indefinite_noisy,840003,random_adaptive,4,hold,4,0.10095534294788891,0.10095534294788891,1999868,1949180
indefinite_noisy,840003,random_adaptive,5,hold,4,0.10095534294788891,0.10095534294788891,1999868,1949180
indefinite_noisy,840003,random_adaptive,6,hold,4,0.10095534294788891,0.10095534294788891,1999868,1949180
indefinite_noisy,840004,random_adaptive,0,warmup,1,1.6984798410207558,1.2337294448893499,1999973,0
indefinite_noisy,840004,random_adaptive,1,grow,2,1.2337294448893499,0.37649444374806407,1999985,991924
indefinite_noisy,840004,random_adaptive,2,grow,3,0.37649444374806407,0.2048625752319337,1999862,986123
indefinite_noisy,840004,random_adaptive,3,grow,4,0.2048625752319337,0.12739234448495163,1999760,980310
indefinite_noisy,840004,random_adaptive,4,continue,4,0.12739234448495163,0.1025506639243271,1999868,974603
indefinite_noisy,840004,random_adaptive,5,hold,4,0.1025506639243271,0.1025506639243271,1999868,1949180
indefinite_noisy,840004,random_adaptive,6,hold,4,0.1025506639243271,0.1025506639243271,1999868,1949180
indefinite_noisy,840005,random_adaptive,0,warmup,1,1.6930409415115912,1.213679306087799,1999973,0
indefinite_noisy,840005,random_adaptive,1,grow,2,1.213679306087799,0.36649946296877856,1999985,991924
indefinite_noisy,840005,random_adaptive,2,grow,3,0.36649946296877856,0.2862070768607202,1999862,986123
indefinite_noisy,840005,random_adaptive,3,grow,4,0.2862070768607202,0.10479096652577022,1999760,980310
indefinite_noisy,840005,random_adaptive,4,hold,4,0.10479096652577022,0.10479096652577022,1999868,1949180
indefinite_noisy,840005,random_adaptive,5,hold,4,0.10479096652577022,0.10479096652577022,1999868,1949180
indefinite_noisy,840005,random_adaptive,6,hold,4,0.10479096652577022,0.10479096652577022,1999868,1949180
indefinite_noisy,840006,random_adaptive,0,warmup,1,1.6949326574236705,1.2149646054623655,1999973,0
indefinite_noisy,840006,random_adaptive,1,grow,2,1.2149646054623655,0.42065231986894136,1999985,991924
indefinite_noisy,840006,random_adaptive,2,grow,3,0.42065231986894136,0.29155677504399613,1999862,986123
indefinite_noisy,840006,random_adaptive,3,grow,4,0.29155677504399613,0.10616968451874009,1999760,980310
indefinite_noisy,840006,random_adaptive,4,hold,4,0.10616968451874009,0.10616968451874009,1999868,1949180
indefinite_noisy,840006,random_adaptive,5,hold,4,0.10616968451874009,0.10616968451874009,1999868,1949180
indefinite_noisy,840006,random_adaptive,6,hold,4,0.10616968451874009,0.10616968451874009,1999868,1949180
indefinite_noisy,840007,random_adaptive,0,warmup,1,1.697887764274271,0.8676775727488246,1999973,0
indefinite_noisy,840007,random_adaptive,1,grow,2,0.8676775727488246,0.37501960664726275,1999985,991924
indefinite_noisy,840007,random_adaptive,2,grow,3,0.37501960664726275,0.30580282367912215,1999862,986123
indefinite_noisy,840007,random_adaptive,3,grow,4,0.30580282367912215,0.1209615601175145,1999760,980310
indefinite_noisy,840007,random_adaptive,4,grow,5,0.1209615601175145,0.11048589024045105,1999868,974577
indefinite_noisy,840007,random_adaptive,5,hold,5,0.11048589024045105,0.11048589024045105,1999765,1937557
indefinite_noisy,840007,random_adaptive,6,hold,5,0.11048589024045105,0.11048589024045105,1999765,1937557
indefinite_noisy,840008,random_adaptive,0,warmup,1,1.695834574703049,1.2106251087066102,1999973,0
indefinite_noisy,840008,random_adaptive,1,grow,2,1.2106251087066102,0.37246266679608786,1999985,991924
indefinite_noisy,840008,random_adaptive,2,grow,3,0.37246266679608786,0.18411234900536,1999862,986123
indefinite_noisy,840008,random_adaptive,3,grow,4,0.18411234900536,0.111775419076906,1999760,980310
indefinite_noisy,840008,random_adaptive,4,hold,4,0.111775419076906,0.111775419076906,1999868,1949180
indefinite_noisy,840008,random_adaptive,5,hold,4,0.111775419076906,0.111775419076906,1999868,1949180
indefinite_noisy,840008,random_adaptive,6,hold,4,0.111775419076906,0.111775419076906,1999868,1949180
indefinite_noisy,840009,random_adaptive,0,warmup,1,1.6921119599905783,1.2232332730164035,1999973,0
indefinite_noisy,840009,random_adaptive,1,grow,2,1.2232332730164035,0.3699242347180175,1999985,991924
indefinite_noisy,840009,random_adaptive,2,hold,2,0.3699242347180175,0.3699242347180175,1999862,1972214
indefinite_noisy,840009,random_adaptive,3,grow,3,0.3699242347180175,0.18612119431934343,1999862,986123
indefinite_noisy,840009,random_adaptive,4,hold,3,0.18612119431934343,0.18612119431934343,1999760,1960592
indefinite_noisy,840009,random_adaptive,5,grow,4,0.18612119431934343,0.12211116488021839,1999760,980310
indefinite_noisy,840009,random_adaptive,6,continue,4,0.12211116488021839,0.10014111039808675,1999868,974603
indefinite_noisy,840010,random_adaptive,0,warmup,1,1.6971153654200428,1.228527046634092,1999973,0
indefinite_noisy,840010,random_adaptive,1,grow,2,1.228527046634092,0.37985319815548313,1999985,991924
indefinite_noisy,840010,random_adaptive,2,grow,3,0.37985319815548313,0.17870283390081365,1999862,986123
indefinite_noisy,840010,random_adaptive,3,grow,4,0.17870283390081365,0.11364246898104739,1999760,980310
indefinite_noisy,840010,random_adaptive,4,hold,4,0.11364246898104739,0.11364246898104739,1999868,1949180
indefinite_noisy,840010,random_adaptive,5,continue,4,0.11364246898104739,0.10118912077919472,1999868,974603
indefinite_noisy,840010,random_adaptive,6,hold,4,0.10118912077919472,0.10118912077919472,1999868,1949180
indefinite_noisy,840011,random_adaptive,0,warmup,1,1.696159036903899,0.8805949192873558,1999973,0
indefinite_noisy,840011,random_adaptive,1,grow,2,0.8805949192873558,0.39186962359101807,1999985,991924
indefinite_noisy,840011,random_adaptive,2,grow,3,0.39186962359101807,0.19951423000826915,1999862,986123
indefinite_noisy,840011,random_adaptive,3,grow,4,0.19951423000826915,0.18645674802150786,1999760,980310
indefinite_noisy,840011,random_adaptive,4,grow,5,0.18645674802150786,0.10473697500694484,1999868,974577
indefinite_noisy,840011,random_adaptive,5,hold,5,0.10473697500694484,0.10473697500694484,1999765,1937557
indefinite_noisy,840011,random_adaptive,6,hold,5,0.10473697500694484,0.10473697500694484,1999765,1937557
indefinite_noisy,840000,fixed2_gated,0,warmup,2,1.6849157806661452,0.36479749604183054,1999968,0
indefinite_noisy,840000,fixed2_gated,1,hold,2,0.36479749604183054,0.36479749604183054,1999987,1984115
indefinite_noisy,840000,fixed2_gated,2,hold,2,0.36479749604183054,0.36479749604183054,1999987,1984115
indefinite_noisy,840000,fixed2_gated,3,hold,2,0.36479749604183054,0.36479749604183054,1999987,1984115
indefinite_noisy,840000,fixed2_gated,4,hold,2,0.36479749604183054,0.36479749604183054,1999987,1984115
indefinite_noisy,840000,fixed2_gated,5,hold,2,0.36479749604183054,0.36479749604183054,1999987,1984115
indefinite_noisy,840000,fixed2_gated,6,hold,2,0.36479749604183054,0.36479749604183054,1999987,1984115
indefinite_noisy,840001,fixed2_gated,0,warmup,2,1.693224598892008,0.36757836778689,1999968,0
indefinite_noisy,840001,fixed2_gated,1,hold,2,0.36757836778689,0.36757836778689,1999987,1984115
indefinite_noisy,840001,fixed2_gated,2,hold,2,0.36757836778689,0.36757836778689,1999987,1984115
indefinite_noisy,840001,fixed2_gated,3,hold,2,0.36757836778689,0.36757836778689,1999987,1984115
indefinite_noisy,840001,fixed2_gated,4,hold,2,0.36757836778689,0.36757836778689,1999987,1984115
indefinite_noisy,840001,fixed2_gated,5,hold,2,0.36757836778689,0.36757836778689,1999987,1984115
indefinite_noisy,840001,fixed2_gated,6,hold,2,0.36757836778689,0.36757836778689,1999987,1984115
indefinite_noisy,840002,fixed2_gated,0,warmup,2,1.6974370312265386,0.3575740609250313,1999968,0
indefinite_noisy,840002,fixed2_gated,1,hold,2,0.3575740609250313,0.3575740609250313,1999987,1984115
indefinite_noisy,840002,fixed2_gated,2,hold,2,0.3575740609250313,0.3575740609250313,1999987,1984115
indefinite_noisy,840002,fixed2_gated,3,hold,2,0.3575740609250313,0.3575740609250313,1999987,1984115
indefinite_noisy,840002,fixed2_gated,4,hold,2,0.3575740609250313,0.3575740609250313,1999987,1984115
indefinite_noisy,840002,fixed2_gated,5,hold,2,0.3575740609250313,0.3575740609250313,1999987,1984115
indefinite_noisy,840002,fixed2_gated,6,hold,2,0.3575740609250313,0.3575740609250313,1999987,1984115
indefinite_noisy,840003,fixed2_gated,0,warmup,2,1.7184157061452738,0.3595282984558771,1999968,0
indefinite_noisy,840003,fixed2_gated,1,hold,2,0.3595282984558771,0.3595282984558771,1999987,1984115
indefinite_noisy,840003,fixed2_gated,2,hold,2,0.3595282984558771,0.3595282984558771,1999987,1984115
indefinite_noisy,840003,fixed2_gated,3,hold,2,0.3595282984558771,0.3595282984558771,1999987,1984115
indefinite_noisy,840003,fixed2_gated,4,hold,2,0.3595282984558771,0.3595282984558771,1999987,1984115
indefinite_noisy,840003,fixed2_gated,5,hold,2,0.3595282984558771,0.3595282984558771,1999987,1984115
indefinite_noisy,840003,fixed2_gated,6,hold,2,0.3595282984558771,0.3595282984558771,1999987,1984115
indefinite_noisy,840004,fixed2_gated,0,warmup,2,1.6932002777974748,0.37074931690896584,1999968,0
indefinite_noisy,840004,fixed2_gated,1,hold,2,0.37074931690896584,0.37074931690896584,1999987,1984115
indefinite_noisy,840004,fixed2_gated,2,hold,2,0.37074931690896584,0.37074931690896584,1999987,1984115
indefinite_noisy,840004,fixed2_gated,3,hold,2,0.37074931690896584,0.37074931690896584,1999987,1984115
indefinite_noisy,840004,fixed2_gated,4,hold,2,0.37074931690896584,0.37074931690896584,1999987,1984115
indefinite_noisy,840004,fixed2_gated,5,hold,2,0.37074931690896584,0.37074931690896584,1999987,1984115
indefinite_noisy,840004,fixed2_gated,6,hold,2,0.37074931690896584,0.37074931690896584,1999987,1984115
indefinite_noisy,840005,fixed2_gated,0,warmup,2,1.6986960016070727,0.35992103288009936,1999968,0
indefinite_noisy,840005,fixed2_gated,1,hold,2,0.35992103288009936,0.35992103288009936,1999987,1984115
indefinite_noisy,840005,fixed2_gated,2,hold,2,0.35992103288009936,0.35992103288009936,1999987,1984115
indefinite_noisy,840005,fixed2_gated,3,hold,2,0.35992103288009936,0.35992103288009936,1999987,1984115
indefinite_noisy,840005,fixed2_gated,4,hold,2,0.35992103288009936,0.35992103288009936,1999987,1984115
indefinite_noisy,840005,fixed2_gated,5,hold,2,0.35992103288009936,0.35992103288009936,1999987,1984115
indefinite_noisy,840005,fixed2_gated,6,hold,2,0.35992103288009936,0.35992103288009936,1999987,1984115
indefinite_noisy,840006,fixed2_gated,0,warmup,2,1.6922555766687704,0.6999606530870244,1999968,0
indefinite_noisy,840006,fixed2_gated,1,hold,2,0.6999606530870244,0.6999606530870244,1999987,1984115
indefinite_noisy,840006,fixed2_gated,2,hold,2,0.6999606530870244,0.6999606530870244,1999987,1984115
indefinite_noisy,840006,fixed2_gated,3,hold,2,0.6999606530870244,0.6999606530870244,1999987,1984115
indefinite_noisy,840006,fixed2_gated,4,hold,2,0.6999606530870244,0.6999606530870244,1999987,1984115
indefinite_noisy,840006,fixed2_gated,5,hold,2,0.6999606530870244,0.6999606530870244,1999987,1984115
indefinite_noisy,840006,fixed2_gated,6,hold,2,0.6999606530870244,0.6999606530870244,1999987,1984115
indefinite_noisy,840007,fixed2_gated,0,warmup,2,1.6951242044768382,0.3630538546886841,1999968,0
indefinite_noisy,840007,fixed2_gated,1,hold,2,0.3630538546886841,0.3630538546886841,1999987,1984115
indefinite_noisy,840007,fixed2_gated,2,hold,2,0.3630538546886841,0.3630538546886841,1999987,1984115
indefinite_noisy,840007,fixed2_gated,3,hold,2,0.3630538546886841,0.3630538546886841,1999987,1984115
indefinite_noisy,840007,fixed2_gated,4,hold,2,0.3630538546886841,0.3630538546886841,1999987,1984115
indefinite_noisy,840007,fixed2_gated,5,hold,2,0.3630538546886841,0.3630538546886841,1999987,1984115
indefinite_noisy,840007,fixed2_gated,6,hold,2,0.3630538546886841,0.3630538546886841,1999987,1984115
indefinite_noisy,840008,fixed2_gated,0,warmup,2,1.695957629269816,0.3631978500649252,1999968,0
indefinite_noisy,840008,fixed2_gated,1,hold,2,0.3631978500649252,0.3631978500649252,1999987,1984115
indefinite_noisy,840008,fixed2_gated,2,hold,2,0.3631978500649252,0.3631978500649252,1999987,1984115
indefinite_noisy,840008,fixed2_gated,3,hold,2,0.3631978500649252,0.3631978500649252,1999987,1984115
indefinite_noisy,840008,fixed2_gated,4,hold,2,0.3631978500649252,0.3631978500649252,1999987,1984115
indefinite_noisy,840008,fixed2_gated,5,hold,2,0.3631978500649252,0.3631978500649252,1999987,1984115
indefinite_noisy,840008,fixed2_gated,6,hold,2,0.3631978500649252,0.3631978500649252,1999987,1984115
indefinite_noisy,840009,fixed2_gated,0,warmup,2,1.6963461658139511,1.1663706367379565,1999968,0
indefinite_noisy,840009,fixed2_gated,1,hold,2,1.1663706367379565,1.1663706367379565,1999987,1984115
indefinite_noisy,840009,fixed2_gated,2,hold,2,1.1663706367379565,1.1663706367379565,1999987,1984115
indefinite_noisy,840009,fixed2_gated,3,hold,2,1.1663706367379565,1.1663706367379565,1999987,1984115
indefinite_noisy,840009,fixed2_gated,4,hold,2,1.1663706367379565,1.1663706367379565,1999987,1984115
indefinite_noisy,840009,fixed2_gated,5,hold,2,1.1663706367379565,1.1663706367379565,1999987,1984115
indefinite_noisy,840009,fixed2_gated,6,hold,2,1.1663706367379565,1.1663706367379565,1999987,1984115
indefinite_noisy,840010,fixed2_gated,0,warmup,2,1.696156306775957,0.36226701472854916,1999968,0
indefinite_noisy,840010,fixed2_gated,1,hold,2,0.36226701472854916,0.36226701472854916,1999987,1984115
indefinite_noisy,840010,fixed2_gated,2,hold,2,0.36226701472854916,0.36226701472854916,1999987,1984115
indefinite_noisy,840010,fixed2_gated,3,hold,2,0.36226701472854916,0.36226701472854916,1999987,1984115
indefinite_noisy,840010,fixed2_gated,4,hold,2,0.36226701472854916,0.36226701472854916,1999987,1984115
indefinite_noisy,840010,fixed2_gated,5,hold,2,0.36226701472854916,0.36226701472854916,1999987,1984115
indefinite_noisy,840010,fixed2_gated,6,hold,2,0.36226701472854916,0.36226701472854916,1999987,1984115
indefinite_noisy,840011,fixed2_gated,0,warmup,2,1.6939580788515312,1.1435158756552328,1999968,0
indefinite_noisy,840011,fixed2_gated,1,hold,2,1.1435158756552328,1.1435158756552328,1999987,1984115
indefinite_noisy,840011,fixed2_gated,2,hold,2,1.1435158756552328,1.1435158756552328,1999987,1984115
indefinite_noisy,840011,fixed2_gated,3,hold,2,1.1435158756552328,1.1435158756552328,1999987,1984115
indefinite_noisy,840011,fixed2_gated,4,hold,2,1.1435158756552328,1.1435158756552328,1999987,1984115
indefinite_noisy,840011,fixed2_gated,5,hold,2,1.1435158756552328,1.1435158756552328,1999987,1984115
indefinite_noisy,840011,fixed2_gated,6,hold,2,1.1435158756552328,1.1435158756552328,1999987,1984115
indefinite_noisy,840000,fixed7_gated,0,warmup,7,1.7191417056664697,0.18491318414483737,1999961,0
indefinite_noisy,840000,fixed7_gated,1,continue,7,0.18491318414483737,0.10247385775417434,1999897,0
indefinite_noisy,840000,fixed7_gated,2,hold,7,0.10247385775417434,0.10247385775417434,1999897,1945625
indefinite_noisy,840000,fixed7_gated,3,hold,7,0.10247385775417434,0.10247385775417434,1999897,1945625
indefinite_noisy,840000,fixed7_gated,4,hold,7,0.10247385775417434,0.10247385775417434,1999897,1945625
indefinite_noisy,840000,fixed7_gated,5,hold,7,0.10247385775417434,0.10247385775417434,1999897,1945625
indefinite_noisy,840000,fixed7_gated,6,hold,7,0.10247385775417434,0.10247385775417434,1999897,1945625
indefinite_noisy,840001,fixed7_gated,0,warmup,7,1.6937073430418825,0.23542333716538824,1999961,0
indefinite_noisy,840001,fixed7_gated,1,continue,7,0.23542333716538824,0.10522946755611913,1999897,0
indefinite_noisy,840001,fixed7_gated,2,hold,7,0.10522946755611913,0.10522946755611913,1999897,1945625
indefinite_noisy,840001,fixed7_gated,3,hold,7,0.10522946755611913,0.10522946755611913,1999897,1945625
indefinite_noisy,840001,fixed7_gated,4,hold,7,0.10522946755611913,0.10522946755611913,1999897,1945625
indefinite_noisy,840001,fixed7_gated,5,hold,7,0.10522946755611913,0.10522946755611913,1999897,1945625
indefinite_noisy,840001,fixed7_gated,6,hold,7,0.10522946755611913,0.10522946755611913,1999897,1945625
indefinite_noisy,840002,fixed7_gated,0,warmup,7,1.6939838430941376,0.15241247062141236,1999961,0
indefinite_noisy,840002,fixed7_gated,1,continue,7,0.15241247062141236,0.10961355712317052,1999897,0
indefinite_noisy,840002,fixed7_gated,2,hold,7,0.10961355712317052,0.10961355712317052,1999897,1945625
indefinite_noisy,840002,fixed7_gated,3,continue,7,0.10961355712317052,0.10304181729475652,1999897,0
indefinite_noisy,840002,fixed7_gated,4,hold,7,0.10304181729475652,0.10304181729475652,1999897,1945625
indefinite_noisy,840002,fixed7_gated,5,hold,7,0.10304181729475652,0.10304181729475652,1999897,1945625
indefinite_noisy,840002,fixed7_gated,6,hold,7,0.10304181729475652,0.10304181729475652,1999897,1945625
indefinite_noisy,840003,fixed7_gated,0,warmup,7,1.696083109199075,0.15253793045938263,1999961,0
indefinite_noisy,840003,fixed7_gated,1,continue,7,0.15253793045938263,0.09759324707573369,1999897,0
indefinite_noisy,840003,fixed7_gated,2,hold,7,0.09759324707573369,0.09759324707573369,1999897,1945625
indefinite_noisy,840003,fixed7_gated,3,hold,7,0.09759324707573369,0.09759324707573369,1999897,1945625
indefinite_noisy,840003,fixed7_gated,4,hold,7,0.09759324707573369,0.09759324707573369,1999897,1945625
indefinite_noisy,840003,fixed7_gated,5,hold,7,0.09759324707573369,0.09759324707573369,1999897,1945625
indefinite_noisy,840003,fixed7_gated,6,hold,7,0.09759324707573369,0.09759324707573369,1999897,1945625
indefinite_noisy,840004,fixed7_gated,0,warmup,7,1.688593772452202,0.15549507731929996,1999961,0
indefinite_noisy,840004,fixed7_gated,1,continue,7,0.15549507731929996,0.09763950056295692,1999897,0
indefinite_noisy,840004,fixed7_gated,2,hold,7,0.09763950056295692,0.09763950056295692,1999897,1945625
indefinite_noisy,840004,fixed7_gated,3,hold,7,0.09763950056295692,0.09763950056295692,1999897,1945625
indefinite_noisy,840004,fixed7_gated,4,hold,7,0.09763950056295692,0.09763950056295692,1999897,1945625
indefinite_noisy,840004,fixed7_gated,5,hold,7,0.09763950056295692,0.09763950056295692,1999897,1945625
indefinite_noisy,840004,fixed7_gated,6,hold,7,0.09763950056295692,0.09763950056295692,1999897,1945625
indefinite_noisy,840005,fixed7_gated,0,warmup,7,1.6932856871219588,0.15559604856686915,1999961,0
indefinite_noisy,840005,fixed7_gated,1,continue,7,0.15559604856686915,0.09708080137169188,1999897,0
indefinite_noisy,840005,fixed7_gated,2,hold,7,0.09708080137169188,0.09708080137169188,1999897,1945625
indefinite_noisy,840005,fixed7_gated,3,hold,7,0.09708080137169188,0.09708080137169188,1999897,1945625
indefinite_noisy,840005,fixed7_gated,4,hold,7,0.09708080137169188,0.09708080137169188,1999897,1945625
indefinite_noisy,840005,fixed7_gated,5,hold,7,0.09708080137169188,0.09708080137169188,1999897,1945625
indefinite_noisy,840005,fixed7_gated,6,hold,7,0.09708080137169188,0.09708080137169188,1999897,1945625
indefinite_noisy,840006,fixed7_gated,0,warmup,7,1.6971131915754476,0.13670910744514156,1999961,0
indefinite_noisy,840006,fixed7_gated,1,continue,7,0.13670910744514156,0.10153355842937495,1999897,0
indefinite_noisy,840006,fixed7_gated,2,hold,7,0.10153355842937495,0.10153355842937495,1999897,1945625
indefinite_noisy,840006,fixed7_gated,3,hold,7,0.10153355842937495,0.10153355842937495,1999897,1945625
indefinite_noisy,840006,fixed7_gated,4,hold,7,0.10153355842937495,0.10153355842937495,1999897,1945625
indefinite_noisy,840006,fixed7_gated,5,hold,7,0.10153355842937495,0.10153355842937495,1999897,1945625
indefinite_noisy,840006,fixed7_gated,6,hold,7,0.10153355842937495,0.10153355842937495,1999897,1945625
indefinite_noisy,840007,fixed7_gated,0,warmup,7,1.7021749739567416,0.12612975299487805,1999961,0
indefinite_noisy,840007,fixed7_gated,1,continue,7,0.12612975299487805,0.10241621564978881,1999897,0
indefinite_noisy,840007,fixed7_gated,2,hold,7,0.10241621564978881,0.10241621564978881,1999897,1945625
indefinite_noisy,840007,fixed7_gated,3,hold,7,0.10241621564978881,0.10241621564978881,1999897,1945625
indefinite_noisy,840007,fixed7_gated,4,hold,7,0.10241621564978881,0.10241621564978881,1999897,1945625
indefinite_noisy,840007,fixed7_gated,5,hold,7,0.10241621564978881,0.10241621564978881,1999897,1945625
indefinite_noisy,840007,fixed7_gated,6,hold,7,0.10241621564978881,0.10241621564978881,1999897,1945625
indefinite_noisy,840008,fixed7_gated,0,warmup,7,1.7165280675492816,0.16393867524243222,1999961,0
indefinite_noisy,840008,fixed7_gated,1,continue,7,0.16393867524243222,0.10569916824366925,1999897,0
indefinite_noisy,840008,fixed7_gated,2,hold,7,0.10569916824366925,0.10569916824366925,1999897,1945625
indefinite_noisy,840008,fixed7_gated,3,continue,7,0.10569916824366925,0.10506215411328976,1999897,0
indefinite_noisy,840008,fixed7_gated,4,hold,7,0.10506215411328976,0.10506215411328976,1999897,1945625
indefinite_noisy,840008,fixed7_gated,5,hold,7,0.10506215411328976,0.10506215411328976,1999897,1945625
indefinite_noisy,840008,fixed7_gated,6,hold,7,0.10506215411328976,0.10506215411328976,1999897,1945625
indefinite_noisy,840009,fixed7_gated,0,warmup,7,1.6957859570035279,0.10567350187087103,1999961,0
indefinite_noisy,840009,fixed7_gated,1,hold,7,0.10567350187087103,0.10567350187087103,1999897,1945625
indefinite_noisy,840009,fixed7_gated,2,hold,7,0.10567350187087103,0.10567350187087103,1999897,1945625
indefinite_noisy,840009,fixed7_gated,3,hold,7,0.10567350187087103,0.10567350187087103,1999897,1945625
indefinite_noisy,840009,fixed7_gated,4,hold,7,0.10567350187087103,0.10567350187087103,1999897,1945625
indefinite_noisy,840009,fixed7_gated,5,hold,7,0.10567350187087103,0.10567350187087103,1999897,1945625
indefinite_noisy,840009,fixed7_gated,6,hold,7,0.10567350187087103,0.10567350187087103,1999897,1945625
indefinite_noisy,840010,fixed7_gated,0,warmup,7,1.6952452458604865,0.17836801868484498,1999961,0
indefinite_noisy,840010,fixed7_gated,1,continue,7,0.17836801868484498,0.1103826157180304,1999897,0
indefinite_noisy,840010,fixed7_gated,2,hold,7,0.1103826157180304,0.1103826157180304,1999897,1945625
indefinite_noisy,840010,fixed7_gated,3,hold,7,0.1103826157180304,0.1103826157180304,1999897,1945625
indefinite_noisy,840010,fixed7_gated,4,hold,7,0.1103826157180304,0.1103826157180304,1999897,1945625
indefinite_noisy,840010,fixed7_gated,5,hold,7,0.1103826157180304,0.1103826157180304,1999897,1945625
indefinite_noisy,840010,fixed7_gated,6,hold,7,0.1103826157180304,0.1103826157180304,1999897,1945625
indefinite_noisy,840011,fixed7_gated,0,warmup,7,1.7037491185696583,0.11847685958169402,1999961,0
indefinite_noisy,840011,fixed7_gated,1,hold,7,0.11847685958169402,0.11847685958169402,1999897,1945625
indefinite_noisy,840011,fixed7_gated,2,hold,7,0.11847685958169402,0.11847685958169402,1999897,1945625
indefinite_noisy,840011,fixed7_gated,3,continue,7,0.11847685958169402,0.10303407617412204,1999897,0
indefinite_noisy,840011,fixed7_gated,4,hold,7,0.10303407617412204,0.10303407617412204,1999897,1945625
indefinite_noisy,840011,fixed7_gated,5,hold,7,0.10303407617412204,0.10303407617412204,1999897,1945625
indefinite_noisy,840011,fixed7_gated,6,hold,7,0.10303407617412204,0.10303407617412204,1999897,1945625
indefinite_noisy,840000,fixed7_ungated,0,warmup,7,1.7191417056664697,0.18491318414483737,1999961,0
indefinite_noisy,840000,fixed7_ungated,1,continue,7,0.18491318414483737,0.10119877361973192,1999961,0
indefinite_noisy,840000,fixed7_ungated,2,continue,7,0.10119877361973192,0.1005100308737197,1999961,0
indefinite_noisy,840000,fixed7_ungated,3,continue,7,0.1005100308737197,0.09871356710075162,1999961,0
indefinite_noisy,840000,fixed7_ungated,4,continue,7,0.09871356710075162,0.10361009059850937,1999961,0
indefinite_noisy,840000,fixed7_ungated,5,continue,7,0.10361009059850937,0.1070675711488294,1999961,0
indefinite_noisy,840000,fixed7_ungated,6,continue,7,0.1070675711488294,0.10254442545209057,1999961,0
indefinite_noisy,840001,fixed7_ungated,0,warmup,7,1.6937073430418825,0.23542333716538824,1999961,0
indefinite_noisy,840001,fixed7_ungated,1,continue,7,0.23542333716538824,0.10303778985274571,1999961,0
indefinite_noisy,840001,fixed7_ungated,2,continue,7,0.10303778985274571,0.09869283773585194,1999961,0
indefinite_noisy,840001,fixed7_ungated,3,continue,7,0.09869283773585194,0.1078463630658364,1999961,0
indefinite_noisy,840001,fixed7_ungated,4,continue,7,0.1078463630658364,0.10036050709035488,1999961,0
indefinite_noisy,840001,fixed7_ungated,5,continue,7,0.10036050709035488,0.1044876929124973,1999961,0
indefinite_noisy,840001,fixed7_ungated,6,continue,7,0.1044876929124973,0.09855992574120677,1999961,0
indefinite_noisy,840002,fixed7_ungated,0,warmup,7,1.6939838430941376,0.15241247062141236,1999961,0
indefinite_noisy,840002,fixed7_ungated,1,continue,7,0.15241247062141236,0.10678082507037462,1999961,0
indefinite_noisy,840002,fixed7_ungated,2,continue,7,0.10678082507037462,0.10408300229148687,1999961,0
indefinite_noisy,840002,fixed7_ungated,3,continue,7,0.10408300229148687,0.09996766066805594,1999961,0
indefinite_noisy,840002,fixed7_ungated,4,continue,7,0.09996766066805594,0.09668650267116616,1999961,0
indefinite_noisy,840002,fixed7_ungated,5,continue,7,0.09668650267116616,0.10362184258233906,1999961,0
indefinite_noisy,840002,fixed7_ungated,6,continue,7,0.10362184258233906,0.10180494578107452,1999961,0
indefinite_noisy,840003,fixed7_ungated,0,warmup,7,1.696083109199075,0.15253793045938263,1999961,0
indefinite_noisy,840003,fixed7_ungated,1,continue,7,0.15253793045938263,0.09710733594982128,1999961,0
indefinite_noisy,840003,fixed7_ungated,2,continue,7,0.09710733594982128,0.10673388622659792,1999961,0
indefinite_noisy,840003,fixed7_ungated,3,continue,7,0.10673388622659792,0.09857566320395812,1999961,0
indefinite_noisy,840003,fixed7_ungated,4,continue,7,0.09857566320395812,0.0988878702184072,1999961,0
indefinite_noisy,840003,fixed7_ungated,5,continue,7,0.0988878702184072,0.10185295700467395,1999961,0
indefinite_noisy,840003,fixed7_ungated,6,continue,7,0.10185295700467395,0.09736177363532512,1999961,0
indefinite_noisy,840004,fixed7_ungated,0,warmup,7,1.688593772452202,0.15549507731929996,1999961,0
indefinite_noisy,840004,fixed7_ungated,1,continue,7,0.15549507731929996,0.09790147743380839,1999961,0
indefinite_noisy,840004,fixed7_ungated,2,continue,7,0.09790147743380839,0.0995449792282012,1999961,0
indefinite_noisy,840004,fixed7_ungated,3,continue,7,0.0995449792282012,0.10072934110303153,1999961,0
indefinite_noisy,840004,fixed7_ungated,4,continue,7,0.10072934110303153,0.10283233992500558,1999961,0
indefinite_noisy,840004,fixed7_ungated,5,continue,7,0.10283233992500558,0.10778272020714375,1999961,0
indefinite_noisy,840004,fixed7_ungated,6,continue,7,0.10778272020714375,0.10093861387193974,1999961,0
indefinite_noisy,840005,fixed7_ungated,0,warmup,7,1.6932856871219588,0.15559604856686915,1999961,0
indefinite_noisy,840005,fixed7_ungated,1,continue,7,0.15559604856686915,0.09681243347129416,1999961,0
indefinite_noisy,840005,fixed7_ungated,2,continue,7,0.09681243347129416,0.10106852736045184,1999961,0
indefinite_noisy,840005,fixed7_ungated,3,continue,7,0.10106852736045184,0.10540269691256764,1999961,0
indefinite_noisy,840005,fixed7_ungated,4,continue,7,0.10540269691256764,0.10943887111915138,1999961,0
indefinite_noisy,840005,fixed7_ungated,5,continue,7,0.10943887111915138,0.0989261835097903,1999961,0
indefinite_noisy,840005,fixed7_ungated,6,continue,7,0.0989261835097903,0.10401044558962642,1999961,0
indefinite_noisy,840006,fixed7_ungated,0,warmup,7,1.6971131915754476,0.13670910744514156,1999961,0
indefinite_noisy,840006,fixed7_ungated,1,continue,7,0.13670910744514156,0.10056471640971454,1999961,0
indefinite_noisy,840006,fixed7_ungated,2,continue,7,0.10056471640971454,0.09979089818495115,1999961,0
indefinite_noisy,840006,fixed7_ungated,3,continue,7,0.09979089818495115,0.1020246359629631,1999961,0
indefinite_noisy,840006,fixed7_ungated,4,continue,7,0.1020246359629631,0.09868493052513695,1999961,0
indefinite_noisy,840006,fixed7_ungated,5,continue,7,0.09868493052513695,0.10125681029077599,1999961,0
indefinite_noisy,840006,fixed7_ungated,6,continue,7,0.10125681029077599,0.1178912161754371,1999961,0
indefinite_noisy,840007,fixed7_ungated,0,warmup,7,1.7021749739567416,0.12612975299487805,1999961,0
indefinite_noisy,840007,fixed7_ungated,1,continue,7,0.12612975299487805,0.10143867697130615,1999961,0
indefinite_noisy,840007,fixed7_ungated,2,continue,7,0.10143867697130615,0.10729799654043176,1999961,0
indefinite_noisy,840007,fixed7_ungated,3,continue,7,0.10729799654043176,0.11272332619332978,1999961,0
indefinite_noisy,840007,fixed7_ungated,4,continue,7,0.11272332619332978,0.10588749107493824,1999961,0
indefinite_noisy,840007,fixed7_ungated,5,continue,7,0.10588749107493824,0.09596169241122372,1999961,0
indefinite_noisy,840007,fixed7_ungated,6,continue,7,0.09596169241122372,0.10235010290302751,1999961,0
indefinite_noisy,840008,fixed7_ungated,0,warmup,7,1.7165280675492816,0.16393867524243222,1999961,0
indefinite_noisy,840008,fixed7_ungated,1,continue,7,0.16393867524243222,0.10627616318194966,1999961,0
indefinite_noisy,840008,fixed7_ungated,2,continue,7,0.10627616318194966,0.1055861347297397,1999961,0
indefinite_noisy,840008,fixed7_ungated,3,continue,7,0.1055861347297397,0.10363552711973285,1999961,0
indefinite_noisy,840008,fixed7_ungated,4,continue,7,0.10363552711973285,0.12052789204934147,1999961,0
indefinite_noisy,840008,fixed7_ungated,5,continue,7,0.12052789204934147,0.10834883296726867,1999961,0
indefinite_noisy,840008,fixed7_ungated,6,continue,7,0.10834883296726867,0.10110696427597266,1999961,0
indefinite_noisy,840009,fixed7_ungated,0,warmup,7,1.6957859570035279,0.10567350187087103,1999961,0
indefinite_noisy,840009,fixed7_ungated,1,continue,7,0.10567350187087103,0.11418113496804197,1999961,0
indefinite_noisy,840009,fixed7_ungated,2,continue,7,0.11418113496804197,0.09697357178372569,1999961,0
indefinite_noisy,840009,fixed7_ungated,3,continue,7,0.09697357178372569,0.10472444877228333,1999961,0
indefinite_noisy,840009,fixed7_ungated,4,continue,7,0.10472444877228333,0.10157036669334367,1999961,0
indefinite_noisy,840009,fixed7_ungated,5,continue,7,0.10157036669334367,0.09854890628980333,1999961,0
indefinite_noisy,840009,fixed7_ungated,6,continue,7,0.09854890628980333,0.09658283839557884,1999961,0
indefinite_noisy,840010,fixed7_ungated,0,warmup,7,1.6952452458604865,0.17836801868484498,1999961,0
indefinite_noisy,840010,fixed7_ungated,1,continue,7,0.17836801868484498,0.11047874922719632,1999961,0
indefinite_noisy,840010,fixed7_ungated,2,continue,7,0.11047874922719632,0.10220891261384302,1999961,0
indefinite_noisy,840010,fixed7_ungated,3,continue,7,0.10220891261384302,0.11254141702183755,1999961,0
indefinite_noisy,840010,fixed7_ungated,4,continue,7,0.11254141702183755,0.1007327906931174,1999961,0
indefinite_noisy,840010,fixed7_ungated,5,continue,7,0.1007327906931174,0.09863798037335197,1999961,0
indefinite_noisy,840010,fixed7_ungated,6,continue,7,0.09863798037335197,0.10089346666356999,1999961,0
indefinite_noisy,840011,fixed7_ungated,0,warmup,7,1.7037491185696583,0.11847685958169402,1999961,0
indefinite_noisy,840011,fixed7_ungated,1,continue,7,0.11847685958169402,0.10773973042112066,1999961,0
indefinite_noisy,840011,fixed7_ungated,2,continue,7,0.10773973042112066,0.10669765792060985,1999961,0
indefinite_noisy,840011,fixed7_ungated,3,continue,7,0.10669765792060985,0.09803823732660417,1999961,0
indefinite_noisy,840011,fixed7_ungated,4,continue,7,0.09803823732660417,0.10871632221355736,1999961,0
indefinite_noisy,840011,fixed7_ungated,5,continue,7,0.10871632221355736,0.09886510706671692,1999961,0
indefinite_noisy,840011,fixed7_ungated,6,continue,7,0.09886510706671692,0.09690224239260455,1999961,0
nonlinear,840000,fresh_adaptive,0,warmup,1,0.2939763308850226,0.22919644251151447,1999973,0
nonlinear,840000,fresh_adaptive,1,grow,2,0.22919644251151447,0.15840122861778763,1999921,917620
nonlinear,840000,fresh_adaptive,2,hold,2,0.15840122861778763,0.15840122861778763,1999905,1812129
nonlinear,840000,fresh_adaptive,3,hold,2,0.15840122861778763,0.15840122861778763,1999905,1812129
nonlinear,840000,fresh_adaptive,4,hold,2,0.15840122861778763,0.15840122861778763,1999905,1812129
nonlinear,840000,fresh_adaptive,5,hold,2,0.15840122861778763,0.15840122861778763,1999905,1812129
nonlinear,840000,fresh_adaptive,6,hold,2,0.15840122861778763,0.15840122861778763,1999905,1812129
nonlinear,840001,fresh_adaptive,0,warmup,1,0.2973736380184032,0.22889096216798313,1999973,0
nonlinear,840001,fresh_adaptive,1,grow,2,0.22889096216798313,0.17827570365570616,1999921,917620
nonlinear,840001,fresh_adaptive,2,continue,2,0.17827570365570616,0.1610496169369265,1999905,906018
nonlinear,840001,fresh_adaptive,3,hold,2,0.1610496169369265,0.1610496169369265,1999905,1812129
nonlinear,840001,fresh_adaptive,4,hold,2,0.1610496169369265,0.1610496169369265,1999905,1812129
nonlinear,840001,fresh_adaptive,5,hold,2,0.1610496169369265,0.1610496169369265,1999905,1812129
nonlinear,840001,fresh_adaptive,6,hold,2,0.1610496169369265,0.1610496169369265,1999905,1812129
nonlinear,840002,fresh_adaptive,0,warmup,1,0.2993512335299491,0.23126553846079037,1999973,0
nonlinear,840002,fresh_adaptive,1,grow,2,0.23126553846079037,0.16654935669169874,1999921,917620
nonlinear,840002,fresh_adaptive,2,continue,2,0.16654935669169874,0.16252672738105733,1999905,906018
nonlinear,840002,fresh_adaptive,3,hold,2,0.16252672738105733,0.16252672738105733,1999905,1812129
nonlinear,840002,fresh_adaptive,4,hold,2,0.16252672738105733,0.16252672738105733,1999905,1812129
nonlinear,840002,fresh_adaptive,5,hold,2,0.16252672738105733,0.16252672738105733,1999905,1812129
nonlinear,840002,fresh_adaptive,6,hold,2,0.16252672738105733,0.16252672738105733,1999905,1812129
nonlinear,840003,fresh_adaptive,0,warmup,1,0.29542688937742534,0.2287788596404771,1999973,0
nonlinear,840003,fresh_adaptive,1,hold,1,0.2287788596404771,0.2287788596404771,1999921,1835185
nonlinear,840003,fresh_adaptive,2,grow,2,0.2287788596404771,0.15962988566489053,1999921,917620
nonlinear,840003,fresh_adaptive,3,hold,2,0.15962988566489053,0.15962988566489053,1999905,1812129
nonlinear,840003,fresh_adaptive,4,hold,2,0.15962988566489053,0.15962988566489053,1999905,1812129
nonlinear,840003,fresh_adaptive,5,hold,2,0.15962988566489053,0.15962988566489053,1999905,1812129
nonlinear,840003,fresh_adaptive,6,hold,2,0.15962988566489053,0.15962988566489053,1999905,1812129
nonlinear,840004,fresh_adaptive,0,warmup,1,0.2955527394019296,0.22733906387612451,1999973,0
nonlinear,840004,fresh_adaptive,1,grow,2,0.22733906387612451,0.15832560242435023,1999921,917620
nonlinear,840004,fresh_adaptive,2,hold,2,0.15832560242435023,0.15832560242435023,1999905,1812129
nonlinear,840004,fresh_adaptive,3,hold,2,0.15832560242435023,0.15832560242435023,1999905,1812129
nonlinear,840004,fresh_adaptive,4,hold,2,0.15832560242435023,0.15832560242435023,1999905,1812129
nonlinear,840004,fresh_adaptive,5,hold,2,0.15832560242435023,0.15832560242435023,1999905,1812129
nonlinear,840004,fresh_adaptive,6,hold,2,0.15832560242435023,0.15832560242435023,1999905,1812129
nonlinear,840005,fresh_adaptive,0,warmup,1,0.296376560924571,0.2294559440586447,1999973,0
nonlinear,840005,fresh_adaptive,1,grow,2,0.2294559440586447,0.15925356556772752,1999921,917620
nonlinear,840005,fresh_adaptive,2,hold,2,0.15925356556772752,0.15925356556772752,1999905,1812129
nonlinear,840005,fresh_adaptive,3,hold,2,0.15925356556772752,0.15925356556772752,1999905,1812129
nonlinear,840005,fresh_adaptive,4,hold,2,0.15925356556772752,0.15925356556772752,1999905,1812129
nonlinear,840005,fresh_adaptive,5,hold,2,0.15925356556772752,0.15925356556772752,1999905,1812129
nonlinear,840005,fresh_adaptive,6,hold,2,0.15925356556772752,0.15925356556772752,1999905,1812129
nonlinear,840006,fresh_adaptive,0,warmup,1,0.2968065962957651,0.23387328971086627,1999973,0
nonlinear,840006,fresh_adaptive,1,grow,2,0.23387328971086627,0.15894489890061891,1999921,917620
nonlinear,840006,fresh_adaptive,2,hold,2,0.15894489890061891,0.15894489890061891,1999905,1812129
nonlinear,840006,fresh_adaptive,3,hold,2,0.15894489890061891,0.15894489890061891,1999905,1812129
nonlinear,840006,fresh_adaptive,4,hold,2,0.15894489890061891,0.15894489890061891,1999905,1812129
nonlinear,840006,fresh_adaptive,5,hold,2,0.15894489890061891,0.15894489890061891,1999905,1812129
nonlinear,840006,fresh_adaptive,6,hold,2,0.15894489890061891,0.15894489890061891,1999905,1812129
nonlinear,840007,fresh_adaptive,0,warmup,1,0.2939104492166362,0.227939388877199,1999973,0
nonlinear,840007,fresh_adaptive,1,grow,2,0.227939388877199,0.16291727875316753,1999921,917620
nonlinear,840007,fresh_adaptive,2,hold,2,0.16291727875316753,0.16291727875316753,1999905,1812129
nonlinear,840007,fresh_adaptive,3,hold,2,0.16291727875316753,0.16291727875316753,1999905,1812129
nonlinear,840007,fresh_adaptive,4,hold,2,0.16291727875316753,0.16291727875316753,1999905,1812129
nonlinear,840007,fresh_adaptive,5,hold,2,0.16291727875316753,0.16291727875316753,1999905,1812129
nonlinear,840007,fresh_adaptive,6,hold,2,0.16291727875316753,0.16291727875316753,1999905,1812129
nonlinear,840008,fresh_adaptive,0,warmup,1,0.29509970057544443,0.2265021625297229,1999973,0
nonlinear,840008,fresh_adaptive,1,grow,2,0.2265021625297229,0.16127352782299148,1999921,917620
nonlinear,840008,fresh_adaptive,2,hold,2,0.16127352782299148,0.16127352782299148,1999905,1812129
nonlinear,840008,fresh_adaptive,3,hold,2,0.16127352782299148,0.16127352782299148,1999905,1812129
nonlinear,840008,fresh_adaptive,4,hold,2,0.16127352782299148,0.16127352782299148,1999905,1812129
nonlinear,840008,fresh_adaptive,5,hold,2,0.16127352782299148,0.16127352782299148,1999905,1812129
nonlinear,840008,fresh_adaptive,6,hold,2,0.16127352782299148,0.16127352782299148,1999905,1812129
nonlinear,840009,fresh_adaptive,0,warmup,1,0.2967737403164288,0.23038743660511338,1999973,0
nonlinear,840009,fresh_adaptive,1,grow,2,0.23038743660511338,0.16945271923629185,1999921,917620
nonlinear,840009,fresh_adaptive,2,hold,2,0.16945271923629185,0.16945271923629185,1999905,1812129
nonlinear,840009,fresh_adaptive,3,hold,2,0.16945271923629185,0.16945271923629185,1999905,1812129
nonlinear,840009,fresh_adaptive,4,hold,2,0.16945271923629185,0.16945271923629185,1999905,1812129
nonlinear,840009,fresh_adaptive,5,hold,2,0.16945271923629185,0.16945271923629185,1999905,1812129
nonlinear,840009,fresh_adaptive,6,hold,2,0.16945271923629185,0.16945271923629185,1999905,1812129
nonlinear,840010,fresh_adaptive,0,warmup,1,0.29586752426369867,0.22761623606016357,1999973,0
nonlinear,840010,fresh_adaptive,1,grow,2,0.22761623606016357,0.17679634231788502,1999921,917620
nonlinear,840010,fresh_adaptive,2,hold,2,0.17679634231788502,0.17679634231788502,1999905,1812129
nonlinear,840010,fresh_adaptive,3,hold,2,0.17679634231788502,0.17679634231788502,1999905,1812129
nonlinear,840010,fresh_adaptive,4,hold,2,0.17679634231788502,0.17679634231788502,1999905,1812129
nonlinear,840010,fresh_adaptive,5,hold,2,0.17679634231788502,0.17679634231788502,1999905,1812129
nonlinear,840010,fresh_adaptive,6,hold,2,0.17679634231788502,0.17679634231788502,1999905,1812129
nonlinear,840011,fresh_adaptive,0,warmup,1,0.29781128291532877,0.22632930888209926,1999973,0
nonlinear,840011,fresh_adaptive,1,grow,2,0.22632930888209926,0.155890975542331,1999921,917620
nonlinear,840011,fresh_adaptive,2,hold,2,0.155890975542331,0.155890975542331,1999905,1812129
nonlinear,840011,fresh_adaptive,3,hold,2,0.155890975542331,0.155890975542331,1999905,1812129
nonlinear,840011,fresh_adaptive,4,hold,2,0.155890975542331,0.155890975542331,1999905,1812129
nonlinear,840011,fresh_adaptive,5,hold,2,0.155890975542331,0.155890975542331,1999905,1812129
nonlinear,840011,fresh_adaptive,6,hold,2,0.155890975542331,0.155890975542331,1999905,1812129
nonlinear,840000,random_adaptive,0,warmup,1,0.2939763308850226,0.22919644251151447,1999973,0
nonlinear,840000,random_adaptive,1,hold,1,0.22919644251151447,0.22919644251151447,1999985,1983857
nonlinear,840000,random_adaptive,2,grow,2,0.22919644251151447,0.16069425732669146,1999985,991924
nonlinear,840000,random_adaptive,3,hold,2,0.16069425732669146,0.16069425732669146,1999862,1972214
nonlinear,840000,random_adaptive,4,hold,2,0.16069425732669146,0.16069425732669146,1999862,1972214
nonlinear,840000,random_adaptive,5,hold,2,0.16069425732669146,0.16069425732669146,1999862,1972214
nonlinear,840000,random_adaptive,6,hold,2,0.16069425732669146,0.16069425732669146,1999862,1972214
nonlinear,840001,random_adaptive,0,warmup,1,0.2973736380184032,0.22889096216798313,1999973,0
nonlinear,840001,random_adaptive,1,grow,2,0.22889096216798313,0.18755471456079115,1999985,991924
nonlinear,840001,random_adaptive,2,continue,2,0.18755471456079115,0.15914284059635844,1999862,986091
nonlinear,840001,random_adaptive,3,hold,2,0.15914284059635844,0.15914284059635844,1999862,1972214
nonlinear,840001,random_adaptive,4,hold,2,0.15914284059635844,0.15914284059635844,1999862,1972214
nonlinear,840001,random_adaptive,5,hold,2,0.15914284059635844,0.15914284059635844,1999862,1972214
nonlinear,840001,random_adaptive,6,hold,2,0.15914284059635844,0.15914284059635844,1999862,1972214
nonlinear,840002,random_adaptive,0,warmup,1,0.2993512335299491,0.23126553846079037,1999973,0
nonlinear,840002,random_adaptive,1,hold,1,0.23126553846079037,0.23126553846079037,1999985,1983857
nonlinear,840002,random_adaptive,2,grow,2,0.23126553846079037,0.1647814869695971,1999985,991924
nonlinear,840002,random_adaptive,3,hold,2,0.1647814869695971,0.1647814869695971,1999862,1972214
nonlinear,840002,random_adaptive,4,hold,2,0.1647814869695971,0.1647814869695971,1999862,1972214
nonlinear,840002,random_adaptive,5,hold,2,0.1647814869695971,0.1647814869695971,1999862,1972214
nonlinear,840002,random_adaptive,6,hold,2,0.1647814869695971,0.1647814869695971,1999862,1972214
nonlinear,840003,random_adaptive,0,warmup,1,0.29542688937742534,0.2287788596404771,1999973,0
nonlinear,840003,random_adaptive,1,hold,1,0.2287788596404771,0.2287788596404771,1999985,1983857
nonlinear,840003,random_adaptive,2,grow,2,0.2287788596404771,0.17003085052069006,1999985,991924
nonlinear,840003,random_adaptive,3,hold,2,0.17003085052069006,0.17003085052069006,1999862,1972214
nonlinear,840003,random_adaptive,4,hold,2,0.17003085052069006,0.17003085052069006,1999862,1972214
nonlinear,840003,random_adaptive,5,hold,2,0.17003085052069006,0.17003085052069006,1999862,1972214
nonlinear,840003,random_adaptive,6,hold,2,0.17003085052069006,0.17003085052069006,1999862,1972214
nonlinear,840004,random_adaptive,0,warmup,1,0.2955527394019296,0.22733906387612451,1999973,0
nonlinear,840004,random_adaptive,1,hold,1,0.22733906387612451,0.22733906387612451,1999985,1983857
nonlinear,840004,random_adaptive,2,hold,1,0.22733906387612451,0.22733906387612451,1999985,1983857
nonlinear,840004,random_adaptive,3,grow,2,0.22733906387612451,0.15775044583503664,1999985,991924
nonlinear,840004,random_adaptive,4,hold,2,0.15775044583503664,0.15775044583503664,1999862,1972214
nonlinear,840004,random_adaptive,5,hold,2,0.15775044583503664,0.15775044583503664,1999862,1972214
nonlinear,840004,random_adaptive,6,hold,2,0.15775044583503664,0.15775044583503664,1999862,1972214
nonlinear,840005,random_adaptive,0,warmup,1,0.296376560924571,0.2294559440586447,1999973,0
nonlinear,840005,random_adaptive,1,grow,2,0.2294559440586447,0.15713064883666955,1999985,991924
nonlinear,840005,random_adaptive,2,hold,2,0.15713064883666955,0.15713064883666955,1999862,1972214
nonlinear,840005,random_adaptive,3,hold,2,0.15713064883666955,0.15713064883666955,1999862,1972214
nonlinear,840005,random_adaptive,4,hold,2,0.15713064883666955,0.15713064883666955,1999862,1972214
nonlinear,840005,random_adaptive,5,hold,2,0.15713064883666955,0.15713064883666955,1999862,1972214
nonlinear,840005,random_adaptive,6,hold,2,0.15713064883666955,0.15713064883666955,1999862,1972214
nonlinear,840006,random_adaptive,0,warmup,1,0.2968065962957651,0.23387328971086627,1999973,0
nonlinear,840006,random_adaptive,1,grow,2,0.23387328971086627,0.16151891206116634,1999985,991924
nonlinear,840006,random_adaptive,2,continue,2,0.16151891206116634,0.15846423476034374,1999862,986091
nonlinear,840006,random_adaptive,3,hold,2,0.15846423476034374,0.15846423476034374,1999862,1972214
nonlinear,840006,random_adaptive,4,hold,2,0.15846423476034374,0.15846423476034374,1999862,1972214
nonlinear,840006,random_adaptive,5,hold,2,0.15846423476034374,0.15846423476034374,1999862,1972214
nonlinear,840006,random_adaptive,6,hold,2,0.15846423476034374,0.15846423476034374,1999862,1972214
nonlinear,840007,random_adaptive,0,warmup,1,0.2939104492166362,0.227939388877199,1999973,0
nonlinear,840007,random_adaptive,1,grow,2,0.227939388877199,0.1595373723182418,1999985,991924
nonlinear,840007,random_adaptive,2,hold,2,0.1595373723182418,0.1595373723182418,1999862,1972214
nonlinear,840007,random_adaptive,3,hold,2,0.1595373723182418,0.1595373723182418,1999862,1972214
nonlinear,840007,random_adaptive,4,hold,2,0.1595373723182418,0.1595373723182418,1999862,1972214
nonlinear,840007,random_adaptive,5,hold,2,0.1595373723182418,0.1595373723182418,1999862,1972214
nonlinear,840007,random_adaptive,6,hold,2,0.1595373723182418,0.1595373723182418,1999862,1972214
nonlinear,840008,random_adaptive,0,warmup,1,0.29509970057544443,0.2265021625297229,1999973,0
nonlinear,840008,random_adaptive,1,grow,2,0.2265021625297229,0.15670541135788385,1999985,991924
nonlinear,840008,random_adaptive,2,hold,2,0.15670541135788385,0.15670541135788385,1999862,1972214
nonlinear,840008,random_adaptive,3,hold,2,0.15670541135788385,0.15670541135788385,1999862,1972214
nonlinear,840008,random_adaptive,4,hold,2,0.15670541135788385,0.15670541135788385,1999862,1972214
nonlinear,840008,random_adaptive,5,hold,2,0.15670541135788385,0.15670541135788385,1999862,1972214
nonlinear,840008,random_adaptive,6,hold,2,0.15670541135788385,0.15670541135788385,1999862,1972214
nonlinear,840009,random_adaptive,0,warmup,1,0.2967737403164288,0.23038743660511338,1999973,0
nonlinear,840009,random_adaptive,1,grow,2,0.23038743660511338,0.17127343341029647,1999985,991924
nonlinear,840009,random_adaptive,2,hold,2,0.17127343341029647,0.17127343341029647,1999862,1972214
nonlinear,840009,random_adaptive,3,hold,2,0.17127343341029647,0.17127343341029647,1999862,1972214
nonlinear,840009,random_adaptive,4,hold,2,0.17127343341029647,0.17127343341029647,1999862,1972214
nonlinear,840009,random_adaptive,5,hold,2,0.17127343341029647,0.17127343341029647,1999862,1972214
nonlinear,840009,random_adaptive,6,hold,2,0.17127343341029647,0.17127343341029647,1999862,1972214
nonlinear,840010,random_adaptive,0,warmup,1,0.29586752426369867,0.22761623606016357,1999973,0
nonlinear,840010,random_adaptive,1,grow,2,0.22761623606016357,0.16993099795460068,1999985,991924
nonlinear,840010,random_adaptive,2,hold,2,0.16993099795460068,0.16993099795460068,1999862,1972214
nonlinear,840010,random_adaptive,3,hold,2,0.16993099795460068,0.16993099795460068,1999862,1972214
nonlinear,840010,random_adaptive,4,hold,2,0.16993099795460068,0.16993099795460068,1999862,1972214
nonlinear,840010,random_adaptive,5,hold,2,0.16993099795460068,0.16993099795460068,1999862,1972214
nonlinear,840010,random_adaptive,6,hold,2,0.16993099795460068,0.16993099795460068,1999862,1972214
nonlinear,840011,random_adaptive,0,warmup,1,0.29781128291532877,0.22632930888209926,1999973,0
nonlinear,840011,random_adaptive,1,grow,2,0.22632930888209926,0.1609076968400872,1999985,991924
nonlinear,840011,random_adaptive,2,hold,2,0.1609076968400872,0.1609076968400872,1999862,1972214
nonlinear,840011,random_adaptive,3,hold,2,0.1609076968400872,0.1609076968400872,1999862,1972214
nonlinear,840011,random_adaptive,4,hold,2,0.1609076968400872,0.1609076968400872,1999862,1972214
nonlinear,840011,random_adaptive,5,hold,2,0.1609076968400872,0.1609076968400872,1999862,1972214
nonlinear,840011,random_adaptive,6,hold,2,0.1609076968400872,0.1609076968400872,1999862,1972214
nonlinear,840000,fixed2_gated,0,warmup,2,0.2938777517497514,0.16159268349825562,1999968,0
nonlinear,840000,fixed2_gated,1,hold,2,0.16159268349825562,0.16159268349825562,1999987,1984115
nonlinear,840000,fixed2_gated,2,continue,2,0.16159268349825562,0.15932094792937165,1999987,0
nonlinear,840000,fixed2_gated,3,hold,2,0.15932094792937165,0.15932094792937165,1999987,1984115
nonlinear,840000,fixed2_gated,4,hold,2,0.15932094792937165,0.15932094792937165,1999987,1984115
nonlinear,840000,fixed2_gated,5,hold,2,0.15932094792937165,0.15932094792937165,1999987,1984115
nonlinear,840000,fixed2_gated,6,hold,2,0.15932094792937165,0.15932094792937165,1999987,1984115
nonlinear,840001,fixed2_gated,0,warmup,2,0.2974808641572376,0.23829667225223525,1999968,0
nonlinear,840001,fixed2_gated,1,hold,2,0.23829667225223525,0.23829667225223525,1999987,1984115
nonlinear,840001,fixed2_gated,2,hold,2,0.23829667225223525,0.23829667225223525,1999987,1984115
nonlinear,840001,fixed2_gated,3,hold,2,0.23829667225223525,0.23829667225223525,1999987,1984115
nonlinear,840001,fixed2_gated,4,hold,2,0.23829667225223525,0.23829667225223525,1999987,1984115
nonlinear,840001,fixed2_gated,5,hold,2,0.23829667225223525,0.23829667225223525,1999987,1984115
nonlinear,840001,fixed2_gated,6,hold,2,0.23829667225223525,0.23829667225223525,1999987,1984115
nonlinear,840002,fixed2_gated,0,warmup,2,0.2969940325616688,0.15958244966431923,1999968,0
nonlinear,840002,fixed2_gated,1,hold,2,0.15958244966431923,0.15958244966431923,1999987,1984115
nonlinear,840002,fixed2_gated,2,hold,2,0.15958244966431923,0.15958244966431923,1999987,1984115
nonlinear,840002,fixed2_gated,3,hold,2,0.15958244966431923,0.15958244966431923,1999987,1984115
nonlinear,840002,fixed2_gated,4,hold,2,0.15958244966431923,0.15958244966431923,1999987,1984115
nonlinear,840002,fixed2_gated,5,hold,2,0.15958244966431923,0.15958244966431923,1999987,1984115
nonlinear,840002,fixed2_gated,6,hold,2,0.15958244966431923,0.15958244966431923,1999987,1984115
nonlinear,840003,fixed2_gated,0,warmup,2,0.29868298382153224,0.16230272847360402,1999968,0
nonlinear,840003,fixed2_gated,1,hold,2,0.16230272847360402,0.16230272847360402,1999987,1984115
nonlinear,840003,fixed2_gated,2,hold,2,0.16230272847360402,0.16230272847360402,1999987,1984115
nonlinear,840003,fixed2_gated,3,hold,2,0.16230272847360402,0.16230272847360402,1999987,1984115
nonlinear,840003,fixed2_gated,4,hold,2,0.16230272847360402,0.16230272847360402,1999987,1984115
nonlinear,840003,fixed2_gated,5,hold,2,0.16230272847360402,0.16230272847360402,1999987,1984115
nonlinear,840003,fixed2_gated,6,hold,2,0.16230272847360402,0.16230272847360402,1999987,1984115
nonlinear,840004,fixed2_gated,0,warmup,2,0.29123260867476897,0.2328797269085587,1999968,0
nonlinear,840004,fixed2_gated,1,hold,2,0.2328797269085587,0.2328797269085587,1999987,1984115
nonlinear,840004,fixed2_gated,2,hold,2,0.2328797269085587,0.2328797269085587,1999987,1984115
nonlinear,840004,fixed2_gated,3,hold,2,0.2328797269085587,0.2328797269085587,1999987,1984115
nonlinear,840004,fixed2_gated,4,hold,2,0.2328797269085587,0.2328797269085587,1999987,1984115
nonlinear,840004,fixed2_gated,5,hold,2,0.2328797269085587,0.2328797269085587,1999987,1984115
nonlinear,840004,fixed2_gated,6,continue,2,0.2328797269085587,0.23528740831065445,1999987,0
nonlinear,840005,fixed2_gated,0,warmup,2,0.2970456213154805,0.2307843951898598,1999968,0
nonlinear,840005,fixed2_gated,1,hold,2,0.2307843951898598,0.2307843951898598,1999987,1984115
nonlinear,840005,fixed2_gated,2,hold,2,0.2307843951898598,0.2307843951898598,1999987,1984115
nonlinear,840005,fixed2_gated,3,hold,2,0.2307843951898598,0.2307843951898598,1999987,1984115
nonlinear,840005,fixed2_gated,4,hold,2,0.2307843951898598,0.2307843951898598,1999987,1984115
nonlinear,840005,fixed2_gated,5,hold,2,0.2307843951898598,0.2307843951898598,1999987,1984115
nonlinear,840005,fixed2_gated,6,hold,2,0.2307843951898598,0.2307843951898598,1999987,1984115
nonlinear,840006,fixed2_gated,0,warmup,2,0.2965459052625692,0.16076110597448073,1999968,0
nonlinear,840006,fixed2_gated,1,hold,2,0.16076110597448073,0.16076110597448073,1999987,1984115
nonlinear,840006,fixed2_gated,2,hold,2,0.16076110597448073,0.16076110597448073,1999987,1984115
nonlinear,840006,fixed2_gated,3,hold,2,0.16076110597448073,0.16076110597448073,1999987,1984115
nonlinear,840006,fixed2_gated,4,hold,2,0.16076110597448073,0.16076110597448073,1999987,1984115
nonlinear,840006,fixed2_gated,5,hold,2,0.16076110597448073,0.16076110597448073,1999987,1984115
nonlinear,840006,fixed2_gated,6,hold,2,0.16076110597448073,0.16076110597448073,1999987,1984115
nonlinear,840007,fixed2_gated,0,warmup,2,0.29456620013984725,0.2288083616006303,1999968,0
nonlinear,840007,fixed2_gated,1,hold,2,0.2288083616006303,0.2288083616006303,1999987,1984115
nonlinear,840007,fixed2_gated,2,hold,2,0.2288083616006303,0.2288083616006303,1999987,1984115
nonlinear,840007,fixed2_gated,3,hold,2,0.2288083616006303,0.2288083616006303,1999987,1984115
nonlinear,840007,fixed2_gated,4,hold,2,0.2288083616006303,0.2288083616006303,1999987,1984115
nonlinear,840007,fixed2_gated,5,hold,2,0.2288083616006303,0.2288083616006303,1999987,1984115
nonlinear,840007,fixed2_gated,6,hold,2,0.2288083616006303,0.2288083616006303,1999987,1984115
nonlinear,840008,fixed2_gated,0,warmup,2,0.2923093657172642,0.15731462572071908,1999968,0
nonlinear,840008,fixed2_gated,1,hold,2,0.15731462572071908,0.15731462572071908,1999987,1984115
nonlinear,840008,fixed2_gated,2,hold,2,0.15731462572071908,0.15731462572071908,1999987,1984115
nonlinear,840008,fixed2_gated,3,hold,2,0.15731462572071908,0.15731462572071908,1999987,1984115
nonlinear,840008,fixed2_gated,4,hold,2,0.15731462572071908,0.15731462572071908,1999987,1984115
nonlinear,840008,fixed2_gated,5,hold,2,0.15731462572071908,0.15731462572071908,1999987,1984115
nonlinear,840008,fixed2_gated,6,hold,2,0.15731462572071908,0.15731462572071908,1999987,1984115
nonlinear,840009,fixed2_gated,0,warmup,2,0.29988574297188486,0.2347343175400098,1999968,0
nonlinear,840009,fixed2_gated,1,hold,2,0.2347343175400098,0.2347343175400098,1999987,1984115
nonlinear,840009,fixed2_gated,2,hold,2,0.2347343175400098,0.2347343175400098,1999987,1984115
nonlinear,840009,fixed2_gated,3,hold,2,0.2347343175400098,0.2347343175400098,1999987,1984115
nonlinear,840009,fixed2_gated,4,continue,2,0.2347343175400098,0.15782980316863587,1999987,0
nonlinear,840009,fixed2_gated,5,hold,2,0.15782980316863587,0.15782980316863587,1999987,1984115
nonlinear,840009,fixed2_gated,6,hold,2,0.15782980316863587,0.15782980316863587,1999987,1984115
nonlinear,840010,fixed2_gated,0,warmup,2,0.29689926042018067,0.15959971395345393,1999968,0
nonlinear,840010,fixed2_gated,1,hold,2,0.15959971395345393,0.15959971395345393,1999987,1984115
nonlinear,840010,fixed2_gated,2,hold,2,0.15959971395345393,0.15959971395345393,1999987,1984115
nonlinear,840010,fixed2_gated,3,hold,2,0.15959971395345393,0.15959971395345393,1999987,1984115
nonlinear,840010,fixed2_gated,4,hold,2,0.15959971395345393,0.15959971395345393,1999987,1984115
nonlinear,840010,fixed2_gated,5,hold,2,0.15959971395345393,0.15959971395345393,1999987,1984115
nonlinear,840010,fixed2_gated,6,hold,2,0.15959971395345393,0.15959971395345393,1999987,1984115
nonlinear,840011,fixed2_gated,0,warmup,2,0.29817168423811324,0.1603834607892772,1999968,0
nonlinear,840011,fixed2_gated,1,hold,2,0.1603834607892772,0.1603834607892772,1999987,1984115
nonlinear,840011,fixed2_gated,2,hold,2,0.1603834607892772,0.1603834607892772,1999987,1984115
nonlinear,840011,fixed2_gated,3,hold,2,0.1603834607892772,0.1603834607892772,1999987,1984115
nonlinear,840011,fixed2_gated,4,hold,2,0.1603834607892772,0.1603834607892772,1999987,1984115
nonlinear,840011,fixed2_gated,5,hold,2,0.1603834607892772,0.1603834607892772,1999987,1984115
nonlinear,840011,fixed2_gated,6,hold,2,0.1603834607892772,0.1603834607892772,1999987,1984115
nonlinear,840000,fixed7_gated,0,warmup,7,0.2940731136856991,0.1750585802394223,1999961,0
nonlinear,840000,fixed7_gated,1,hold,7,0.1750585802394223,0.1750585802394223,1999897,1945625
nonlinear,840000,fixed7_gated,2,continue,7,0.1750585802394223,0.157936225141519,1999897,0
nonlinear,840000,fixed7_gated,3,hold,7,0.157936225141519,0.157936225141519,1999897,1945625
nonlinear,840000,fixed7_gated,4,hold,7,0.157936225141519,0.157936225141519,1999897,1945625
nonlinear,840000,fixed7_gated,5,hold,7,0.157936225141519,0.157936225141519,1999897,1945625
nonlinear,840000,fixed7_gated,6,hold,7,0.157936225141519,0.157936225141519,1999897,1945625
nonlinear,840001,fixed7_gated,0,warmup,7,0.30612905211442876,0.16475275040715817,1999961,0
nonlinear,840001,fixed7_gated,1,hold,7,0.16475275040715817,0.16475275040715817,1999897,1945625
nonlinear,840001,fixed7_gated,2,hold,7,0.16475275040715817,0.16475275040715817,1999897,1945625
nonlinear,840001,fixed7_gated,3,hold,7,0.16475275040715817,0.16475275040715817,1999897,1945625
nonlinear,840001,fixed7_gated,4,hold,7,0.16475275040715817,0.16475275040715817,1999897,1945625
nonlinear,840001,fixed7_gated,5,hold,7,0.16475275040715817,0.16475275040715817,1999897,1945625
nonlinear,840001,fixed7_gated,6,hold,7,0.16475275040715817,0.16475275040715817,1999897,1945625
nonlinear,840002,fixed7_gated,0,warmup,7,0.29919752552696066,0.16449505386130153,1999961,0
nonlinear,840002,fixed7_gated,1,hold,7,0.16449505386130153,0.16449505386130153,1999897,1945625
nonlinear,840002,fixed7_gated,2,hold,7,0.16449505386130153,0.16449505386130153,1999897,1945625
nonlinear,840002,fixed7_gated,3,hold,7,0.16449505386130153,0.16449505386130153,1999897,1945625
nonlinear,840002,fixed7_gated,4,hold,7,0.16449505386130153,0.16449505386130153,1999897,1945625
nonlinear,840002,fixed7_gated,5,hold,7,0.16449505386130153,0.16449505386130153,1999897,1945625
nonlinear,840002,fixed7_gated,6,hold,7,0.16449505386130153,0.16449505386130153,1999897,1945625
nonlinear,840003,fixed7_gated,0,warmup,7,0.2920075877015449,0.16700143429742156,1999961,0
nonlinear,840003,fixed7_gated,1,hold,7,0.16700143429742156,0.16700143429742156,1999897,1945625
nonlinear,840003,fixed7_gated,2,hold,7,0.16700143429742156,0.16700143429742156,1999897,1945625
nonlinear,840003,fixed7_gated,3,hold,7,0.16700143429742156,0.16700143429742156,1999897,1945625
nonlinear,840003,fixed7_gated,4,hold,7,0.16700143429742156,0.16700143429742156,1999897,1945625
nonlinear,840003,fixed7_gated,5,hold,7,0.16700143429742156,0.16700143429742156,1999897,1945625
nonlinear,840003,fixed7_gated,6,hold,7,0.16700143429742156,0.16700143429742156,1999897,1945625
nonlinear,840004,fixed7_gated,0,warmup,7,0.29537536649593954,0.1637797567097281,1999961,0
nonlinear,840004,fixed7_gated,1,hold,7,0.1637797567097281,0.1637797567097281,1999897,1945625
nonlinear,840004,fixed7_gated,2,hold,7,0.1637797567097281,0.1637797567097281,1999897,1945625
nonlinear,840004,fixed7_gated,3,hold,7,0.1637797567097281,0.1637797567097281,1999897,1945625
nonlinear,840004,fixed7_gated,4,hold,7,0.1637797567097281,0.1637797567097281,1999897,1945625
nonlinear,840004,fixed7_gated,5,hold,7,0.1637797567097281,0.1637797567097281,1999897,1945625
nonlinear,840004,fixed7_gated,6,hold,7,0.1637797567097281,0.1637797567097281,1999897,1945625
nonlinear,840005,fixed7_gated,0,warmup,7,0.2964488174593367,0.16297376935764563,1999961,0
nonlinear,840005,fixed7_gated,1,hold,7,0.16297376935764563,0.16297376935764563,1999897,1945625
nonlinear,840005,fixed7_gated,2,hold,7,0.16297376935764563,0.16297376935764563,1999897,1945625
nonlinear,840005,fixed7_gated,3,hold,7,0.16297376935764563,0.16297376935764563,1999897,1945625
nonlinear,840005,fixed7_gated,4,hold,7,0.16297376935764563,0.16297376935764563,1999897,1945625
nonlinear,840005,fixed7_gated,5,hold,7,0.16297376935764563,0.16297376935764563,1999897,1945625
nonlinear,840005,fixed7_gated,6,hold,7,0.16297376935764563,0.16297376935764563,1999897,1945625
nonlinear,840006,fixed7_gated,0,warmup,7,0.3030454124882579,0.16714598750196055,1999961,0
nonlinear,840006,fixed7_gated,1,hold,7,0.16714598750196055,0.16714598750196055,1999897,1945625
nonlinear,840006,fixed7_gated,2,hold,7,0.16714598750196055,0.16714598750196055,1999897,1945625
nonlinear,840006,fixed7_gated,3,hold,7,0.16714598750196055,0.16714598750196055,1999897,1945625
nonlinear,840006,fixed7_gated,4,hold,7,0.16714598750196055,0.16714598750196055,1999897,1945625
nonlinear,840006,fixed7_gated,5,hold,7,0.16714598750196055,0.16714598750196055,1999897,1945625
nonlinear,840006,fixed7_gated,6,hold,7,0.16714598750196055,0.16714598750196055,1999897,1945625
nonlinear,840007,fixed7_gated,0,warmup,7,0.29196013503850904,0.15991059675045594,1999961,0
nonlinear,840007,fixed7_gated,1,hold,7,0.15991059675045594,0.15991059675045594,1999897,1945625
nonlinear,840007,fixed7_gated,2,hold,7,0.15991059675045594,0.15991059675045594,1999897,1945625
nonlinear,840007,fixed7_gated,3,hold,7,0.15991059675045594,0.15991059675045594,1999897,1945625
nonlinear,840007,fixed7_gated,4,hold,7,0.15991059675045594,0.15991059675045594,1999897,1945625
nonlinear,840007,fixed7_gated,5,hold,7,0.15991059675045594,0.15991059675045594,1999897,1945625
nonlinear,840007,fixed7_gated,6,hold,7,0.15991059675045594,0.15991059675045594,1999897,1945625
nonlinear,840008,fixed7_gated,0,warmup,7,0.29698015329082394,0.15839664381264296,1999961,0
nonlinear,840008,fixed7_gated,1,hold,7,0.15839664381264296,0.15839664381264296,1999897,1945625
nonlinear,840008,fixed7_gated,2,hold,7,0.15839664381264296,0.15839664381264296,1999897,1945625
nonlinear,840008,fixed7_gated,3,hold,7,0.15839664381264296,0.15839664381264296,1999897,1945625
nonlinear,840008,fixed7_gated,4,hold,7,0.15839664381264296,0.15839664381264296,1999897,1945625
nonlinear,840008,fixed7_gated,5,hold,7,0.15839664381264296,0.15839664381264296,1999897,1945625
nonlinear,840008,fixed7_gated,6,hold,7,0.15839664381264296,0.15839664381264296,1999897,1945625
nonlinear,840009,fixed7_gated,0,warmup,7,0.29778740223285627,0.16318829521445471,1999961,0
nonlinear,840009,fixed7_gated,1,hold,7,0.16318829521445471,0.16318829521445471,1999897,1945625
nonlinear,840009,fixed7_gated,2,hold,7,0.16318829521445471,0.16318829521445471,1999897,1945625
nonlinear,840009,fixed7_gated,3,hold,7,0.16318829521445471,0.16318829521445471,1999897,1945625
nonlinear,840009,fixed7_gated,4,hold,7,0.16318829521445471,0.16318829521445471,1999897,1945625
nonlinear,840009,fixed7_gated,5,hold,7,0.16318829521445471,0.16318829521445471,1999897,1945625
nonlinear,840009,fixed7_gated,6,hold,7,0.16318829521445471,0.16318829521445471,1999897,1945625
nonlinear,840010,fixed7_gated,0,warmup,7,0.3030733391222654,0.16176797747703592,1999961,0
nonlinear,840010,fixed7_gated,1,hold,7,0.16176797747703592,0.16176797747703592,1999897,1945625
nonlinear,840010,fixed7_gated,2,hold,7,0.16176797747703592,0.16176797747703592,1999897,1945625
nonlinear,840010,fixed7_gated,3,hold,7,0.16176797747703592,0.16176797747703592,1999897,1945625
nonlinear,840010,fixed7_gated,4,hold,7,0.16176797747703592,0.16176797747703592,1999897,1945625
nonlinear,840010,fixed7_gated,5,hold,7,0.16176797747703592,0.16176797747703592,1999897,1945625
nonlinear,840010,fixed7_gated,6,hold,7,0.16176797747703592,0.16176797747703592,1999897,1945625
nonlinear,840011,fixed7_gated,0,warmup,7,0.2985722374146217,0.16656495518134576,1999961,0
nonlinear,840011,fixed7_gated,1,hold,7,0.16656495518134576,0.16656495518134576,1999897,1945625
nonlinear,840011,fixed7_gated,2,hold,7,0.16656495518134576,0.16656495518134576,1999897,1945625
nonlinear,840011,fixed7_gated,3,hold,7,0.16656495518134576,0.16656495518134576,1999897,1945625
nonlinear,840011,fixed7_gated,4,hold,7,0.16656495518134576,0.16656495518134576,1999897,1945625
nonlinear,840011,fixed7_gated,5,hold,7,0.16656495518134576,0.16656495518134576,1999897,1945625
nonlinear,840011,fixed7_gated,6,hold,7,0.16656495518134576,0.16656495518134576,1999897,1945625
nonlinear,840000,fixed7_ungated,0,warmup,7,0.2940731136856991,0.1750585802394223,1999961,0
nonlinear,840000,fixed7_ungated,1,continue,7,0.1750585802394223,0.18124376058347746,1999961,0
nonlinear,840000,fixed7_ungated,2,continue,7,0.18124376058347746,0.1584344064539645,1999961,0
nonlinear,840000,fixed7_ungated,3,continue,7,0.1584344064539645,0.16713337811369103,1999961,0
nonlinear,840000,fixed7_ungated,4,continue,7,0.16713337811369103,0.1610349992401956,1999961,0
nonlinear,840000,fixed7_ungated,5,continue,7,0.1610349992401956,0.16264286172647663,1999961,0
nonlinear,840000,fixed7_ungated,6,continue,7,0.16264286172647663,0.15927490834695118,1999961,0
nonlinear,840001,fixed7_ungated,0,warmup,7,0.30612905211442876,0.16475275040715817,1999961,0
nonlinear,840001,fixed7_ungated,1,continue,7,0.16475275040715817,0.16536704170308855,1999961,0
nonlinear,840001,fixed7_ungated,2,continue,7,0.16536704170308855,0.1655629186158425,1999961,0
nonlinear,840001,fixed7_ungated,3,continue,7,0.1655629186158425,0.16005191641584798,1999961,0
nonlinear,840001,fixed7_ungated,4,continue,7,0.16005191641584798,0.1718302202525142,1999961,0
nonlinear,840001,fixed7_ungated,5,continue,7,0.1718302202525142,0.16645278301020705,1999961,0
nonlinear,840001,fixed7_ungated,6,continue,7,0.16645278301020705,0.17435003730452928,1999961,0
nonlinear,840002,fixed7_ungated,0,warmup,7,0.29919752552696066,0.16449505386130153,1999961,0
nonlinear,840002,fixed7_ungated,1,continue,7,0.16449505386130153,0.16963327549216559,1999961,0
nonlinear,840002,fixed7_ungated,2,continue,7,0.16963327549216559,0.17531106315512482,1999961,0
nonlinear,840002,fixed7_ungated,3,continue,7,0.17531106315512482,0.1640751742021727,1999961,0
nonlinear,840002,fixed7_ungated,4,continue,7,0.1640751742021727,0.16404918411423747,1999961,0
nonlinear,840002,fixed7_ungated,5,continue,7,0.16404918411423747,0.1743362091030494,1999961,0
nonlinear,840002,fixed7_ungated,6,continue,7,0.1743362091030494,0.18074659001144025,1999961,0
nonlinear,840003,fixed7_ungated,0,warmup,7,0.2920075877015449,0.16700143429742156,1999961,0
nonlinear,840003,fixed7_ungated,1,continue,7,0.16700143429742156,0.16664775111992763,1999961,0
nonlinear,840003,fixed7_ungated,2,continue,7,0.16664775111992763,0.1614369172406514,1999961,0
nonlinear,840003,fixed7_ungated,3,continue,7,0.1614369172406514,0.16216357322672792,1999961,0
nonlinear,840003,fixed7_ungated,4,continue,7,0.16216357322672792,0.16088632928522756,1999961,0
nonlinear,840003,fixed7_ungated,5,continue,7,0.16088632928522756,0.16213317148638218,1999961,0
nonlinear,840003,fixed7_ungated,6,continue,7,0.16213317148638218,0.1655612330063885,1999961,0
nonlinear,840004,fixed7_ungated,0,warmup,7,0.29537536649593954,0.1637797567097281,1999961,0
nonlinear,840004,fixed7_ungated,1,continue,7,0.1637797567097281,0.19709001266001547,1999961,0
nonlinear,840004,fixed7_ungated,2,continue,7,0.19709001266001547,0.17317742649950552,1999961,0
nonlinear,840004,fixed7_ungated,3,continue,7,0.17317742649950552,0.16094152694674058,1999961,0
nonlinear,840004,fixed7_ungated,4,continue,7,0.16094152694674058,0.15947528966430968,1999961,0
nonlinear,840004,fixed7_ungated,5,continue,7,0.15947528966430968,0.15785127099133442,1999961,0
nonlinear,840004,fixed7_ungated,6,continue,7,0.15785127099133442,0.16571716549962118,1999961,0
nonlinear,840005,fixed7_ungated,0,warmup,7,0.2964488174593367,0.16297376935764563,1999961,0
nonlinear,840005,fixed7_ungated,1,continue,7,0.16297376935764563,0.16523288062988065,1999961,0
nonlinear,840005,fixed7_ungated,2,continue,7,0.16523288062988065,0.16308196124318886,1999961,0
nonlinear,840005,fixed7_ungated,3,continue,7,0.16308196124318886,0.16221439137606733,1999961,0
nonlinear,840005,fixed7_ungated,4,continue,7,0.16221439137606733,0.16837700519087287,1999961,0
nonlinear,840005,fixed7_ungated,5,continue,7,0.16837700519087287,0.1620644773979374,1999961,0
nonlinear,840005,fixed7_ungated,6,continue,7,0.1620644773979374,0.16510981123577612,1999961,0
nonlinear,840006,fixed7_ungated,0,warmup,7,0.3030454124882579,0.16714598750196055,1999961,0
nonlinear,840006,fixed7_ungated,1,continue,7,0.16714598750196055,0.16283377951731792,1999961,0
nonlinear,840006,fixed7_ungated,2,continue,7,0.16283377951731792,0.17573007087279172,1999961,0
nonlinear,840006,fixed7_ungated,3,continue,7,0.17573007087279172,0.1596211791847657,1999961,0
nonlinear,840006,fixed7_ungated,4,continue,7,0.1596211791847657,0.16125781153206273,1999961,0
nonlinear,840006,fixed7_ungated,5,continue,7,0.16125781153206273,0.17929519295187515,1999961,0
nonlinear,840006,fixed7_ungated,6,continue,7,0.17929519295187515,0.16818221591184496,1999961,0
nonlinear,840007,fixed7_ungated,0,warmup,7,0.29196013503850904,0.15991059675045594,1999961,0
nonlinear,840007,fixed7_ungated,1,continue,7,0.15991059675045594,0.1630580157373054,1999961,0
nonlinear,840007,fixed7_ungated,2,continue,7,0.1630580157373054,0.15717974654124206,1999961,0
nonlinear,840007,fixed7_ungated,3,continue,7,0.15717974654124206,0.1652812348377264,1999961,0
nonlinear,840007,fixed7_ungated,4,continue,7,0.1652812348377264,0.15982994124791322,1999961,0
nonlinear,840007,fixed7_ungated,5,continue,7,0.15982994124791322,0.16507069792109516,1999961,0
nonlinear,840007,fixed7_ungated,6,continue,7,0.16507069792109516,0.16334591802936252,1999961,0
nonlinear,840008,fixed7_ungated,0,warmup,7,0.29698015329082394,0.15839664381264296,1999961,0
nonlinear,840008,fixed7_ungated,1,continue,7,0.15839664381264296,0.15690468247700856,1999961,0
nonlinear,840008,fixed7_ungated,2,continue,7,0.15690468247700856,0.1697815577841144,1999961,0
nonlinear,840008,fixed7_ungated,3,continue,7,0.1697815577841144,0.16370991755777464,1999961,0
nonlinear,840008,fixed7_ungated,4,continue,7,0.16370991755777464,0.1643461516151548,1999961,0
nonlinear,840008,fixed7_ungated,5,continue,7,0.1643461516151548,0.15567938941310225,1999961,0
nonlinear,840008,fixed7_ungated,6,continue,7,0.15567938941310225,0.2113325224813979,1999961,0
nonlinear,840009,fixed7_ungated,0,warmup,7,0.29778740223285627,0.16318829521445471,1999961,0
nonlinear,840009,fixed7_ungated,1,continue,7,0.16318829521445471,0.16614273498280585,1999961,0
nonlinear,840009,fixed7_ungated,2,continue,7,0.16614273498280585,0.16384510719812112,1999961,0
nonlinear,840009,fixed7_ungated,3,continue,7,0.16384510719812112,0.16901916984839432,1999961,0
nonlinear,840009,fixed7_ungated,4,continue,7,0.16901916984839432,0.16608029957492307,1999961,0
nonlinear,840009,fixed7_ungated,5,continue,7,0.16608029957492307,0.16048468137438637,1999961,0
nonlinear,840009,fixed7_ungated,6,continue,7,0.16048468137438637,0.16342534212719803,1999961,0
nonlinear,840010,fixed7_ungated,0,warmup,7,0.3030733391222654,0.16176797747703592,1999961,0
nonlinear,840010,fixed7_ungated,1,continue,7,0.16176797747703592,0.15843571077083224,1999961,0
nonlinear,840010,fixed7_ungated,2,continue,7,0.15843571077083224,0.16712028853269448,1999961,0
nonlinear,840010,fixed7_ungated,3,continue,7,0.16712028853269448,0.16435659962157406,1999961,0
nonlinear,840010,fixed7_ungated,4,continue,7,0.16435659962157406,0.1619926097851026,1999961,0
nonlinear,840010,fixed7_ungated,5,continue,7,0.1619926097851026,0.17294005656550934,1999961,0
nonlinear,840010,fixed7_ungated,6,continue,7,0.17294005656550934,0.15838221044934833,1999961,0
nonlinear,840011,fixed7_ungated,0,warmup,7,0.2985722374146217,0.16656495518134576,1999961,0
nonlinear,840011,fixed7_ungated,1,continue,7,0.16656495518134576,0.15787139595663924,1999961,0
nonlinear,840011,fixed7_ungated,2,continue,7,0.15787139595663924,0.16929297996650233,1999961,0
nonlinear,840011,fixed7_ungated,3,continue,7,0.16929297996650233,0.16163357053273092,1999961,0
nonlinear,840011,fixed7_ungated,4,continue,7,0.16163357053273092,0.16281067316329706,1999961,0
nonlinear,840011,fixed7_ungated,5,continue,7,0.16281067316329706,0.16218464807638347,1999961,0
nonlinear,840011,fixed7_ungated,6,continue,7,0.16218464807638347,0.16538599552031844,1999961,0
