study,task,seed,method,final_risk,final_width,events,fit_accesses,source_file,source_sha256
confirmation,indefinite_noisy,820000,historical_moment,0.0949916982723476,7,7,113669,experiments/confirmation/results/indefinite_noisy_820000.json,a87c27f31b271e8c6a5c88ebc9ccaf1777cbc4e4f0698ddf7b4d166f51148e39
confirmation,indefinite_noisy,820000,reservoir_residual,0.09491856022761097,7,7,122551,experiments/confirmation/results/indefinite_noisy_820000.json,a87c27f31b271e8c6a5c88ebc9ccaf1777cbc4e4f0698ddf7b4d166f51148e39
confirmation,indefinite_noisy,820000,fresh_residual,0.09510667812526581,7,7,115738,experiments/confirmation/results/indefinite_noisy_820000.json,a87c27f31b271e8c6a5c88ebc9ccaf1777cbc4e4f0698ddf7b4d166f51148e39
confirmation,indefinite_noisy,820000,learned_probe,0.10844867492156031,7,7,93338,experiments/confirmation/results/indefinite_noisy_820000.json,a87c27f31b271e8c6a5c88ebc9ccaf1777cbc4e4f0698ddf7b4d166f51148e39
confirmation,indefinite_noisy,820000,random_replay128,0.0947374755605334,7,7,124285,experiments/confirmation/results/indefinite_noisy_820000.json,a87c27f31b271e8c6a5c88ebc9ccaf1777cbc4e4f0698ddf7b4d166f51148e39
confirmation,indefinite_noisy,820000,random_matched138,0.0997810188322039,7,7,124285,experiments/confirmation/results/indefinite_noisy_820000.json,a87c27f31b271e8c6a5c88ebc9ccaf1777cbc4e4f0698ddf7b4d166f51148e39
confirmation,indefinite_noisy,820000,fixed7_replay138,0.0992880909451371,7,7,49469,experiments/confirmation/results/indefinite_noisy_820000.json,a87c27f31b271e8c6a5c88ebc9ccaf1777cbc4e4f0698ddf7b4d166f51148e39
confirmation,indefinite_noisy,820001,historical_moment,0.09693989067649363,7,7,113669,experiments/confirmation/results/indefinite_noisy_820001.json,c304956e88254d5fb03d4fee175b733ed49bbb71cdea799e346ab5ef6debc7dd
confirmation,indefinite_noisy,820001,reservoir_residual,0.10763953718702565,7,7,122551,experiments/confirmation/results/indefinite_noisy_820001.json,c304956e88254d5fb03d4fee175b733ed49bbb71cdea799e346ab5ef6debc7dd
confirmation,indefinite_noisy,820001,fresh_residual,0.11059192005413528,7,7,115738,experiments/confirmation/results/indefinite_noisy_820001.json,c304956e88254d5fb03d4fee175b733ed49bbb71cdea799e346ab5ef6debc7dd
confirmation,indefinite_noisy,820001,learned_probe,0.10595570178390976,7,7,93338,experiments/confirmation/results/indefinite_noisy_820001.json,c304956e88254d5fb03d4fee175b733ed49bbb71cdea799e346ab5ef6debc7dd
confirmation,indefinite_noisy,820001,random_replay128,0.09638472518416219,7,7,124285,experiments/confirmation/results/indefinite_noisy_820001.json,c304956e88254d5fb03d4fee175b733ed49bbb71cdea799e346ab5ef6debc7dd
confirmation,indefinite_noisy,820001,random_matched138,0.10077256243450025,7,7,124285,experiments/confirmation/results/indefinite_noisy_820001.json,c304956e88254d5fb03d4fee175b733ed49bbb71cdea799e346ab5ef6debc7dd
confirmation,indefinite_noisy,820001,fixed7_replay138,0.10199284446564452,7,7,49469,experiments/confirmation/results/indefinite_noisy_820001.json,c304956e88254d5fb03d4fee175b733ed49bbb71cdea799e346ab5ef6debc7dd
confirmation,indefinite_noisy,820002,historical_moment,0.09697066230567963,7,7,113669,experiments/confirmation/results/indefinite_noisy_820002.json,8157b999fedfc28b45b803cacc69977c6aad06e0a130aefdb203b8573300dddb
confirmation,indefinite_noisy,820002,reservoir_residual,0.1069478955310425,7,7,122551,experiments/confirmation/results/indefinite_noisy_820002.json,8157b999fedfc28b45b803cacc69977c6aad06e0a130aefdb203b8573300dddb
confirmation,indefinite_noisy,820002,fresh_residual,0.11228443551866366,7,7,115738,experiments/confirmation/results/indefinite_noisy_820002.json,8157b999fedfc28b45b803cacc69977c6aad06e0a130aefdb203b8573300dddb
confirmation,indefinite_noisy,820002,learned_probe,0.09772964154134846,7,7,93338,experiments/confirmation/results/indefinite_noisy_820002.json,8157b999fedfc28b45b803cacc69977c6aad06e0a130aefdb203b8573300dddb
confirmation,indefinite_noisy,820002,random_replay128,0.09815219501165111,7,7,124285,experiments/confirmation/results/indefinite_noisy_820002.json,8157b999fedfc28b45b803cacc69977c6aad06e0a130aefdb203b8573300dddb
confirmation,indefinite_noisy,820002,random_matched138,0.11287051328300286,7,7,124285,experiments/confirmation/results/indefinite_noisy_820002.json,8157b999fedfc28b45b803cacc69977c6aad06e0a130aefdb203b8573300dddb
confirmation,indefinite_noisy,820002,fixed7_replay138,0.10846273014238841,7,7,49469,experiments/confirmation/results/indefinite_noisy_820002.json,8157b999fedfc28b45b803cacc69977c6aad06e0a130aefdb203b8573300dddb
confirmation,indefinite_noisy,820003,historical_moment,0.10044103630780303,7,7,113669,experiments/confirmation/results/indefinite_noisy_820003.json,3ed340b708d587e70f3a29da57ed5cb6685e8d940bc3d2a92b5191a3a457f9b7
confirmation,indefinite_noisy,820003,reservoir_residual,0.10606749911188783,7,7,122551,experiments/confirmation/results/indefinite_noisy_820003.json,3ed340b708d587e70f3a29da57ed5cb6685e8d940bc3d2a92b5191a3a457f9b7
confirmation,indefinite_noisy,820003,fresh_residual,0.1022463639960175,7,7,115738,experiments/confirmation/results/indefinite_noisy_820003.json,3ed340b708d587e70f3a29da57ed5cb6685e8d940bc3d2a92b5191a3a457f9b7
confirmation,indefinite_noisy,820003,learned_probe,0.11371534673488579,7,7,93338,experiments/confirmation/results/indefinite_noisy_820003.json,3ed340b708d587e70f3a29da57ed5cb6685e8d940bc3d2a92b5191a3a457f9b7
confirmation,indefinite_noisy,820003,random_replay128,0.09749123650368224,7,7,124285,experiments/confirmation/results/indefinite_noisy_820003.json,3ed340b708d587e70f3a29da57ed5cb6685e8d940bc3d2a92b5191a3a457f9b7
confirmation,indefinite_noisy,820003,random_matched138,0.0990737089334037,7,7,124285,experiments/confirmation/results/indefinite_noisy_820003.json,3ed340b708d587e70f3a29da57ed5cb6685e8d940bc3d2a92b5191a3a457f9b7
confirmation,indefinite_noisy,820003,fixed7_replay138,0.18906630758482168,7,7,49469,experiments/confirmation/results/indefinite_noisy_820003.json,3ed340b708d587e70f3a29da57ed5cb6685e8d940bc3d2a92b5191a3a457f9b7
confirmation,indefinite_noisy,820004,historical_moment,0.09573352463754492,7,7,113669,experiments/confirmation/results/indefinite_noisy_820004.json,9e0ccb43e64b55208d62ccdb62dc77a65d78d905323a962306af8be8a91c3785
confirmation,indefinite_noisy,820004,reservoir_residual,0.09927103100353687,7,7,122551,experiments/confirmation/results/indefinite_noisy_820004.json,9e0ccb43e64b55208d62ccdb62dc77a65d78d905323a962306af8be8a91c3785
confirmation,indefinite_noisy,820004,fresh_residual,0.1008768618526662,7,7,115738,experiments/confirmation/results/indefinite_noisy_820004.json,9e0ccb43e64b55208d62ccdb62dc77a65d78d905323a962306af8be8a91c3785
confirmation,indefinite_noisy,820004,learned_probe,0.10387831319343531,7,7,93338,experiments/confirmation/results/indefinite_noisy_820004.json,9e0ccb43e64b55208d62ccdb62dc77a65d78d905323a962306af8be8a91c3785
confirmation,indefinite_noisy,820004,random_replay128,0.09596428317634441,7,7,124285,experiments/confirmation/results/indefinite_noisy_820004.json,9e0ccb43e64b55208d62ccdb62dc77a65d78d905323a962306af8be8a91c3785
confirmation,indefinite_noisy,820004,random_matched138,0.10494197906702406,7,7,124285,experiments/confirmation/results/indefinite_noisy_820004.json,9e0ccb43e64b55208d62ccdb62dc77a65d78d905323a962306af8be8a91c3785
confirmation,indefinite_noisy,820004,fixed7_replay138,0.09692634478981388,7,7,49469,experiments/confirmation/results/indefinite_noisy_820004.json,9e0ccb43e64b55208d62ccdb62dc77a65d78d905323a962306af8be8a91c3785
confirmation,indefinite_noisy,820005,historical_moment,0.09518448696735773,7,7,113669,experiments/confirmation/results/indefinite_noisy_820005.json,b404ecef5225948d914851d220846c01bb05b32eb84bc6b1baf39c0bbd73b49f
confirmation,indefinite_noisy,820005,reservoir_residual,0.09414154556993135,7,7,122551,experiments/confirmation/results/indefinite_noisy_820005.json,b404ecef5225948d914851d220846c01bb05b32eb84bc6b1baf39c0bbd73b49f
confirmation,indefinite_noisy,820005,fresh_residual,0.09441874454444477,7,7,115738,experiments/confirmation/results/indefinite_noisy_820005.json,b404ecef5225948d914851d220846c01bb05b32eb84bc6b1baf39c0bbd73b49f
confirmation,indefinite_noisy,820005,learned_probe,0.09947970721840314,7,7,93338,experiments/confirmation/results/indefinite_noisy_820005.json,b404ecef5225948d914851d220846c01bb05b32eb84bc6b1baf39c0bbd73b49f
confirmation,indefinite_noisy,820005,random_replay128,0.09837312656817146,7,7,124285,experiments/confirmation/results/indefinite_noisy_820005.json,b404ecef5225948d914851d220846c01bb05b32eb84bc6b1baf39c0bbd73b49f
confirmation,indefinite_noisy,820005,random_matched138,0.10259569072308244,7,7,124285,experiments/confirmation/results/indefinite_noisy_820005.json,b404ecef5225948d914851d220846c01bb05b32eb84bc6b1baf39c0bbd73b49f
confirmation,indefinite_noisy,820005,fixed7_replay138,0.18018428930691519,7,7,49469,experiments/confirmation/results/indefinite_noisy_820005.json,b404ecef5225948d914851d220846c01bb05b32eb84bc6b1baf39c0bbd73b49f
confirmation,indefinite_noisy,820006,historical_moment,0.09887488117273532,7,7,113669,experiments/confirmation/results/indefinite_noisy_820006.json,c6717180309dee2c03a1cfc861e2970a851360a88e474ed113176ba80403bd51
confirmation,indefinite_noisy,820006,reservoir_residual,0.09615524149308426,7,7,122551,experiments/confirmation/results/indefinite_noisy_820006.json,c6717180309dee2c03a1cfc861e2970a851360a88e474ed113176ba80403bd51
confirmation,indefinite_noisy,820006,fresh_residual,0.09700501716880594,7,7,115738,experiments/confirmation/results/indefinite_noisy_820006.json,c6717180309dee2c03a1cfc861e2970a851360a88e474ed113176ba80403bd51
confirmation,indefinite_noisy,820006,learned_probe,0.104491712594629,7,7,93338,experiments/confirmation/results/indefinite_noisy_820006.json,c6717180309dee2c03a1cfc861e2970a851360a88e474ed113176ba80403bd51
confirmation,indefinite_noisy,820006,random_replay128,0.09655360180108251,7,7,124285,experiments/confirmation/results/indefinite_noisy_820006.json,c6717180309dee2c03a1cfc861e2970a851360a88e474ed113176ba80403bd51
confirmation,indefinite_noisy,820006,random_matched138,0.09835606123728606,7,7,124285,experiments/confirmation/results/indefinite_noisy_820006.json,c6717180309dee2c03a1cfc861e2970a851360a88e474ed113176ba80403bd51
confirmation,indefinite_noisy,820006,fixed7_replay138,0.10398666461225767,7,7,49469,experiments/confirmation/results/indefinite_noisy_820006.json,c6717180309dee2c03a1cfc861e2970a851360a88e474ed113176ba80403bd51
confirmation,indefinite_noisy,820007,historical_moment,0.09637118771828376,7,7,113669,experiments/confirmation/results/indefinite_noisy_820007.json,4fca173ef2a27c8ff778998f48ed178cc9e1303dfe95bd932660f017005ba31a
confirmation,indefinite_noisy,820007,reservoir_residual,0.1029991809525703,7,7,122551,experiments/confirmation/results/indefinite_noisy_820007.json,4fca173ef2a27c8ff778998f48ed178cc9e1303dfe95bd932660f017005ba31a
confirmation,indefinite_noisy,820007,fresh_residual,0.10492767331864969,7,7,115738,experiments/confirmation/results/indefinite_noisy_820007.json,4fca173ef2a27c8ff778998f48ed178cc9e1303dfe95bd932660f017005ba31a
confirmation,indefinite_noisy,820007,learned_probe,0.10969254425921418,7,7,93338,experiments/confirmation/results/indefinite_noisy_820007.json,4fca173ef2a27c8ff778998f48ed178cc9e1303dfe95bd932660f017005ba31a
confirmation,indefinite_noisy,820007,random_replay128,0.09867085806698543,7,7,124285,experiments/confirmation/results/indefinite_noisy_820007.json,4fca173ef2a27c8ff778998f48ed178cc9e1303dfe95bd932660f017005ba31a
confirmation,indefinite_noisy,820007,random_matched138,0.10009851556822678,7,7,124285,experiments/confirmation/results/indefinite_noisy_820007.json,4fca173ef2a27c8ff778998f48ed178cc9e1303dfe95bd932660f017005ba31a
confirmation,indefinite_noisy,820007,fixed7_replay138,0.10768183499781446,7,7,49469,experiments/confirmation/results/indefinite_noisy_820007.json,4fca173ef2a27c8ff778998f48ed178cc9e1303dfe95bd932660f017005ba31a
confirmation,indefinite_noisy,820008,historical_moment,0.09641169574730071,7,7,113669,experiments/confirmation/results/indefinite_noisy_820008.json,8c1dcff3d6c77be06cae643b35b24643bd47440f5dc96f4abd2523d6dd98921d
confirmation,indefinite_noisy,820008,reservoir_residual,0.09961777393234199,7,7,122551,experiments/confirmation/results/indefinite_noisy_820008.json,8c1dcff3d6c77be06cae643b35b24643bd47440f5dc96f4abd2523d6dd98921d
confirmation,indefinite_noisy,820008,fresh_residual,0.10541601850705055,7,7,115738,experiments/confirmation/results/indefinite_noisy_820008.json,8c1dcff3d6c77be06cae643b35b24643bd47440f5dc96f4abd2523d6dd98921d
confirmation,indefinite_noisy,820008,learned_probe,0.10265240403082873,7,7,93338,experiments/confirmation/results/indefinite_noisy_820008.json,8c1dcff3d6c77be06cae643b35b24643bd47440f5dc96f4abd2523d6dd98921d
confirmation,indefinite_noisy,820008,random_replay128,0.09441927602261943,7,7,124285,experiments/confirmation/results/indefinite_noisy_820008.json,8c1dcff3d6c77be06cae643b35b24643bd47440f5dc96f4abd2523d6dd98921d
confirmation,indefinite_noisy,820008,random_matched138,0.10288347631157221,7,7,124285,experiments/confirmation/results/indefinite_noisy_820008.json,8c1dcff3d6c77be06cae643b35b24643bd47440f5dc96f4abd2523d6dd98921d
confirmation,indefinite_noisy,820008,fixed7_replay138,0.10123006402540669,7,7,49469,experiments/confirmation/results/indefinite_noisy_820008.json,8c1dcff3d6c77be06cae643b35b24643bd47440f5dc96f4abd2523d6dd98921d
confirmation,indefinite_noisy,820009,historical_moment,0.09667269142995691,7,7,113669,experiments/confirmation/results/indefinite_noisy_820009.json,ccd90c6c9d72fbc93416f165e53efb527a422bbb2a42842e53de0719830b590c
confirmation,indefinite_noisy,820009,reservoir_residual,0.09773488954500274,7,7,122551,experiments/confirmation/results/indefinite_noisy_820009.json,ccd90c6c9d72fbc93416f165e53efb527a422bbb2a42842e53de0719830b590c
confirmation,indefinite_noisy,820009,fresh_residual,0.0995895335962873,7,7,115738,experiments/confirmation/results/indefinite_noisy_820009.json,ccd90c6c9d72fbc93416f165e53efb527a422bbb2a42842e53de0719830b590c
confirmation,indefinite_noisy,820009,learned_probe,0.10874398721626663,7,7,93338,experiments/confirmation/results/indefinite_noisy_820009.json,ccd90c6c9d72fbc93416f165e53efb527a422bbb2a42842e53de0719830b590c
confirmation,indefinite_noisy,820009,random_replay128,0.10344951086967781,7,7,124285,experiments/confirmation/results/indefinite_noisy_820009.json,ccd90c6c9d72fbc93416f165e53efb527a422bbb2a42842e53de0719830b590c
confirmation,indefinite_noisy,820009,random_matched138,0.10228531982472862,7,7,124285,experiments/confirmation/results/indefinite_noisy_820009.json,ccd90c6c9d72fbc93416f165e53efb527a422bbb2a42842e53de0719830b590c
confirmation,indefinite_noisy,820009,fixed7_replay138,0.1031170836741127,7,7,49469,experiments/confirmation/results/indefinite_noisy_820009.json,ccd90c6c9d72fbc93416f165e53efb527a422bbb2a42842e53de0719830b590c
confirmation,indefinite_noisy,820010,historical_moment,0.09901781255341498,7,7,113669,experiments/confirmation/results/indefinite_noisy_820010.json,6f2cfdab7f03933a718adfc41aebd60af7a783fcb3616494ec5bfc5dbc522007
confirmation,indefinite_noisy,820010,reservoir_residual,0.10253126628438564,7,7,122551,experiments/confirmation/results/indefinite_noisy_820010.json,6f2cfdab7f03933a718adfc41aebd60af7a783fcb3616494ec5bfc5dbc522007
confirmation,indefinite_noisy,820010,fresh_residual,0.10639333747360499,7,7,115738,experiments/confirmation/results/indefinite_noisy_820010.json,6f2cfdab7f03933a718adfc41aebd60af7a783fcb3616494ec5bfc5dbc522007
confirmation,indefinite_noisy,820010,learned_probe,0.11653608110188944,7,7,93338,experiments/confirmation/results/indefinite_noisy_820010.json,6f2cfdab7f03933a718adfc41aebd60af7a783fcb3616494ec5bfc5dbc522007
confirmation,indefinite_noisy,820010,random_replay128,0.09551946934386513,7,7,124285,experiments/confirmation/results/indefinite_noisy_820010.json,6f2cfdab7f03933a718adfc41aebd60af7a783fcb3616494ec5bfc5dbc522007
confirmation,indefinite_noisy,820010,random_matched138,0.09814002037319809,7,7,124285,experiments/confirmation/results/indefinite_noisy_820010.json,6f2cfdab7f03933a718adfc41aebd60af7a783fcb3616494ec5bfc5dbc522007
confirmation,indefinite_noisy,820010,fixed7_replay138,0.10168584907918814,7,7,49469,experiments/confirmation/results/indefinite_noisy_820010.json,6f2cfdab7f03933a718adfc41aebd60af7a783fcb3616494ec5bfc5dbc522007
confirmation,indefinite_noisy,820011,historical_moment,0.09623633301296042,7,7,113669,experiments/confirmation/results/indefinite_noisy_820011.json,91f3f50cca97def7e6517400ba63bbc936104641ea91b0a220a41ad087c11139
confirmation,indefinite_noisy,820011,reservoir_residual,0.09627302894181572,7,7,122551,experiments/confirmation/results/indefinite_noisy_820011.json,91f3f50cca97def7e6517400ba63bbc936104641ea91b0a220a41ad087c11139
confirmation,indefinite_noisy,820011,fresh_residual,0.09938253825777202,7,7,115738,experiments/confirmation/results/indefinite_noisy_820011.json,91f3f50cca97def7e6517400ba63bbc936104641ea91b0a220a41ad087c11139
confirmation,indefinite_noisy,820011,learned_probe,0.10444512165776941,7,7,93338,experiments/confirmation/results/indefinite_noisy_820011.json,91f3f50cca97def7e6517400ba63bbc936104641ea91b0a220a41ad087c11139
confirmation,indefinite_noisy,820011,random_replay128,0.09536122249542991,7,7,124285,experiments/confirmation/results/indefinite_noisy_820011.json,91f3f50cca97def7e6517400ba63bbc936104641ea91b0a220a41ad087c11139
confirmation,indefinite_noisy,820011,random_matched138,0.1037390637702964,7,7,124285,experiments/confirmation/results/indefinite_noisy_820011.json,91f3f50cca97def7e6517400ba63bbc936104641ea91b0a220a41ad087c11139
confirmation,indefinite_noisy,820011,fixed7_replay138,0.10170819066849787,7,7,49469,experiments/confirmation/results/indefinite_noisy_820011.json,91f3f50cca97def7e6517400ba63bbc936104641ea91b0a220a41ad087c11139
confirmation,lowrank_noiseless,820000,historical_moment,5.594607428386619e-06,7,7,113669,experiments/confirmation/results/lowrank_noiseless_820000.json,8437ecb6f2383bbf10037ef21f561fc6151e532b12c1bbb872f91d68af49d8a7
confirmation,lowrank_noiseless,820000,reservoir_residual,2.3387390115308016e-05,7,7,122551,experiments/confirmation/results/lowrank_noiseless_820000.json,8437ecb6f2383bbf10037ef21f561fc6151e532b12c1bbb872f91d68af49d8a7
confirmation,lowrank_noiseless,820000,fresh_residual,6.279587079688929e-05,7,7,115738,experiments/confirmation/results/lowrank_noiseless_820000.json,8437ecb6f2383bbf10037ef21f561fc6151e532b12c1bbb872f91d68af49d8a7
confirmation,lowrank_noiseless,820000,learned_probe,5.350851697293376e-05,7,7,93338,experiments/confirmation/results/lowrank_noiseless_820000.json,8437ecb6f2383bbf10037ef21f561fc6151e532b12c1bbb872f91d68af49d8a7
confirmation,lowrank_noiseless,820000,random_replay128,1.5084376425601129e-05,7,7,124285,experiments/confirmation/results/lowrank_noiseless_820000.json,8437ecb6f2383bbf10037ef21f561fc6151e532b12c1bbb872f91d68af49d8a7
confirmation,lowrank_noiseless,820000,random_matched138,2.2451779101876047e-05,7,7,124285,experiments/confirmation/results/lowrank_noiseless_820000.json,8437ecb6f2383bbf10037ef21f561fc6151e532b12c1bbb872f91d68af49d8a7
confirmation,lowrank_noiseless,820000,fixed7_replay138,3.9482641081028025e-05,7,7,49469,experiments/confirmation/results/lowrank_noiseless_820000.json,8437ecb6f2383bbf10037ef21f561fc6151e532b12c1bbb872f91d68af49d8a7
confirmation,lowrank_noiseless,820001,historical_moment,1.4684726893133023e-05,7,7,113669,experiments/confirmation/results/lowrank_noiseless_820001.json,81c1fba61682dffa018e976d7ac95f5504ffaeede9630855797a197b03e0ec35
confirmation,lowrank_noiseless,820001,reservoir_residual,2.2744455533663583e-05,7,7,122551,experiments/confirmation/results/lowrank_noiseless_820001.json,81c1fba61682dffa018e976d7ac95f5504ffaeede9630855797a197b03e0ec35
confirmation,lowrank_noiseless,820001,fresh_residual,7.974876659132633e-06,7,7,115738,experiments/confirmation/results/lowrank_noiseless_820001.json,81c1fba61682dffa018e976d7ac95f5504ffaeede9630855797a197b03e0ec35
confirmation,lowrank_noiseless,820001,learned_probe,4.4367114994787046e-05,7,7,93338,experiments/confirmation/results/lowrank_noiseless_820001.json,81c1fba61682dffa018e976d7ac95f5504ffaeede9630855797a197b03e0ec35
confirmation,lowrank_noiseless,820001,random_replay128,5.80332604655664e-06,7,7,124285,experiments/confirmation/results/lowrank_noiseless_820001.json,81c1fba61682dffa018e976d7ac95f5504ffaeede9630855797a197b03e0ec35
confirmation,lowrank_noiseless,820001,random_matched138,1.9140326445221898e-05,7,7,124285,experiments/confirmation/results/lowrank_noiseless_820001.json,81c1fba61682dffa018e976d7ac95f5504ffaeede9630855797a197b03e0ec35
confirmation,lowrank_noiseless,820001,fixed7_replay138,9.440185739121992e-06,7,7,49469,experiments/confirmation/results/lowrank_noiseless_820001.json,81c1fba61682dffa018e976d7ac95f5504ffaeede9630855797a197b03e0ec35
confirmation,lowrank_noiseless,820002,historical_moment,8.709061372954034e-06,7,7,113669,experiments/confirmation/results/lowrank_noiseless_820002.json,28f0355dc54afc725dfdfa9ff46e77db75232af1424a8bcad9b47b41c214aa36
confirmation,lowrank_noiseless,820002,reservoir_residual,1.5731718075881683e-05,7,7,122551,experiments/confirmation/results/lowrank_noiseless_820002.json,28f0355dc54afc725dfdfa9ff46e77db75232af1424a8bcad9b47b41c214aa36
confirmation,lowrank_noiseless,820002,fresh_residual,2.086401839804837e-05,7,7,115738,experiments/confirmation/results/lowrank_noiseless_820002.json,28f0355dc54afc725dfdfa9ff46e77db75232af1424a8bcad9b47b41c214aa36
confirmation,lowrank_noiseless,820002,learned_probe,2.4628783488228843e-05,7,7,93338,experiments/confirmation/results/lowrank_noiseless_820002.json,28f0355dc54afc725dfdfa9ff46e77db75232af1424a8bcad9b47b41c214aa36
confirmation,lowrank_noiseless,820002,random_replay128,2.898602222732921e-06,7,7,124285,experiments/confirmation/results/lowrank_noiseless_820002.json,28f0355dc54afc725dfdfa9ff46e77db75232af1424a8bcad9b47b41c214aa36
confirmation,lowrank_noiseless,820002,random_matched138,4.075736371501071e-06,7,7,124285,experiments/confirmation/results/lowrank_noiseless_820002.json,28f0355dc54afc725dfdfa9ff46e77db75232af1424a8bcad9b47b41c214aa36
confirmation,lowrank_noiseless,820002,fixed7_replay138,2.1617102276180255e-05,7,7,49469,experiments/confirmation/results/lowrank_noiseless_820002.json,28f0355dc54afc725dfdfa9ff46e77db75232af1424a8bcad9b47b41c214aa36
confirmation,lowrank_noiseless,820003,historical_moment,7.24718905538287e-06,7,7,113669,experiments/confirmation/results/lowrank_noiseless_820003.json,0080e575e771533d1b35acbac8d5e584ff5cedfbf83e9ced0dd7bef1db5457b7
confirmation,lowrank_noiseless,820003,reservoir_residual,2.889416632620153e-06,7,7,122551,experiments/confirmation/results/lowrank_noiseless_820003.json,0080e575e771533d1b35acbac8d5e584ff5cedfbf83e9ced0dd7bef1db5457b7
confirmation,lowrank_noiseless,820003,fresh_residual,7.763516839098522e-06,7,7,115738,experiments/confirmation/results/lowrank_noiseless_820003.json,0080e575e771533d1b35acbac8d5e584ff5cedfbf83e9ced0dd7bef1db5457b7
confirmation,lowrank_noiseless,820003,learned_probe,2.347426135307857e-05,7,7,93338,experiments/confirmation/results/lowrank_noiseless_820003.json,0080e575e771533d1b35acbac8d5e584ff5cedfbf83e9ced0dd7bef1db5457b7
confirmation,lowrank_noiseless,820003,random_replay128,2.2535334878927923e-06,7,7,124285,experiments/confirmation/results/lowrank_noiseless_820003.json,0080e575e771533d1b35acbac8d5e584ff5cedfbf83e9ced0dd7bef1db5457b7
confirmation,lowrank_noiseless,820003,random_matched138,1.2369506325721862e-05,7,7,124285,experiments/confirmation/results/lowrank_noiseless_820003.json,0080e575e771533d1b35acbac8d5e584ff5cedfbf83e9ced0dd7bef1db5457b7
confirmation,lowrank_noiseless,820003,fixed7_replay138,1.5426885544616379e-06,7,7,49469,experiments/confirmation/results/lowrank_noiseless_820003.json,0080e575e771533d1b35acbac8d5e584ff5cedfbf83e9ced0dd7bef1db5457b7
confirmation,lowrank_noiseless,820004,historical_moment,1.8587467511728376e-05,7,7,113669,experiments/confirmation/results/lowrank_noiseless_820004.json,f24bcc46c4c31ec251d0fd16bed5cca54832634e86d4d12a56067f083d1bac10
confirmation,lowrank_noiseless,820004,reservoir_residual,4.142771501269513e-06,7,7,122551,experiments/confirmation/results/lowrank_noiseless_820004.json,f24bcc46c4c31ec251d0fd16bed5cca54832634e86d4d12a56067f083d1bac10
confirmation,lowrank_noiseless,820004,fresh_residual,4.2704311920553104e-05,7,7,115738,experiments/confirmation/results/lowrank_noiseless_820004.json,f24bcc46c4c31ec251d0fd16bed5cca54832634e86d4d12a56067f083d1bac10
confirmation,lowrank_noiseless,820004,learned_probe,5.11902545565683e-05,7,7,93338,experiments/confirmation/results/lowrank_noiseless_820004.json,f24bcc46c4c31ec251d0fd16bed5cca54832634e86d4d12a56067f083d1bac10
confirmation,lowrank_noiseless,820004,random_replay128,0.00012675186976730143,7,7,124285,experiments/confirmation/results/lowrank_noiseless_820004.json,f24bcc46c4c31ec251d0fd16bed5cca54832634e86d4d12a56067f083d1bac10
confirmation,lowrank_noiseless,820004,random_matched138,2.7863153227404984e-06,7,7,124285,experiments/confirmation/results/lowrank_noiseless_820004.json,f24bcc46c4c31ec251d0fd16bed5cca54832634e86d4d12a56067f083d1bac10
confirmation,lowrank_noiseless,820004,fixed7_replay138,1.7281922916469e-05,7,7,49469,experiments/confirmation/results/lowrank_noiseless_820004.json,f24bcc46c4c31ec251d0fd16bed5cca54832634e86d4d12a56067f083d1bac10
confirmation,lowrank_noiseless,820005,historical_moment,2.0221028271374223e-05,7,7,113669,experiments/confirmation/results/lowrank_noiseless_820005.json,5986e858299c8553f89c9bd61d6e52209b2e2cd570bb645ec5317c75242fc7f5
confirmation,lowrank_noiseless,820005,reservoir_residual,2.8933859859243764e-06,7,7,122551,experiments/confirmation/results/lowrank_noiseless_820005.json,5986e858299c8553f89c9bd61d6e52209b2e2cd570bb645ec5317c75242fc7f5
confirmation,lowrank_noiseless,820005,fresh_residual,1.970490933205117e-05,7,7,115738,experiments/confirmation/results/lowrank_noiseless_820005.json,5986e858299c8553f89c9bd61d6e52209b2e2cd570bb645ec5317c75242fc7f5
confirmation,lowrank_noiseless,820005,learned_probe,3.788459874563635e-05,7,7,93338,experiments/confirmation/results/lowrank_noiseless_820005.json,5986e858299c8553f89c9bd61d6e52209b2e2cd570bb645ec5317c75242fc7f5
confirmation,lowrank_noiseless,820005,random_replay128,7.470269781878835e-06,7,7,124285,experiments/confirmation/results/lowrank_noiseless_820005.json,5986e858299c8553f89c9bd61d6e52209b2e2cd570bb645ec5317c75242fc7f5
confirmation,lowrank_noiseless,820005,random_matched138,6.651340126975822e-05,7,7,124285,experiments/confirmation/results/lowrank_noiseless_820005.json,5986e858299c8553f89c9bd61d6e52209b2e2cd570bb645ec5317c75242fc7f5
confirmation,lowrank_noiseless,820005,fixed7_replay138,5.666220709864356e-07,7,7,49469,experiments/confirmation/results/lowrank_noiseless_820005.json,5986e858299c8553f89c9bd61d6e52209b2e2cd570bb645ec5317c75242fc7f5
confirmation,lowrank_noiseless,820006,historical_moment,4.213373252305778e-05,7,7,113669,experiments/confirmation/results/lowrank_noiseless_820006.json,0849072de44091218818d560ffe3e735339b257cf29c75db334d2884b417fa46
confirmation,lowrank_noiseless,820006,reservoir_residual,3.837639045270965e-05,7,7,122551,experiments/confirmation/results/lowrank_noiseless_820006.json,0849072de44091218818d560ffe3e735339b257cf29c75db334d2884b417fa46
confirmation,lowrank_noiseless,820006,fresh_residual,0.00010911244897012365,7,7,115738,experiments/confirmation/results/lowrank_noiseless_820006.json,0849072de44091218818d560ffe3e735339b257cf29c75db334d2884b417fa46
confirmation,lowrank_noiseless,820006,learned_probe,1.5313427838213063e-05,7,7,93338,experiments/confirmation/results/lowrank_noiseless_820006.json,0849072de44091218818d560ffe3e735339b257cf29c75db334d2884b417fa46
confirmation,lowrank_noiseless,820006,random_replay128,3.0450272880161232e-06,7,7,124285,experiments/confirmation/results/lowrank_noiseless_820006.json,0849072de44091218818d560ffe3e735339b257cf29c75db334d2884b417fa46
confirmation,lowrank_noiseless,820006,random_matched138,6.565829019671272e-06,7,7,124285,experiments/confirmation/results/lowrank_noiseless_820006.json,0849072de44091218818d560ffe3e735339b257cf29c75db334d2884b417fa46
confirmation,lowrank_noiseless,820006,fixed7_replay138,7.34053005527722e-14,7,7,49469,experiments/confirmation/results/lowrank_noiseless_820006.json,0849072de44091218818d560ffe3e735339b257cf29c75db334d2884b417fa46
confirmation,lowrank_noiseless,820007,historical_moment,1.192258473724055e-05,7,7,113669,experiments/confirmation/results/lowrank_noiseless_820007.json,ab6b590f59b1f6f4a1f6e93000ab8fa6279c8523775fbd80a869fe3b6bf5f053
confirmation,lowrank_noiseless,820007,reservoir_residual,6.828509250961962e-06,7,7,122551,experiments/confirmation/results/lowrank_noiseless_820007.json,ab6b590f59b1f6f4a1f6e93000ab8fa6279c8523775fbd80a869fe3b6bf5f053
confirmation,lowrank_noiseless,820007,fresh_residual,7.396478741423023e-05,7,7,115738,experiments/confirmation/results/lowrank_noiseless_820007.json,ab6b590f59b1f6f4a1f6e93000ab8fa6279c8523775fbd80a869fe3b6bf5f053
confirmation,lowrank_noiseless,820007,learned_probe,7.154351373565742e-05,7,7,93338,experiments/confirmation/results/lowrank_noiseless_820007.json,ab6b590f59b1f6f4a1f6e93000ab8fa6279c8523775fbd80a869fe3b6bf5f053
confirmation,lowrank_noiseless,820007,random_replay128,1.060804967805592e-05,7,7,124285,experiments/confirmation/results/lowrank_noiseless_820007.json,ab6b590f59b1f6f4a1f6e93000ab8fa6279c8523775fbd80a869fe3b6bf5f053
confirmation,lowrank_noiseless,820007,random_matched138,1.1082503402596961e-05,7,7,124285,experiments/confirmation/results/lowrank_noiseless_820007.json,ab6b590f59b1f6f4a1f6e93000ab8fa6279c8523775fbd80a869fe3b6bf5f053
confirmation,lowrank_noiseless,820007,fixed7_replay138,2.049228927313649e-05,7,7,49469,experiments/confirmation/results/lowrank_noiseless_820007.json,ab6b590f59b1f6f4a1f6e93000ab8fa6279c8523775fbd80a869fe3b6bf5f053
confirmation,lowrank_noiseless,820008,historical_moment,4.33014514204668e-06,7,7,113669,experiments/confirmation/results/lowrank_noiseless_820008.json,d487faf37d6fab2a4ee85c03020e32aa04530dad50e8df5cf61df0d28e61b086
confirmation,lowrank_noiseless,820008,reservoir_residual,1.2778446614154464e-05,7,7,122551,experiments/confirmation/results/lowrank_noiseless_820008.json,d487faf37d6fab2a4ee85c03020e32aa04530dad50e8df5cf61df0d28e61b086
confirmation,lowrank_noiseless,820008,fresh_residual,8.730218630955111e-06,7,7,115738,experiments/confirmation/results/lowrank_noiseless_820008.json,d487faf37d6fab2a4ee85c03020e32aa04530dad50e8df5cf61df0d28e61b086
confirmation,lowrank_noiseless,820008,learned_probe,0.000482540082127979,7,7,93338,experiments/confirmation/results/lowrank_noiseless_820008.json,d487faf37d6fab2a4ee85c03020e32aa04530dad50e8df5cf61df0d28e61b086
confirmation,lowrank_noiseless,820008,random_replay128,1.2196844260250999e-05,7,7,124285,experiments/confirmation/results/lowrank_noiseless_820008.json,d487faf37d6fab2a4ee85c03020e32aa04530dad50e8df5cf61df0d28e61b086
confirmation,lowrank_noiseless,820008,random_matched138,1.8482449446612885e-05,7,7,124285,experiments/confirmation/results/lowrank_noiseless_820008.json,d487faf37d6fab2a4ee85c03020e32aa04530dad50e8df5cf61df0d28e61b086
confirmation,lowrank_noiseless,820008,fixed7_replay138,3.366778497813375e-05,7,7,49469,experiments/confirmation/results/lowrank_noiseless_820008.json,d487faf37d6fab2a4ee85c03020e32aa04530dad50e8df5cf61df0d28e61b086
confirmation,lowrank_noiseless,820009,historical_moment,8.039577372606016e-06,7,7,113669,experiments/confirmation/results/lowrank_noiseless_820009.json,967498ebaf413b97c780e6df02a47226da9d0dd1099a0b06fb42de44bd459cf6
confirmation,lowrank_noiseless,820009,reservoir_residual,7.910008092841612e-06,7,7,122551,experiments/confirmation/results/lowrank_noiseless_820009.json,967498ebaf413b97c780e6df02a47226da9d0dd1099a0b06fb42de44bd459cf6
confirmation,lowrank_noiseless,820009,fresh_residual,0.00014946131995559783,7,7,115738,experiments/confirmation/results/lowrank_noiseless_820009.json,967498ebaf413b97c780e6df02a47226da9d0dd1099a0b06fb42de44bd459cf6
confirmation,lowrank_noiseless,820009,learned_probe,0.00016429891894412333,7,7,93338,experiments/confirmation/results/lowrank_noiseless_820009.json,967498ebaf413b97c780e6df02a47226da9d0dd1099a0b06fb42de44bd459cf6
confirmation,lowrank_noiseless,820009,random_replay128,1.1841601770006019e-05,7,7,124285,experiments/confirmation/results/lowrank_noiseless_820009.json,967498ebaf413b97c780e6df02a47226da9d0dd1099a0b06fb42de44bd459cf6
confirmation,lowrank_noiseless,820009,random_matched138,5.3261809083619394e-06,7,7,124285,experiments/confirmation/results/lowrank_noiseless_820009.json,967498ebaf413b97c780e6df02a47226da9d0dd1099a0b06fb42de44bd459cf6
confirmation,lowrank_noiseless,820009,fixed7_replay138,2.6580070769597684e-05,7,7,49469,experiments/confirmation/results/lowrank_noiseless_820009.json,967498ebaf413b97c780e6df02a47226da9d0dd1099a0b06fb42de44bd459cf6
confirmation,lowrank_noiseless,820010,historical_moment,5.112824851998763e-05,7,7,113669,experiments/confirmation/results/lowrank_noiseless_820010.json,a86196f489477a71f31a0a4f81ccf0aaebffc9dd3e348e229a91d6e19af07439
confirmation,lowrank_noiseless,820010,reservoir_residual,4.694061883500512e-06,7,7,122551,experiments/confirmation/results/lowrank_noiseless_820010.json,a86196f489477a71f31a0a4f81ccf0aaebffc9dd3e348e229a91d6e19af07439
confirmation,lowrank_noiseless,820010,fresh_residual,1.8899978155165626e-05,7,7,115738,experiments/confirmation/results/lowrank_noiseless_820010.json,a86196f489477a71f31a0a4f81ccf0aaebffc9dd3e348e229a91d6e19af07439
confirmation,lowrank_noiseless,820010,learned_probe,4.477144637241562e-05,7,7,93338,experiments/confirmation/results/lowrank_noiseless_820010.json,a86196f489477a71f31a0a4f81ccf0aaebffc9dd3e348e229a91d6e19af07439
confirmation,lowrank_noiseless,820010,random_replay128,1.4958177492971968e-06,7,7,124285,experiments/confirmation/results/lowrank_noiseless_820010.json,a86196f489477a71f31a0a4f81ccf0aaebffc9dd3e348e229a91d6e19af07439
confirmation,lowrank_noiseless,820010,random_matched138,2.693646940225279e-06,7,7,124285,experiments/confirmation/results/lowrank_noiseless_820010.json,a86196f489477a71f31a0a4f81ccf0aaebffc9dd3e348e229a91d6e19af07439
confirmation,lowrank_noiseless,820010,fixed7_replay138,1.2605404994732923e-06,7,7,49469,experiments/confirmation/results/lowrank_noiseless_820010.json,a86196f489477a71f31a0a4f81ccf0aaebffc9dd3e348e229a91d6e19af07439
confirmation,lowrank_noiseless,820011,historical_moment,1.0018785652911124e-05,7,7,113669,experiments/confirmation/results/lowrank_noiseless_820011.json,ef12c5f2d9f431a1892eb5ebaee7185dfc0c4a86e10c824aac85117ec3a3c814
confirmation,lowrank_noiseless,820011,reservoir_residual,7.665559490516984e-06,7,7,122551,experiments/confirmation/results/lowrank_noiseless_820011.json,ef12c5f2d9f431a1892eb5ebaee7185dfc0c4a86e10c824aac85117ec3a3c814
confirmation,lowrank_noiseless,820011,fresh_residual,7.980706313508498e-06,7,7,115738,experiments/confirmation/results/lowrank_noiseless_820011.json,ef12c5f2d9f431a1892eb5ebaee7185dfc0c4a86e10c824aac85117ec3a3c814
confirmation,lowrank_noiseless,820011,learned_probe,3.376961971763489e-05,7,7,93338,experiments/confirmation/results/lowrank_noiseless_820011.json,ef12c5f2d9f431a1892eb5ebaee7185dfc0c4a86e10c824aac85117ec3a3c814
confirmation,lowrank_noiseless,820011,random_replay128,2.238575773843022e-06,7,7,124285,experiments/confirmation/results/lowrank_noiseless_820011.json,ef12c5f2d9f431a1892eb5ebaee7185dfc0c4a86e10c824aac85117ec3a3c814
confirmation,lowrank_noiseless,820011,random_matched138,7.471771776393998e-05,7,7,124285,experiments/confirmation/results/lowrank_noiseless_820011.json,ef12c5f2d9f431a1892eb5ebaee7185dfc0c4a86e10c824aac85117ec3a3c814
confirmation,lowrank_noiseless,820011,fixed7_replay138,2.86996589789926e-09,7,7,49469,experiments/confirmation/results/lowrank_noiseless_820011.json,ef12c5f2d9f431a1892eb5ebaee7185dfc0c4a86e10c824aac85117ec3a3c814
confirmation,nonlinear,820000,historical_moment,0.1639869498091241,7,7,113669,experiments/confirmation/results/nonlinear_820000.json,82aa53b93fd06ff1ea27354202ab2cfba466d8596ab2a0455575a6c006bd19b8
confirmation,nonlinear,820000,reservoir_residual,0.1675423375022185,7,7,122551,experiments/confirmation/results/nonlinear_820000.json,82aa53b93fd06ff1ea27354202ab2cfba466d8596ab2a0455575a6c006bd19b8
confirmation,nonlinear,820000,fresh_residual,0.1662800278707524,7,7,115738,experiments/confirmation/results/nonlinear_820000.json,82aa53b93fd06ff1ea27354202ab2cfba466d8596ab2a0455575a6c006bd19b8
confirmation,nonlinear,820000,learned_probe,0.165213151551902,7,7,93338,experiments/confirmation/results/nonlinear_820000.json,82aa53b93fd06ff1ea27354202ab2cfba466d8596ab2a0455575a6c006bd19b8
confirmation,nonlinear,820000,random_replay128,0.16443476225107662,7,7,124285,experiments/confirmation/results/nonlinear_820000.json,82aa53b93fd06ff1ea27354202ab2cfba466d8596ab2a0455575a6c006bd19b8
confirmation,nonlinear,820000,random_matched138,0.16430329533558558,7,7,124285,experiments/confirmation/results/nonlinear_820000.json,82aa53b93fd06ff1ea27354202ab2cfba466d8596ab2a0455575a6c006bd19b8
confirmation,nonlinear,820000,fixed7_replay138,0.1649510780944796,7,7,49469,experiments/confirmation/results/nonlinear_820000.json,82aa53b93fd06ff1ea27354202ab2cfba466d8596ab2a0455575a6c006bd19b8
confirmation,nonlinear,820001,historical_moment,0.16060809003555226,7,7,113669,experiments/confirmation/results/nonlinear_820001.json,a2fef84adbb8c2f900d8629faa5622045c027603a3e57e9ebb6c2a5430cd345e
confirmation,nonlinear,820001,reservoir_residual,0.15816463002156744,7,7,122551,experiments/confirmation/results/nonlinear_820001.json,a2fef84adbb8c2f900d8629faa5622045c027603a3e57e9ebb6c2a5430cd345e
confirmation,nonlinear,820001,fresh_residual,0.16217463943236518,7,7,115738,experiments/confirmation/results/nonlinear_820001.json,a2fef84adbb8c2f900d8629faa5622045c027603a3e57e9ebb6c2a5430cd345e
confirmation,nonlinear,820001,learned_probe,0.16477351291555264,7,7,93338,experiments/confirmation/results/nonlinear_820001.json,a2fef84adbb8c2f900d8629faa5622045c027603a3e57e9ebb6c2a5430cd345e
confirmation,nonlinear,820001,random_replay128,0.15846774711761333,7,7,124285,experiments/confirmation/results/nonlinear_820001.json,a2fef84adbb8c2f900d8629faa5622045c027603a3e57e9ebb6c2a5430cd345e
confirmation,nonlinear,820001,random_matched138,0.1579751286678647,7,7,124285,experiments/confirmation/results/nonlinear_820001.json,a2fef84adbb8c2f900d8629faa5622045c027603a3e57e9ebb6c2a5430cd345e
confirmation,nonlinear,820001,fixed7_replay138,0.16071264552789732,7,7,49469,experiments/confirmation/results/nonlinear_820001.json,a2fef84adbb8c2f900d8629faa5622045c027603a3e57e9ebb6c2a5430cd345e
confirmation,nonlinear,820002,historical_moment,0.1594866152281989,7,7,113669,experiments/confirmation/results/nonlinear_820002.json,a80c2eee376d00804110c22fabdadbc24a6a602c3f9ffbcac8b650f747050680
confirmation,nonlinear,820002,reservoir_residual,0.16363296148497947,7,7,122551,experiments/confirmation/results/nonlinear_820002.json,a80c2eee376d00804110c22fabdadbc24a6a602c3f9ffbcac8b650f747050680
confirmation,nonlinear,820002,fresh_residual,0.1680198098135029,7,7,115738,experiments/confirmation/results/nonlinear_820002.json,a80c2eee376d00804110c22fabdadbc24a6a602c3f9ffbcac8b650f747050680
confirmation,nonlinear,820002,learned_probe,0.16235381324662237,7,7,93338,experiments/confirmation/results/nonlinear_820002.json,a80c2eee376d00804110c22fabdadbc24a6a602c3f9ffbcac8b650f747050680
confirmation,nonlinear,820002,random_replay128,0.16029576633598897,7,7,124285,experiments/confirmation/results/nonlinear_820002.json,a80c2eee376d00804110c22fabdadbc24a6a602c3f9ffbcac8b650f747050680
confirmation,nonlinear,820002,random_matched138,0.15886438219801977,7,7,124285,experiments/confirmation/results/nonlinear_820002.json,a80c2eee376d00804110c22fabdadbc24a6a602c3f9ffbcac8b650f747050680
confirmation,nonlinear,820002,fixed7_replay138,0.15752289548119625,7,7,49469,experiments/confirmation/results/nonlinear_820002.json,a80c2eee376d00804110c22fabdadbc24a6a602c3f9ffbcac8b650f747050680
confirmation,nonlinear,820003,historical_moment,0.1668195513565549,7,7,113669,experiments/confirmation/results/nonlinear_820003.json,9aba17e878b0e59bbbf4013378ff2ee06891de1e3a2cb04984b2488d7e00e82c
confirmation,nonlinear,820003,reservoir_residual,0.16244535906457186,7,7,122551,experiments/confirmation/results/nonlinear_820003.json,9aba17e878b0e59bbbf4013378ff2ee06891de1e3a2cb04984b2488d7e00e82c
confirmation,nonlinear,820003,fresh_residual,0.17572124302011058,7,7,115738,experiments/confirmation/results/nonlinear_820003.json,9aba17e878b0e59bbbf4013378ff2ee06891de1e3a2cb04984b2488d7e00e82c
confirmation,nonlinear,820003,learned_probe,0.1847260787468654,7,7,93338,experiments/confirmation/results/nonlinear_820003.json,9aba17e878b0e59bbbf4013378ff2ee06891de1e3a2cb04984b2488d7e00e82c
confirmation,nonlinear,820003,random_replay128,0.1633295484887216,7,7,124285,experiments/confirmation/results/nonlinear_820003.json,9aba17e878b0e59bbbf4013378ff2ee06891de1e3a2cb04984b2488d7e00e82c
confirmation,nonlinear,820003,random_matched138,0.1607698451148917,7,7,124285,experiments/confirmation/results/nonlinear_820003.json,9aba17e878b0e59bbbf4013378ff2ee06891de1e3a2cb04984b2488d7e00e82c
confirmation,nonlinear,820003,fixed7_replay138,0.1620677456067366,7,7,49469,experiments/confirmation/results/nonlinear_820003.json,9aba17e878b0e59bbbf4013378ff2ee06891de1e3a2cb04984b2488d7e00e82c
confirmation,nonlinear,820004,historical_moment,0.15923894275768435,7,7,113669,experiments/confirmation/results/nonlinear_820004.json,b3c0a913cd4a66b29f03bf894f5bbdfbac90eaed828df37f5e8c38e6a145f85c
confirmation,nonlinear,820004,reservoir_residual,0.1600704280715675,7,7,122551,experiments/confirmation/results/nonlinear_820004.json,b3c0a913cd4a66b29f03bf894f5bbdfbac90eaed828df37f5e8c38e6a145f85c
confirmation,nonlinear,820004,fresh_residual,0.16595509563064006,7,7,115738,experiments/confirmation/results/nonlinear_820004.json,b3c0a913cd4a66b29f03bf894f5bbdfbac90eaed828df37f5e8c38e6a145f85c
confirmation,nonlinear,820004,learned_probe,0.15983030569550974,7,7,93338,experiments/confirmation/results/nonlinear_820004.json,b3c0a913cd4a66b29f03bf894f5bbdfbac90eaed828df37f5e8c38e6a145f85c
confirmation,nonlinear,820004,random_replay128,0.1600961006961765,7,7,124285,experiments/confirmation/results/nonlinear_820004.json,b3c0a913cd4a66b29f03bf894f5bbdfbac90eaed828df37f5e8c38e6a145f85c
confirmation,nonlinear,820004,random_matched138,0.16102483607869006,7,7,124285,experiments/confirmation/results/nonlinear_820004.json,b3c0a913cd4a66b29f03bf894f5bbdfbac90eaed828df37f5e8c38e6a145f85c
confirmation,nonlinear,820004,fixed7_replay138,0.16273953185158266,7,7,49469,experiments/confirmation/results/nonlinear_820004.json,b3c0a913cd4a66b29f03bf894f5bbdfbac90eaed828df37f5e8c38e6a145f85c
confirmation,nonlinear,820005,historical_moment,0.16190950667170542,7,7,113669,experiments/confirmation/results/nonlinear_820005.json,8df9f0581466c37e25c6f31abda3f6e883f861b41b523cb8f0eb912b4ef64591
confirmation,nonlinear,820005,reservoir_residual,0.171984624618831,7,7,122551,experiments/confirmation/results/nonlinear_820005.json,8df9f0581466c37e25c6f31abda3f6e883f861b41b523cb8f0eb912b4ef64591
confirmation,nonlinear,820005,fresh_residual,0.16620401523315162,7,7,115738,experiments/confirmation/results/nonlinear_820005.json,8df9f0581466c37e25c6f31abda3f6e883f861b41b523cb8f0eb912b4ef64591
confirmation,nonlinear,820005,learned_probe,0.17488735085264648,7,7,93338,experiments/confirmation/results/nonlinear_820005.json,8df9f0581466c37e25c6f31abda3f6e883f861b41b523cb8f0eb912b4ef64591
confirmation,nonlinear,820005,random_replay128,0.16736283416805356,7,7,124285,experiments/confirmation/results/nonlinear_820005.json,8df9f0581466c37e25c6f31abda3f6e883f861b41b523cb8f0eb912b4ef64591
confirmation,nonlinear,820005,random_matched138,0.1694596795518821,7,7,124285,experiments/confirmation/results/nonlinear_820005.json,8df9f0581466c37e25c6f31abda3f6e883f861b41b523cb8f0eb912b4ef64591
confirmation,nonlinear,820005,fixed7_replay138,0.16462431342513567,7,7,49469,experiments/confirmation/results/nonlinear_820005.json,8df9f0581466c37e25c6f31abda3f6e883f861b41b523cb8f0eb912b4ef64591
confirmation,nonlinear,820006,historical_moment,0.16110854572075015,7,7,113669,experiments/confirmation/results/nonlinear_820006.json,3b1dec05efbde55859c1761382abd725ccddfe68f175fcdace18f2e9c307a0dc
confirmation,nonlinear,820006,reservoir_residual,0.19022210680958943,7,7,122551,experiments/confirmation/results/nonlinear_820006.json,3b1dec05efbde55859c1761382abd725ccddfe68f175fcdace18f2e9c307a0dc
confirmation,nonlinear,820006,fresh_residual,0.17421634910986383,7,7,115738,experiments/confirmation/results/nonlinear_820006.json,3b1dec05efbde55859c1761382abd725ccddfe68f175fcdace18f2e9c307a0dc
confirmation,nonlinear,820006,learned_probe,0.1637599825749672,7,7,93338,experiments/confirmation/results/nonlinear_820006.json,3b1dec05efbde55859c1761382abd725ccddfe68f175fcdace18f2e9c307a0dc
confirmation,nonlinear,820006,random_replay128,0.1572521941150022,7,7,124285,experiments/confirmation/results/nonlinear_820006.json,3b1dec05efbde55859c1761382abd725ccddfe68f175fcdace18f2e9c307a0dc
confirmation,nonlinear,820006,random_matched138,0.18618686338863855,7,7,124285,experiments/confirmation/results/nonlinear_820006.json,3b1dec05efbde55859c1761382abd725ccddfe68f175fcdace18f2e9c307a0dc
confirmation,nonlinear,820006,fixed7_replay138,0.1821299182649794,7,7,49469,experiments/confirmation/results/nonlinear_820006.json,3b1dec05efbde55859c1761382abd725ccddfe68f175fcdace18f2e9c307a0dc
confirmation,nonlinear,820007,historical_moment,0.16383286990676926,7,7,113669,experiments/confirmation/results/nonlinear_820007.json,4a4fe6dc544f3548e2ecc3f1e9f4d07d3283fc156992c8273a823b5447e1a9f8
confirmation,nonlinear,820007,reservoir_residual,0.15895076938541483,7,7,122551,experiments/confirmation/results/nonlinear_820007.json,4a4fe6dc544f3548e2ecc3f1e9f4d07d3283fc156992c8273a823b5447e1a9f8
confirmation,nonlinear,820007,fresh_residual,0.15833234369044208,7,7,115738,experiments/confirmation/results/nonlinear_820007.json,4a4fe6dc544f3548e2ecc3f1e9f4d07d3283fc156992c8273a823b5447e1a9f8
confirmation,nonlinear,820007,learned_probe,0.16650268326281456,7,7,93338,experiments/confirmation/results/nonlinear_820007.json,4a4fe6dc544f3548e2ecc3f1e9f4d07d3283fc156992c8273a823b5447e1a9f8
confirmation,nonlinear,820007,random_replay128,0.1579133668898352,7,7,124285,experiments/confirmation/results/nonlinear_820007.json,4a4fe6dc544f3548e2ecc3f1e9f4d07d3283fc156992c8273a823b5447e1a9f8
confirmation,nonlinear,820007,random_matched138,0.15999858946084022,7,7,124285,experiments/confirmation/results/nonlinear_820007.json,4a4fe6dc544f3548e2ecc3f1e9f4d07d3283fc156992c8273a823b5447e1a9f8
confirmation,nonlinear,820007,fixed7_replay138,0.15952980562394947,7,7,49469,experiments/confirmation/results/nonlinear_820007.json,4a4fe6dc544f3548e2ecc3f1e9f4d07d3283fc156992c8273a823b5447e1a9f8
confirmation,nonlinear,820008,historical_moment,0.15782243486240768,7,7,113669,experiments/confirmation/results/nonlinear_820008.json,c97a2cc83a4a8cdbef4bce5c30b0398c9a03728674d33f48de0d9b23236b7b99
confirmation,nonlinear,820008,reservoir_residual,0.15735031276514794,7,7,122551,experiments/confirmation/results/nonlinear_820008.json,c97a2cc83a4a8cdbef4bce5c30b0398c9a03728674d33f48de0d9b23236b7b99
confirmation,nonlinear,820008,fresh_residual,0.15779307691761152,7,7,115738,experiments/confirmation/results/nonlinear_820008.json,c97a2cc83a4a8cdbef4bce5c30b0398c9a03728674d33f48de0d9b23236b7b99
confirmation,nonlinear,820008,learned_probe,0.18065302581051804,7,7,93338,experiments/confirmation/results/nonlinear_820008.json,c97a2cc83a4a8cdbef4bce5c30b0398c9a03728674d33f48de0d9b23236b7b99
confirmation,nonlinear,820008,random_replay128,0.15775508690326207,7,7,124285,experiments/confirmation/results/nonlinear_820008.json,c97a2cc83a4a8cdbef4bce5c30b0398c9a03728674d33f48de0d9b23236b7b99
confirmation,nonlinear,820008,random_matched138,0.15428753779033866,7,7,124285,experiments/confirmation/results/nonlinear_820008.json,c97a2cc83a4a8cdbef4bce5c30b0398c9a03728674d33f48de0d9b23236b7b99
confirmation,nonlinear,820008,fixed7_replay138,0.15637190384781174,7,7,49469,experiments/confirmation/results/nonlinear_820008.json,c97a2cc83a4a8cdbef4bce5c30b0398c9a03728674d33f48de0d9b23236b7b99
confirmation,nonlinear,820009,historical_moment,0.1693298242239116,7,7,113669,experiments/confirmation/results/nonlinear_820009.json,de589bfa1439b7eb4a73c8ce6276be3b0dd5a4a00c94973a07db19acb741f5d2
confirmation,nonlinear,820009,reservoir_residual,0.16842549936982462,7,7,122551,experiments/confirmation/results/nonlinear_820009.json,de589bfa1439b7eb4a73c8ce6276be3b0dd5a4a00c94973a07db19acb741f5d2
confirmation,nonlinear,820009,fresh_residual,0.16197132851712517,7,7,115738,experiments/confirmation/results/nonlinear_820009.json,de589bfa1439b7eb4a73c8ce6276be3b0dd5a4a00c94973a07db19acb741f5d2
confirmation,nonlinear,820009,learned_probe,0.1608855700898085,7,7,93338,experiments/confirmation/results/nonlinear_820009.json,de589bfa1439b7eb4a73c8ce6276be3b0dd5a4a00c94973a07db19acb741f5d2
confirmation,nonlinear,820009,random_replay128,0.1642420068412782,7,7,124285,experiments/confirmation/results/nonlinear_820009.json,de589bfa1439b7eb4a73c8ce6276be3b0dd5a4a00c94973a07db19acb741f5d2
confirmation,nonlinear,820009,random_matched138,0.16592969502206054,7,7,124285,experiments/confirmation/results/nonlinear_820009.json,de589bfa1439b7eb4a73c8ce6276be3b0dd5a4a00c94973a07db19acb741f5d2
confirmation,nonlinear,820009,fixed7_replay138,0.16582681806554483,7,7,49469,experiments/confirmation/results/nonlinear_820009.json,de589bfa1439b7eb4a73c8ce6276be3b0dd5a4a00c94973a07db19acb741f5d2
confirmation,nonlinear,820010,historical_moment,0.1630348190943396,7,7,113669,experiments/confirmation/results/nonlinear_820010.json,12e9b64d5b1cafc0411f8b1dce3e147f3f3f5fdaf70ece8d7e12dfcd8dcb62c1
confirmation,nonlinear,820010,reservoir_residual,0.16715084769385224,7,7,122551,experiments/confirmation/results/nonlinear_820010.json,12e9b64d5b1cafc0411f8b1dce3e147f3f3f5fdaf70ece8d7e12dfcd8dcb62c1
confirmation,nonlinear,820010,fresh_residual,0.17429066363807158,7,7,115738,experiments/confirmation/results/nonlinear_820010.json,12e9b64d5b1cafc0411f8b1dce3e147f3f3f5fdaf70ece8d7e12dfcd8dcb62c1
confirmation,nonlinear,820010,learned_probe,0.15672168979456713,7,7,93338,experiments/confirmation/results/nonlinear_820010.json,12e9b64d5b1cafc0411f8b1dce3e147f3f3f5fdaf70ece8d7e12dfcd8dcb62c1
confirmation,nonlinear,820010,random_replay128,0.15692004957259292,7,7,124285,experiments/confirmation/results/nonlinear_820010.json,12e9b64d5b1cafc0411f8b1dce3e147f3f3f5fdaf70ece8d7e12dfcd8dcb62c1
confirmation,nonlinear,820010,random_matched138,0.16323194431252178,7,7,124285,experiments/confirmation/results/nonlinear_820010.json,12e9b64d5b1cafc0411f8b1dce3e147f3f3f5fdaf70ece8d7e12dfcd8dcb62c1
confirmation,nonlinear,820010,fixed7_replay138,0.1611865891704341,7,7,49469,experiments/confirmation/results/nonlinear_820010.json,12e9b64d5b1cafc0411f8b1dce3e147f3f3f5fdaf70ece8d7e12dfcd8dcb62c1
confirmation,nonlinear,820011,historical_moment,0.15573085300887246,7,7,113669,experiments/confirmation/results/nonlinear_820011.json,99a161c5de639416d3c269c6b1f22c594c9d7a94acd2e48c3254c32b1e60b94b
confirmation,nonlinear,820011,reservoir_residual,0.15302687626004055,7,7,122551,experiments/confirmation/results/nonlinear_820011.json,99a161c5de639416d3c269c6b1f22c594c9d7a94acd2e48c3254c32b1e60b94b
confirmation,nonlinear,820011,fresh_residual,0.15828038270610492,7,7,115738,experiments/confirmation/results/nonlinear_820011.json,99a161c5de639416d3c269c6b1f22c594c9d7a94acd2e48c3254c32b1e60b94b
confirmation,nonlinear,820011,learned_probe,0.15602479624839438,7,7,93338,experiments/confirmation/results/nonlinear_820011.json,99a161c5de639416d3c269c6b1f22c594c9d7a94acd2e48c3254c32b1e60b94b
confirmation,nonlinear,820011,random_replay128,0.15504112574711632,7,7,124285,experiments/confirmation/results/nonlinear_820011.json,99a161c5de639416d3c269c6b1f22c594c9d7a94acd2e48c3254c32b1e60b94b
confirmation,nonlinear,820011,random_matched138,0.1533314843628977,7,7,124285,experiments/confirmation/results/nonlinear_820011.json,99a161c5de639416d3c269c6b1f22c594c9d7a94acd2e48c3254c32b1e60b94b
confirmation,nonlinear,820011,fixed7_replay138,0.15359072120440315,7,7,49469,experiments/confirmation/results/nonlinear_820011.json,99a161c5de639416d3c269c6b1f22c594c9d7a94acd2e48c3254c32b1e60b94b
confirmation,null,820000,historical_moment,0.26289734550336585,7,7,113669,experiments/confirmation/results/null_820000.json,406be5ed6eecc51cad656618dba401af73092076def389b3cc59d8dbefb0b0d2
confirmation,null,820000,reservoir_residual,0.256600525695816,7,7,122551,experiments/confirmation/results/null_820000.json,406be5ed6eecc51cad656618dba401af73092076def389b3cc59d8dbefb0b0d2
confirmation,null,820000,fresh_residual,0.2604124535623642,7,7,115738,experiments/confirmation/results/null_820000.json,406be5ed6eecc51cad656618dba401af73092076def389b3cc59d8dbefb0b0d2
confirmation,null,820000,learned_probe,0.2529654580188016,7,7,93338,experiments/confirmation/results/null_820000.json,406be5ed6eecc51cad656618dba401af73092076def389b3cc59d8dbefb0b0d2
confirmation,null,820000,random_replay128,0.2620406630597798,7,7,124285,experiments/confirmation/results/null_820000.json,406be5ed6eecc51cad656618dba401af73092076def389b3cc59d8dbefb0b0d2
confirmation,null,820000,random_matched138,0.2596997726479618,7,7,124285,experiments/confirmation/results/null_820000.json,406be5ed6eecc51cad656618dba401af73092076def389b3cc59d8dbefb0b0d2
confirmation,null,820000,fixed7_replay138,0.26028693642861184,7,7,49469,experiments/confirmation/results/null_820000.json,406be5ed6eecc51cad656618dba401af73092076def389b3cc59d8dbefb0b0d2
confirmation,null,820001,historical_moment,0.25393301417082115,7,7,113669,experiments/confirmation/results/null_820001.json,a442f5f233b7d92bd841d5a4746f77dd8bccb9dd9f63239d6eb21d4b67ca41f2
confirmation,null,820001,reservoir_residual,0.2595176640583631,7,7,122551,experiments/confirmation/results/null_820001.json,a442f5f233b7d92bd841d5a4746f77dd8bccb9dd9f63239d6eb21d4b67ca41f2
confirmation,null,820001,fresh_residual,0.2509459412333143,7,7,115738,experiments/confirmation/results/null_820001.json,a442f5f233b7d92bd841d5a4746f77dd8bccb9dd9f63239d6eb21d4b67ca41f2
confirmation,null,820001,learned_probe,0.253685378661114,7,7,93338,experiments/confirmation/results/null_820001.json,a442f5f233b7d92bd841d5a4746f77dd8bccb9dd9f63239d6eb21d4b67ca41f2
confirmation,null,820001,random_replay128,0.2565180864057901,7,7,124285,experiments/confirmation/results/null_820001.json,a442f5f233b7d92bd841d5a4746f77dd8bccb9dd9f63239d6eb21d4b67ca41f2
confirmation,null,820001,random_matched138,0.2568458277302015,7,7,124285,experiments/confirmation/results/null_820001.json,a442f5f233b7d92bd841d5a4746f77dd8bccb9dd9f63239d6eb21d4b67ca41f2
confirmation,null,820001,fixed7_replay138,0.2572039045736136,7,7,49469,experiments/confirmation/results/null_820001.json,a442f5f233b7d92bd841d5a4746f77dd8bccb9dd9f63239d6eb21d4b67ca41f2
confirmation,null,820002,historical_moment,0.2571652928368399,7,7,113669,experiments/confirmation/results/null_820002.json,6d9c3a4985be5e001edca0007dfec9c2b7f094816556f35eb7040b261d0248be
confirmation,null,820002,reservoir_residual,0.25655813445863224,7,7,122551,experiments/confirmation/results/null_820002.json,6d9c3a4985be5e001edca0007dfec9c2b7f094816556f35eb7040b261d0248be
confirmation,null,820002,fresh_residual,0.25918639084239165,7,7,115738,experiments/confirmation/results/null_820002.json,6d9c3a4985be5e001edca0007dfec9c2b7f094816556f35eb7040b261d0248be
confirmation,null,820002,learned_probe,0.2533883899374058,7,7,93338,experiments/confirmation/results/null_820002.json,6d9c3a4985be5e001edca0007dfec9c2b7f094816556f35eb7040b261d0248be
confirmation,null,820002,random_replay128,0.25893593757437516,7,7,124285,experiments/confirmation/results/null_820002.json,6d9c3a4985be5e001edca0007dfec9c2b7f094816556f35eb7040b261d0248be
confirmation,null,820002,random_matched138,0.2559065041729763,7,7,124285,experiments/confirmation/results/null_820002.json,6d9c3a4985be5e001edca0007dfec9c2b7f094816556f35eb7040b261d0248be
confirmation,null,820002,fixed7_replay138,0.2618521591619107,7,7,49469,experiments/confirmation/results/null_820002.json,6d9c3a4985be5e001edca0007dfec9c2b7f094816556f35eb7040b261d0248be
confirmation,null,820003,historical_moment,0.2750160588175069,7,7,113669,experiments/confirmation/results/null_820003.json,a11029c2ba68ec8a61e69eb7367c312eadea2b0551a66561b42d6369fc602e0a
confirmation,null,820003,reservoir_residual,0.25990890821350304,7,7,122551,experiments/confirmation/results/null_820003.json,a11029c2ba68ec8a61e69eb7367c312eadea2b0551a66561b42d6369fc602e0a
confirmation,null,820003,fresh_residual,0.26857500711835963,7,7,115738,experiments/confirmation/results/null_820003.json,a11029c2ba68ec8a61e69eb7367c312eadea2b0551a66561b42d6369fc602e0a
confirmation,null,820003,learned_probe,0.2546432700567644,7,7,93338,experiments/confirmation/results/null_820003.json,a11029c2ba68ec8a61e69eb7367c312eadea2b0551a66561b42d6369fc602e0a
confirmation,null,820003,random_replay128,0.25778330647472947,7,7,124285,experiments/confirmation/results/null_820003.json,a11029c2ba68ec8a61e69eb7367c312eadea2b0551a66561b42d6369fc602e0a
confirmation,null,820003,random_matched138,0.25343505607894307,7,7,124285,experiments/confirmation/results/null_820003.json,a11029c2ba68ec8a61e69eb7367c312eadea2b0551a66561b42d6369fc602e0a
confirmation,null,820003,fixed7_replay138,0.25465886822681233,7,7,49469,experiments/confirmation/results/null_820003.json,a11029c2ba68ec8a61e69eb7367c312eadea2b0551a66561b42d6369fc602e0a
confirmation,null,820004,historical_moment,0.2627522553736988,7,7,113669,experiments/confirmation/results/null_820004.json,c36c0b26d4e0c2eaec60149a2229b54a1cdefcbc78757c27e5445063475b1859
confirmation,null,820004,reservoir_residual,0.26017569662275086,7,7,122551,experiments/confirmation/results/null_820004.json,c36c0b26d4e0c2eaec60149a2229b54a1cdefcbc78757c27e5445063475b1859
confirmation,null,820004,fresh_residual,0.2584560207913398,7,7,115738,experiments/confirmation/results/null_820004.json,c36c0b26d4e0c2eaec60149a2229b54a1cdefcbc78757c27e5445063475b1859
confirmation,null,820004,learned_probe,0.2747713182703362,7,7,93338,experiments/confirmation/results/null_820004.json,c36c0b26d4e0c2eaec60149a2229b54a1cdefcbc78757c27e5445063475b1859
confirmation,null,820004,random_replay128,0.2600051878079869,7,7,124285,experiments/confirmation/results/null_820004.json,c36c0b26d4e0c2eaec60149a2229b54a1cdefcbc78757c27e5445063475b1859
confirmation,null,820004,random_matched138,0.25201648140134564,7,7,124285,experiments/confirmation/results/null_820004.json,c36c0b26d4e0c2eaec60149a2229b54a1cdefcbc78757c27e5445063475b1859
confirmation,null,820004,fixed7_replay138,0.2539328037030052,7,7,49469,experiments/confirmation/results/null_820004.json,c36c0b26d4e0c2eaec60149a2229b54a1cdefcbc78757c27e5445063475b1859
confirmation,null,820005,historical_moment,0.2577787818326957,7,7,113669,experiments/confirmation/results/null_820005.json,e7679c4934da0a803b3697294efaf499fb86e2884971225f47a582b05673297a
confirmation,null,820005,reservoir_residual,0.25560363651542595,7,7,122551,experiments/confirmation/results/null_820005.json,e7679c4934da0a803b3697294efaf499fb86e2884971225f47a582b05673297a
confirmation,null,820005,fresh_residual,0.2527647648921741,7,7,115738,experiments/confirmation/results/null_820005.json,e7679c4934da0a803b3697294efaf499fb86e2884971225f47a582b05673297a
confirmation,null,820005,learned_probe,0.2575657916135285,7,7,93338,experiments/confirmation/results/null_820005.json,e7679c4934da0a803b3697294efaf499fb86e2884971225f47a582b05673297a
confirmation,null,820005,random_replay128,0.25755839596292945,7,7,124285,experiments/confirmation/results/null_820005.json,e7679c4934da0a803b3697294efaf499fb86e2884971225f47a582b05673297a
confirmation,null,820005,random_matched138,0.2637295490604668,7,7,124285,experiments/confirmation/results/null_820005.json,e7679c4934da0a803b3697294efaf499fb86e2884971225f47a582b05673297a
confirmation,null,820005,fixed7_replay138,0.2551184382333864,7,7,49469,experiments/confirmation/results/null_820005.json,e7679c4934da0a803b3697294efaf499fb86e2884971225f47a582b05673297a
confirmation,null,820006,historical_moment,0.26306183963703933,7,7,113669,experiments/confirmation/results/null_820006.json,608b02fd80ac54333f13636228802e22e86185ce1a52a9db9a30992558504cda
confirmation,null,820006,reservoir_residual,0.2588678821727395,7,7,122551,experiments/confirmation/results/null_820006.json,608b02fd80ac54333f13636228802e22e86185ce1a52a9db9a30992558504cda
confirmation,null,820006,fresh_residual,0.26588087931050325,7,7,115738,experiments/confirmation/results/null_820006.json,608b02fd80ac54333f13636228802e22e86185ce1a52a9db9a30992558504cda
confirmation,null,820006,learned_probe,0.25111232796343497,7,7,93338,experiments/confirmation/results/null_820006.json,608b02fd80ac54333f13636228802e22e86185ce1a52a9db9a30992558504cda
confirmation,null,820006,random_replay128,0.26000152161368323,7,7,124285,experiments/confirmation/results/null_820006.json,608b02fd80ac54333f13636228802e22e86185ce1a52a9db9a30992558504cda
confirmation,null,820006,random_matched138,0.2584725474445489,7,7,124285,experiments/confirmation/results/null_820006.json,608b02fd80ac54333f13636228802e22e86185ce1a52a9db9a30992558504cda
confirmation,null,820006,fixed7_replay138,0.2580827559468943,7,7,49469,experiments/confirmation/results/null_820006.json,608b02fd80ac54333f13636228802e22e86185ce1a52a9db9a30992558504cda
confirmation,null,820007,historical_moment,0.2595841822942484,7,7,113669,experiments/confirmation/results/null_820007.json,f372c8fae5295310ededec8cff7587296e16de9ad423f2824d6c892cad727c86
confirmation,null,820007,reservoir_residual,0.25846617010491485,7,7,122551,experiments/confirmation/results/null_820007.json,f372c8fae5295310ededec8cff7587296e16de9ad423f2824d6c892cad727c86
confirmation,null,820007,fresh_residual,0.2546613580572713,7,7,115738,experiments/confirmation/results/null_820007.json,f372c8fae5295310ededec8cff7587296e16de9ad423f2824d6c892cad727c86
confirmation,null,820007,learned_probe,0.2544485526717044,7,7,93338,experiments/confirmation/results/null_820007.json,f372c8fae5295310ededec8cff7587296e16de9ad423f2824d6c892cad727c86
confirmation,null,820007,random_replay128,0.25705699423448386,7,7,124285,experiments/confirmation/results/null_820007.json,f372c8fae5295310ededec8cff7587296e16de9ad423f2824d6c892cad727c86
confirmation,null,820007,random_matched138,0.25467057024184664,7,7,124285,experiments/confirmation/results/null_820007.json,f372c8fae5295310ededec8cff7587296e16de9ad423f2824d6c892cad727c86
confirmation,null,820007,fixed7_replay138,0.25668190843385225,7,7,49469,experiments/confirmation/results/null_820007.json,f372c8fae5295310ededec8cff7587296e16de9ad423f2824d6c892cad727c86
confirmation,null,820008,historical_moment,0.2622941950068894,7,7,113669,experiments/confirmation/results/null_820008.json,36d829edaf8eb28e5fcd65c50c537c2ec876a272dac5e144ac5a1b137ecce602
confirmation,null,820008,reservoir_residual,0.26172253048109667,7,7,122551,experiments/confirmation/results/null_820008.json,36d829edaf8eb28e5fcd65c50c537c2ec876a272dac5e144ac5a1b137ecce602
confirmation,null,820008,fresh_residual,0.26705343550169297,7,7,115738,experiments/confirmation/results/null_820008.json,36d829edaf8eb28e5fcd65c50c537c2ec876a272dac5e144ac5a1b137ecce602
confirmation,null,820008,learned_probe,0.25972469545067933,7,7,93338,experiments/confirmation/results/null_820008.json,36d829edaf8eb28e5fcd65c50c537c2ec876a272dac5e144ac5a1b137ecce602
confirmation,null,820008,random_replay128,0.25495459958565075,7,7,124285,experiments/confirmation/results/null_820008.json,36d829edaf8eb28e5fcd65c50c537c2ec876a272dac5e144ac5a1b137ecce602
confirmation,null,820008,random_matched138,0.25977623846190256,7,7,124285,experiments/confirmation/results/null_820008.json,36d829edaf8eb28e5fcd65c50c537c2ec876a272dac5e144ac5a1b137ecce602
confirmation,null,820008,fixed7_replay138,0.26040658735090627,7,7,49469,experiments/confirmation/results/null_820008.json,36d829edaf8eb28e5fcd65c50c537c2ec876a272dac5e144ac5a1b137ecce602
confirmation,null,820009,historical_moment,0.25906470868394066,7,7,113669,experiments/confirmation/results/null_820009.json,cb6ae15f5d854d63cee19ff06c06b964aa0124d0455598ea8e6cb1c8a6edcd7b
confirmation,null,820009,reservoir_residual,0.2553542363187136,7,7,122551,experiments/confirmation/results/null_820009.json,cb6ae15f5d854d63cee19ff06c06b964aa0124d0455598ea8e6cb1c8a6edcd7b
confirmation,null,820009,fresh_residual,0.2512730798615144,7,7,115738,experiments/confirmation/results/null_820009.json,cb6ae15f5d854d63cee19ff06c06b964aa0124d0455598ea8e6cb1c8a6edcd7b
confirmation,null,820009,learned_probe,0.25592630585192844,7,7,93338,experiments/confirmation/results/null_820009.json,cb6ae15f5d854d63cee19ff06c06b964aa0124d0455598ea8e6cb1c8a6edcd7b
confirmation,null,820009,random_replay128,0.2593206858478998,7,7,124285,experiments/confirmation/results/null_820009.json,cb6ae15f5d854d63cee19ff06c06b964aa0124d0455598ea8e6cb1c8a6edcd7b
confirmation,null,820009,random_matched138,0.2572954011873165,7,7,124285,experiments/confirmation/results/null_820009.json,cb6ae15f5d854d63cee19ff06c06b964aa0124d0455598ea8e6cb1c8a6edcd7b
confirmation,null,820009,fixed7_replay138,0.2543724687032435,7,7,49469,experiments/confirmation/results/null_820009.json,cb6ae15f5d854d63cee19ff06c06b964aa0124d0455598ea8e6cb1c8a6edcd7b
confirmation,null,820010,historical_moment,0.2536844174173437,7,7,113669,experiments/confirmation/results/null_820010.json,fbec2c85f1f6d5b691f34193a5f03e81b0c00038e54e0e93ee635d344482712d
confirmation,null,820010,reservoir_residual,0.2533905712769007,7,7,122551,experiments/confirmation/results/null_820010.json,fbec2c85f1f6d5b691f34193a5f03e81b0c00038e54e0e93ee635d344482712d
confirmation,null,820010,fresh_residual,0.2527233903870134,7,7,115738,experiments/confirmation/results/null_820010.json,fbec2c85f1f6d5b691f34193a5f03e81b0c00038e54e0e93ee635d344482712d
confirmation,null,820010,learned_probe,0.252756815939591,7,7,93338,experiments/confirmation/results/null_820010.json,fbec2c85f1f6d5b691f34193a5f03e81b0c00038e54e0e93ee635d344482712d
confirmation,null,820010,random_replay128,0.25304116608299343,7,7,124285,experiments/confirmation/results/null_820010.json,fbec2c85f1f6d5b691f34193a5f03e81b0c00038e54e0e93ee635d344482712d
confirmation,null,820010,random_matched138,0.2630781708838575,7,7,124285,experiments/confirmation/results/null_820010.json,fbec2c85f1f6d5b691f34193a5f03e81b0c00038e54e0e93ee635d344482712d
confirmation,null,820010,fixed7_replay138,0.2547357526739564,7,7,49469,experiments/confirmation/results/null_820010.json,fbec2c85f1f6d5b691f34193a5f03e81b0c00038e54e0e93ee635d344482712d
confirmation,null,820011,historical_moment,0.2614682538939077,7,7,113669,experiments/confirmation/results/null_820011.json,6b048acd80d724ab117f58734efd79da24a762fcc39c7dacfc0f2f11d829a20e
confirmation,null,820011,reservoir_residual,0.2609551220155317,7,7,122551,experiments/confirmation/results/null_820011.json,6b048acd80d724ab117f58734efd79da24a762fcc39c7dacfc0f2f11d829a20e
confirmation,null,820011,fresh_residual,0.25765456045278756,7,7,115738,experiments/confirmation/results/null_820011.json,6b048acd80d724ab117f58734efd79da24a762fcc39c7dacfc0f2f11d829a20e
confirmation,null,820011,learned_probe,0.26038349401152533,7,7,93338,experiments/confirmation/results/null_820011.json,6b048acd80d724ab117f58734efd79da24a762fcc39c7dacfc0f2f11d829a20e
confirmation,null,820011,random_replay128,0.26539193906735936,7,7,124285,experiments/confirmation/results/null_820011.json,6b048acd80d724ab117f58734efd79da24a762fcc39c7dacfc0f2f11d829a20e
confirmation,null,820011,random_matched138,0.25891928053135005,7,7,124285,experiments/confirmation/results/null_820011.json,6b048acd80d724ab117f58734efd79da24a762fcc39c7dacfc0f2f11d829a20e
confirmation,null,820011,fixed7_replay138,0.25608205048552624,7,7,49469,experiments/confirmation/results/null_820011.json,6b048acd80d724ab117f58734efd79da24a762fcc39c7dacfc0f2f11d829a20e
adaptive_confirmation,indefinite_noisy,840000,fresh_adaptive,0.11543834958821209,4,7,139251,experiments/adaptive_confirmation/results/indefinite_noisy_840000.json,325f78d4cbb5cefbf99079ec7d2e242963443dcedc2accad63c24752de9b6bf4
adaptive_confirmation,indefinite_noisy,840000,random_adaptive,0.11122157404458485,4,7,147752,experiments/adaptive_confirmation/results/indefinite_noisy_840000.json,325f78d4cbb5cefbf99079ec7d2e242963443dcedc2accad63c24752de9b6bf4
adaptive_confirmation,indefinite_noisy,840000,fixed2_gated,0.36479749604183054,2,7,167526,experiments/adaptive_confirmation/results/indefinite_noisy_840000.json,325f78d4cbb5cefbf99079ec7d2e242963443dcedc2accad63c24752de9b6bf4
adaptive_confirmation,indefinite_noisy,840000,fixed7_gated,0.10247385775417434,7,7,48317,experiments/adaptive_confirmation/results/indefinite_noisy_840000.json,325f78d4cbb5cefbf99079ec7d2e242963443dcedc2accad63c24752de9b6bf4
adaptive_confirmation,indefinite_noisy,840000,fixed7_ungated,0.10254442545209057,7,7,49469,experiments/adaptive_confirmation/results/indefinite_noisy_840000.json,325f78d4cbb5cefbf99079ec7d2e242963443dcedc2accad63c24752de9b6bf4
adaptive_confirmation,indefinite_noisy,840001,fresh_adaptive,0.09776939503939973,4,7,139251,experiments/adaptive_confirmation/results/indefinite_noisy_840001.json,21198238310062bbb68c6b05f9fcda8ac91657cd2a7acde21cc4019f68240512
adaptive_confirmation,indefinite_noisy,840001,random_adaptive,0.10164714879154428,4,7,147752,experiments/adaptive_confirmation/results/indefinite_noisy_840001.json,21198238310062bbb68c6b05f9fcda8ac91657cd2a7acde21cc4019f68240512
adaptive_confirmation,indefinite_noisy,840001,fixed2_gated,0.36757836778689,2,7,167526,experiments/adaptive_confirmation/results/indefinite_noisy_840001.json,21198238310062bbb68c6b05f9fcda8ac91657cd2a7acde21cc4019f68240512
adaptive_confirmation,indefinite_noisy,840001,fixed7_gated,0.10522946755611913,7,7,48317,experiments/adaptive_confirmation/results/indefinite_noisy_840001.json,21198238310062bbb68c6b05f9fcda8ac91657cd2a7acde21cc4019f68240512
adaptive_confirmation,indefinite_noisy,840001,fixed7_ungated,0.09855992574120677,7,7,49469,experiments/adaptive_confirmation/results/indefinite_noisy_840001.json,21198238310062bbb68c6b05f9fcda8ac91657cd2a7acde21cc4019f68240512
adaptive_confirmation,indefinite_noisy,840002,fresh_adaptive,0.09910998870579958,4,7,139251,experiments/adaptive_confirmation/results/indefinite_noisy_840002.json,457df0a0cba794c0117cabfe8422bfd1de1b55c869928d237512eb166d748795
adaptive_confirmation,indefinite_noisy,840002,random_adaptive,0.10423948010204964,4,7,171991,experiments/adaptive_confirmation/results/indefinite_noisy_840002.json,457df0a0cba794c0117cabfe8422bfd1de1b55c869928d237512eb166d748795
adaptive_confirmation,indefinite_noisy,840002,fixed2_gated,0.3575740609250313,2,7,167526,experiments/adaptive_confirmation/results/indefinite_noisy_840002.json,457df0a0cba794c0117cabfe8422bfd1de1b55c869928d237512eb166d748795
adaptive_confirmation,indefinite_noisy,840002,fixed7_gated,0.10304181729475652,7,7,48317,experiments/adaptive_confirmation/results/indefinite_noisy_840002.json,457df0a0cba794c0117cabfe8422bfd1de1b55c869928d237512eb166d748795
adaptive_confirmation,indefinite_noisy,840002,fixed7_ungated,0.10180494578107452,7,7,49469,experiments/adaptive_confirmation/results/indefinite_noisy_840002.json,457df0a0cba794c0117cabfe8422bfd1de1b55c869928d237512eb166d748795
adaptive_confirmation,indefinite_noisy,840003,fresh_adaptive,0.09595716975285318,4,7,139251,experiments/adaptive_confirmation/results/indefinite_noisy_840003.json,72dc89c1601112ed6052c0b11618f308e85b913710a07cdfd053540632258643
adaptive_confirmation,indefinite_noisy,840003,random_adaptive,0.10095534294788891,4,7,147752,experiments/adaptive_confirmation/results/indefinite_noisy_840003.json,72dc89c1601112ed6052c0b11618f308e85b913710a07cdfd053540632258643
adaptive_confirmation,indefinite_noisy,840003,fixed2_gated,0.3595282984558771,2,7,167526,experiments/adaptive_confirmation/results/indefinite_noisy_840003.json,72dc89c1601112ed6052c0b11618f308e85b913710a07cdfd053540632258643
adaptive_confirmation,indefinite_noisy,840003,fixed7_gated,0.09759324707573369,7,7,48317,experiments/adaptive_confirmation/results/indefinite_noisy_840003.json,72dc89c1601112ed6052c0b11618f308e85b913710a07cdfd053540632258643
adaptive_confirmation,indefinite_noisy,840003,fixed7_ungated,0.09736177363532512,7,7,49469,experiments/adaptive_confirmation/results/indefinite_noisy_840003.json,72dc89c1601112ed6052c0b11618f308e85b913710a07cdfd053540632258643
adaptive_confirmation,indefinite_noisy,840004,fresh_adaptive,0.09577897752996259,5,7,137363,experiments/adaptive_confirmation/results/indefinite_noisy_840004.json,846fb5e8beb2f8e01d2a9c017042fff4a6d0bb715443cd242feaf06e0912c477
adaptive_confirmation,indefinite_noisy,840004,random_adaptive,0.1025506639243271,4,7,147752,experiments/adaptive_confirmation/results/indefinite_noisy_840004.json,846fb5e8beb2f8e01d2a9c017042fff4a6d0bb715443cd242feaf06e0912c477
adaptive_confirmation,indefinite_noisy,840004,fixed2_gated,0.37074931690896584,2,7,167526,experiments/adaptive_confirmation/results/indefinite_noisy_840004.json,846fb5e8beb2f8e01d2a9c017042fff4a6d0bb715443cd242feaf06e0912c477
adaptive_confirmation,indefinite_noisy,840004,fixed7_gated,0.09763950056295692,7,7,48317,experiments/adaptive_confirmation/results/indefinite_noisy_840004.json,846fb5e8beb2f8e01d2a9c017042fff4a6d0bb715443cd242feaf06e0912c477
adaptive_confirmation,indefinite_noisy,840004,fixed7_ungated,0.10093861387193974,7,7,49469,experiments/adaptive_confirmation/results/indefinite_noisy_840004.json,846fb5e8beb2f8e01d2a9c017042fff4a6d0bb715443cd242feaf06e0912c477
adaptive_confirmation,indefinite_noisy,840005,fresh_adaptive,0.09842156258602075,4,7,139251,experiments/adaptive_confirmation/results/indefinite_noisy_840005.json,a701770549478dbf718373c5c37e7708fe57be86267053486d46eae4f8625d27
adaptive_confirmation,indefinite_noisy,840005,random_adaptive,0.10479096652577022,4,7,147752,experiments/adaptive_confirmation/results/indefinite_noisy_840005.json,a701770549478dbf718373c5c37e7708fe57be86267053486d46eae4f8625d27
adaptive_confirmation,indefinite_noisy,840005,fixed2_gated,0.35992103288009936,2,7,167526,experiments/adaptive_confirmation/results/indefinite_noisy_840005.json,a701770549478dbf718373c5c37e7708fe57be86267053486d46eae4f8625d27
adaptive_confirmation,indefinite_noisy,840005,fixed7_gated,0.09708080137169188,7,7,48317,experiments/adaptive_confirmation/results/indefinite_noisy_840005.json,a701770549478dbf718373c5c37e7708fe57be86267053486d46eae4f8625d27
adaptive_confirmation,indefinite_noisy,840005,fixed7_ungated,0.10401044558962642,7,7,49469,experiments/adaptive_confirmation/results/indefinite_noisy_840005.json,a701770549478dbf718373c5c37e7708fe57be86267053486d46eae4f8625d27
adaptive_confirmation,indefinite_noisy,840006,fresh_adaptive,0.09722167837230901,4,7,139251,experiments/adaptive_confirmation/results/indefinite_noisy_840006.json,d7b8aba868f85a355eaa87fc00b0fc911b49f49dfe1c071a3ffe2e79ff5a9100
adaptive_confirmation,indefinite_noisy,840006,random_adaptive,0.10616968451874009,4,7,147752,experiments/adaptive_confirmation/results/indefinite_noisy_840006.json,d7b8aba868f85a355eaa87fc00b0fc911b49f49dfe1c071a3ffe2e79ff5a9100
adaptive_confirmation,indefinite_noisy,840006,fixed2_gated,0.6999606530870244,2,7,167526,experiments/adaptive_confirmation/results/indefinite_noisy_840006.json,d7b8aba868f85a355eaa87fc00b0fc911b49f49dfe1c071a3ffe2e79ff5a9100
adaptive_confirmation,indefinite_noisy,840006,fixed7_gated,0.10153355842937495,7,7,48317,experiments/adaptive_confirmation/results/indefinite_noisy_840006.json,d7b8aba868f85a355eaa87fc00b0fc911b49f49dfe1c071a3ffe2e79ff5a9100
adaptive_confirmation,indefinite_noisy,840006,fixed7_ungated,0.1178912161754371,7,7,49469,experiments/adaptive_confirmation/results/indefinite_noisy_840006.json,d7b8aba868f85a355eaa87fc00b0fc911b49f49dfe1c071a3ffe2e79ff5a9100
adaptive_confirmation,indefinite_noisy,840007,fresh_adaptive,0.09851019722852869,4,7,139251,experiments/adaptive_confirmation/results/indefinite_noisy_840007.json,20824afe976ae7610b650396313452dce9b938ca8d899acc6976bb1a6932d586
adaptive_confirmation,indefinite_noisy,840007,random_adaptive,0.11048589024045105,5,7,143710,experiments/adaptive_confirmation/results/indefinite_noisy_840007.json,20824afe976ae7610b650396313452dce9b938ca8d899acc6976bb1a6932d586
adaptive_confirmation,indefinite_noisy,840007,fixed2_gated,0.3630538546886841,2,7,167526,experiments/adaptive_confirmation/results/indefinite_noisy_840007.json,20824afe976ae7610b650396313452dce9b938ca8d899acc6976bb1a6932d586
adaptive_confirmation,indefinite_noisy,840007,fixed7_gated,0.10241621564978881,7,7,48317,experiments/adaptive_confirmation/results/indefinite_noisy_840007.json,20824afe976ae7610b650396313452dce9b938ca8d899acc6976bb1a6932d586
adaptive_confirmation,indefinite_noisy,840007,fixed7_ungated,0.10235010290302751,7,7,49469,experiments/adaptive_confirmation/results/indefinite_noisy_840007.json,20824afe976ae7610b650396313452dce9b938ca8d899acc6976bb1a6932d586
adaptive_confirmation,indefinite_noisy,840008,fresh_adaptive,0.09678226206009424,4,7,139251,experiments/adaptive_confirmation/results/indefinite_noisy_840008.json,31977024c281bc7c027626ae5fb431451b935b7f4d8e697fb5c398d000df66c8
adaptive_confirmation,indefinite_noisy,840008,random_adaptive,0.111775419076906,4,7,147752,experiments/adaptive_confirmation/results/indefinite_noisy_840008.json,31977024c281bc7c027626ae5fb431451b935b7f4d8e697fb5c398d000df66c8
adaptive_confirmation,indefinite_noisy,840008,fixed2_gated,0.3631978500649252,2,7,167526,experiments/adaptive_confirmation/results/indefinite_noisy_840008.json,31977024c281bc7c027626ae5fb431451b935b7f4d8e697fb5c398d000df66c8
adaptive_confirmation,indefinite_noisy,840008,fixed7_gated,0.10506215411328976,7,7,48317,experiments/adaptive_confirmation/results/indefinite_noisy_840008.json,31977024c281bc7c027626ae5fb431451b935b7f4d8e697fb5c398d000df66c8
adaptive_confirmation,indefinite_noisy,840008,fixed7_ungated,0.10110696427597266,7,7,49469,experiments/adaptive_confirmation/results/indefinite_noisy_840008.json,31977024c281bc7c027626ae5fb431451b935b7f4d8e697fb5c398d000df66c8
adaptive_confirmation,indefinite_noisy,840009,fresh_adaptive,0.10225619342348506,4,7,139251,experiments/adaptive_confirmation/results/indefinite_noisy_840009.json,daf9ed8d9ec604a1ca45697740e4319b4bee1da6c74dd2b8536e7f684578cd93
adaptive_confirmation,indefinite_noisy,840009,random_adaptive,0.10014111039808675,4,7,160074,experiments/adaptive_confirmation/results/indefinite_noisy_840009.json,daf9ed8d9ec604a1ca45697740e4319b4bee1da6c74dd2b8536e7f684578cd93
adaptive_confirmation,indefinite_noisy,840009,fixed2_gated,1.1663706367379565,2,7,167526,experiments/adaptive_confirmation/results/indefinite_noisy_840009.json,daf9ed8d9ec604a1ca45697740e4319b4bee1da6c74dd2b8536e7f684578cd93
adaptive_confirmation,indefinite_noisy,840009,fixed7_gated,0.10567350187087103,7,7,48317,experiments/adaptive_confirmation/results/indefinite_noisy_840009.json,daf9ed8d9ec604a1ca45697740e4319b4bee1da6c74dd2b8536e7f684578cd93
adaptive_confirmation,indefinite_noisy,840009,fixed7_ungated,0.09658283839557884,7,7,49469,experiments/adaptive_confirmation/results/indefinite_noisy_840009.json,daf9ed8d9ec604a1ca45697740e4319b4bee1da6c74dd2b8536e7f684578cd93
adaptive_confirmation,indefinite_noisy,840010,fresh_adaptive,0.11005771352036978,4,7,139251,experiments/adaptive_confirmation/results/indefinite_noisy_840010.json,5510f13f9e22fefb593979053b74346f32d259f92a85a87ce9fe21670b1719fc
adaptive_confirmation,indefinite_noisy,840010,random_adaptive,0.10118912077919472,4,7,147752,experiments/adaptive_confirmation/results/indefinite_noisy_840010.json,5510f13f9e22fefb593979053b74346f32d259f92a85a87ce9fe21670b1719fc
adaptive_confirmation,indefinite_noisy,840010,fixed2_gated,0.36226701472854916,2,7,167526,experiments/adaptive_confirmation/results/indefinite_noisy_840010.json,5510f13f9e22fefb593979053b74346f32d259f92a85a87ce9fe21670b1719fc
adaptive_confirmation,indefinite_noisy,840010,fixed7_gated,0.1103826157180304,7,7,48317,experiments/adaptive_confirmation/results/indefinite_noisy_840010.json,5510f13f9e22fefb593979053b74346f32d259f92a85a87ce9fe21670b1719fc
adaptive_confirmation,indefinite_noisy,840010,fixed7_ungated,0.10089346666356999,7,7,49469,experiments/adaptive_confirmation/results/indefinite_noisy_840010.json,5510f13f9e22fefb593979053b74346f32d259f92a85a87ce9fe21670b1719fc
adaptive_confirmation,indefinite_noisy,840011,fresh_adaptive,0.09662645289746143,4,7,139251,experiments/adaptive_confirmation/results/indefinite_noisy_840011.json,a44f585cd53113b13811000033c021a8fd165a63f840a3a64149e179696c9f84
adaptive_confirmation,indefinite_noisy,840011,random_adaptive,0.10473697500694484,5,7,143710,experiments/adaptive_confirmation/results/indefinite_noisy_840011.json,a44f585cd53113b13811000033c021a8fd165a63f840a3a64149e179696c9f84
adaptive_confirmation,indefinite_noisy,840011,fixed2_gated,1.1435158756552328,2,7,167526,experiments/adaptive_confirmation/results/indefinite_noisy_840011.json,a44f585cd53113b13811000033c021a8fd165a63f840a3a64149e179696c9f84
adaptive_confirmation,indefinite_noisy,840011,fixed7_gated,0.10303407617412204,7,7,48317,experiments/adaptive_confirmation/results/indefinite_noisy_840011.json,a44f585cd53113b13811000033c021a8fd165a63f840a3a64149e179696c9f84
adaptive_confirmation,indefinite_noisy,840011,fixed7_ungated,0.09690224239260455,7,7,49469,experiments/adaptive_confirmation/results/indefinite_noisy_840011.json,a44f585cd53113b13811000033c021a8fd165a63f840a3a64149e179696c9f84
adaptive_confirmation,lowrank_noiseless,840000,fresh_adaptive,0.00011474833947669432,2,7,170321,experiments/adaptive_confirmation/results/lowrank_noiseless_840000.json,97d842c659f97010f37a5d7ca9518d83bcf181c42ece023f778546596107d71e
adaptive_confirmation,lowrank_noiseless,840000,random_adaptive,3.85979440923992e-05,2,7,181020,experiments/adaptive_confirmation/results/lowrank_noiseless_840000.json,97d842c659f97010f37a5d7ca9518d83bcf181c42ece023f778546596107d71e
adaptive_confirmation,lowrank_noiseless,840000,fixed2_gated,2.3767681857965286e-07,2,7,167526,experiments/adaptive_confirmation/results/lowrank_noiseless_840000.json,97d842c659f97010f37a5d7ca9518d83bcf181c42ece023f778546596107d71e
adaptive_confirmation,lowrank_noiseless,840000,fixed7_gated,0.0009582102527749939,7,7,48317,experiments/adaptive_confirmation/results/lowrank_noiseless_840000.json,97d842c659f97010f37a5d7ca9518d83bcf181c42ece023f778546596107d71e
adaptive_confirmation,lowrank_noiseless,840000,fixed7_ungated,7.903926012148204e-05,7,7,49469,experiments/adaptive_confirmation/results/lowrank_noiseless_840000.json,97d842c659f97010f37a5d7ca9518d83bcf181c42ece023f778546596107d71e
adaptive_confirmation,lowrank_noiseless,840001,fresh_adaptive,0.0006638211377009189,2,7,170321,experiments/adaptive_confirmation/results/lowrank_noiseless_840001.json,6c0c5414081f13a5a0ee40cbe274848e0c6f4fec430938b7bdd43d4a89625c3c
adaptive_confirmation,lowrank_noiseless,840001,random_adaptive,0.0012401906571993786,3,7,157364,experiments/adaptive_confirmation/results/lowrank_noiseless_840001.json,6c0c5414081f13a5a0ee40cbe274848e0c6f4fec430938b7bdd43d4a89625c3c
adaptive_confirmation,lowrank_noiseless,840001,fixed2_gated,0.4250597319156907,2,7,167526,experiments/adaptive_confirmation/results/lowrank_noiseless_840001.json,6c0c5414081f13a5a0ee40cbe274848e0c6f4fec430938b7bdd43d4a89625c3c
adaptive_confirmation,lowrank_noiseless,840001,fixed7_gated,0.0005824928328407345,7,7,48317,experiments/adaptive_confirmation/results/lowrank_noiseless_840001.json,6c0c5414081f13a5a0ee40cbe274848e0c6f4fec430938b7bdd43d4a89625c3c
adaptive_confirmation,lowrank_noiseless,840001,fixed7_ungated,8.244094175435634e-06,7,7,49469,experiments/adaptive_confirmation/results/lowrank_noiseless_840001.json,6c0c5414081f13a5a0ee40cbe274848e0c6f4fec430938b7bdd43d4a89625c3c
adaptive_confirmation,lowrank_noiseless,840002,fresh_adaptive,2.2248808592123903e-06,2,7,170321,experiments/adaptive_confirmation/results/lowrank_noiseless_840002.json,ba367a87c7f27d657a37c6748757b066311e113b864f55aa5565f6d15ccce7c7
adaptive_confirmation,lowrank_noiseless,840002,random_adaptive,7.864832351073457e-05,2,7,196141,experiments/adaptive_confirmation/results/lowrank_noiseless_840002.json,ba367a87c7f27d657a37c6748757b066311e113b864f55aa5565f6d15ccce7c7
adaptive_confirmation,lowrank_noiseless,840002,fixed2_gated,4.193719445462413e-08,2,7,167526,experiments/adaptive_confirmation/results/lowrank_noiseless_840002.json,ba367a87c7f27d657a37c6748757b066311e113b864f55aa5565f6d15ccce7c7
adaptive_confirmation,lowrank_noiseless,840002,fixed7_gated,0.0003333412484654433,7,7,48317,experiments/adaptive_confirmation/results/lowrank_noiseless_840002.json,ba367a87c7f27d657a37c6748757b066311e113b864f55aa5565f6d15ccce7c7
adaptive_confirmation,lowrank_noiseless,840002,fixed7_ungated,1.595828766155575e-05,7,7,49469,experiments/adaptive_confirmation/results/lowrank_noiseless_840002.json,ba367a87c7f27d657a37c6748757b066311e113b864f55aa5565f6d15ccce7c7
adaptive_confirmation,lowrank_noiseless,840003,fresh_adaptive,4.0400233372786854e-05,2,7,170321,experiments/adaptive_confirmation/results/lowrank_noiseless_840003.json,a9209d7c862329f140e604706f8dd3b348b27ce1c247f5e4b4ae7dc91f0becaf
adaptive_confirmation,lowrank_noiseless,840003,random_adaptive,1.453347871461882e-05,2,7,181020,experiments/adaptive_confirmation/results/lowrank_noiseless_840003.json,a9209d7c862329f140e604706f8dd3b348b27ce1c247f5e4b4ae7dc91f0becaf
adaptive_confirmation,lowrank_noiseless,840003,fixed2_gated,7.223244901726243e-08,2,7,167526,experiments/adaptive_confirmation/results/lowrank_noiseless_840003.json,a9209d7c862329f140e604706f8dd3b348b27ce1c247f5e4b4ae7dc91f0becaf
adaptive_confirmation,lowrank_noiseless,840003,fixed7_gated,0.0006919039843310225,7,7,48317,experiments/adaptive_confirmation/results/lowrank_noiseless_840003.json,a9209d7c862329f140e604706f8dd3b348b27ce1c247f5e4b4ae7dc91f0becaf
adaptive_confirmation,lowrank_noiseless,840003,fixed7_ungated,1.5211452705365092e-06,7,7,49469,experiments/adaptive_confirmation/results/lowrank_noiseless_840003.json,a9209d7c862329f140e604706f8dd3b348b27ce1c247f5e4b4ae7dc91f0becaf
adaptive_confirmation,lowrank_noiseless,840004,fresh_adaptive,0.00010887800450420904,2,7,170321,experiments/adaptive_confirmation/results/lowrank_noiseless_840004.json,386bbeedade91540877c00c17185e43c1a2ba7190e7bd00f50702e16979f918f
adaptive_confirmation,lowrank_noiseless,840004,random_adaptive,9.559667048914219e-05,2,7,181020,experiments/adaptive_confirmation/results/lowrank_noiseless_840004.json,386bbeedade91540877c00c17185e43c1a2ba7190e7bd00f50702e16979f918f
adaptive_confirmation,lowrank_noiseless,840004,fixed2_gated,2.6273951749840312e-08,2,7,167526,experiments/adaptive_confirmation/results/lowrank_noiseless_840004.json,386bbeedade91540877c00c17185e43c1a2ba7190e7bd00f50702e16979f918f
adaptive_confirmation,lowrank_noiseless,840004,fixed7_gated,6.003585723266469e-05,7,7,48317,experiments/adaptive_confirmation/results/lowrank_noiseless_840004.json,386bbeedade91540877c00c17185e43c1a2ba7190e7bd00f50702e16979f918f
adaptive_confirmation,lowrank_noiseless,840004,fixed7_ungated,1.8362598135617907e-09,7,7,49469,experiments/adaptive_confirmation/results/lowrank_noiseless_840004.json,386bbeedade91540877c00c17185e43c1a2ba7190e7bd00f50702e16979f918f
adaptive_confirmation,lowrank_noiseless,840005,fresh_adaptive,0.00015711949922499673,2,7,170321,experiments/adaptive_confirmation/results/lowrank_noiseless_840005.json,174959435e5588865271097065c1ea10887e16f2f80c0c621ae21c5f2b669e55
adaptive_confirmation,lowrank_noiseless,840005,random_adaptive,0.00029944059960651916,2,7,181020,experiments/adaptive_confirmation/results/lowrank_noiseless_840005.json,174959435e5588865271097065c1ea10887e16f2f80c0c621ae21c5f2b669e55
adaptive_confirmation,lowrank_noiseless,840005,fixed2_gated,1.156412054875257e-06,2,7,167526,experiments/adaptive_confirmation/results/lowrank_noiseless_840005.json,174959435e5588865271097065c1ea10887e16f2f80c0c621ae21c5f2b669e55
adaptive_confirmation,lowrank_noiseless,840005,fixed7_gated,0.00051967954672569,7,7,48317,experiments/adaptive_confirmation/results/lowrank_noiseless_840005.json,174959435e5588865271097065c1ea10887e16f2f80c0c621ae21c5f2b669e55
adaptive_confirmation,lowrank_noiseless,840005,fixed7_ungated,2.768309314285347e-05,7,7,49469,experiments/adaptive_confirmation/results/lowrank_noiseless_840005.json,174959435e5588865271097065c1ea10887e16f2f80c0c621ae21c5f2b669e55
adaptive_confirmation,lowrank_noiseless,840006,fresh_adaptive,0.00023729272150432713,2,7,170321,experiments/adaptive_confirmation/results/lowrank_noiseless_840006.json,99b807ad940c6e1b1e6fcc55344fdb2bd2efdb87667e02f51439338e98099180
adaptive_confirmation,lowrank_noiseless,840006,random_adaptive,5.0513146051941383e-05,2,7,181020,experiments/adaptive_confirmation/results/lowrank_noiseless_840006.json,99b807ad940c6e1b1e6fcc55344fdb2bd2efdb87667e02f51439338e98099180
adaptive_confirmation,lowrank_noiseless,840006,fixed2_gated,0.42401887742582184,2,7,167526,experiments/adaptive_confirmation/results/lowrank_noiseless_840006.json,99b807ad940c6e1b1e6fcc55344fdb2bd2efdb87667e02f51439338e98099180
adaptive_confirmation,lowrank_noiseless,840006,fixed7_gated,0.0004968865678881983,7,7,48317,experiments/adaptive_confirmation/results/lowrank_noiseless_840006.json,99b807ad940c6e1b1e6fcc55344fdb2bd2efdb87667e02f51439338e98099180
adaptive_confirmation,lowrank_noiseless,840006,fixed7_ungated,1.9209726089691466e-05,7,7,49469,experiments/adaptive_confirmation/results/lowrank_noiseless_840006.json,99b807ad940c6e1b1e6fcc55344fdb2bd2efdb87667e02f51439338e98099180
adaptive_confirmation,lowrank_noiseless,840007,fresh_adaptive,2.8082400541242077e-05,2,7,170321,experiments/adaptive_confirmation/results/lowrank_noiseless_840007.json,6031708a8c2f4d6ad5478f5eeeb5ddbc0f1816943472e8d89d9298f6c961a2b6
adaptive_confirmation,lowrank_noiseless,840007,random_adaptive,1.610451304279216e-05,2,7,196141,experiments/adaptive_confirmation/results/lowrank_noiseless_840007.json,6031708a8c2f4d6ad5478f5eeeb5ddbc0f1816943472e8d89d9298f6c961a2b6
adaptive_confirmation,lowrank_noiseless,840007,fixed2_gated,0.0007665555195613233,2,7,167526,experiments/adaptive_confirmation/results/lowrank_noiseless_840007.json,6031708a8c2f4d6ad5478f5eeeb5ddbc0f1816943472e8d89d9298f6c961a2b6
adaptive_confirmation,lowrank_noiseless,840007,fixed7_gated,0.00021756546137571478,7,7,48317,experiments/adaptive_confirmation/results/lowrank_noiseless_840007.json,6031708a8c2f4d6ad5478f5eeeb5ddbc0f1816943472e8d89d9298f6c961a2b6
adaptive_confirmation,lowrank_noiseless,840007,fixed7_ungated,3.447550875618064e-05,7,7,49469,experiments/adaptive_confirmation/results/lowrank_noiseless_840007.json,6031708a8c2f4d6ad5478f5eeeb5ddbc0f1816943472e8d89d9298f6c961a2b6
adaptive_confirmation,lowrank_noiseless,840008,fresh_adaptive,5.76242083371428e-05,2,7,170321,experiments/adaptive_confirmation/results/lowrank_noiseless_840008.json,7cc752eef41f62d7fca51803b543f0d91aefed733cb20e17deaf8db3b8e274bc
adaptive_confirmation,lowrank_noiseless,840008,random_adaptive,0.00012863472037849736,2,7,181020,experiments/adaptive_confirmation/results/lowrank_noiseless_840008.json,7cc752eef41f62d7fca51803b543f0d91aefed733cb20e17deaf8db3b8e274bc
adaptive_confirmation,lowrank_noiseless,840008,fixed2_gated,6.796120385850939e-07,2,7,167526,experiments/adaptive_confirmation/results/lowrank_noiseless_840008.json,7cc752eef41f62d7fca51803b543f0d91aefed733cb20e17deaf8db3b8e274bc
adaptive_confirmation,lowrank_noiseless,840008,fixed7_gated,0.0005160959023372484,7,7,48317,experiments/adaptive_confirmation/results/lowrank_noiseless_840008.json,7cc752eef41f62d7fca51803b543f0d91aefed733cb20e17deaf8db3b8e274bc
adaptive_confirmation,lowrank_noiseless,840008,fixed7_ungated,2.0838841476639805e-05,7,7,49469,experiments/adaptive_confirmation/results/lowrank_noiseless_840008.json,7cc752eef41f62d7fca51803b543f0d91aefed733cb20e17deaf8db3b8e274bc
adaptive_confirmation,lowrank_noiseless,840009,fresh_adaptive,0.0001205486873029714,2,7,170321,experiments/adaptive_confirmation/results/lowrank_noiseless_840009.json,dc2388368cd76d64c82edbeafa46c89cf1e0c1b4e7bbde1ec985f401914c09a9
adaptive_confirmation,lowrank_noiseless,840009,random_adaptive,0.00013853933910183333,2,7,181020,experiments/adaptive_confirmation/results/lowrank_noiseless_840009.json,dc2388368cd76d64c82edbeafa46c89cf1e0c1b4e7bbde1ec985f401914c09a9
adaptive_confirmation,lowrank_noiseless,840009,fixed2_gated,8.557938385474343e-07,2,7,167526,experiments/adaptive_confirmation/results/lowrank_noiseless_840009.json,dc2388368cd76d64c82edbeafa46c89cf1e0c1b4e7bbde1ec985f401914c09a9
adaptive_confirmation,lowrank_noiseless,840009,fixed7_gated,0.0006606035415414426,7,7,48317,experiments/adaptive_confirmation/results/lowrank_noiseless_840009.json,dc2388368cd76d64c82edbeafa46c89cf1e0c1b4e7bbde1ec985f401914c09a9
adaptive_confirmation,lowrank_noiseless,840009,fixed7_ungated,2.3980530565511705e-05,7,7,49469,experiments/adaptive_confirmation/results/lowrank_noiseless_840009.json,dc2388368cd76d64c82edbeafa46c89cf1e0c1b4e7bbde1ec985f401914c09a9
adaptive_confirmation,lowrank_noiseless,840010,fresh_adaptive,0.00011953945479041931,2,7,170321,experiments/adaptive_confirmation/results/lowrank_noiseless_840010.json,868af4e71919126f375de70b472b27cd8e3b77af8199247cf20bfc45e6c7a8d8
adaptive_confirmation,lowrank_noiseless,840010,random_adaptive,2.6313700615572075e-05,2,7,181020,experiments/adaptive_confirmation/results/lowrank_noiseless_840010.json,868af4e71919126f375de70b472b27cd8e3b77af8199247cf20bfc45e6c7a8d8
adaptive_confirmation,lowrank_noiseless,840010,fixed2_gated,0.0027590979727950757,2,7,167526,experiments/adaptive_confirmation/results/lowrank_noiseless_840010.json,868af4e71919126f375de70b472b27cd8e3b77af8199247cf20bfc45e6c7a8d8
adaptive_confirmation,lowrank_noiseless,840010,fixed7_gated,0.0004962963766843033,7,7,48317,experiments/adaptive_confirmation/results/lowrank_noiseless_840010.json,868af4e71919126f375de70b472b27cd8e3b77af8199247cf20bfc45e6c7a8d8
adaptive_confirmation,lowrank_noiseless,840010,fixed7_ungated,1.0806161022521123e-07,7,7,49469,experiments/adaptive_confirmation/results/lowrank_noiseless_840010.json,868af4e71919126f375de70b472b27cd8e3b77af8199247cf20bfc45e6c7a8d8
adaptive_confirmation,lowrank_noiseless,840011,fresh_adaptive,7.398050860663629e-05,2,7,170321,experiments/adaptive_confirmation/results/lowrank_noiseless_840011.json,4803d3b2383055a7fc3246a86db0741802588b3a6b1c3f7959ab118576ab36c6
adaptive_confirmation,lowrank_noiseless,840011,random_adaptive,3.0213493696760075e-05,2,7,181020,experiments/adaptive_confirmation/results/lowrank_noiseless_840011.json,4803d3b2383055a7fc3246a86db0741802588b3a6b1c3f7959ab118576ab36c6
adaptive_confirmation,lowrank_noiseless,840011,fixed2_gated,3.878229185124117e-08,2,7,167526,experiments/adaptive_confirmation/results/lowrank_noiseless_840011.json,4803d3b2383055a7fc3246a86db0741802588b3a6b1c3f7959ab118576ab36c6
adaptive_confirmation,lowrank_noiseless,840011,fixed7_gated,0.0007558998815975467,7,7,48317,experiments/adaptive_confirmation/results/lowrank_noiseless_840011.json,4803d3b2383055a7fc3246a86db0741802588b3a6b1c3f7959ab118576ab36c6
adaptive_confirmation,lowrank_noiseless,840011,fixed7_ungated,2.7146278783719397e-05,7,7,49469,experiments/adaptive_confirmation/results/lowrank_noiseless_840011.json,4803d3b2383055a7fc3246a86db0741802588b3a6b1c3f7959ab118576ab36c6
adaptive_confirmation,nonlinear,840000,fresh_adaptive,0.15840122861778763,2,7,170321,experiments/adaptive_confirmation/results/nonlinear_840000.json,896f12a1bc4e772a56d85fac6f7f2ae960a6517632626c67ad2b81ea48f583ec
adaptive_confirmation,nonlinear,840000,random_adaptive,0.16069425732669146,2,7,196141,experiments/adaptive_confirmation/results/nonlinear_840000.json,896f12a1bc4e772a56d85fac6f7f2ae960a6517632626c67ad2b81ea48f583ec
adaptive_confirmation,nonlinear,840000,fixed2_gated,0.15932094792937165,2,7,167526,experiments/adaptive_confirmation/results/nonlinear_840000.json,896f12a1bc4e772a56d85fac6f7f2ae960a6517632626c67ad2b81ea48f583ec
adaptive_confirmation,nonlinear,840000,fixed7_gated,0.157936225141519,7,7,48317,experiments/adaptive_confirmation/results/nonlinear_840000.json,896f12a1bc4e772a56d85fac6f7f2ae960a6517632626c67ad2b81ea48f583ec
adaptive_confirmation,nonlinear,840000,fixed7_ungated,0.15927490834695118,7,7,49469,experiments/adaptive_confirmation/results/nonlinear_840000.json,896f12a1bc4e772a56d85fac6f7f2ae960a6517632626c67ad2b81ea48f583ec
adaptive_confirmation,nonlinear,840001,fresh_adaptive,0.1610496169369265,2,7,170321,experiments/adaptive_confirmation/results/nonlinear_840001.json,a766f60ffa4d8096b082b2cc048432d27a4bb9fbcf6ac6d182ba7f87efdab0a0
adaptive_confirmation,nonlinear,840001,random_adaptive,0.15914284059635844,2,7,181020,experiments/adaptive_confirmation/results/nonlinear_840001.json,a766f60ffa4d8096b082b2cc048432d27a4bb9fbcf6ac6d182ba7f87efdab0a0
adaptive_confirmation,nonlinear,840001,fixed2_gated,0.23829667225223525,2,7,167526,experiments/adaptive_confirmation/results/nonlinear_840001.json,a766f60ffa4d8096b082b2cc048432d27a4bb9fbcf6ac6d182ba7f87efdab0a0
adaptive_confirmation,nonlinear,840001,fixed7_gated,0.16475275040715817,7,7,48317,experiments/adaptive_confirmation/results/nonlinear_840001.json,a766f60ffa4d8096b082b2cc048432d27a4bb9fbcf6ac6d182ba7f87efdab0a0
adaptive_confirmation,nonlinear,840001,fixed7_ungated,0.17435003730452928,7,7,49469,experiments/adaptive_confirmation/results/nonlinear_840001.json,a766f60ffa4d8096b082b2cc048432d27a4bb9fbcf6ac6d182ba7f87efdab0a0
adaptive_confirmation,nonlinear,840002,fresh_adaptive,0.16252672738105733,2,7,170321,experiments/adaptive_confirmation/results/nonlinear_840002.json,26f63c9a97f313457aab83cccf63844a06583f308ba9ae9251040271d9155141
adaptive_confirmation,nonlinear,840002,random_adaptive,0.1647814869695971,2,7,196141,experiments/adaptive_confirmation/results/nonlinear_840002.json,26f63c9a97f313457aab83cccf63844a06583f308ba9ae9251040271d9155141
adaptive_confirmation,nonlinear,840002,fixed2_gated,0.15958244966431923,2,7,167526,experiments/adaptive_confirmation/results/nonlinear_840002.json,26f63c9a97f313457aab83cccf63844a06583f308ba9ae9251040271d9155141
adaptive_confirmation,nonlinear,840002,fixed7_gated,0.16449505386130153,7,7,48317,experiments/adaptive_confirmation/results/nonlinear_840002.json,26f63c9a97f313457aab83cccf63844a06583f308ba9ae9251040271d9155141
adaptive_confirmation,nonlinear,840002,fixed7_ungated,0.18074659001144025,7,7,49469,experiments/adaptive_confirmation/results/nonlinear_840002.json,26f63c9a97f313457aab83cccf63844a06583f308ba9ae9251040271d9155141
adaptive_confirmation,nonlinear,840003,fresh_adaptive,0.15962988566489053,2,7,184433,experiments/adaptive_confirmation/results/nonlinear_840003.json,4f0f996c9a04d555aca6615a544ac83e1155cc901ce18c21ce58801c236f8b43
adaptive_confirmation,nonlinear,840003,random_adaptive,0.17003085052069006,2,7,196141,experiments/adaptive_confirmation/results/nonlinear_840003.json,4f0f996c9a04d555aca6615a544ac83e1155cc901ce18c21ce58801c236f8b43
adaptive_confirmation,nonlinear,840003,fixed2_gated,0.16230272847360402,2,7,167526,experiments/adaptive_confirmation/results/nonlinear_840003.json,4f0f996c9a04d555aca6615a544ac83e1155cc901ce18c21ce58801c236f8b43
adaptive_confirmation,nonlinear,840003,fixed7_gated,0.16700143429742156,7,7,48317,experiments/adaptive_confirmation/results/nonlinear_840003.json,4f0f996c9a04d555aca6615a544ac83e1155cc901ce18c21ce58801c236f8b43
adaptive_confirmation,nonlinear,840003,fixed7_ungated,0.1655612330063885,7,7,49469,experiments/adaptive_confirmation/results/nonlinear_840003.json,4f0f996c9a04d555aca6615a544ac83e1155cc901ce18c21ce58801c236f8b43
adaptive_confirmation,nonlinear,840004,fresh_adaptive,0.15832560242435023,2,7,170321,experiments/adaptive_confirmation/results/nonlinear_840004.json,58a4872e6b4cdcf3ec192994199448867de780d7b9cb5b9ec06e889dc5869578
adaptive_confirmation,nonlinear,840004,random_adaptive,0.15775044583503664,2,7,211262,experiments/adaptive_confirmation/results/nonlinear_840004.json,58a4872e6b4cdcf3ec192994199448867de780d7b9cb5b9ec06e889dc5869578
adaptive_confirmation,nonlinear,840004,fixed2_gated,0.23528740831065445,2,7,167526,experiments/adaptive_confirmation/results/nonlinear_840004.json,58a4872e6b4cdcf3ec192994199448867de780d7b9cb5b9ec06e889dc5869578
adaptive_confirmation,nonlinear,840004,fixed7_gated,0.1637797567097281,7,7,48317,experiments/adaptive_confirmation/results/nonlinear_840004.json,58a4872e6b4cdcf3ec192994199448867de780d7b9cb5b9ec06e889dc5869578
adaptive_confirmation,nonlinear,840004,fixed7_ungated,0.16571716549962118,7,7,49469,experiments/adaptive_confirmation/results/nonlinear_840004.json,58a4872e6b4cdcf3ec192994199448867de780d7b9cb5b9ec06e889dc5869578
adaptive_confirmation,nonlinear,840005,fresh_adaptive,0.15925356556772752,2,7,170321,experiments/adaptive_confirmation/results/nonlinear_840005.json,9949bc6298d3ef2e9322103b9ec211766b30d262b2a6a7b1abebb1a04177ea39
adaptive_confirmation,nonlinear,840005,random_adaptive,0.15713064883666955,2,7,181020,experiments/adaptive_confirmation/results/nonlinear_840005.json,9949bc6298d3ef2e9322103b9ec211766b30d262b2a6a7b1abebb1a04177ea39
adaptive_confirmation,nonlinear,840005,fixed2_gated,0.2307843951898598,2,7,167526,experiments/adaptive_confirmation/results/nonlinear_840005.json,9949bc6298d3ef2e9322103b9ec211766b30d262b2a6a7b1abebb1a04177ea39
adaptive_confirmation,nonlinear,840005,fixed7_gated,0.16297376935764563,7,7,48317,experiments/adaptive_confirmation/results/nonlinear_840005.json,9949bc6298d3ef2e9322103b9ec211766b30d262b2a6a7b1abebb1a04177ea39
adaptive_confirmation,nonlinear,840005,fixed7_ungated,0.16510981123577612,7,7,49469,experiments/adaptive_confirmation/results/nonlinear_840005.json,9949bc6298d3ef2e9322103b9ec211766b30d262b2a6a7b1abebb1a04177ea39
adaptive_confirmation,nonlinear,840006,fresh_adaptive,0.15894489890061891,2,7,170321,experiments/adaptive_confirmation/results/nonlinear_840006.json,53e607d79ba6da7581682247aec7be010a08327845c24f5820fafb473c13467d
adaptive_confirmation,nonlinear,840006,random_adaptive,0.15846423476034374,2,7,181020,experiments/adaptive_confirmation/results/nonlinear_840006.json,53e607d79ba6da7581682247aec7be010a08327845c24f5820fafb473c13467d
adaptive_confirmation,nonlinear,840006,fixed2_gated,0.16076110597448073,2,7,167526,experiments/adaptive_confirmation/results/nonlinear_840006.json,53e607d79ba6da7581682247aec7be010a08327845c24f5820fafb473c13467d
adaptive_confirmation,nonlinear,840006,fixed7_gated,0.16714598750196055,7,7,48317,experiments/adaptive_confirmation/results/nonlinear_840006.json,53e607d79ba6da7581682247aec7be010a08327845c24f5820fafb473c13467d
adaptive_confirmation,nonlinear,840006,fixed7_ungated,0.16818221591184496,7,7,49469,experiments/adaptive_confirmation/results/nonlinear_840006.json,53e607d79ba6da7581682247aec7be010a08327845c24f5820fafb473c13467d
adaptive_confirmation,nonlinear,840007,fresh_adaptive,0.16291727875316753,2,7,170321,experiments/adaptive_confirmation/results/nonlinear_840007.json,630799cbb33d9789c963516ba5211bdca4d2340fd3ee8c4c0e7c34f95bbb930e
adaptive_confirmation,nonlinear,840007,random_adaptive,0.1595373723182418,2,7,181020,experiments/adaptive_confirmation/results/nonlinear_840007.json,630799cbb33d9789c963516ba5211bdca4d2340fd3ee8c4c0e7c34f95bbb930e
adaptive_confirmation,nonlinear,840007,fixed2_gated,0.2288083616006303,2,7,167526,experiments/adaptive_confirmation/results/nonlinear_840007.json,630799cbb33d9789c963516ba5211bdca4d2340fd3ee8c4c0e7c34f95bbb930e
adaptive_confirmation,nonlinear,840007,fixed7_gated,0.15991059675045594,7,7,48317,experiments/adaptive_confirmation/results/nonlinear_840007.json,630799cbb33d9789c963516ba5211bdca4d2340fd3ee8c4c0e7c34f95bbb930e
adaptive_confirmation,nonlinear,840007,fixed7_ungated,0.16334591802936252,7,7,49469,experiments/adaptive_confirmation/results/nonlinear_840007.json,630799cbb33d9789c963516ba5211bdca4d2340fd3ee8c4c0e7c34f95bbb930e
adaptive_confirmation,nonlinear,840008,fresh_adaptive,0.16127352782299148,2,7,170321,experiments/adaptive_confirmation/results/nonlinear_840008.json,0704b907d7ca1d446a736641bc875fa3c22a519d6dafd60200db2391bd6a3de1
adaptive_confirmation,nonlinear,840008,random_adaptive,0.15670541135788385,2,7,181020,experiments/adaptive_confirmation/results/nonlinear_840008.json,0704b907d7ca1d446a736641bc875fa3c22a519d6dafd60200db2391bd6a3de1
adaptive_confirmation,nonlinear,840008,fixed2_gated,0.15731462572071908,2,7,167526,experiments/adaptive_confirmation/results/nonlinear_840008.json,0704b907d7ca1d446a736641bc875fa3c22a519d6dafd60200db2391bd6a3de1
adaptive_confirmation,nonlinear,840008,fixed7_gated,0.15839664381264296,7,7,48317,experiments/adaptive_confirmation/results/nonlinear_840008.json,0704b907d7ca1d446a736641bc875fa3c22a519d6dafd60200db2391bd6a3de1
adaptive_confirmation,nonlinear,840008,fixed7_ungated,0.2113325224813979,7,7,49469,experiments/adaptive_confirmation/results/nonlinear_840008.json,0704b907d7ca1d446a736641bc875fa3c22a519d6dafd60200db2391bd6a3de1
adaptive_confirmation,nonlinear,840009,fresh_adaptive,0.16945271923629185,2,7,170321,experiments/adaptive_confirmation/results/nonlinear_840009.json,44a6d6aa162028fb4ba4a5ff6be8edc447c893521128e9e5afe35610f38032ee
adaptive_confirmation,nonlinear,840009,random_adaptive,0.17127343341029647,2,7,181020,experiments/adaptive_confirmation/results/nonlinear_840009.json,44a6d6aa162028fb4ba4a5ff6be8edc447c893521128e9e5afe35610f38032ee
adaptive_confirmation,nonlinear,840009,fixed2_gated,0.15782980316863587,2,7,167526,experiments/adaptive_confirmation/results/nonlinear_840009.json,44a6d6aa162028fb4ba4a5ff6be8edc447c893521128e9e5afe35610f38032ee
adaptive_confirmation,nonlinear,840009,fixed7_gated,0.16318829521445471,7,7,48317,experiments/adaptive_confirmation/results/nonlinear_840009.json,44a6d6aa162028fb4ba4a5ff6be8edc447c893521128e9e5afe35610f38032ee
adaptive_confirmation,nonlinear,840009,fixed7_ungated,0.16342534212719803,7,7,49469,experiments/adaptive_confirmation/results/nonlinear_840009.json,44a6d6aa162028fb4ba4a5ff6be8edc447c893521128e9e5afe35610f38032ee
adaptive_confirmation,nonlinear,840010,fresh_adaptive,0.17679634231788502,2,7,170321,experiments/adaptive_confirmation/results/nonlinear_840010.json,77b2f519df3fe52aed005daf6b0fc564bcbd1aa2459c96b6209cbdd6683cb5bf
adaptive_confirmation,nonlinear,840010,random_adaptive,0.16993099795460068,2,7,181020,experiments/adaptive_confirmation/results/nonlinear_840010.json,77b2f519df3fe52aed005daf6b0fc564bcbd1aa2459c96b6209cbdd6683cb5bf
adaptive_confirmation,nonlinear,840010,fixed2_gated,0.15959971395345393,2,7,167526,experiments/adaptive_confirmation/results/nonlinear_840010.json,77b2f519df3fe52aed005daf6b0fc564bcbd1aa2459c96b6209cbdd6683cb5bf
adaptive_confirmation,nonlinear,840010,fixed7_gated,0.16176797747703592,7,7,48317,experiments/adaptive_confirmation/results/nonlinear_840010.json,77b2f519df3fe52aed005daf6b0fc564bcbd1aa2459c96b6209cbdd6683cb5bf
adaptive_confirmation,nonlinear,840010,fixed7_ungated,0.15838221044934833,7,7,49469,experiments/adaptive_confirmation/results/nonlinear_840010.json,77b2f519df3fe52aed005daf6b0fc564bcbd1aa2459c96b6209cbdd6683cb5bf
adaptive_confirmation,nonlinear,840011,fresh_adaptive,0.155890975542331,2,7,170321,experiments/adaptive_confirmation/results/nonlinear_840011.json,517407104716913725d21acc55bdbd97659c6acd3f120278c8c00446343b14cd
adaptive_confirmation,nonlinear,840011,random_adaptive,0.1609076968400872,2,7,181020,experiments/adaptive_confirmation/results/nonlinear_840011.json,517407104716913725d21acc55bdbd97659c6acd3f120278c8c00446343b14cd
adaptive_confirmation,nonlinear,840011,fixed2_gated,0.1603834607892772,2,7,167526,experiments/adaptive_confirmation/results/nonlinear_840011.json,517407104716913725d21acc55bdbd97659c6acd3f120278c8c00446343b14cd
adaptive_confirmation,nonlinear,840011,fixed7_gated,0.16656495518134576,7,7,48317,experiments/adaptive_confirmation/results/nonlinear_840011.json,517407104716913725d21acc55bdbd97659c6acd3f120278c8c00446343b14cd
adaptive_confirmation,nonlinear,840011,fixed7_ungated,0.16538599552031844,7,7,49469,experiments/adaptive_confirmation/results/nonlinear_840011.json,517407104716913725d21acc55bdbd97659c6acd3f120278c8c00446343b14cd
adaptive_confirmation,null,840000,fresh_adaptive,0.255615496431474,1,7,240881,experiments/adaptive_confirmation/results/null_840000.json,909b986099c4d789a2536c1d96ded10273ee4d8c04c947e81ad99d39e88fd2d9
adaptive_confirmation,null,840000,random_adaptive,0.255615496431474,1,7,256625,experiments/adaptive_confirmation/results/null_840000.json,909b986099c4d789a2536c1d96ded10273ee4d8c04c947e81ad99d39e88fd2d9
adaptive_confirmation,null,840000,fixed2_gated,0.25573400344690694,2,7,167526,experiments/adaptive_confirmation/results/null_840000.json,909b986099c4d789a2536c1d96ded10273ee4d8c04c947e81ad99d39e88fd2d9
adaptive_confirmation,null,840000,fixed7_gated,0.25862468283442364,7,7,48317,experiments/adaptive_confirmation/results/null_840000.json,909b986099c4d789a2536c1d96ded10273ee4d8c04c947e81ad99d39e88fd2d9
adaptive_confirmation,null,840000,fixed7_ungated,0.2690283770144273,7,7,49469,experiments/adaptive_confirmation/results/null_840000.json,909b986099c4d789a2536c1d96ded10273ee4d8c04c947e81ad99d39e88fd2d9
adaptive_confirmation,null,840001,fresh_adaptive,0.2587817382042765,1,7,240881,experiments/adaptive_confirmation/results/null_840001.json,004e695887486a84307fdca0fdeadf5fb3291f3e2fc053f9050eae65174cdea1
adaptive_confirmation,null,840001,random_adaptive,0.253213712222991,1,7,256625,experiments/adaptive_confirmation/results/null_840001.json,004e695887486a84307fdca0fdeadf5fb3291f3e2fc053f9050eae65174cdea1
adaptive_confirmation,null,840001,fixed2_gated,0.25397190045449214,2,7,167526,experiments/adaptive_confirmation/results/null_840001.json,004e695887486a84307fdca0fdeadf5fb3291f3e2fc053f9050eae65174cdea1
adaptive_confirmation,null,840001,fixed7_gated,0.26209268834668475,7,7,48317,experiments/adaptive_confirmation/results/null_840001.json,004e695887486a84307fdca0fdeadf5fb3291f3e2fc053f9050eae65174cdea1
adaptive_confirmation,null,840001,fixed7_ungated,0.26201256859623806,7,7,49469,experiments/adaptive_confirmation/results/null_840001.json,004e695887486a84307fdca0fdeadf5fb3291f3e2fc053f9050eae65174cdea1
adaptive_confirmation,null,840002,fresh_adaptive,0.2531340210157553,1,7,240881,experiments/adaptive_confirmation/results/null_840002.json,b2c033fdbc3226e0c28376c66e917ae0ce9980a88fe62e5deabdf78cea316443
adaptive_confirmation,null,840002,random_adaptive,0.2531340210157553,1,7,256625,experiments/adaptive_confirmation/results/null_840002.json,b2c033fdbc3226e0c28376c66e917ae0ce9980a88fe62e5deabdf78cea316443
adaptive_confirmation,null,840002,fixed2_gated,0.25832317001991884,2,7,167526,experiments/adaptive_confirmation/results/null_840002.json,b2c033fdbc3226e0c28376c66e917ae0ce9980a88fe62e5deabdf78cea316443
adaptive_confirmation,null,840002,fixed7_gated,0.2652211886811319,7,7,48317,experiments/adaptive_confirmation/results/null_840002.json,b2c033fdbc3226e0c28376c66e917ae0ce9980a88fe62e5deabdf78cea316443
adaptive_confirmation,null,840002,fixed7_ungated,0.25820511501510646,7,7,49469,experiments/adaptive_confirmation/results/null_840002.json,b2c033fdbc3226e0c28376c66e917ae0ce9980a88fe62e5deabdf78cea316443
adaptive_confirmation,null,840003,fresh_adaptive,0.25538588067983903,1,7,240881,experiments/adaptive_confirmation/results/null_840003.json,0e8364ed58967816b71b5c5b8810a116d58ab25b4345b4411acaf7eaa214489a
adaptive_confirmation,null,840003,random_adaptive,0.25538588067983903,1,7,256625,experiments/adaptive_confirmation/results/null_840003.json,0e8364ed58967816b71b5c5b8810a116d58ab25b4345b4411acaf7eaa214489a
adaptive_confirmation,null,840003,fixed2_gated,0.2569622832471107,2,7,167526,experiments/adaptive_confirmation/results/null_840003.json,0e8364ed58967816b71b5c5b8810a116d58ab25b4345b4411acaf7eaa214489a
adaptive_confirmation,null,840003,fixed7_gated,0.2576504835705443,7,7,48317,experiments/adaptive_confirmation/results/null_840003.json,0e8364ed58967816b71b5c5b8810a116d58ab25b4345b4411acaf7eaa214489a
adaptive_confirmation,null,840003,fixed7_ungated,0.2661630659427448,7,7,49469,experiments/adaptive_confirmation/results/null_840003.json,0e8364ed58967816b71b5c5b8810a116d58ab25b4345b4411acaf7eaa214489a
adaptive_confirmation,null,840004,fresh_adaptive,0.2542126743309497,1,7,240881,experiments/adaptive_confirmation/results/null_840004.json,3a52d4ef4be5db1cf6d30af96ac8bf9fa89a267789f4393c3d5580f9db6f860e
adaptive_confirmation,null,840004,random_adaptive,0.2542126743309497,1,7,256625,experiments/adaptive_confirmation/results/null_840004.json,3a52d4ef4be5db1cf6d30af96ac8bf9fa89a267789f4393c3d5580f9db6f860e
adaptive_confirmation,null,840004,fixed2_gated,0.25633444547319184,2,7,167526,experiments/adaptive_confirmation/results/null_840004.json,3a52d4ef4be5db1cf6d30af96ac8bf9fa89a267789f4393c3d5580f9db6f860e
adaptive_confirmation,null,840004,fixed7_gated,0.26077455492465706,7,7,48317,experiments/adaptive_confirmation/results/null_840004.json,3a52d4ef4be5db1cf6d30af96ac8bf9fa89a267789f4393c3d5580f9db6f860e
adaptive_confirmation,null,840004,fixed7_ungated,0.26638124454956846,7,7,49469,experiments/adaptive_confirmation/results/null_840004.json,3a52d4ef4be5db1cf6d30af96ac8bf9fa89a267789f4393c3d5580f9db6f860e
adaptive_confirmation,null,840005,fresh_adaptive,0.25041499424620517,1,7,240881,experiments/adaptive_confirmation/results/null_840005.json,deb30c8c94a3ef07b851c2e1e5090c12a9dc4162954dfed7a03ee09e497ca19d
adaptive_confirmation,null,840005,random_adaptive,0.25936549300906314,1,7,256625,experiments/adaptive_confirmation/results/null_840005.json,deb30c8c94a3ef07b851c2e1e5090c12a9dc4162954dfed7a03ee09e497ca19d
adaptive_confirmation,null,840005,fixed2_gated,0.25233964778585233,2,7,167526,experiments/adaptive_confirmation/results/null_840005.json,deb30c8c94a3ef07b851c2e1e5090c12a9dc4162954dfed7a03ee09e497ca19d
adaptive_confirmation,null,840005,fixed7_gated,0.26299592027117574,7,7,48317,experiments/adaptive_confirmation/results/null_840005.json,deb30c8c94a3ef07b851c2e1e5090c12a9dc4162954dfed7a03ee09e497ca19d
adaptive_confirmation,null,840005,fixed7_ungated,0.2706335852399524,7,7,49469,experiments/adaptive_confirmation/results/null_840005.json,deb30c8c94a3ef07b851c2e1e5090c12a9dc4162954dfed7a03ee09e497ca19d
adaptive_confirmation,null,840006,fresh_adaptive,0.25443343501399074,1,7,240881,experiments/adaptive_confirmation/results/null_840006.json,bd202d6e82a33c20f73c7f86ebc13fede270e72b1757a94b6b8b2130bc51d77d
adaptive_confirmation,null,840006,random_adaptive,0.25443343501399074,1,7,256625,experiments/adaptive_confirmation/results/null_840006.json,bd202d6e82a33c20f73c7f86ebc13fede270e72b1757a94b6b8b2130bc51d77d
adaptive_confirmation,null,840006,fixed2_gated,0.25519031181005797,2,7,167526,experiments/adaptive_confirmation/results/null_840006.json,bd202d6e82a33c20f73c7f86ebc13fede270e72b1757a94b6b8b2130bc51d77d
adaptive_confirmation,null,840006,fixed7_gated,0.2587687446818411,7,7,48317,experiments/adaptive_confirmation/results/null_840006.json,bd202d6e82a33c20f73c7f86ebc13fede270e72b1757a94b6b8b2130bc51d77d
adaptive_confirmation,null,840006,fixed7_ungated,0.2615974052207242,7,7,49469,experiments/adaptive_confirmation/results/null_840006.json,bd202d6e82a33c20f73c7f86ebc13fede270e72b1757a94b6b8b2130bc51d77d
adaptive_confirmation,null,840007,fresh_adaptive,0.25219582056099105,1,7,240881,experiments/adaptive_confirmation/results/null_840007.json,e42c238d68c67fa4c31feafb15f9db67d2b36b1d0f6a364098a2210a36ac2afa
adaptive_confirmation,null,840007,random_adaptive,0.2521828307885043,2,7,211262,experiments/adaptive_confirmation/results/null_840007.json,e42c238d68c67fa4c31feafb15f9db67d2b36b1d0f6a364098a2210a36ac2afa
adaptive_confirmation,null,840007,fixed2_gated,0.2530457049019493,2,7,167526,experiments/adaptive_confirmation/results/null_840007.json,e42c238d68c67fa4c31feafb15f9db67d2b36b1d0f6a364098a2210a36ac2afa
adaptive_confirmation,null,840007,fixed7_gated,0.25501833656980255,7,7,48317,experiments/adaptive_confirmation/results/null_840007.json,e42c238d68c67fa4c31feafb15f9db67d2b36b1d0f6a364098a2210a36ac2afa
adaptive_confirmation,null,840007,fixed7_ungated,0.2618930216141401,7,7,49469,experiments/adaptive_confirmation/results/null_840007.json,e42c238d68c67fa4c31feafb15f9db67d2b36b1d0f6a364098a2210a36ac2afa
adaptive_confirmation,null,840008,fresh_adaptive,0.2561862837164342,1,7,240881,experiments/adaptive_confirmation/results/null_840008.json,98c6ec005e240255277a2a2bf8c60cb3888e4fbe4a3fd8189d0fadc37f957d9d
adaptive_confirmation,null,840008,random_adaptive,0.2561862837164342,1,7,256625,experiments/adaptive_confirmation/results/null_840008.json,98c6ec005e240255277a2a2bf8c60cb3888e4fbe4a3fd8189d0fadc37f957d9d
adaptive_confirmation,null,840008,fixed2_gated,0.2576899196428699,2,7,167526,experiments/adaptive_confirmation/results/null_840008.json,98c6ec005e240255277a2a2bf8c60cb3888e4fbe4a3fd8189d0fadc37f957d9d
adaptive_confirmation,null,840008,fixed7_gated,0.2695403146487611,7,7,48317,experiments/adaptive_confirmation/results/null_840008.json,98c6ec005e240255277a2a2bf8c60cb3888e4fbe4a3fd8189d0fadc37f957d9d
adaptive_confirmation,null,840008,fixed7_ungated,0.2633494728128767,7,7,49469,experiments/adaptive_confirmation/results/null_840008.json,98c6ec005e240255277a2a2bf8c60cb3888e4fbe4a3fd8189d0fadc37f957d9d
adaptive_confirmation,null,840009,fresh_adaptive,0.25066935870620183,2,7,184433,experiments/adaptive_confirmation/results/null_840009.json,2f62dffd2387a59fcab642852e5f55a620dd0741845de83bff4cec40fce304e3
adaptive_confirmation,null,840009,random_adaptive,0.25270453605497734,2,7,196141,experiments/adaptive_confirmation/results/null_840009.json,2f62dffd2387a59fcab642852e5f55a620dd0741845de83bff4cec40fce304e3
adaptive_confirmation,null,840009,fixed2_gated,0.2627632288854131,2,7,167526,experiments/adaptive_confirmation/results/null_840009.json,2f62dffd2387a59fcab642852e5f55a620dd0741845de83bff4cec40fce304e3
adaptive_confirmation,null,840009,fixed7_gated,0.25832206482281606,7,7,48317,experiments/adaptive_confirmation/results/null_840009.json,2f62dffd2387a59fcab642852e5f55a620dd0741845de83bff4cec40fce304e3
adaptive_confirmation,null,840009,fixed7_ungated,0.25996696645376965,7,7,49469,experiments/adaptive_confirmation/results/null_840009.json,2f62dffd2387a59fcab642852e5f55a620dd0741845de83bff4cec40fce304e3
adaptive_confirmation,null,840010,fresh_adaptive,0.2504807584759293,1,7,240881,experiments/adaptive_confirmation/results/null_840010.json,76eb4d8873525aef8845496c65ee05ecc90378962900e03cc84515f2d014d8a4
adaptive_confirmation,null,840010,random_adaptive,0.2620544381155983,1,7,256625,experiments/adaptive_confirmation/results/null_840010.json,76eb4d8873525aef8845496c65ee05ecc90378962900e03cc84515f2d014d8a4
adaptive_confirmation,null,840010,fixed2_gated,0.27116532102468066,2,7,167526,experiments/adaptive_confirmation/results/null_840010.json,76eb4d8873525aef8845496c65ee05ecc90378962900e03cc84515f2d014d8a4
adaptive_confirmation,null,840010,fixed7_gated,0.278796910225126,7,7,48317,experiments/adaptive_confirmation/results/null_840010.json,76eb4d8873525aef8845496c65ee05ecc90378962900e03cc84515f2d014d8a4
adaptive_confirmation,null,840010,fixed7_ungated,0.27176149560597124,7,7,49469,experiments/adaptive_confirmation/results/null_840010.json,76eb4d8873525aef8845496c65ee05ecc90378962900e03cc84515f2d014d8a4
adaptive_confirmation,null,840011,fresh_adaptive,0.25235761818003916,1,7,240881,experiments/adaptive_confirmation/results/null_840011.json,c8f34a131ff496abc0f4387c1da7fe2e0422b041300fd7aeab3e25e0a7aa00fb
adaptive_confirmation,null,840011,random_adaptive,0.2516359706354423,1,7,256625,experiments/adaptive_confirmation/results/null_840011.json,c8f34a131ff496abc0f4387c1da7fe2e0422b041300fd7aeab3e25e0a7aa00fb
adaptive_confirmation,null,840011,fixed2_gated,0.2580497345666994,2,7,167526,experiments/adaptive_confirmation/results/null_840011.json,c8f34a131ff496abc0f4387c1da7fe2e0422b041300fd7aeab3e25e0a7aa00fb
adaptive_confirmation,null,840011,fixed7_gated,0.2633218870638331,7,7,48317,experiments/adaptive_confirmation/results/null_840011.json,c8f34a131ff496abc0f4387c1da7fe2e0422b041300fd7aeab3e25e0a7aa00fb
adaptive_confirmation,null,840011,fixed7_ungated,0.26976651310564376,7,7,49469,experiments/adaptive_confirmation/results/null_840011.json,c8f34a131ff496abc0f4387c1da7fe2e0422b041300fd7aeab3e25e0a7aa00fb
fullbatch_confirmation,indefinite_noisy,850000,historical_moment,0.09436929688091741,7,7,113669,experiments/fullbatch_confirmation/results/indefinite_noisy_850000.json,b0f842a91e42f079a844d0185b551ae2d396048894cbeaaa693734fcfe57be78
fullbatch_confirmation,indefinite_noisy,850000,random_replay128,0.09506926318920637,7,7,124285,experiments/fullbatch_confirmation/results/indefinite_noisy_850000.json,b0f842a91e42f079a844d0185b551ae2d396048894cbeaaa693734fcfe57be78
fullbatch_confirmation,indefinite_noisy,850000,random_matched138,0.09452409196526622,7,7,124285,experiments/fullbatch_confirmation/results/indefinite_noisy_850000.json,b0f842a91e42f079a844d0185b551ae2d396048894cbeaaa693734fcfe57be78
fullbatch_confirmation,indefinite_noisy,850000,fixed7_replay138,0.09409865381873066,7,7,49469,experiments/fullbatch_confirmation/results/indefinite_noisy_850000.json,b0f842a91e42f079a844d0185b551ae2d396048894cbeaaa693734fcfe57be78
fullbatch_confirmation,indefinite_noisy,850001,historical_moment,0.09878700448604787,7,7,113669,experiments/fullbatch_confirmation/results/indefinite_noisy_850001.json,10752e9ca26f2da58b0a5d72a18ace7802088828423c46d5914f822ef1f9291b
fullbatch_confirmation,indefinite_noisy,850001,random_replay128,0.09940146516051757,7,7,124285,experiments/fullbatch_confirmation/results/indefinite_noisy_850001.json,10752e9ca26f2da58b0a5d72a18ace7802088828423c46d5914f822ef1f9291b
fullbatch_confirmation,indefinite_noisy,850001,random_matched138,0.09718673997388802,7,7,124285,experiments/fullbatch_confirmation/results/indefinite_noisy_850001.json,10752e9ca26f2da58b0a5d72a18ace7802088828423c46d5914f822ef1f9291b
fullbatch_confirmation,indefinite_noisy,850001,fixed7_replay138,0.09928836581152123,7,7,49469,experiments/fullbatch_confirmation/results/indefinite_noisy_850001.json,10752e9ca26f2da58b0a5d72a18ace7802088828423c46d5914f822ef1f9291b
fullbatch_confirmation,indefinite_noisy,850002,historical_moment,0.09766436077228334,7,7,113669,experiments/fullbatch_confirmation/results/indefinite_noisy_850002.json,d7a5ef306fcd5fc778d1dfa31ad80d4774692fd8433ba97596a62c0bd04cfc84
fullbatch_confirmation,indefinite_noisy,850002,random_replay128,0.0958540086242837,7,7,124285,experiments/fullbatch_confirmation/results/indefinite_noisy_850002.json,d7a5ef306fcd5fc778d1dfa31ad80d4774692fd8433ba97596a62c0bd04cfc84
fullbatch_confirmation,indefinite_noisy,850002,random_matched138,0.09736256023157087,7,7,124285,experiments/fullbatch_confirmation/results/indefinite_noisy_850002.json,d7a5ef306fcd5fc778d1dfa31ad80d4774692fd8433ba97596a62c0bd04cfc84
fullbatch_confirmation,indefinite_noisy,850002,fixed7_replay138,0.09485672851367574,7,7,49469,experiments/fullbatch_confirmation/results/indefinite_noisy_850002.json,d7a5ef306fcd5fc778d1dfa31ad80d4774692fd8433ba97596a62c0bd04cfc84
fullbatch_confirmation,indefinite_noisy,850003,historical_moment,0.09647582703628647,7,7,113669,experiments/fullbatch_confirmation/results/indefinite_noisy_850003.json,74e6f9a7f936ddd14da1874e59ef1012eec451200e4fc1b59cc69e7db580b9ab
fullbatch_confirmation,indefinite_noisy,850003,random_replay128,0.1005839379427163,7,7,124285,experiments/fullbatch_confirmation/results/indefinite_noisy_850003.json,74e6f9a7f936ddd14da1874e59ef1012eec451200e4fc1b59cc69e7db580b9ab
fullbatch_confirmation,indefinite_noisy,850003,random_matched138,0.09595242717035062,7,7,124285,experiments/fullbatch_confirmation/results/indefinite_noisy_850003.json,74e6f9a7f936ddd14da1874e59ef1012eec451200e4fc1b59cc69e7db580b9ab
fullbatch_confirmation,indefinite_noisy,850003,fixed7_replay138,0.09544755518481662,7,7,49469,experiments/fullbatch_confirmation/results/indefinite_noisy_850003.json,74e6f9a7f936ddd14da1874e59ef1012eec451200e4fc1b59cc69e7db580b9ab
fullbatch_confirmation,indefinite_noisy,850004,historical_moment,0.09502234444295363,7,7,113669,experiments/fullbatch_confirmation/results/indefinite_noisy_850004.json,8ccc855aca97886b61f4ce34503ac714ae4f38b9dca49cf17b69438515f0d250
fullbatch_confirmation,indefinite_noisy,850004,random_replay128,0.10689485238636807,7,7,124285,experiments/fullbatch_confirmation/results/indefinite_noisy_850004.json,8ccc855aca97886b61f4ce34503ac714ae4f38b9dca49cf17b69438515f0d250
fullbatch_confirmation,indefinite_noisy,850004,random_matched138,0.09667489080899186,7,7,124285,experiments/fullbatch_confirmation/results/indefinite_noisy_850004.json,8ccc855aca97886b61f4ce34503ac714ae4f38b9dca49cf17b69438515f0d250
fullbatch_confirmation,indefinite_noisy,850004,fixed7_replay138,0.09807626438680322,7,7,49469,experiments/fullbatch_confirmation/results/indefinite_noisy_850004.json,8ccc855aca97886b61f4ce34503ac714ae4f38b9dca49cf17b69438515f0d250
fullbatch_confirmation,indefinite_noisy,850005,historical_moment,0.09603746434634175,7,7,113669,experiments/fullbatch_confirmation/results/indefinite_noisy_850005.json,3e837000bc953ecb13934b905a36cc2c2e0dc6d51abf9411ee0b409970572425
fullbatch_confirmation,indefinite_noisy,850005,random_replay128,0.09676366475057875,7,7,124285,experiments/fullbatch_confirmation/results/indefinite_noisy_850005.json,3e837000bc953ecb13934b905a36cc2c2e0dc6d51abf9411ee0b409970572425
fullbatch_confirmation,indefinite_noisy,850005,random_matched138,0.09459729918968317,7,7,124285,experiments/fullbatch_confirmation/results/indefinite_noisy_850005.json,3e837000bc953ecb13934b905a36cc2c2e0dc6d51abf9411ee0b409970572425
fullbatch_confirmation,indefinite_noisy,850005,fixed7_replay138,0.09845124054357103,7,7,49469,experiments/fullbatch_confirmation/results/indefinite_noisy_850005.json,3e837000bc953ecb13934b905a36cc2c2e0dc6d51abf9411ee0b409970572425
fullbatch_confirmation,indefinite_noisy,850006,historical_moment,0.09680387711763234,7,7,113669,experiments/fullbatch_confirmation/results/indefinite_noisy_850006.json,504aab9d10343e443055f25fe752ee0d7d4c4bb38300c3a25043208df4a353ed
fullbatch_confirmation,indefinite_noisy,850006,random_replay128,0.09953138045725522,7,7,124285,experiments/fullbatch_confirmation/results/indefinite_noisy_850006.json,504aab9d10343e443055f25fe752ee0d7d4c4bb38300c3a25043208df4a353ed
fullbatch_confirmation,indefinite_noisy,850006,random_matched138,0.09572286515211821,7,7,124285,experiments/fullbatch_confirmation/results/indefinite_noisy_850006.json,504aab9d10343e443055f25fe752ee0d7d4c4bb38300c3a25043208df4a353ed
fullbatch_confirmation,indefinite_noisy,850006,fixed7_replay138,0.10516994511398198,7,7,49469,experiments/fullbatch_confirmation/results/indefinite_noisy_850006.json,504aab9d10343e443055f25fe752ee0d7d4c4bb38300c3a25043208df4a353ed
fullbatch_confirmation,indefinite_noisy,850007,historical_moment,0.0945837802567343,7,7,113669,experiments/fullbatch_confirmation/results/indefinite_noisy_850007.json,164714049489cab88bdbc3b6a60ee5be401f0e3cd7833eb487ea555061958f43
fullbatch_confirmation,indefinite_noisy,850007,random_replay128,0.09568126885876409,7,7,124285,experiments/fullbatch_confirmation/results/indefinite_noisy_850007.json,164714049489cab88bdbc3b6a60ee5be401f0e3cd7833eb487ea555061958f43
fullbatch_confirmation,indefinite_noisy,850007,random_matched138,0.09634485772529372,7,7,124285,experiments/fullbatch_confirmation/results/indefinite_noisy_850007.json,164714049489cab88bdbc3b6a60ee5be401f0e3cd7833eb487ea555061958f43
fullbatch_confirmation,indefinite_noisy,850007,fixed7_replay138,0.09473728883710499,7,7,49469,experiments/fullbatch_confirmation/results/indefinite_noisy_850007.json,164714049489cab88bdbc3b6a60ee5be401f0e3cd7833eb487ea555061958f43
fullbatch_confirmation,indefinite_noisy,850008,historical_moment,0.09650250603825006,7,7,113669,experiments/fullbatch_confirmation/results/indefinite_noisy_850008.json,607ad25643ae59138ada2965db55a7e77264628ebdf7138114ffd1b5373c1b4c
fullbatch_confirmation,indefinite_noisy,850008,random_replay128,0.10116826624844254,7,7,124285,experiments/fullbatch_confirmation/results/indefinite_noisy_850008.json,607ad25643ae59138ada2965db55a7e77264628ebdf7138114ffd1b5373c1b4c
fullbatch_confirmation,indefinite_noisy,850008,random_matched138,0.0972559305977338,7,7,124285,experiments/fullbatch_confirmation/results/indefinite_noisy_850008.json,607ad25643ae59138ada2965db55a7e77264628ebdf7138114ffd1b5373c1b4c
fullbatch_confirmation,indefinite_noisy,850008,fixed7_replay138,0.09677847901106176,7,7,49469,experiments/fullbatch_confirmation/results/indefinite_noisy_850008.json,607ad25643ae59138ada2965db55a7e77264628ebdf7138114ffd1b5373c1b4c
fullbatch_confirmation,indefinite_noisy,850009,historical_moment,0.09800806384329203,7,7,113669,experiments/fullbatch_confirmation/results/indefinite_noisy_850009.json,8c6e77954e29937ad3366279308bbcc13cd4e52349f34300be0d99534c8b472c
fullbatch_confirmation,indefinite_noisy,850009,random_replay128,0.09644725729680771,7,7,124285,experiments/fullbatch_confirmation/results/indefinite_noisy_850009.json,8c6e77954e29937ad3366279308bbcc13cd4e52349f34300be0d99534c8b472c
fullbatch_confirmation,indefinite_noisy,850009,random_matched138,0.10156278147881273,7,7,124285,experiments/fullbatch_confirmation/results/indefinite_noisy_850009.json,8c6e77954e29937ad3366279308bbcc13cd4e52349f34300be0d99534c8b472c
fullbatch_confirmation,indefinite_noisy,850009,fixed7_replay138,0.1773824564329804,7,7,49469,experiments/fullbatch_confirmation/results/indefinite_noisy_850009.json,8c6e77954e29937ad3366279308bbcc13cd4e52349f34300be0d99534c8b472c
fullbatch_confirmation,indefinite_noisy,850010,historical_moment,0.09504226287198808,7,7,113669,experiments/fullbatch_confirmation/results/indefinite_noisy_850010.json,7951a3e5e0110c4826078daf6acdd7815483d17b6d43d43b2e1e938b02d5af3c
fullbatch_confirmation,indefinite_noisy,850010,random_replay128,0.09458896261527229,7,7,124285,experiments/fullbatch_confirmation/results/indefinite_noisy_850010.json,7951a3e5e0110c4826078daf6acdd7815483d17b6d43d43b2e1e938b02d5af3c
fullbatch_confirmation,indefinite_noisy,850010,random_matched138,0.09860569296111733,7,7,124285,experiments/fullbatch_confirmation/results/indefinite_noisy_850010.json,7951a3e5e0110c4826078daf6acdd7815483d17b6d43d43b2e1e938b02d5af3c
fullbatch_confirmation,indefinite_noisy,850010,fixed7_replay138,0.0979386942439145,7,7,49469,experiments/fullbatch_confirmation/results/indefinite_noisy_850010.json,7951a3e5e0110c4826078daf6acdd7815483d17b6d43d43b2e1e938b02d5af3c
fullbatch_confirmation,indefinite_noisy,850011,historical_moment,0.09516654916123585,7,7,113669,experiments/fullbatch_confirmation/results/indefinite_noisy_850011.json,a3d0e617963314715e97e31dfcb4f992fc1cf7b1b889b4bb4076fd319a84dc2d
fullbatch_confirmation,indefinite_noisy,850011,random_replay128,0.09784373326553195,7,7,124285,experiments/fullbatch_confirmation/results/indefinite_noisy_850011.json,a3d0e617963314715e97e31dfcb4f992fc1cf7b1b889b4bb4076fd319a84dc2d
fullbatch_confirmation,indefinite_noisy,850011,random_matched138,0.09606360667818313,7,7,124285,experiments/fullbatch_confirmation/results/indefinite_noisy_850011.json,a3d0e617963314715e97e31dfcb4f992fc1cf7b1b889b4bb4076fd319a84dc2d
fullbatch_confirmation,indefinite_noisy,850011,fixed7_replay138,0.09619949849380909,7,7,49469,experiments/fullbatch_confirmation/results/indefinite_noisy_850011.json,a3d0e617963314715e97e31dfcb4f992fc1cf7b1b889b4bb4076fd319a84dc2d
fullbatch_confirmation,lowrank_noiseless,850000,historical_moment,3.9767381566943624e-05,7,7,113669,experiments/fullbatch_confirmation/results/lowrank_noiseless_850000.json,87716941867d4c2b99378c9ebb3dcb3e68c84898228b1341a6bdabcf8962c68e
fullbatch_confirmation,lowrank_noiseless,850000,random_replay128,3.169070534606063e-05,7,7,124285,experiments/fullbatch_confirmation/results/lowrank_noiseless_850000.json,87716941867d4c2b99378c9ebb3dcb3e68c84898228b1341a6bdabcf8962c68e
fullbatch_confirmation,lowrank_noiseless,850000,random_matched138,2.996062906958362e-06,7,7,124285,experiments/fullbatch_confirmation/results/lowrank_noiseless_850000.json,87716941867d4c2b99378c9ebb3dcb3e68c84898228b1341a6bdabcf8962c68e
fullbatch_confirmation,lowrank_noiseless,850000,fixed7_replay138,3.783258682630557e-05,7,7,49469,experiments/fullbatch_confirmation/results/lowrank_noiseless_850000.json,87716941867d4c2b99378c9ebb3dcb3e68c84898228b1341a6bdabcf8962c68e
fullbatch_confirmation,lowrank_noiseless,850001,historical_moment,6.279897298183653e-05,7,7,113669,experiments/fullbatch_confirmation/results/lowrank_noiseless_850001.json,b3f5093d22dd8d7b8552d1174870653a275e08526170fcd2c0b628dc4e8dce68
fullbatch_confirmation,lowrank_noiseless,850001,random_replay128,0.00023531798876312213,7,7,124285,experiments/fullbatch_confirmation/results/lowrank_noiseless_850001.json,b3f5093d22dd8d7b8552d1174870653a275e08526170fcd2c0b628dc4e8dce68
fullbatch_confirmation,lowrank_noiseless,850001,random_matched138,3.231200316625496e-05,7,7,124285,experiments/fullbatch_confirmation/results/lowrank_noiseless_850001.json,b3f5093d22dd8d7b8552d1174870653a275e08526170fcd2c0b628dc4e8dce68
fullbatch_confirmation,lowrank_noiseless,850001,fixed7_replay138,7.151828199684582e-06,7,7,49469,experiments/fullbatch_confirmation/results/lowrank_noiseless_850001.json,b3f5093d22dd8d7b8552d1174870653a275e08526170fcd2c0b628dc4e8dce68
fullbatch_confirmation,lowrank_noiseless,850002,historical_moment,2.429454249603528e-05,7,7,113669,experiments/fullbatch_confirmation/results/lowrank_noiseless_850002.json,da9e30997a24ab870c2001ed37134c80b967d9a60e26e81a4557df5c372fe713
fullbatch_confirmation,lowrank_noiseless,850002,random_replay128,4.9481843505668995e-05,7,7,124285,experiments/fullbatch_confirmation/results/lowrank_noiseless_850002.json,da9e30997a24ab870c2001ed37134c80b967d9a60e26e81a4557df5c372fe713
fullbatch_confirmation,lowrank_noiseless,850002,random_matched138,2.234325410514992e-06,7,7,124285,experiments/fullbatch_confirmation/results/lowrank_noiseless_850002.json,da9e30997a24ab870c2001ed37134c80b967d9a60e26e81a4557df5c372fe713
fullbatch_confirmation,lowrank_noiseless,850002,fixed7_replay138,1.6742025903841843e-05,7,7,49469,experiments/fullbatch_confirmation/results/lowrank_noiseless_850002.json,da9e30997a24ab870c2001ed37134c80b967d9a60e26e81a4557df5c372fe713
fullbatch_confirmation,lowrank_noiseless,850003,historical_moment,7.4940725137688566e-06,7,7,113669,experiments/fullbatch_confirmation/results/lowrank_noiseless_850003.json,b075fa6304bcdc68be48a8815e81f185c0c9bac194db61a3c3c678d8abc509f6
fullbatch_confirmation,lowrank_noiseless,850003,random_replay128,7.835413335342756e-05,7,7,124285,experiments/fullbatch_confirmation/results/lowrank_noiseless_850003.json,b075fa6304bcdc68be48a8815e81f185c0c9bac194db61a3c3c678d8abc509f6
fullbatch_confirmation,lowrank_noiseless,850003,random_matched138,3.061903053257563e-05,7,7,124285,experiments/fullbatch_confirmation/results/lowrank_noiseless_850003.json,b075fa6304bcdc68be48a8815e81f185c0c9bac194db61a3c3c678d8abc509f6
fullbatch_confirmation,lowrank_noiseless,850003,fixed7_replay138,3.430173530039004e-11,7,7,49469,experiments/fullbatch_confirmation/results/lowrank_noiseless_850003.json,b075fa6304bcdc68be48a8815e81f185c0c9bac194db61a3c3c678d8abc509f6
fullbatch_confirmation,lowrank_noiseless,850004,historical_moment,3.3452674829157086e-06,7,7,113669,experiments/fullbatch_confirmation/results/lowrank_noiseless_850004.json,938b0807815e7895fca51d6f64af53d65277c0f9e5eb9920079200f3ec6c2db0
fullbatch_confirmation,lowrank_noiseless,850004,random_replay128,9.835690816118409e-06,7,7,124285,experiments/fullbatch_confirmation/results/lowrank_noiseless_850004.json,938b0807815e7895fca51d6f64af53d65277c0f9e5eb9920079200f3ec6c2db0
fullbatch_confirmation,lowrank_noiseless,850004,random_matched138,2.2503345993297026e-05,7,7,124285,experiments/fullbatch_confirmation/results/lowrank_noiseless_850004.json,938b0807815e7895fca51d6f64af53d65277c0f9e5eb9920079200f3ec6c2db0
fullbatch_confirmation,lowrank_noiseless,850004,fixed7_replay138,2.628013439926624e-05,7,7,49469,experiments/fullbatch_confirmation/results/lowrank_noiseless_850004.json,938b0807815e7895fca51d6f64af53d65277c0f9e5eb9920079200f3ec6c2db0
fullbatch_confirmation,lowrank_noiseless,850005,historical_moment,3.5801121170147067e-06,7,7,113669,experiments/fullbatch_confirmation/results/lowrank_noiseless_850005.json,b26767211118d660dd217f7ab409681c24ba2cdfa3555eaed4fb5c89cde293fb
fullbatch_confirmation,lowrank_noiseless,850005,random_replay128,2.223871320953454e-06,7,7,124285,experiments/fullbatch_confirmation/results/lowrank_noiseless_850005.json,b26767211118d660dd217f7ab409681c24ba2cdfa3555eaed4fb5c89cde293fb
fullbatch_confirmation,lowrank_noiseless,850005,random_matched138,1.3783553627766306e-06,7,7,124285,experiments/fullbatch_confirmation/results/lowrank_noiseless_850005.json,b26767211118d660dd217f7ab409681c24ba2cdfa3555eaed4fb5c89cde293fb
fullbatch_confirmation,lowrank_noiseless,850005,fixed7_replay138,3.0180763289522878e-05,7,7,49469,experiments/fullbatch_confirmation/results/lowrank_noiseless_850005.json,b26767211118d660dd217f7ab409681c24ba2cdfa3555eaed4fb5c89cde293fb
fullbatch_confirmation,lowrank_noiseless,850006,historical_moment,2.6424018994061552e-05,7,7,113669,experiments/fullbatch_confirmation/results/lowrank_noiseless_850006.json,74ab2e4c7f595cd415741a64f24e98bdaddf153b73d915f5b027b6ef07a3ee22
fullbatch_confirmation,lowrank_noiseless,850006,random_replay128,5.121850440355385e-06,7,7,124285,experiments/fullbatch_confirmation/results/lowrank_noiseless_850006.json,74ab2e4c7f595cd415741a64f24e98bdaddf153b73d915f5b027b6ef07a3ee22
fullbatch_confirmation,lowrank_noiseless,850006,random_matched138,4.911668622985638e-06,7,7,124285,experiments/fullbatch_confirmation/results/lowrank_noiseless_850006.json,74ab2e4c7f595cd415741a64f24e98bdaddf153b73d915f5b027b6ef07a3ee22
fullbatch_confirmation,lowrank_noiseless,850006,fixed7_replay138,2.4189832806078112e-05,7,7,49469,experiments/fullbatch_confirmation/results/lowrank_noiseless_850006.json,74ab2e4c7f595cd415741a64f24e98bdaddf153b73d915f5b027b6ef07a3ee22
fullbatch_confirmation,lowrank_noiseless,850007,historical_moment,1.0672221462907815e-05,7,7,113669,experiments/fullbatch_confirmation/results/lowrank_noiseless_850007.json,ad1790b6961842f675e1ddccdc592bca4cdc3521f9d63fe5639bc8ead61a74e3
fullbatch_confirmation,lowrank_noiseless,850007,random_replay128,2.014095264221438e-05,7,7,124285,experiments/fullbatch_confirmation/results/lowrank_noiseless_850007.json,ad1790b6961842f675e1ddccdc592bca4cdc3521f9d63fe5639bc8ead61a74e3
fullbatch_confirmation,lowrank_noiseless,850007,random_matched138,5.586445232204143e-06,7,7,124285,experiments/fullbatch_confirmation/results/lowrank_noiseless_850007.json,ad1790b6961842f675e1ddccdc592bca4cdc3521f9d63fe5639bc8ead61a74e3
fullbatch_confirmation,lowrank_noiseless,850007,fixed7_replay138,7.500532710143168e-05,7,7,49469,experiments/fullbatch_confirmation/results/lowrank_noiseless_850007.json,ad1790b6961842f675e1ddccdc592bca4cdc3521f9d63fe5639bc8ead61a74e3
fullbatch_confirmation,lowrank_noiseless,850008,historical_moment,3.497773026648587e-05,7,7,113669,experiments/fullbatch_confirmation/results/lowrank_noiseless_850008.json,d534ce43db1008b66061a72a1bb9a04881cb0ffdc0a16f5dc43c3ffca07149e5
fullbatch_confirmation,lowrank_noiseless,850008,random_replay128,1.4002772296701077e-05,7,7,124285,experiments/fullbatch_confirmation/results/lowrank_noiseless_850008.json,d534ce43db1008b66061a72a1bb9a04881cb0ffdc0a16f5dc43c3ffca07149e5
fullbatch_confirmation,lowrank_noiseless,850008,random_matched138,1.4279244988227145e-05,7,7,124285,experiments/fullbatch_confirmation/results/lowrank_noiseless_850008.json,d534ce43db1008b66061a72a1bb9a04881cb0ffdc0a16f5dc43c3ffca07149e5
fullbatch_confirmation,lowrank_noiseless,850008,fixed7_replay138,1.504860076430189e-05,7,7,49469,experiments/fullbatch_confirmation/results/lowrank_noiseless_850008.json,d534ce43db1008b66061a72a1bb9a04881cb0ffdc0a16f5dc43c3ffca07149e5
fullbatch_confirmation,lowrank_noiseless,850009,historical_moment,2.940777087975639e-05,7,7,113669,experiments/fullbatch_confirmation/results/lowrank_noiseless_850009.json,2bf5ff962a5f52620d282711dec6c9305f13ad07f4568f528d6b4e4c633b2541
fullbatch_confirmation,lowrank_noiseless,850009,random_replay128,1.8790384375157416e-05,7,7,124285,experiments/fullbatch_confirmation/results/lowrank_noiseless_850009.json,2bf5ff962a5f52620d282711dec6c9305f13ad07f4568f528d6b4e4c633b2541
fullbatch_confirmation,lowrank_noiseless,850009,random_matched138,9.68453762623753e-06,7,7,124285,experiments/fullbatch_confirmation/results/lowrank_noiseless_850009.json,2bf5ff962a5f52620d282711dec6c9305f13ad07f4568f528d6b4e4c633b2541
fullbatch_confirmation,lowrank_noiseless,850009,fixed7_replay138,1.412007114006056e-07,7,7,49469,experiments/fullbatch_confirmation/results/lowrank_noiseless_850009.json,2bf5ff962a5f52620d282711dec6c9305f13ad07f4568f528d6b4e4c633b2541
fullbatch_confirmation,lowrank_noiseless,850010,historical_moment,8.275749764206344e-06,7,7,113669,experiments/fullbatch_confirmation/results/lowrank_noiseless_850010.json,7f9a07cbdfa2fe024c2235541f876642f8cd6ab94f7f85aace2662870df02d2d
fullbatch_confirmation,lowrank_noiseless,850010,random_replay128,7.134320948281254e-06,7,7,124285,experiments/fullbatch_confirmation/results/lowrank_noiseless_850010.json,7f9a07cbdfa2fe024c2235541f876642f8cd6ab94f7f85aace2662870df02d2d
fullbatch_confirmation,lowrank_noiseless,850010,random_matched138,4.564059417631441e-06,7,7,124285,experiments/fullbatch_confirmation/results/lowrank_noiseless_850010.json,7f9a07cbdfa2fe024c2235541f876642f8cd6ab94f7f85aace2662870df02d2d
fullbatch_confirmation,lowrank_noiseless,850010,fixed7_replay138,3.601723571483899e-14,7,7,49469,experiments/fullbatch_confirmation/results/lowrank_noiseless_850010.json,7f9a07cbdfa2fe024c2235541f876642f8cd6ab94f7f85aace2662870df02d2d
fullbatch_confirmation,lowrank_noiseless,850011,historical_moment,7.113917058823038e-06,7,7,113669,experiments/fullbatch_confirmation/results/lowrank_noiseless_850011.json,afbcf02ad9f8d2327710aea299d474c6fd15252e4da6a4773b5616643a7f0744
fullbatch_confirmation,lowrank_noiseless,850011,random_replay128,9.463921031328927e-05,7,7,124285,experiments/fullbatch_confirmation/results/lowrank_noiseless_850011.json,afbcf02ad9f8d2327710aea299d474c6fd15252e4da6a4773b5616643a7f0744
fullbatch_confirmation,lowrank_noiseless,850011,random_matched138,7.178482796960039e-06,7,7,124285,experiments/fullbatch_confirmation/results/lowrank_noiseless_850011.json,afbcf02ad9f8d2327710aea299d474c6fd15252e4da6a4773b5616643a7f0744
fullbatch_confirmation,lowrank_noiseless,850011,fixed7_replay138,2.3899353713054312e-05,7,7,49469,experiments/fullbatch_confirmation/results/lowrank_noiseless_850011.json,afbcf02ad9f8d2327710aea299d474c6fd15252e4da6a4773b5616643a7f0744
fullbatch_confirmation,nonlinear,850000,historical_moment,0.1630204969188471,7,7,113669,experiments/fullbatch_confirmation/results/nonlinear_850000.json,f2d0d0998e598718c5e6151d1c217d46de7109ce6c8ed7116005862923db408e
fullbatch_confirmation,nonlinear,850000,random_replay128,0.1571425054741116,7,7,124285,experiments/fullbatch_confirmation/results/nonlinear_850000.json,f2d0d0998e598718c5e6151d1c217d46de7109ce6c8ed7116005862923db408e
fullbatch_confirmation,nonlinear,850000,random_matched138,0.1598162603205895,7,7,124285,experiments/fullbatch_confirmation/results/nonlinear_850000.json,f2d0d0998e598718c5e6151d1c217d46de7109ce6c8ed7116005862923db408e
fullbatch_confirmation,nonlinear,850000,fixed7_replay138,0.16027409334615242,7,7,49469,experiments/fullbatch_confirmation/results/nonlinear_850000.json,f2d0d0998e598718c5e6151d1c217d46de7109ce6c8ed7116005862923db408e
fullbatch_confirmation,nonlinear,850001,historical_moment,0.16641564560391867,7,7,113669,experiments/fullbatch_confirmation/results/nonlinear_850001.json,a711b3612616ecf7cf26130675d49c5e3c55da089051d72d7c1cbc5011287da5
fullbatch_confirmation,nonlinear,850001,random_replay128,0.1620213383682802,7,7,124285,experiments/fullbatch_confirmation/results/nonlinear_850001.json,a711b3612616ecf7cf26130675d49c5e3c55da089051d72d7c1cbc5011287da5
fullbatch_confirmation,nonlinear,850001,random_matched138,0.16070329159183905,7,7,124285,experiments/fullbatch_confirmation/results/nonlinear_850001.json,a711b3612616ecf7cf26130675d49c5e3c55da089051d72d7c1cbc5011287da5
fullbatch_confirmation,nonlinear,850001,fixed7_replay138,0.16141951147904426,7,7,49469,experiments/fullbatch_confirmation/results/nonlinear_850001.json,a711b3612616ecf7cf26130675d49c5e3c55da089051d72d7c1cbc5011287da5
fullbatch_confirmation,nonlinear,850002,historical_moment,0.16302624710509445,7,7,113669,experiments/fullbatch_confirmation/results/nonlinear_850002.json,44b2b4e2a20d595bcf3e3fed35188698696f583ea1973cd28a9bd2714042b067
fullbatch_confirmation,nonlinear,850002,random_replay128,0.1585045875572199,7,7,124285,experiments/fullbatch_confirmation/results/nonlinear_850002.json,44b2b4e2a20d595bcf3e3fed35188698696f583ea1973cd28a9bd2714042b067
fullbatch_confirmation,nonlinear,850002,random_matched138,0.1618432860631307,7,7,124285,experiments/fullbatch_confirmation/results/nonlinear_850002.json,44b2b4e2a20d595bcf3e3fed35188698696f583ea1973cd28a9bd2714042b067
fullbatch_confirmation,nonlinear,850002,fixed7_replay138,0.16038307317018746,7,7,49469,experiments/fullbatch_confirmation/results/nonlinear_850002.json,44b2b4e2a20d595bcf3e3fed35188698696f583ea1973cd28a9bd2714042b067
fullbatch_confirmation,nonlinear,850003,historical_moment,0.15520387752844794,7,7,113669,experiments/fullbatch_confirmation/results/nonlinear_850003.json,0bb4f1c504b2e46b09b28115b6cde2da1abaf6b16a318504c21a72ffe66b1827
fullbatch_confirmation,nonlinear,850003,random_replay128,0.1631958670809942,7,7,124285,experiments/fullbatch_confirmation/results/nonlinear_850003.json,0bb4f1c504b2e46b09b28115b6cde2da1abaf6b16a318504c21a72ffe66b1827
fullbatch_confirmation,nonlinear,850003,random_matched138,0.17583821659205898,7,7,124285,experiments/fullbatch_confirmation/results/nonlinear_850003.json,0bb4f1c504b2e46b09b28115b6cde2da1abaf6b16a318504c21a72ffe66b1827
fullbatch_confirmation,nonlinear,850003,fixed7_replay138,0.15676765859191572,7,7,49469,experiments/fullbatch_confirmation/results/nonlinear_850003.json,0bb4f1c504b2e46b09b28115b6cde2da1abaf6b16a318504c21a72ffe66b1827
fullbatch_confirmation,nonlinear,850004,historical_moment,0.16241505939428447,7,7,113669,experiments/fullbatch_confirmation/results/nonlinear_850004.json,ad417836db0d8defa02de3cc053844d64fc4b5536ce1cb83a7b683afdb15bc7f
fullbatch_confirmation,nonlinear,850004,random_replay128,0.15934895128126794,7,7,124285,experiments/fullbatch_confirmation/results/nonlinear_850004.json,ad417836db0d8defa02de3cc053844d64fc4b5536ce1cb83a7b683afdb15bc7f
fullbatch_confirmation,nonlinear,850004,random_matched138,0.16242596379359103,7,7,124285,experiments/fullbatch_confirmation/results/nonlinear_850004.json,ad417836db0d8defa02de3cc053844d64fc4b5536ce1cb83a7b683afdb15bc7f
fullbatch_confirmation,nonlinear,850004,fixed7_replay138,0.16268412515727132,7,7,49469,experiments/fullbatch_confirmation/results/nonlinear_850004.json,ad417836db0d8defa02de3cc053844d64fc4b5536ce1cb83a7b683afdb15bc7f
fullbatch_confirmation,nonlinear,850005,historical_moment,0.16330208115192246,7,7,113669,experiments/fullbatch_confirmation/results/nonlinear_850005.json,df5df9fb90dd4d3ef944c04ff34d1d731385f06dafbc5ac948ca0fba22fa7e85
fullbatch_confirmation,nonlinear,850005,random_replay128,0.16227250264181844,7,7,124285,experiments/fullbatch_confirmation/results/nonlinear_850005.json,df5df9fb90dd4d3ef944c04ff34d1d731385f06dafbc5ac948ca0fba22fa7e85
fullbatch_confirmation,nonlinear,850005,random_matched138,0.1653966085398674,7,7,124285,experiments/fullbatch_confirmation/results/nonlinear_850005.json,df5df9fb90dd4d3ef944c04ff34d1d731385f06dafbc5ac948ca0fba22fa7e85
fullbatch_confirmation,nonlinear,850005,fixed7_replay138,0.16286369210750845,7,7,49469,experiments/fullbatch_confirmation/results/nonlinear_850005.json,df5df9fb90dd4d3ef944c04ff34d1d731385f06dafbc5ac948ca0fba22fa7e85
fullbatch_confirmation,nonlinear,850006,historical_moment,0.16004279015554912,7,7,113669,experiments/fullbatch_confirmation/results/nonlinear_850006.json,4f3d9b3a01bc2dd43c4a58e6f9f7f198787a42107a447e96216c2a415597d870
fullbatch_confirmation,nonlinear,850006,random_replay128,0.15999016327355972,7,7,124285,experiments/fullbatch_confirmation/results/nonlinear_850006.json,4f3d9b3a01bc2dd43c4a58e6f9f7f198787a42107a447e96216c2a415597d870
fullbatch_confirmation,nonlinear,850006,random_matched138,0.16543336630459787,7,7,124285,experiments/fullbatch_confirmation/results/nonlinear_850006.json,4f3d9b3a01bc2dd43c4a58e6f9f7f198787a42107a447e96216c2a415597d870
fullbatch_confirmation,nonlinear,850006,fixed7_replay138,0.15816054235048377,7,7,49469,experiments/fullbatch_confirmation/results/nonlinear_850006.json,4f3d9b3a01bc2dd43c4a58e6f9f7f198787a42107a447e96216c2a415597d870
fullbatch_confirmation,nonlinear,850007,historical_moment,0.160682951551789,7,7,113669,experiments/fullbatch_confirmation/results/nonlinear_850007.json,a4f39abd53c838d801a650165374d8cbd2320d32a149ea56bdae730ae2c10f2d
fullbatch_confirmation,nonlinear,850007,random_replay128,0.1554056106497405,7,7,124285,experiments/fullbatch_confirmation/results/nonlinear_850007.json,a4f39abd53c838d801a650165374d8cbd2320d32a149ea56bdae730ae2c10f2d
fullbatch_confirmation,nonlinear,850007,random_matched138,0.16032016429341842,7,7,124285,experiments/fullbatch_confirmation/results/nonlinear_850007.json,a4f39abd53c838d801a650165374d8cbd2320d32a149ea56bdae730ae2c10f2d
fullbatch_confirmation,nonlinear,850007,fixed7_replay138,0.16021217418855155,7,7,49469,experiments/fullbatch_confirmation/results/nonlinear_850007.json,a4f39abd53c838d801a650165374d8cbd2320d32a149ea56bdae730ae2c10f2d
fullbatch_confirmation,nonlinear,850008,historical_moment,0.15752779895230717,7,7,113669,experiments/fullbatch_confirmation/results/nonlinear_850008.json,7cfa952b110edcdcba776c4298600f4bb012d9c2ed9eddfb3ae436a8ba7e2abf
fullbatch_confirmation,nonlinear,850008,random_replay128,0.160363238486044,7,7,124285,experiments/fullbatch_confirmation/results/nonlinear_850008.json,7cfa952b110edcdcba776c4298600f4bb012d9c2ed9eddfb3ae436a8ba7e2abf
fullbatch_confirmation,nonlinear,850008,random_matched138,0.1597111750646213,7,7,124285,experiments/fullbatch_confirmation/results/nonlinear_850008.json,7cfa952b110edcdcba776c4298600f4bb012d9c2ed9eddfb3ae436a8ba7e2abf
fullbatch_confirmation,nonlinear,850008,fixed7_replay138,0.1566493165758986,7,7,49469,experiments/fullbatch_confirmation/results/nonlinear_850008.json,7cfa952b110edcdcba776c4298600f4bb012d9c2ed9eddfb3ae436a8ba7e2abf
fullbatch_confirmation,nonlinear,850009,historical_moment,0.1695776225000151,7,7,113669,experiments/fullbatch_confirmation/results/nonlinear_850009.json,0c6379ef7be6f3f9144a62b5e9c6908efd9994c215058a179d9774be9cfa1c61
fullbatch_confirmation,nonlinear,850009,random_replay128,0.1724036624183446,7,7,124285,experiments/fullbatch_confirmation/results/nonlinear_850009.json,0c6379ef7be6f3f9144a62b5e9c6908efd9994c215058a179d9774be9cfa1c61
fullbatch_confirmation,nonlinear,850009,random_matched138,0.1670792609710833,7,7,124285,experiments/fullbatch_confirmation/results/nonlinear_850009.json,0c6379ef7be6f3f9144a62b5e9c6908efd9994c215058a179d9774be9cfa1c61
fullbatch_confirmation,nonlinear,850009,fixed7_replay138,0.1632381534512147,7,7,49469,experiments/fullbatch_confirmation/results/nonlinear_850009.json,0c6379ef7be6f3f9144a62b5e9c6908efd9994c215058a179d9774be9cfa1c61
fullbatch_confirmation,nonlinear,850010,historical_moment,0.17497819788633936,7,7,113669,experiments/fullbatch_confirmation/results/nonlinear_850010.json,72b8b0438a6b68a9c807ccaeddd7cba8f055edd346c378c872c25dbd878c3c66
fullbatch_confirmation,nonlinear,850010,random_replay128,0.16424336989107,7,7,124285,experiments/fullbatch_confirmation/results/nonlinear_850010.json,72b8b0438a6b68a9c807ccaeddd7cba8f055edd346c378c872c25dbd878c3c66
fullbatch_confirmation,nonlinear,850010,random_matched138,0.15938981419144896,7,7,124285,experiments/fullbatch_confirmation/results/nonlinear_850010.json,72b8b0438a6b68a9c807ccaeddd7cba8f055edd346c378c872c25dbd878c3c66
fullbatch_confirmation,nonlinear,850010,fixed7_replay138,0.15839972543471903,7,7,49469,experiments/fullbatch_confirmation/results/nonlinear_850010.json,72b8b0438a6b68a9c807ccaeddd7cba8f055edd346c378c872c25dbd878c3c66
fullbatch_confirmation,nonlinear,850011,historical_moment,0.1596525761672361,7,7,113669,experiments/fullbatch_confirmation/results/nonlinear_850011.json,4ae450d9752e91a787782772f339eb474ea1399f27517ee17deed68c3a2e449d
fullbatch_confirmation,nonlinear,850011,random_replay128,0.15903994295065532,7,7,124285,experiments/fullbatch_confirmation/results/nonlinear_850011.json,4ae450d9752e91a787782772f339eb474ea1399f27517ee17deed68c3a2e449d
fullbatch_confirmation,nonlinear,850011,random_matched138,0.15921388268473488,7,7,124285,experiments/fullbatch_confirmation/results/nonlinear_850011.json,4ae450d9752e91a787782772f339eb474ea1399f27517ee17deed68c3a2e449d
fullbatch_confirmation,nonlinear,850011,fixed7_replay138,0.1585593627382901,7,7,49469,experiments/fullbatch_confirmation/results/nonlinear_850011.json,4ae450d9752e91a787782772f339eb474ea1399f27517ee17deed68c3a2e449d
fullbatch_confirmation,null,850000,historical_moment,0.2634027866580579,7,7,113669,experiments/fullbatch_confirmation/results/null_850000.json,f69fd4484263fac6b62496ace283a91c5277d6405e075ef0143e99c907475c4d
fullbatch_confirmation,null,850000,random_replay128,0.25743404436119477,7,7,124285,experiments/fullbatch_confirmation/results/null_850000.json,f69fd4484263fac6b62496ace283a91c5277d6405e075ef0143e99c907475c4d
fullbatch_confirmation,null,850000,random_matched138,0.2713032226730427,7,7,124285,experiments/fullbatch_confirmation/results/null_850000.json,f69fd4484263fac6b62496ace283a91c5277d6405e075ef0143e99c907475c4d
fullbatch_confirmation,null,850000,fixed7_replay138,0.26354141102723383,7,7,49469,experiments/fullbatch_confirmation/results/null_850000.json,f69fd4484263fac6b62496ace283a91c5277d6405e075ef0143e99c907475c4d
fullbatch_confirmation,null,850001,historical_moment,0.2624247729122835,7,7,113669,experiments/fullbatch_confirmation/results/null_850001.json,a8175e3b2a2e8701501cd5fe66c16a651c7853c8917913f8c0fb830f0d2d0b65
fullbatch_confirmation,null,850001,random_replay128,0.26004297756549005,7,7,124285,experiments/fullbatch_confirmation/results/null_850001.json,a8175e3b2a2e8701501cd5fe66c16a651c7853c8917913f8c0fb830f0d2d0b65
fullbatch_confirmation,null,850001,random_matched138,0.26381701508884053,7,7,124285,experiments/fullbatch_confirmation/results/null_850001.json,a8175e3b2a2e8701501cd5fe66c16a651c7853c8917913f8c0fb830f0d2d0b65
fullbatch_confirmation,null,850001,fixed7_replay138,0.2645727288354377,7,7,49469,experiments/fullbatch_confirmation/results/null_850001.json,a8175e3b2a2e8701501cd5fe66c16a651c7853c8917913f8c0fb830f0d2d0b65
fullbatch_confirmation,null,850002,historical_moment,0.26621462969384807,7,7,113669,experiments/fullbatch_confirmation/results/null_850002.json,251031525fbe862e195ffb6cb0ca67663d2df1d58ac8a3507e24a3eeb0cc7e33
fullbatch_confirmation,null,850002,random_replay128,0.25899795182812674,7,7,124285,experiments/fullbatch_confirmation/results/null_850002.json,251031525fbe862e195ffb6cb0ca67663d2df1d58ac8a3507e24a3eeb0cc7e33
fullbatch_confirmation,null,850002,random_matched138,0.2569663451820696,7,7,124285,experiments/fullbatch_confirmation/results/null_850002.json,251031525fbe862e195ffb6cb0ca67663d2df1d58ac8a3507e24a3eeb0cc7e33
fullbatch_confirmation,null,850002,fixed7_replay138,0.2608778743525517,7,7,49469,experiments/fullbatch_confirmation/results/null_850002.json,251031525fbe862e195ffb6cb0ca67663d2df1d58ac8a3507e24a3eeb0cc7e33
fullbatch_confirmation,null,850003,historical_moment,0.25633921569900764,7,7,113669,experiments/fullbatch_confirmation/results/null_850003.json,25e4da6473ce76c3484df13c85bcde5cb1ade9e2f195ce4e862fa0cbbe5dadae
fullbatch_confirmation,null,850003,random_replay128,0.2568537077791918,7,7,124285,experiments/fullbatch_confirmation/results/null_850003.json,25e4da6473ce76c3484df13c85bcde5cb1ade9e2f195ce4e862fa0cbbe5dadae
fullbatch_confirmation,null,850003,random_matched138,0.25517703549755777,7,7,124285,experiments/fullbatch_confirmation/results/null_850003.json,25e4da6473ce76c3484df13c85bcde5cb1ade9e2f195ce4e862fa0cbbe5dadae
fullbatch_confirmation,null,850003,fixed7_replay138,0.25614696367755785,7,7,49469,experiments/fullbatch_confirmation/results/null_850003.json,25e4da6473ce76c3484df13c85bcde5cb1ade9e2f195ce4e862fa0cbbe5dadae
fullbatch_confirmation,null,850004,historical_moment,0.259081146171024,7,7,113669,experiments/fullbatch_confirmation/results/null_850004.json,0cfcaef1aeaa4cdad3d4319e2066a1d966a975e895ec6248d8e949b25ab7ddf9
fullbatch_confirmation,null,850004,random_replay128,0.2609783155718173,7,7,124285,experiments/fullbatch_confirmation/results/null_850004.json,0cfcaef1aeaa4cdad3d4319e2066a1d966a975e895ec6248d8e949b25ab7ddf9
fullbatch_confirmation,null,850004,random_matched138,0.2585931491757509,7,7,124285,experiments/fullbatch_confirmation/results/null_850004.json,0cfcaef1aeaa4cdad3d4319e2066a1d966a975e895ec6248d8e949b25ab7ddf9
fullbatch_confirmation,null,850004,fixed7_replay138,0.25848276872798215,7,7,49469,experiments/fullbatch_confirmation/results/null_850004.json,0cfcaef1aeaa4cdad3d4319e2066a1d966a975e895ec6248d8e949b25ab7ddf9
fullbatch_confirmation,null,850005,historical_moment,0.258839153156721,7,7,113669,experiments/fullbatch_confirmation/results/null_850005.json,9a98964f1032b332a45c83f49313f3d0b7dbba58ebb38b0d496237ea6ef330f4
fullbatch_confirmation,null,850005,random_replay128,0.25949145343194774,7,7,124285,experiments/fullbatch_confirmation/results/null_850005.json,9a98964f1032b332a45c83f49313f3d0b7dbba58ebb38b0d496237ea6ef330f4
fullbatch_confirmation,null,850005,random_matched138,0.2562125290709878,7,7,124285,experiments/fullbatch_confirmation/results/null_850005.json,9a98964f1032b332a45c83f49313f3d0b7dbba58ebb38b0d496237ea6ef330f4
fullbatch_confirmation,null,850005,fixed7_replay138,0.2539523229816003,7,7,49469,experiments/fullbatch_confirmation/results/null_850005.json,9a98964f1032b332a45c83f49313f3d0b7dbba58ebb38b0d496237ea6ef330f4
fullbatch_confirmation,null,850006,historical_moment,0.26386580861818915,7,7,113669,experiments/fullbatch_confirmation/results/null_850006.json,b3bbb4c4c24a259e758f76c0179c697a75c68528ca2c4b69f3b09e1e44e4fb59
fullbatch_confirmation,null,850006,random_replay128,0.25786647636008686,7,7,124285,experiments/fullbatch_confirmation/results/null_850006.json,b3bbb4c4c24a259e758f76c0179c697a75c68528ca2c4b69f3b09e1e44e4fb59
fullbatch_confirmation,null,850006,random_matched138,0.25409042358914397,7,7,124285,experiments/fullbatch_confirmation/results/null_850006.json,b3bbb4c4c24a259e758f76c0179c697a75c68528ca2c4b69f3b09e1e44e4fb59
fullbatch_confirmation,null,850006,fixed7_replay138,0.25812634830373504,7,7,49469,experiments/fullbatch_confirmation/results/null_850006.json,b3bbb4c4c24a259e758f76c0179c697a75c68528ca2c4b69f3b09e1e44e4fb59
fullbatch_confirmation,null,850007,historical_moment,0.2598124032875833,7,7,113669,experiments/fullbatch_confirmation/results/null_850007.json,7c342c8bc28a36dbf39b582b316e12827e2ceb28a8adb6fa2789465f11eb3c85
fullbatch_confirmation,null,850007,random_replay128,0.2595225023952832,7,7,124285,experiments/fullbatch_confirmation/results/null_850007.json,7c342c8bc28a36dbf39b582b316e12827e2ceb28a8adb6fa2789465f11eb3c85
fullbatch_confirmation,null,850007,random_matched138,0.2712911575837856,7,7,124285,experiments/fullbatch_confirmation/results/null_850007.json,7c342c8bc28a36dbf39b582b316e12827e2ceb28a8adb6fa2789465f11eb3c85
fullbatch_confirmation,null,850007,fixed7_replay138,0.262264019782503,7,7,49469,experiments/fullbatch_confirmation/results/null_850007.json,7c342c8bc28a36dbf39b582b316e12827e2ceb28a8adb6fa2789465f11eb3c85
fullbatch_confirmation,null,850008,historical_moment,0.25522280104760214,7,7,113669,experiments/fullbatch_confirmation/results/null_850008.json,a7400b0c18437299f2992cc06bcc690182aa71c86954c0cb995be66eae9ed145
fullbatch_confirmation,null,850008,random_replay128,0.2560276764581275,7,7,124285,experiments/fullbatch_confirmation/results/null_850008.json,a7400b0c18437299f2992cc06bcc690182aa71c86954c0cb995be66eae9ed145
fullbatch_confirmation,null,850008,random_matched138,0.254179723244842,7,7,124285,experiments/fullbatch_confirmation/results/null_850008.json,a7400b0c18437299f2992cc06bcc690182aa71c86954c0cb995be66eae9ed145
fullbatch_confirmation,null,850008,fixed7_replay138,0.25618314905784073,7,7,49469,experiments/fullbatch_confirmation/results/null_850008.json,a7400b0c18437299f2992cc06bcc690182aa71c86954c0cb995be66eae9ed145
fullbatch_confirmation,null,850009,historical_moment,0.25804575093517784,7,7,113669,experiments/fullbatch_confirmation/results/null_850009.json,f69621781d85278d9f3bca39f56d00c9e61c473d393f2a1b15dd40161b79bc2d
fullbatch_confirmation,null,850009,random_replay128,0.2606518058509609,7,7,124285,experiments/fullbatch_confirmation/results/null_850009.json,f69621781d85278d9f3bca39f56d00c9e61c473d393f2a1b15dd40161b79bc2d
fullbatch_confirmation,null,850009,random_matched138,0.262287257041921,7,7,124285,experiments/fullbatch_confirmation/results/null_850009.json,f69621781d85278d9f3bca39f56d00c9e61c473d393f2a1b15dd40161b79bc2d
fullbatch_confirmation,null,850009,fixed7_replay138,0.2594590360624015,7,7,49469,experiments/fullbatch_confirmation/results/null_850009.json,f69621781d85278d9f3bca39f56d00c9e61c473d393f2a1b15dd40161b79bc2d
fullbatch_confirmation,null,850010,historical_moment,0.2630459988237304,7,7,113669,experiments/fullbatch_confirmation/results/null_850010.json,c12f982d7d805e70b37cb805fad56e299c2fa322002ffc94aa3cdce5d9b4789a
fullbatch_confirmation,null,850010,random_replay128,0.26299186200353775,7,7,124285,experiments/fullbatch_confirmation/results/null_850010.json,c12f982d7d805e70b37cb805fad56e299c2fa322002ffc94aa3cdce5d9b4789a
fullbatch_confirmation,null,850010,random_matched138,0.2556983411384313,7,7,124285,experiments/fullbatch_confirmation/results/null_850010.json,c12f982d7d805e70b37cb805fad56e299c2fa322002ffc94aa3cdce5d9b4789a
fullbatch_confirmation,null,850010,fixed7_replay138,0.2571056999791583,7,7,49469,experiments/fullbatch_confirmation/results/null_850010.json,c12f982d7d805e70b37cb805fad56e299c2fa322002ffc94aa3cdce5d9b4789a
fullbatch_confirmation,null,850011,historical_moment,0.2630256718262193,7,7,113669,experiments/fullbatch_confirmation/results/null_850011.json,cb51b6e7123a7a2fc7823edcbf9c3c8d6101d8d30aac6a26e63316a078eed949
fullbatch_confirmation,null,850011,random_replay128,0.26023385474390415,7,7,124285,experiments/fullbatch_confirmation/results/null_850011.json,cb51b6e7123a7a2fc7823edcbf9c3c8d6101d8d30aac6a26e63316a078eed949
fullbatch_confirmation,null,850011,random_matched138,0.2566234123671995,7,7,124285,experiments/fullbatch_confirmation/results/null_850011.json,cb51b6e7123a7a2fc7823edcbf9c3c8d6101d8d30aac6a26e63316a078eed949
fullbatch_confirmation,null,850011,fixed7_replay138,0.25947530889418274,7,7,49469,experiments/fullbatch_confirmation/results/null_850011.json,cb51b6e7123a7a2fc7823edcbf9c3c8d6101d8d30aac6a26e63316a078eed949
