task,seed,event,method,risk_before,risk_after_identical_refit,total_diagnostic_proxy,population_best_gain_along_direction,population_oracle_rank1_gain,source_file
indefinite_noisy,820000,1,historical_moment,0.8561249042710986,0.36111971914269847,2336892,0.4885418998306708,0.5004867012295031,experiments/confirmation/results/indefinite_noisy_820000.json
indefinite_noisy,820000,1,reservoir_residual,0.8561249042710986,0.3614189608028585,2040846,0.22931019672248004,0.5004867012295031,experiments/confirmation/results/indefinite_noisy_820000.json
indefinite_noisy,820000,1,fresh_residual,0.8561249042710986,0.36112052876453593,2192352,0.47561948926049447,0.5004867012295031,experiments/confirmation/results/indefinite_noisy_820000.json
indefinite_noisy,820000,1,learned_probe,0.8561249042710986,0.36028280802385937,2738048,0.14008836361442625,0.5004867012295031,experiments/confirmation/results/indefinite_noisy_820000.json
indefinite_noisy,820000,1,random_matched138,0.8561249042710986,0.3600383037499818,1999968,0.005590386499916311,0.5004867012295031,experiments/confirmation/results/indefinite_noisy_820000.json
indefinite_noisy,820000,2,historical_moment,0.3600383037499818,0.18017075524120474,2496804,0.16840842079444332,0.1801653890204838,experiments/confirmation/results/indefinite_noisy_820000.json
indefinite_noisy,820000,2,reservoir_residual,0.3600383037499818,0.18020430829972245,2042928,0.1333371554974184,0.1801653890204838,experiments/confirmation/results/indefinite_noisy_820000.json
indefinite_noisy,820000,2,fresh_residual,0.3600383037499818,0.18023581311717002,2207724,0.17396520224865186,0.1801653890204838,experiments/confirmation/results/indefinite_noisy_820000.json
indefinite_noisy,820000,2,learned_probe,0.3600383037499818,0.18118343899647665,2770436,0.02731778336018774,0.1801653890204838,experiments/confirmation/results/indefinite_noisy_820000.json
indefinite_noisy,820000,2,random_matched138,0.3600383037499818,0.18431425719748884,1999980,0.0004441746573459874,0.1801653890204838,experiments/confirmation/results/indefinite_noisy_820000.json
indefinite_noisy,820000,3,historical_moment,0.18431425719748884,0.10393598790793954,2656571,0.07668382553895232,0.0812916746475471,experiments/confirmation/results/indefinite_noisy_820000.json
indefinite_noisy,820000,3,reservoir_residual,0.18431425719748884,0.10364052096413916,2044865,0.057342117390913536,0.0812916746475471,experiments/confirmation/results/indefinite_noisy_820000.json
indefinite_noisy,820000,3,fresh_residual,0.18431425719748884,0.1041395717683559,2222951,0.07899247765848955,0.0812916746475471,experiments/confirmation/results/indefinite_noisy_820000.json
indefinite_noisy,820000,3,learned_probe,0.18431425719748884,0.1018813606924288,2802679,0.0029392257677285207,0.0812916746475471,experiments/confirmation/results/indefinite_noisy_820000.json
indefinite_noisy,820000,3,random_matched138,0.18431425719748884,0.10046070419503121,1999847,0.00037449181760084777,0.0812916746475471,experiments/confirmation/results/indefinite_noisy_820000.json
indefinite_noisy,820000,4,historical_moment,0.10046070419503121,0.09586703976699923,2816580,0.0022106707097795516,0.004456393738343493,experiments/confirmation/results/indefinite_noisy_820000.json
indefinite_noisy,820000,4,reservoir_residual,0.10046070419503121,0.0954763299131333,2047044,0.0001111234280841715,0.004456393738343493,experiments/confirmation/results/indefinite_noisy_820000.json
indefinite_noisy,820000,4,fresh_residual,0.10046070419503121,0.09577701912621564,2238420,0.0037364183372108023,0.004456393738343493,experiments/confirmation/results/indefinite_noisy_820000.json
indefinite_noisy,820000,4,learned_probe,0.10046070419503121,0.09542355257071992,2835164,1.074366977134278e-05,0.004456393738343493,experiments/confirmation/results/indefinite_noisy_820000.json
indefinite_noisy,820000,4,random_matched138,0.10046070419503121,0.09587796945380334,1999956,0.00012884766792663232,0.004456393738343493,experiments/confirmation/results/indefinite_noisy_820000.json
indefinite_noisy,820000,5,historical_moment,0.09587796945380334,0.10129535507802569,2976414,0.000499261159751105,0.002618841790969067,experiments/confirmation/results/indefinite_noisy_820000.json
indefinite_noisy,820000,5,reservoir_residual,0.09587796945380334,0.10364295528926448,2049048,0.00013050144707267962,0.002618841790969067,experiments/confirmation/results/indefinite_noisy_820000.json
indefinite_noisy,820000,5,fresh_residual,0.09587796945380334,0.10240086918127823,2253714,0.0020269122480433893,0.002618841790969067,experiments/confirmation/results/indefinite_noisy_820000.json
indefinite_noisy,820000,5,learned_probe,0.09587796945380334,0.102594658765968,2867474,2.8999849651867324e-07,0.002618841790969067,experiments/confirmation/results/indefinite_noisy_820000.json
indefinite_noisy,820000,5,random_matched138,0.09587796945380334,0.10277826118604215,1999890,2.730033631101747e-06,0.002618841790969067,experiments/confirmation/results/indefinite_noisy_820000.json
indefinite_noisy,820000,6,historical_moment,0.10277826118604215,0.09617542981621832,3136385,0.001116234489816634,0.004751811920260852,experiments/confirmation/results/indefinite_noisy_820000.json
indefinite_noisy,820000,6,reservoir_residual,0.10277826118604215,0.09633450044532572,2051189,0.0008355690816737764,0.004751811920260852,experiments/confirmation/results/indefinite_noisy_820000.json
indefinite_noisy,820000,6,fresh_residual,0.10277826118604215,0.09575032978950974,2269145,0.0026736543766947922,0.004751811920260852,experiments/confirmation/results/indefinite_noisy_820000.json
indefinite_noisy,820000,6,learned_probe,0.10277826118604215,0.09682156227202328,2899921,0.0005230448553205383,0.004751811920260852,experiments/confirmation/results/indefinite_noisy_820000.json
indefinite_noisy,820000,6,random_matched138,0.10277826118604215,0.0997810188322039,1999961,2.4201467876747813e-05,0.004751811920260852,experiments/confirmation/results/indefinite_noisy_820000.json
indefinite_noisy,820001,1,historical_moment,0.862719761928216,0.37315861895568214,2336892,0.4689036461732183,0.5009717682996057,experiments/confirmation/results/indefinite_noisy_820001.json
indefinite_noisy,820001,1,reservoir_residual,0.862719761928216,0.37052065520937105,2040846,0.2507661857540796,0.5009717682996057,experiments/confirmation/results/indefinite_noisy_820001.json
indefinite_noisy,820001,1,fresh_residual,0.862719761928216,0.3729845437156095,2192352,0.47210926057199615,0.5009717682996057,experiments/confirmation/results/indefinite_noisy_820001.json
indefinite_noisy,820001,1,learned_probe,0.862719761928216,0.3697396368269792,2738048,0.0023625543054268438,0.5009717682996057,experiments/confirmation/results/indefinite_noisy_820001.json
indefinite_noisy,820001,1,random_matched138,0.862719761928216,0.3694991964540625,1999968,0.04410918257541142,0.5009717682996057,experiments/confirmation/results/indefinite_noisy_820001.json
indefinite_noisy,820001,2,historical_moment,0.3694991964540625,0.18884263087918138,2496804,0.17190211013670553,0.18678855506173567,experiments/confirmation/results/indefinite_noisy_820001.json
indefinite_noisy,820001,2,reservoir_residual,0.3694991964540625,0.3022655416466142,2042928,0.05975637682040737,0.18678855506173567,experiments/confirmation/results/indefinite_noisy_820001.json
indefinite_noisy,820001,2,fresh_residual,0.3694991964540625,0.1885444561650517,2207724,0.16433241170100335,0.18678855506173567,experiments/confirmation/results/indefinite_noisy_820001.json
indefinite_noisy,820001,2,learned_probe,0.3694991964540625,0.3013989563080508,2770436,0.007712591343238595,0.18678855506173567,experiments/confirmation/results/indefinite_noisy_820001.json
indefinite_noisy,820001,2,random_matched138,0.3694991964540625,0.18903416887052413,1999980,7.623626712088725e-05,0.18678855506173567,experiments/confirmation/results/indefinite_noisy_820001.json
indefinite_noisy,820001,3,historical_moment,0.18903416887052413,0.10662208419012661,2656571,0.07676366252297562,0.08156232249502943,experiments/confirmation/results/indefinite_noisy_820001.json
indefinite_noisy,820001,3,reservoir_residual,0.18903416887052413,0.10647572742431444,2044865,0.06150259661681497,0.08156232249502943,experiments/confirmation/results/indefinite_noisy_820001.json
indefinite_noisy,820001,3,fresh_residual,0.18903416887052413,0.1068548553169178,2222951,0.07042700333067524,0.08156232249502943,experiments/confirmation/results/indefinite_noisy_820001.json
indefinite_noisy,820001,3,learned_probe,0.18903416887052413,0.10259510188570554,2802679,0.001747513450722167,0.08156232249502943,experiments/confirmation/results/indefinite_noisy_820001.json
indefinite_noisy,820001,3,random_matched138,0.18903416887052413,0.10641559504527057,1999847,0.0008099779707077496,0.08156232249502943,experiments/confirmation/results/indefinite_noisy_820001.json
indefinite_noisy,820001,4,historical_moment,0.10641559504527057,0.0951952984872428,2816580,0.00272159945692403,0.006793381428388807,experiments/confirmation/results/indefinite_noisy_820001.json
indefinite_noisy,820001,4,reservoir_residual,0.10641559504527057,0.09598859009729167,2047044,0.0018899975723417276,0.006793381428388807,experiments/confirmation/results/indefinite_noisy_820001.json
indefinite_noisy,820001,4,fresh_residual,0.10641559504527057,0.09660781809655566,2238420,0.005144443585324435,0.006793381428388807,experiments/confirmation/results/indefinite_noisy_820001.json
indefinite_noisy,820001,4,learned_probe,0.10641559504527057,0.09512178108284358,2835164,0.003544969371566085,0.006793381428388807,experiments/confirmation/results/indefinite_noisy_820001.json
indefinite_noisy,820001,4,random_matched138,0.10641559504527057,0.09575054617568886,1999956,3.644680195466868e-06,0.006793381428388807,experiments/confirmation/results/indefinite_noisy_820001.json
indefinite_noisy,820001,5,historical_moment,0.09575054617568886,0.10039972003567879,2976414,1.266560563905781e-07,0.0022465265836057674,experiments/confirmation/results/indefinite_noisy_820001.json
indefinite_noisy,820001,5,reservoir_residual,0.09575054617568886,0.09983401195433149,2049048,1.3060712654332931e-05,0.0022465265836057674,experiments/confirmation/results/indefinite_noisy_820001.json
indefinite_noisy,820001,5,fresh_residual,0.09575054617568886,0.09892491494335165,2253714,0.0017072782276770012,0.0022465265836057674,experiments/confirmation/results/indefinite_noisy_820001.json
indefinite_noisy,820001,5,learned_probe,0.09575054617568886,0.10004111176120384,2867474,5.296421177533785e-05,0.0022465265836057674,experiments/confirmation/results/indefinite_noisy_820001.json
indefinite_noisy,820001,5,random_matched138,0.09575054617568886,0.09853799009874363,1999890,2.996726934511287e-05,0.0022465265836057674,experiments/confirmation/results/indefinite_noisy_820001.json
indefinite_noisy,820001,6,historical_moment,0.09853799009874363,0.10038457535007371,3136385,0.0008146687083372018,0.004776780377608324,experiments/confirmation/results/indefinite_noisy_820001.json
indefinite_noisy,820001,6,reservoir_residual,0.09853799009874363,0.10011605779747502,2051189,1.4286456719223284e-06,0.004776780377608324,experiments/confirmation/results/indefinite_noisy_820001.json
indefinite_noisy,820001,6,fresh_residual,0.09853799009874363,0.09981514660637421,2269145,0.00332895984508789,0.004776780377608324,experiments/confirmation/results/indefinite_noisy_820001.json
indefinite_noisy,820001,6,learned_probe,0.09853799009874363,0.10078435321718356,2899921,1.1612147713103373e-05,0.004776780377608324,experiments/confirmation/results/indefinite_noisy_820001.json
indefinite_noisy,820001,6,random_matched138,0.09853799009874363,0.10077256243450025,1999961,3.414462996313688e-06,0.004776780377608324,experiments/confirmation/results/indefinite_noisy_820001.json
indefinite_noisy,820002,1,historical_moment,1.2158272276672912,0.36611402137172877,2336892,0.816715659281038,0.8460593209725814,experiments/confirmation/results/indefinite_noisy_820002.json
indefinite_noisy,820002,1,reservoir_residual,1.2158272276672912,0.366002763737603,2040846,0.416643523287204,0.8460593209725814,experiments/confirmation/results/indefinite_noisy_820002.json
indefinite_noisy,820002,1,fresh_residual,1.2158272276672912,0.36618544855080437,2192352,0.7522638877607911,0.8460593209725814,experiments/confirmation/results/indefinite_noisy_820002.json
indefinite_noisy,820002,1,learned_probe,1.2158272276672912,0.3655339959252172,2738048,0.06904126624480977,0.8460593209725814,experiments/confirmation/results/indefinite_noisy_820002.json
indefinite_noisy,820002,1,random_matched138,1.2158272276672912,0.36691658066170785,1999968,0.2838143537769304,0.8460593209725814,experiments/confirmation/results/indefinite_noisy_820002.json
indefinite_noisy,820002,2,historical_moment,0.36691658066170785,0.18897332123244032,2496804,0.17559345245379854,0.18298355779484707,experiments/confirmation/results/indefinite_noisy_820002.json
indefinite_noisy,820002,2,reservoir_residual,0.36691658066170785,0.27876837676502575,2042928,0.053643178138746424,0.18298355779484707,experiments/confirmation/results/indefinite_noisy_820002.json
indefinite_noisy,820002,2,fresh_residual,0.36691658066170785,0.1888330327390369,2207724,0.17389265818757826,0.18298355779484707,experiments/confirmation/results/indefinite_noisy_820002.json
indefinite_noisy,820002,2,learned_probe,0.36691658066170785,0.2786159455485532,2770436,0.003519808612333659,0.18298355779484707,experiments/confirmation/results/indefinite_noisy_820002.json
indefinite_noisy,820002,2,random_matched138,0.36691658066170785,0.18270765598017225,1999980,0.0008297425517735158,0.18298355779484707,experiments/confirmation/results/indefinite_noisy_820002.json
indefinite_noisy,820002,3,historical_moment,0.18270765598017225,0.09990915007314714,2656571,0.08168828055004973,0.08536665854162004,experiments/confirmation/results/indefinite_noisy_820002.json
indefinite_noisy,820002,3,reservoir_residual,0.18270765598017225,0.09806737212025876,2044865,0.05133810049908974,0.08536665854162004,experiments/confirmation/results/indefinite_noisy_820002.json
indefinite_noisy,820002,3,fresh_residual,0.18270765598017225,0.10005776887712692,2222951,0.07587153666820837,0.08536665854162004,experiments/confirmation/results/indefinite_noisy_820002.json
indefinite_noisy,820002,3,learned_probe,0.18270765598017225,0.0994938947071404,2802679,0.0007238131569649125,0.08536665854162004,experiments/confirmation/results/indefinite_noisy_820002.json
indefinite_noisy,820002,3,random_matched138,0.18270765598017225,0.1020744364198341,1999847,0.0015804780943447214,0.08536665854162004,experiments/confirmation/results/indefinite_noisy_820002.json
indefinite_noisy,820002,4,historical_moment,0.1020744364198341,0.09696390252341536,2816580,0.00026031411696951593,0.004140023136105348,experiments/confirmation/results/indefinite_noisy_820002.json
indefinite_noisy,820002,4,reservoir_residual,0.1020744364198341,0.09714431288635166,2047044,0.0005211778184406703,0.004140023136105348,experiments/confirmation/results/indefinite_noisy_820002.json
indefinite_noisy,820002,4,fresh_residual,0.1020744364198341,0.09681856726246896,2238420,0.002140588735565237,0.004140023136105348,experiments/confirmation/results/indefinite_noisy_820002.json
indefinite_noisy,820002,4,learned_probe,0.1020744364198341,0.09737339269757794,2835164,2.4273455367400657e-05,0.004140023136105348,experiments/confirmation/results/indefinite_noisy_820002.json
indefinite_noisy,820002,4,random_matched138,0.1020744364198341,0.09733419040816178,1999956,0.0003305021271755564,0.004140023136105348,experiments/confirmation/results/indefinite_noisy_820002.json
indefinite_noisy,820002,5,historical_moment,0.09733419040816178,0.10389911364426918,2976414,0.0009283181977270624,0.0024558904981567637,experiments/confirmation/results/indefinite_noisy_820002.json
indefinite_noisy,820002,5,reservoir_residual,0.09733419040816178,0.10438030972601792,2049048,0.00011668917043804667,0.0024558904981567637,experiments/confirmation/results/indefinite_noisy_820002.json
indefinite_noisy,820002,5,fresh_residual,0.09733419040816178,0.10755824252825957,2253714,0.0008331467225649162,0.0024558904981567637,experiments/confirmation/results/indefinite_noisy_820002.json
indefinite_noisy,820002,5,learned_probe,0.09733419040816178,0.1051492886230363,2867474,1.3942176385267247e-05,0.0024558904981567637,experiments/confirmation/results/indefinite_noisy_820002.json
indefinite_noisy,820002,5,random_matched138,0.09733419040816178,0.10571602127722751,1999890,2.2262206324620652e-07,0.0024558904981567637,experiments/confirmation/results/indefinite_noisy_820002.json
indefinite_noisy,820002,6,historical_moment,0.10571602127722751,0.11183470293820383,3136385,0.0008952312503807397,0.005252849114020251,experiments/confirmation/results/indefinite_noisy_820002.json
indefinite_noisy,820002,6,reservoir_residual,0.10571602127722751,0.11730945727057077,2051189,1.0688417863834102e-05,0.005252849114020251,experiments/confirmation/results/indefinite_noisy_820002.json
indefinite_noisy,820002,6,fresh_residual,0.10571602127722751,0.1106096672144496,2269145,0.003882227359192712,0.005252849114020251,experiments/confirmation/results/indefinite_noisy_820002.json
indefinite_noisy,820002,6,learned_probe,0.10571602127722751,0.10573356405817919,2899921,7.354472999790132e-08,0.005252849114020251,experiments/confirmation/results/indefinite_noisy_820002.json
indefinite_noisy,820002,6,random_matched138,0.10571602127722751,0.11287051328300286,1999961,5.938012885824932e-05,0.005252849114020251,experiments/confirmation/results/indefinite_noisy_820002.json
indefinite_noisy,820003,1,historical_moment,0.8605935587592263,0.3731923902346366,2336892,0.49219964135164895,0.5000561993713273,experiments/confirmation/results/indefinite_noisy_820003.json
indefinite_noisy,820003,1,reservoir_residual,0.8605935587592263,0.37256182135326876,2040846,0.25611032694541924,0.5000561993713273,experiments/confirmation/results/indefinite_noisy_820003.json
indefinite_noisy,820003,1,fresh_residual,0.8605935587592263,0.37309624365255956,2192352,0.4655684114935056,0.5000561993713273,experiments/confirmation/results/indefinite_noisy_820003.json
indefinite_noisy,820003,1,learned_probe,0.8605935587592263,0.691733637968398,2738048,0.00909089562405325,0.5000561993713273,experiments/confirmation/results/indefinite_noisy_820003.json
indefinite_noisy,820003,1,random_matched138,0.8605935587592263,0.3709801911650479,1999968,0.005666662170928356,0.5000561993713273,experiments/confirmation/results/indefinite_noisy_820003.json
indefinite_noisy,820003,2,historical_moment,0.3709801911650479,0.18532967518819238,2496804,0.16344050371570004,0.1817537203733925,experiments/confirmation/results/indefinite_noisy_820003.json
indefinite_noisy,820003,2,reservoir_residual,0.3709801911650479,0.29058927824853786,2042928,0.037813267808168106,0.1817537203733925,experiments/confirmation/results/indefinite_noisy_820003.json
indefinite_noisy,820003,2,fresh_residual,0.3709801911650479,0.1852592772892732,2207724,0.17349733200281162,0.1817537203733925,experiments/confirmation/results/indefinite_noisy_820003.json
indefinite_noisy,820003,2,learned_probe,0.3709801911650479,0.18113770860303574,2770436,0.08353597976043872,0.1817537203733925,experiments/confirmation/results/indefinite_noisy_820003.json
indefinite_noisy,820003,2,random_matched138,0.3709801911650479,0.18041979744613446,1999980,0.0006095424461578164,0.1817537203733925,experiments/confirmation/results/indefinite_noisy_820003.json
indefinite_noisy,820003,3,historical_moment,0.18041979744613446,0.09767179686874619,2656571,0.07710352896542455,0.08265447472079403,experiments/confirmation/results/indefinite_noisy_820003.json
indefinite_noisy,820003,3,reservoir_residual,0.18041979744613446,0.09801962249368916,2044865,0.041795693804071686,0.08265447472079403,experiments/confirmation/results/indefinite_noisy_820003.json
indefinite_noisy,820003,3,fresh_residual,0.18041979744613446,0.09726422968676773,2222951,0.07641719115112715,0.08265447472079403,experiments/confirmation/results/indefinite_noisy_820003.json
indefinite_noisy,820003,3,learned_probe,0.18041979744613446,0.09785777453772364,2802679,0.00011017860458955022,0.08265447472079403,experiments/confirmation/results/indefinite_noisy_820003.json
indefinite_noisy,820003,3,random_matched138,0.18041979744613446,0.0981577042594237,1999847,7.89806630336725e-06,0.08265447472079403,experiments/confirmation/results/indefinite_noisy_820003.json
indefinite_noisy,820003,4,historical_moment,0.0981577042594237,0.09855670913140302,2816580,0.0004721449327187906,0.004410314479333063,experiments/confirmation/results/indefinite_noisy_820003.json
indefinite_noisy,820003,4,reservoir_residual,0.0981577042594237,0.09832431140419527,2047044,0.00027071057017721774,0.004410314479333063,experiments/confirmation/results/indefinite_noisy_820003.json
indefinite_noisy,820003,4,fresh_residual,0.0981577042594237,0.09913491551286258,2238420,0.0033170535219666365,0.004410314479333063,experiments/confirmation/results/indefinite_noisy_820003.json
indefinite_noisy,820003,4,learned_probe,0.0981577042594237,0.09867278021066153,2835164,0.00017190511827039115,0.004410314479333063,experiments/confirmation/results/indefinite_noisy_820003.json
indefinite_noisy,820003,4,random_matched138,0.0981577042594237,0.09867234824321024,1999956,0.0002376858742316547,0.004410314479333063,experiments/confirmation/results/indefinite_noisy_820003.json
indefinite_noisy,820003,5,historical_moment,0.09867234824321024,0.09568652508884379,2976414,0.00022083424298921744,0.004218930120655397,experiments/confirmation/results/indefinite_noisy_820003.json
indefinite_noisy,820003,5,reservoir_residual,0.09867234824321024,0.09618982782383574,2049048,9.777813792468259e-05,0.004218930120655397,experiments/confirmation/results/indefinite_noisy_820003.json
indefinite_noisy,820003,5,fresh_residual,0.09867234824321024,0.09667922380250965,2253714,0.0036995510638949897,0.004218930120655397,experiments/confirmation/results/indefinite_noisy_820003.json
indefinite_noisy,820003,5,learned_probe,0.09867234824321024,0.09543029264881048,2867474,9.708355512882994e-05,0.004218930120655397,experiments/confirmation/results/indefinite_noisy_820003.json
indefinite_noisy,820003,5,random_matched138,0.09867234824321024,0.09616265796973246,1999890,0.0005387237068266674,0.004218930120655397,experiments/confirmation/results/indefinite_noisy_820003.json
indefinite_noisy,820003,6,historical_moment,0.09616265796973246,0.10113897524679037,3136385,0.0002158781155311333,0.0020189996435412924,experiments/confirmation/results/indefinite_noisy_820003.json
indefinite_noisy,820003,6,reservoir_residual,0.09616265796973246,0.09734427586395322,2051189,1.6689476370241467e-05,0.0020189996435412924,experiments/confirmation/results/indefinite_noisy_820003.json
indefinite_noisy,820003,6,fresh_residual,0.09616265796973246,0.10100980953942144,2269145,0.0014796147235988139,0.0020189996435412924,experiments/confirmation/results/indefinite_noisy_820003.json
indefinite_noisy,820003,6,learned_probe,0.09616265796973246,0.09894695174773795,2899921,0.00028411329800378897,0.0020189996435412924,experiments/confirmation/results/indefinite_noisy_820003.json
indefinite_noisy,820003,6,random_matched138,0.09616265796973246,0.0990737089334037,1999961,0.00014327131551903228,0.0020189996435412924,experiments/confirmation/results/indefinite_noisy_820003.json
indefinite_noisy,820004,1,historical_moment,0.8634208168565054,0.36249331173749877,2336892,0.4563819502478281,0.5000433404546036,experiments/confirmation/results/indefinite_noisy_820004.json
indefinite_noisy,820004,1,reservoir_residual,0.8634208168565054,0.3622535093631103,2040846,0.2366510308235116,0.5000433404546036,experiments/confirmation/results/indefinite_noisy_820004.json
indefinite_noisy,820004,1,fresh_residual,0.8634208168565054,0.36233963295261506,2192352,0.4381390838960211,0.5000433404546036,experiments/confirmation/results/indefinite_noisy_820004.json
indefinite_noisy,820004,1,learned_probe,0.8634208168565054,0.3622314610465164,2738048,0.20629386331771113,0.5000433404546036,experiments/confirmation/results/indefinite_noisy_820004.json
indefinite_noisy,820004,1,random_matched138,0.8634208168565054,0.36406481087551723,1999968,0.0021323214994581566,0.5000433404546036,experiments/confirmation/results/indefinite_noisy_820004.json
indefinite_noisy,820004,2,historical_moment,0.36406481087551723,0.1837064812529414,2496804,0.17301969047732693,0.18259333297994537,experiments/confirmation/results/indefinite_noisy_820004.json
indefinite_noisy,820004,2,reservoir_residual,0.36406481087551723,0.1845166709184507,2042928,0.12679236369523705,0.18259333297994537,experiments/confirmation/results/indefinite_noisy_820004.json
indefinite_noisy,820004,2,fresh_residual,0.36406481087551723,0.1828080246059598,2207724,0.1674274268458469,0.18259333297994537,experiments/confirmation/results/indefinite_noisy_820004.json
indefinite_noisy,820004,2,learned_probe,0.36406481087551723,0.18315410641867294,2770436,0.003228776619941112,0.18259333297994537,experiments/confirmation/results/indefinite_noisy_820004.json
indefinite_noisy,820004,2,random_matched138,0.36406481087551723,0.18284353451150215,1999980,0.014783148886619812,0.18259333297994537,experiments/confirmation/results/indefinite_noisy_820004.json
indefinite_noisy,820004,3,historical_moment,0.18284353451150215,0.09986880699586692,2656571,0.06874573428122638,0.08403082964859475,experiments/confirmation/results/indefinite_noisy_820004.json
indefinite_noisy,820004,3,reservoir_residual,0.18284353451150215,0.10097235103680098,2044865,0.07006554614026118,0.08403082964859475,experiments/confirmation/results/indefinite_noisy_820004.json
indefinite_noisy,820004,3,fresh_residual,0.18284353451150215,0.10096514136281513,2222951,0.08072511006788392,0.08403082964859475,experiments/confirmation/results/indefinite_noisy_820004.json
indefinite_noisy,820004,3,learned_probe,0.18284353451150215,0.09927840613719506,2802679,0.029876495564844497,0.08403082964859475,experiments/confirmation/results/indefinite_noisy_820004.json
indefinite_noisy,820004,3,random_matched138,0.18284353451150215,0.10133153193462731,1999847,0.0005509322393471306,0.08403082964859475,experiments/confirmation/results/indefinite_noisy_820004.json
indefinite_noisy,820004,4,historical_moment,0.10133153193462731,0.10009843152763699,2816580,0.0018612566150835541,0.004023047902497458,experiments/confirmation/results/indefinite_noisy_820004.json
indefinite_noisy,820004,4,reservoir_residual,0.10133153193462731,0.09937881554638722,2047044,0.001285508942564765,0.004023047902497458,experiments/confirmation/results/indefinite_noisy_820004.json
indefinite_noisy,820004,4,fresh_residual,0.10133153193462731,0.09939457936270019,2238420,0.002647364233488794,0.004023047902497458,experiments/confirmation/results/indefinite_noisy_820004.json
indefinite_noisy,820004,4,learned_probe,0.10133153193462731,0.09925422856087672,2835164,9.07834991845516e-05,0.004023047902497458,experiments/confirmation/results/indefinite_noisy_820004.json
indefinite_noisy,820004,4,random_matched138,0.10133153193462731,0.10035076954805557,1999956,3.672339984171451e-05,0.004023047902497458,experiments/confirmation/results/indefinite_noisy_820004.json
indefinite_noisy,820004,5,historical_moment,0.10035076954805557,0.09882026659357171,2976414,0.0025973798371555705,0.004015231572675919,experiments/confirmation/results/indefinite_noisy_820004.json
indefinite_noisy,820004,5,reservoir_residual,0.10035076954805557,0.09846834173712933,2049048,0.0005280631170861662,0.004015231572675919,experiments/confirmation/results/indefinite_noisy_820004.json
indefinite_noisy,820004,5,fresh_residual,0.10035076954805557,0.10021331673060443,2253714,0.0015954384588670407,0.004015231572675919,experiments/confirmation/results/indefinite_noisy_820004.json
indefinite_noisy,820004,5,learned_probe,0.10035076954805557,0.09943026094363844,2867474,2.891519372088888e-06,0.004015231572675919,experiments/confirmation/results/indefinite_noisy_820004.json
indefinite_noisy,820004,5,random_matched138,0.10035076954805557,0.10045870298676235,1999890,0.00011434634441812315,0.004015231572675919,experiments/confirmation/results/indefinite_noisy_820004.json
indefinite_noisy,820004,6,historical_moment,0.10045870298676235,0.10473135319330194,3136385,0.0008653593158345586,0.0034953167562450536,experiments/confirmation/results/indefinite_noisy_820004.json
indefinite_noisy,820004,6,reservoir_residual,0.10045870298676235,0.10466338339761039,2051189,0.0010517203835314257,0.0034953167562450536,experiments/confirmation/results/indefinite_noisy_820004.json
indefinite_noisy,820004,6,fresh_residual,0.10045870298676235,0.10400902957773374,2269145,0.0017372626245293348,0.0034953167562450536,experiments/confirmation/results/indefinite_noisy_820004.json
indefinite_noisy,820004,6,learned_probe,0.10045870298676235,0.1043115310603157,2899921,0.0002601484838730668,0.0034953167562450536,experiments/confirmation/results/indefinite_noisy_820004.json
indefinite_noisy,820004,6,random_matched138,0.10045870298676235,0.10494197906702406,1999961,2.075115295347135e-09,0.0034953167562450536,experiments/confirmation/results/indefinite_noisy_820004.json
indefinite_noisy,820005,1,historical_moment,1.2243962937982809,0.37419528747997,2336892,0.8102451088771653,0.845011571779773,experiments/confirmation/results/indefinite_noisy_820005.json
indefinite_noisy,820005,1,reservoir_residual,1.2243962937982809,0.37395622601192324,2040846,0.5955600382499804,0.845011571779773,experiments/confirmation/results/indefinite_noisy_820005.json
indefinite_noisy,820005,1,fresh_residual,1.2243962937982809,0.3741250880081268,2192352,0.8096545138541086,0.845011571779773,experiments/confirmation/results/indefinite_noisy_820005.json
indefinite_noisy,820005,1,learned_probe,1.2243962937982809,0.37384857285051354,2738048,0.036505115064666964,0.845011571779773,experiments/confirmation/results/indefinite_noisy_820005.json
indefinite_noisy,820005,1,random_matched138,1.2243962937982809,0.3735795080343929,1999968,0.009807000135214454,0.845011571779773,experiments/confirmation/results/indefinite_noisy_820005.json
indefinite_noisy,820005,2,historical_moment,0.3735795080343929,0.1947878735413347,2496804,0.18231856404291696,0.18731139795747986,experiments/confirmation/results/indefinite_noisy_820005.json
indefinite_noisy,820005,2,reservoir_residual,0.3735795080343929,0.19443763520080445,2042928,0.15102727319275733,0.18731139795747986,experiments/confirmation/results/indefinite_noisy_820005.json
indefinite_noisy,820005,2,fresh_residual,0.3735795080343929,0.19474106261189889,2207724,0.18244795113791806,0.18731139795747986,experiments/confirmation/results/indefinite_noisy_820005.json
indefinite_noisy,820005,2,learned_probe,0.3735795080343929,0.19997520563943544,2770436,0.01933059494226171,0.18731139795747986,experiments/confirmation/results/indefinite_noisy_820005.json
indefinite_noisy,820005,2,random_matched138,0.3735795080343929,0.2849794695832439,1999980,0.003391318793615541,0.18731139795747986,experiments/confirmation/results/indefinite_noisy_820005.json
indefinite_noisy,820005,3,historical_moment,0.2849794695832439,0.09615447398423965,2656571,0.17906527707082567,0.18372327486747128,experiments/confirmation/results/indefinite_noisy_820005.json
indefinite_noisy,820005,3,reservoir_residual,0.2849794695832439,0.09602868356839629,2044865,0.16792892105988594,0.18372327486747128,experiments/confirmation/results/indefinite_noisy_820005.json
indefinite_noisy,820005,3,fresh_residual,0.2849794695832439,0.09614573734241866,2222951,0.18042671228016433,0.18372327486747128,experiments/confirmation/results/indefinite_noisy_820005.json
indefinite_noisy,820005,3,learned_probe,0.2849794695832439,0.09559094930980232,2802679,0.0009649559949236904,0.18372327486747128,experiments/confirmation/results/indefinite_noisy_820005.json
indefinite_noisy,820005,3,random_matched138,0.2849794695832439,0.09705912438567946,1999847,0.0018817971632325678,0.18372327486747128,experiments/confirmation/results/indefinite_noisy_820005.json
indefinite_noisy,820005,4,historical_moment,0.09705912438567946,0.0957160895094658,2816580,0.0014995982000454888,0.0023588006943363275,experiments/confirmation/results/indefinite_noisy_820005.json
indefinite_noisy,820005,4,reservoir_residual,0.09705912438567946,0.09567347763373335,2047044,6.121608283449208e-05,0.0023588006943363275,experiments/confirmation/results/indefinite_noisy_820005.json
indefinite_noisy,820005,4,fresh_residual,0.09705912438567946,0.09542355195298274,2238420,0.001572303274901789,0.0023588006943363275,experiments/confirmation/results/indefinite_noisy_820005.json
indefinite_noisy,820005,4,learned_probe,0.09705912438567946,0.09592748459892998,2835164,2.9918024036119748e-06,0.0023588006943363275,experiments/confirmation/results/indefinite_noisy_820005.json
indefinite_noisy,820005,4,random_matched138,0.09705912438567946,0.09474251876656928,1999956,1.1800198716662366e-05,0.0023588006943363275,experiments/confirmation/results/indefinite_noisy_820005.json
indefinite_noisy,820005,5,historical_moment,0.09474251876656928,0.09904865064047758,2976414,0.0008894000782131345,0.0017943220961073065,experiments/confirmation/results/indefinite_noisy_820005.json
indefinite_noisy,820005,5,reservoir_residual,0.09474251876656928,0.10038586047122502,2049048,5.693109896223347e-05,0.0017943220961073065,experiments/confirmation/results/indefinite_noisy_820005.json
indefinite_noisy,820005,5,fresh_residual,0.09474251876656928,0.10096249821145455,2253714,0.0011200748374924831,0.0017943220961073065,experiments/confirmation/results/indefinite_noisy_820005.json
indefinite_noisy,820005,5,learned_probe,0.09474251876656928,0.09923855721388693,2867474,0.00016468574445406933,0.0017943220961073065,experiments/confirmation/results/indefinite_noisy_820005.json
indefinite_noisy,820005,5,random_matched138,0.09474251876656928,0.0987039896716291,1999890,1.3890265302682112e-05,0.0017943220961073065,experiments/confirmation/results/indefinite_noisy_820005.json
indefinite_noisy,820005,6,historical_moment,0.0987039896716291,0.10371155006654004,3136385,0.00041257073745419977,0.0032283626504218876,experiments/confirmation/results/indefinite_noisy_820005.json
indefinite_noisy,820005,6,reservoir_residual,0.0987039896716291,0.10386900427785536,2051189,0.00051247240412863,0.0032283626504218876,experiments/confirmation/results/indefinite_noisy_820005.json
indefinite_noisy,820005,6,fresh_residual,0.0987039896716291,0.10406683517820163,2269145,0.0010302177850644283,0.0032283626504218876,experiments/confirmation/results/indefinite_noisy_820005.json
indefinite_noisy,820005,6,learned_probe,0.0987039896716291,0.1035453319376639,2899921,1.750432828159558e-05,0.0032283626504218876,experiments/confirmation/results/indefinite_noisy_820005.json
indefinite_noisy,820005,6,random_matched138,0.0987039896716291,0.10259569072308244,1999961,9.356010981444706e-09,0.0032283626504218876,experiments/confirmation/results/indefinite_noisy_820005.json
indefinite_noisy,820006,1,historical_moment,0.8608017529498113,0.36690796427619754,2336892,0.46819645423284095,0.5000733555787225,experiments/confirmation/results/indefinite_noisy_820006.json
indefinite_noisy,820006,1,reservoir_residual,0.8608017529498113,0.3670236945479849,2040846,0.26636237769133203,0.5000733555787225,experiments/confirmation/results/indefinite_noisy_820006.json
indefinite_noisy,820006,1,fresh_residual,0.8608017529498113,0.3669989946662364,2192352,0.4524755349320686,0.5000733555787225,experiments/confirmation/results/indefinite_noisy_820006.json
indefinite_noisy,820006,1,learned_probe,0.8608017529498113,0.6883155041726986,2738048,0.028830682822535522,0.5000733555787225,experiments/confirmation/results/indefinite_noisy_820006.json
indefinite_noisy,820006,1,random_matched138,0.8608017529498113,0.3677241632096597,1999968,0.03815251900535803,0.5000733555787225,experiments/confirmation/results/indefinite_noisy_820006.json
indefinite_noisy,820006,2,historical_moment,0.3677241632096597,0.18422120587274443,2496804,0.17968679130092088,0.18503252279526067,experiments/confirmation/results/indefinite_noisy_820006.json
indefinite_noisy,820006,2,reservoir_residual,0.3677241632096597,0.1849837701591172,2042928,0.11586189095335588,0.18503252279526067,experiments/confirmation/results/indefinite_noisy_820006.json
indefinite_noisy,820006,2,fresh_residual,0.3677241632096597,0.18441028516668534,2207724,0.17954214317128028,0.18503252279526067,experiments/confirmation/results/indefinite_noisy_820006.json
indefinite_noisy,820006,2,learned_probe,0.3677241632096597,0.2805399546022522,2770436,0.0002680454220720498,0.18503252279526067,experiments/confirmation/results/indefinite_noisy_820006.json
indefinite_noisy,820006,2,random_matched138,0.3677241632096597,0.18156290674957948,1999980,0.00026591358713843265,0.18503252279526067,experiments/confirmation/results/indefinite_noisy_820006.json
indefinite_noisy,820006,3,historical_moment,0.18156290674957948,0.1038305580151423,2656571,0.07666635083933018,0.08233827564386492,experiments/confirmation/results/indefinite_noisy_820006.json
indefinite_noisy,820006,3,reservoir_residual,0.18156290674957948,0.10365287152235406,2044865,0.06755287088614885,0.08233827564386492,experiments/confirmation/results/indefinite_noisy_820006.json
indefinite_noisy,820006,3,fresh_residual,0.18156290674957948,0.10395356073328785,2222951,0.07967918341732858,0.08233827564386492,experiments/confirmation/results/indefinite_noisy_820006.json
indefinite_noisy,820006,3,learned_probe,0.18156290674957948,0.10721395891361804,2802679,1.992134641533333e-05,0.08233827564386492,experiments/confirmation/results/indefinite_noisy_820006.json
indefinite_noisy,820006,3,random_matched138,0.18156290674957948,0.10226415775501586,1999847,0.00029987195104333876,0.08233827564386492,experiments/confirmation/results/indefinite_noisy_820006.json
indefinite_noisy,820006,4,historical_moment,0.10226415775501586,0.10402127777805786,2816580,0.004248375931111768,0.006200258190132522,experiments/confirmation/results/indefinite_noisy_820006.json
indefinite_noisy,820006,4,reservoir_residual,0.10226415775501586,0.10427534013603015,2047044,0.0022635560337907843,0.006200258190132522,experiments/confirmation/results/indefinite_noisy_820006.json
indefinite_noisy,820006,4,fresh_residual,0.10226415775501586,0.10440248507585194,2238420,0.00394361264759412,0.006200258190132522,experiments/confirmation/results/indefinite_noisy_820006.json
indefinite_noisy,820006,4,learned_probe,0.10226415775501586,0.10411553310826378,2835164,6.466875626595649e-05,0.006200258190132522,experiments/confirmation/results/indefinite_noisy_820006.json
indefinite_noisy,820006,4,random_matched138,0.10226415775501586,0.10377960785408313,1999956,0.0002522981548427174,0.006200258190132522,experiments/confirmation/results/indefinite_noisy_820006.json
indefinite_noisy,820006,5,historical_moment,0.10377960785408313,0.09641926244269089,2976414,0.004203989026689454,0.0062222980825716225,experiments/confirmation/results/indefinite_noisy_820006.json
indefinite_noisy,820006,5,reservoir_residual,0.10377960785408313,0.0962811234599984,2049048,0.0020798526949492584,0.0062222980825716225,experiments/confirmation/results/indefinite_noisy_820006.json
indefinite_noisy,820006,5,fresh_residual,0.10377960785408313,0.09589302834497432,2253714,0.004617028871658952,0.0062222980825716225,experiments/confirmation/results/indefinite_noisy_820006.json
indefinite_noisy,820006,5,learned_probe,0.10377960785408313,0.09545342473363513,2867474,5.2924831885706916e-05,0.0062222980825716225,experiments/confirmation/results/indefinite_noisy_820006.json
indefinite_noisy,820006,5,random_matched138,0.10377960785408313,0.0954425724425714,1999890,9.604193889652343e-06,0.0062222980825716225,experiments/confirmation/results/indefinite_noisy_820006.json
indefinite_noisy,820006,6,historical_moment,0.0954425724425714,0.09898008299406369,3136385,7.191736402183841e-06,0.001412521168231833,experiments/confirmation/results/indefinite_noisy_820006.json
indefinite_noisy,820006,6,reservoir_residual,0.0954425724425714,0.09891521288947086,2051189,4.174218098699603e-05,0.001412521168231833,experiments/confirmation/results/indefinite_noisy_820006.json
indefinite_noisy,820006,6,fresh_residual,0.0954425724425714,0.09920127021233055,2269145,0.0005922495934163624,0.001412521168231833,experiments/confirmation/results/indefinite_noisy_820006.json
indefinite_noisy,820006,6,learned_probe,0.0954425724425714,0.09942243527849355,2899921,0.00012329365794115106,0.001412521168231833,experiments/confirmation/results/indefinite_noisy_820006.json
indefinite_noisy,820006,6,random_matched138,0.0954425724425714,0.09835606123728606,1999961,1.5524908131309863e-07,0.001412521168231833,experiments/confirmation/results/indefinite_noisy_820006.json
indefinite_noisy,820007,1,historical_moment,0.8601169340506652,0.36697499025555,2336892,0.4542494230544957,0.5005041048098594,experiments/confirmation/results/indefinite_noisy_820007.json
indefinite_noisy,820007,1,reservoir_residual,0.8601169340506652,0.36699653044111624,2040846,0.22819690847727572,0.5005041048098594,experiments/confirmation/results/indefinite_noisy_820007.json
indefinite_noisy,820007,1,fresh_residual,0.8601169340506652,0.3667072905204156,2192352,0.4388415887302701,0.5005041048098594,experiments/confirmation/results/indefinite_noisy_820007.json
indefinite_noisy,820007,1,learned_probe,0.8601169340506652,0.365337691483266,2738048,0.06019204607679003,0.5005041048098594,experiments/confirmation/results/indefinite_noisy_820007.json
indefinite_noisy,820007,1,random_matched138,0.8601169340506652,0.36438241266936566,1999968,0.004380895646947235,0.5005041048098594,experiments/confirmation/results/indefinite_noisy_820007.json
indefinite_noisy,820007,2,historical_moment,0.36438241266936566,0.1868276966307793,2496804,0.17448710313140237,0.1815969305616366,experiments/confirmation/results/indefinite_noisy_820007.json
indefinite_noisy,820007,2,reservoir_residual,0.36438241266936566,0.2782695621852419,2042928,0.06794842809397228,0.1815969305616366,experiments/confirmation/results/indefinite_noisy_820007.json
indefinite_noisy,820007,2,fresh_residual,0.36438241266936566,0.18700894434868037,2207724,0.17559677795364018,0.1815969305616366,experiments/confirmation/results/indefinite_noisy_820007.json
indefinite_noisy,820007,2,learned_probe,0.36438241266936566,0.2783526221666136,2770436,0.00011198886747053121,0.1815969305616366,experiments/confirmation/results/indefinite_noisy_820007.json
indefinite_noisy,820007,2,random_matched138,0.36438241266936566,0.18606171863230037,1999980,0.017753760881811104,0.1815969305616366,experiments/confirmation/results/indefinite_noisy_820007.json
indefinite_noisy,820007,3,historical_moment,0.18606171863230037,0.09916419301831866,2656571,0.07591438320268855,0.08079813036400216,experiments/confirmation/results/indefinite_noisy_820007.json
indefinite_noisy,820007,3,reservoir_residual,0.18606171863230037,0.1007804255962594,2044865,0.060860299803509446,0.08079813036400216,experiments/confirmation/results/indefinite_noisy_820007.json
indefinite_noisy,820007,3,fresh_residual,0.18606171863230037,0.09916691979535032,2222951,0.07407112546090787,0.08079813036400216,experiments/confirmation/results/indefinite_noisy_820007.json
indefinite_noisy,820007,3,learned_probe,0.18606171863230037,0.09923181520225116,2802679,0.004972849672385006,0.08079813036400216,experiments/confirmation/results/indefinite_noisy_820007.json
indefinite_noisy,820007,3,random_matched138,0.18606171863230037,0.09994123809548565,1999847,0.00047465139303985075,0.08079813036400216,experiments/confirmation/results/indefinite_noisy_820007.json
indefinite_noisy,820007,4,historical_moment,0.09994123809548565,0.09536147452554111,2816580,0.00041409514737432993,0.005227714563954113,experiments/confirmation/results/indefinite_noisy_820007.json
indefinite_noisy,820007,4,reservoir_residual,0.09994123809548565,0.09599863182255974,2047044,0.002272173386627956,0.005227714563954113,experiments/confirmation/results/indefinite_noisy_820007.json
indefinite_noisy,820007,4,fresh_residual,0.09994123809548565,0.09601733530887152,2238420,0.00363552757873674,0.005227714563954113,experiments/confirmation/results/indefinite_noisy_820007.json
indefinite_noisy,820007,4,learned_probe,0.09994123809548565,0.09534786907050635,2835164,0.0002901216600575572,0.005227714563954113,experiments/confirmation/results/indefinite_noisy_820007.json
indefinite_noisy,820007,4,random_matched138,0.09994123809548565,0.09579402048293015,1999956,0.00040197688208346564,0.005227714563954113,experiments/confirmation/results/indefinite_noisy_820007.json
indefinite_noisy,820007,5,historical_moment,0.09579402048293015,0.09601092605118094,2976414,0.00042121380888556626,0.0024957977867773448,experiments/confirmation/results/indefinite_noisy_820007.json
indefinite_noisy,820007,5,reservoir_residual,0.09579402048293015,0.09658972650601512,2049048,1.453798814111987e-07,0.0024957977867773448,experiments/confirmation/results/indefinite_noisy_820007.json
indefinite_noisy,820007,5,fresh_residual,0.09579402048293015,0.0972093369073464,2253714,0.0022270469396444403,0.0024957977867773448,experiments/confirmation/results/indefinite_noisy_820007.json
indefinite_noisy,820007,5,learned_probe,0.09579402048293015,0.09598237663419984,2867474,0.0002888417284648337,0.0024957977867773448,experiments/confirmation/results/indefinite_noisy_820007.json
indefinite_noisy,820007,5,random_matched138,0.09579402048293015,0.09591714758067983,1999890,1.5730295601103555e-05,0.0024957977867773448,experiments/confirmation/results/indefinite_noisy_820007.json
indefinite_noisy,820007,6,historical_moment,0.09591714758067983,0.09895362589556411,3136385,0.0006800202623758215,0.0013108457013848484,experiments/confirmation/results/indefinite_noisy_820007.json
indefinite_noisy,820007,6,reservoir_residual,0.09591714758067983,0.09813685340042833,2051189,0.00010457290484356352,0.0013108457013848484,experiments/confirmation/results/indefinite_noisy_820007.json
indefinite_noisy,820007,6,fresh_residual,0.09591714758067983,0.09972389830944932,2269145,0.00028558338314385264,0.0013108457013848484,experiments/confirmation/results/indefinite_noisy_820007.json
indefinite_noisy,820007,6,learned_probe,0.09591714758067983,0.1002241665468308,2899921,1.9816549892812787e-05,0.0013108457013848484,experiments/confirmation/results/indefinite_noisy_820007.json
indefinite_noisy,820007,6,random_matched138,0.09591714758067983,0.10009851556822678,1999961,1.0448297147869943e-05,0.0013108457013848484,experiments/confirmation/results/indefinite_noisy_820007.json
indefinite_noisy,820008,1,historical_moment,1.209994700900056,0.3690319855183696,2336892,0.7938425704509489,0.8453337028603439,experiments/confirmation/results/indefinite_noisy_820008.json
indefinite_noisy,820008,1,reservoir_residual,1.209994700900056,0.36844872995974864,2040846,0.5429876751836644,0.8453337028603439,experiments/confirmation/results/indefinite_noisy_820008.json
indefinite_noisy,820008,1,fresh_residual,1.209994700900056,0.3689881770409642,2192352,0.8209040826944618,0.8453337028603439,experiments/confirmation/results/indefinite_noisy_820008.json
indefinite_noisy,820008,1,learned_probe,1.209994700900056,0.36859258027298714,2738048,0.023099334963669848,0.8453337028603439,experiments/confirmation/results/indefinite_noisy_820008.json
indefinite_noisy,820008,1,random_matched138,1.209994700900056,0.36891190329165124,1999968,0.02153987101700855,0.8453337028603439,experiments/confirmation/results/indefinite_noisy_820008.json
indefinite_noisy,820008,2,historical_moment,0.36891190329165124,0.19085354076648442,2496804,0.16862807932736545,0.1818630484300774,experiments/confirmation/results/indefinite_noisy_820008.json
indefinite_noisy,820008,2,reservoir_residual,0.36891190329165124,0.19050726689278324,2042928,0.13816110662692324,0.1818630484300774,experiments/confirmation/results/indefinite_noisy_820008.json
indefinite_noisy,820008,2,fresh_residual,0.36891190329165124,0.19094372926504322,2207724,0.17242879566472064,0.1818630484300774,experiments/confirmation/results/indefinite_noisy_820008.json
indefinite_noisy,820008,2,learned_probe,0.36891190329165124,0.2909066756199118,2770436,0.0231793105648836,0.1818630484300774,experiments/confirmation/results/indefinite_noisy_820008.json
indefinite_noisy,820008,2,random_matched138,0.36891190329165124,0.1904757738962082,1999980,9.094206885297964e-05,0.1818630484300774,experiments/confirmation/results/indefinite_noisy_820008.json
indefinite_noisy,820008,3,historical_moment,0.1904757738962082,0.10626722070292285,2656571,0.07783998329181915,0.08655183220465983,experiments/confirmation/results/indefinite_noisy_820008.json
indefinite_noisy,820008,3,reservoir_residual,0.1904757738962082,0.10870271844650128,2044865,0.03786362728538575,0.08655183220465983,experiments/confirmation/results/indefinite_noisy_820008.json
indefinite_noisy,820008,3,fresh_residual,0.1904757738962082,0.1053453845196106,2222951,0.07821858224214556,0.08655183220465983,experiments/confirmation/results/indefinite_noisy_820008.json
indefinite_noisy,820008,3,learned_probe,0.1904757738962082,0.11058684993070077,2802679,0.0048246725697249325,0.08655183220465983,experiments/confirmation/results/indefinite_noisy_820008.json
indefinite_noisy,820008,3,random_matched138,0.1904757738962082,0.110053310139736,1999847,0.012672072685890089,0.08655183220465983,experiments/confirmation/results/indefinite_noisy_820008.json
indefinite_noisy,820008,4,historical_moment,0.110053310139736,0.09764276884079214,2816580,0.004589775060426297,0.010087859359304154,experiments/confirmation/results/indefinite_noisy_820008.json
indefinite_noisy,820008,4,reservoir_residual,0.110053310139736,0.09798439448093767,2047044,0.004269065401009722,0.010087859359304154,experiments/confirmation/results/indefinite_noisy_820008.json
indefinite_noisy,820008,4,fresh_residual,0.110053310139736,0.09774243605211577,2238420,0.005264955115704552,0.010087859359304154,experiments/confirmation/results/indefinite_noisy_820008.json
indefinite_noisy,820008,4,learned_probe,0.110053310139736,0.09908652135231143,2835164,0.0017667703450335757,0.010087859359304154,experiments/confirmation/results/indefinite_noisy_820008.json
indefinite_noisy,820008,4,random_matched138,0.110053310139736,0.09848192164895478,1999956,3.639343264743027e-07,0.010087859359304154,experiments/confirmation/results/indefinite_noisy_820008.json
indefinite_noisy,820008,5,historical_moment,0.09848192164895478,0.11421899409567318,2976414,0.0016978775727578348,0.0026865889740902453,experiments/confirmation/results/indefinite_noisy_820008.json
indefinite_noisy,820008,5,reservoir_residual,0.09848192164895478,0.11686212639795379,2049048,5.119973261548691e-05,0.0026865889740902453,experiments/confirmation/results/indefinite_noisy_820008.json
indefinite_noisy,820008,5,fresh_residual,0.09848192164895478,0.11931045877345475,2253714,0.0011267304932142139,0.0026865889740902453,experiments/confirmation/results/indefinite_noisy_820008.json
indefinite_noisy,820008,5,learned_probe,0.09848192164895478,0.11243200183398139,2867474,0.00041699862922932443,0.0026865889740902453,experiments/confirmation/results/indefinite_noisy_820008.json
indefinite_noisy,820008,5,random_matched138,0.09848192164895478,0.10999328534990195,1999890,0.001101830112176887,0.0026865889740902453,experiments/confirmation/results/indefinite_noisy_820008.json
indefinite_noisy,820008,6,historical_moment,0.10999328534990195,0.10195401514212186,3136385,0.008270391073804896,0.010835992400287974,experiments/confirmation/results/indefinite_noisy_820008.json
indefinite_noisy,820008,6,reservoir_residual,0.10999328534990195,0.10304520649890848,2051189,0.006362473680264634,0.010835992400287974,experiments/confirmation/results/indefinite_noisy_820008.json
indefinite_noisy,820008,6,fresh_residual,0.10999328534990195,0.10233193294181327,2269145,0.007419154113489259,0.010835992400287974,experiments/confirmation/results/indefinite_noisy_820008.json
indefinite_noisy,820008,6,learned_probe,0.10999328534990195,0.10281388613780562,2899921,0.0009711949708694074,0.010835992400287974,experiments/confirmation/results/indefinite_noisy_820008.json
indefinite_noisy,820008,6,random_matched138,0.10999328534990195,0.10288347631157221,1999961,4.74299821815128e-05,0.010835992400287974,experiments/confirmation/results/indefinite_noisy_820008.json
indefinite_noisy,820009,1,historical_moment,0.8825195024252737,0.3737712866676569,2336892,0.4949777506631294,0.5162984874852476,experiments/confirmation/results/indefinite_noisy_820009.json
indefinite_noisy,820009,1,reservoir_residual,0.8825195024252737,0.3740817180672048,2040846,0.38315577855634314,0.5162984874852476,experiments/confirmation/results/indefinite_noisy_820009.json
indefinite_noisy,820009,1,fresh_residual,0.8825195024252737,0.3737372643084592,2192352,0.47920883283712645,0.5162984874852476,experiments/confirmation/results/indefinite_noisy_820009.json
indefinite_noisy,820009,1,learned_probe,0.8825195024252737,0.37856089995632614,2738048,0.12622117027027294,0.5162984874852476,experiments/confirmation/results/indefinite_noisy_820009.json
indefinite_noisy,820009,1,random_matched138,0.8825195024252737,0.37759883513338033,1999968,0.021758047597108685,0.5162984874852476,experiments/confirmation/results/indefinite_noisy_820009.json
indefinite_noisy,820009,2,historical_moment,0.37759883513338033,0.20301919944325936,2496804,0.17916769994491166,0.18821285215737626,experiments/confirmation/results/indefinite_noisy_820009.json
indefinite_noisy,820009,2,reservoir_residual,0.37759883513338033,0.29048586679054805,2042928,0.050215991738711024,0.18821285215737626,experiments/confirmation/results/indefinite_noisy_820009.json
indefinite_noisy,820009,2,fresh_residual,0.37759883513338033,0.20300516961251208,2207724,0.17357103897228238,0.18821285215737626,experiments/confirmation/results/indefinite_noisy_820009.json
indefinite_noisy,820009,2,learned_probe,0.37759883513338033,0.2907575860809311,2770436,0.00016825821223871148,0.18821285215737626,experiments/confirmation/results/indefinite_noisy_820009.json
indefinite_noisy,820009,2,random_matched138,0.37759883513338033,0.20101388101042372,1999980,0.00017491754221815473,0.18821285215737626,experiments/confirmation/results/indefinite_noisy_820009.json
indefinite_noisy,820009,3,historical_moment,0.20101388101042372,0.09984485403502377,2656571,0.07665276699360607,0.08140831602974306,experiments/confirmation/results/indefinite_noisy_820009.json
indefinite_noisy,820009,3,reservoir_residual,0.20101388101042372,0.09919933187839762,2044865,0.027087624650431345,0.08140831602974306,experiments/confirmation/results/indefinite_noisy_820009.json
indefinite_noisy,820009,3,fresh_residual,0.20101388101042372,0.10014195435421985,2222951,0.07626628283430152,0.08140831602974306,experiments/confirmation/results/indefinite_noisy_820009.json
indefinite_noisy,820009,3,learned_probe,0.20101388101042372,0.09963005654317174,2802679,0.0004842872616247942,0.08140831602974306,experiments/confirmation/results/indefinite_noisy_820009.json
indefinite_noisy,820009,3,random_matched138,0.20101388101042372,0.10004756169591368,1999847,0.00014597883028378802,0.08140831602974306,experiments/confirmation/results/indefinite_noisy_820009.json
indefinite_noisy,820009,4,historical_moment,0.10004756169591368,0.09585706147520706,2816580,0.0008858843328549937,0.0030888806015477843,experiments/confirmation/results/indefinite_noisy_820009.json
indefinite_noisy,820009,4,reservoir_residual,0.10004756169591368,0.09811413680305636,2047044,2.1925349944627313e-05,0.0030888806015477843,experiments/confirmation/results/indefinite_noisy_820009.json
indefinite_noisy,820009,4,fresh_residual,0.10004756169591368,0.09823536899556347,2238420,0.001392707967023574,0.0030888806015477843,experiments/confirmation/results/indefinite_noisy_820009.json
indefinite_noisy,820009,4,learned_probe,0.10004756169591368,0.09857112268586782,2835164,0.0003108070012935113,0.0030888806015477843,experiments/confirmation/results/indefinite_noisy_820009.json
indefinite_noisy,820009,4,random_matched138,0.10004756169591368,0.10250514658396619,1999956,0.00047407677132653615,0.0030888806015477843,experiments/confirmation/results/indefinite_noisy_820009.json
indefinite_noisy,820009,5,historical_moment,0.10250514658396619,0.0997371442376632,2976414,0.0022111808503246094,0.004532631244709765,experiments/confirmation/results/indefinite_noisy_820009.json
indefinite_noisy,820009,5,reservoir_residual,0.10250514658396619,0.09853449838404545,2049048,7.547701457250345e-05,0.004532631244709765,experiments/confirmation/results/indefinite_noisy_820009.json
indefinite_noisy,820009,5,fresh_residual,0.10250514658396619,0.09991902891998997,2253714,0.001844828891679748,0.004532631244709765,experiments/confirmation/results/indefinite_noisy_820009.json
indefinite_noisy,820009,5,learned_probe,0.10250514658396619,0.10003247777850831,2867474,5.94018087397539e-05,0.004532631244709765,experiments/confirmation/results/indefinite_noisy_820009.json
indefinite_noisy,820009,5,random_matched138,0.10250514658396619,0.10030525871114676,1999890,0.00021247872152193578,0.004532631244709765,experiments/confirmation/results/indefinite_noisy_820009.json
indefinite_noisy,820009,6,historical_moment,0.10030525871114676,0.10152816251966454,3136385,0.00177158275525847,0.003577868995425929,experiments/confirmation/results/indefinite_noisy_820009.json
indefinite_noisy,820009,6,reservoir_residual,0.10030525871114676,0.10001690493718177,2051189,0.00037736038104476197,0.003577868995425929,experiments/confirmation/results/indefinite_noisy_820009.json
indefinite_noisy,820009,6,fresh_residual,0.10030525871114676,0.10142046317451232,2269145,0.002391436671135936,0.003577868995425929,experiments/confirmation/results/indefinite_noisy_820009.json
indefinite_noisy,820009,6,learned_probe,0.10030525871114676,0.10168686809019087,2899921,4.7943107079733865e-06,0.003577868995425929,experiments/confirmation/results/indefinite_noisy_820009.json
indefinite_noisy,820009,6,random_matched138,0.10030525871114676,0.10228531982472862,1999961,9.024872977705187e-05,0.003577868995425929,experiments/confirmation/results/indefinite_noisy_820009.json
indefinite_noisy,820010,1,historical_moment,0.8597101232952165,0.3667799609019904,2336892,0.4558509699147084,0.500193810838456,experiments/confirmation/results/indefinite_noisy_820010.json
indefinite_noisy,820010,1,reservoir_residual,0.8597101232952165,0.36751506514253685,2040846,0.23091961437458883,0.500193810838456,experiments/confirmation/results/indefinite_noisy_820010.json
indefinite_noisy,820010,1,fresh_residual,0.8597101232952165,0.3665138771982873,2192352,0.4791757141862019,0.500193810838456,experiments/confirmation/results/indefinite_noisy_820010.json
indefinite_noisy,820010,1,learned_probe,0.8597101232952165,0.3660056740366009,2738048,0.05488218504714247,0.500193810838456,experiments/confirmation/results/indefinite_noisy_820010.json
indefinite_noisy,820010,1,random_matched138,0.8597101232952165,0.3674118281024572,1999968,0.0018075410255003548,0.500193810838456,experiments/confirmation/results/indefinite_noisy_820010.json
indefinite_noisy,820010,2,historical_moment,0.3674118281024572,0.179959722305377,2496804,0.17631131888745644,0.18166884633970215,experiments/confirmation/results/indefinite_noisy_820010.json
indefinite_noisy,820010,2,reservoir_residual,0.3674118281024572,0.2863543398273266,2042928,0.04440788904884666,0.18166884633970215,experiments/confirmation/results/indefinite_noisy_820010.json
indefinite_noisy,820010,2,fresh_residual,0.3674118281024572,0.1809279422858775,2207724,0.16591317711328962,0.18166884633970215,experiments/confirmation/results/indefinite_noisy_820010.json
indefinite_noisy,820010,2,learned_probe,0.3674118281024572,0.1887344216537572,2770436,0.08558799572810344,0.18166884633970215,experiments/confirmation/results/indefinite_noisy_820010.json
indefinite_noisy,820010,2,random_matched138,0.3674118281024572,0.2862557457898417,1999980,0.008756077549565153,0.18166884633970215,experiments/confirmation/results/indefinite_noisy_820010.json
indefinite_noisy,820010,3,historical_moment,0.2862557457898417,0.1025824312814402,2656571,0.18239190053922258,0.1858464985037587,experiments/confirmation/results/indefinite_noisy_820010.json
indefinite_noisy,820010,3,reservoir_residual,0.2862557457898417,0.10024523732193236,2044865,0.0921776175502342,0.1858464985037587,experiments/confirmation/results/indefinite_noisy_820010.json
indefinite_noisy,820010,3,fresh_residual,0.2862557457898417,0.10236408392002916,2222951,0.17715524474138084,0.1858464985037587,experiments/confirmation/results/indefinite_noisy_820010.json
indefinite_noisy,820010,3,learned_probe,0.2862557457898417,0.10074134453276787,2802679,0.009545144659744076,0.1858464985037587,experiments/confirmation/results/indefinite_noisy_820010.json
indefinite_noisy,820010,3,random_matched138,0.2862557457898417,0.10057828805399131,1999847,0.0008784107332554114,0.1858464985037587,experiments/confirmation/results/indefinite_noisy_820010.json
indefinite_noisy,820010,4,historical_moment,0.10057828805399131,0.09902580570431754,2816580,0.0008128469848808458,0.004204807520811489,experiments/confirmation/results/indefinite_noisy_820010.json
indefinite_noisy,820010,4,reservoir_residual,0.10057828805399131,0.0995395698530794,2047044,4.0993230840009805e-05,0.004204807520811489,experiments/confirmation/results/indefinite_noisy_820010.json
indefinite_noisy,820010,4,fresh_residual,0.10057828805399131,0.09873857055957005,2238420,0.0016753367367262396,0.004204807520811489,experiments/confirmation/results/indefinite_noisy_820010.json
indefinite_noisy,820010,4,learned_probe,0.10057828805399131,0.10008157134687391,2835164,3.697346378263065e-05,0.004204807520811489,experiments/confirmation/results/indefinite_noisy_820010.json
indefinite_noisy,820010,4,random_matched138,0.10057828805399131,0.09941203830813332,1999956,0.0001693716595381353,0.004204807520811489,experiments/confirmation/results/indefinite_noisy_820010.json
indefinite_noisy,820010,5,historical_moment,0.09941203830813332,0.09828418495600208,2976414,0.00022117087014038642,0.003787488856611594,experiments/confirmation/results/indefinite_noisy_820010.json
indefinite_noisy,820010,5,reservoir_residual,0.09941203830813332,0.09704252518896182,2049048,0.000553191620568263,0.003787488856611594,experiments/confirmation/results/indefinite_noisy_820010.json
indefinite_noisy,820010,5,fresh_residual,0.09941203830813332,0.09779843778030331,2253714,0.002073442272106084,0.003787488856611594,experiments/confirmation/results/indefinite_noisy_820010.json
indefinite_noisy,820010,5,learned_probe,0.09941203830813332,0.09608223383110892,2867474,2.3045220726935424e-05,0.003787488856611594,experiments/confirmation/results/indefinite_noisy_820010.json
indefinite_noisy,820010,5,random_matched138,0.09941203830813332,0.09782649135989013,1999890,0.0002476184496161325,0.003787488856611594,experiments/confirmation/results/indefinite_noisy_820010.json
indefinite_noisy,820010,6,historical_moment,0.09782649135989013,0.1002472408564174,3136385,5.222191004521115e-05,0.002904690404211822,experiments/confirmation/results/indefinite_noisy_820010.json
indefinite_noisy,820010,6,reservoir_residual,0.09782649135989013,0.09924942693699106,2051189,1.0113194762432339e-05,0.002904690404211822,experiments/confirmation/results/indefinite_noisy_820010.json
indefinite_noisy,820010,6,fresh_residual,0.09782649135989013,0.09783732870036908,2269145,0.0014833184348437588,0.002904690404211822,experiments/confirmation/results/indefinite_noisy_820010.json
indefinite_noisy,820010,6,learned_probe,0.09782649135989013,0.09914264865756048,2899921,0.0003564437886757742,0.002904690404211822,experiments/confirmation/results/indefinite_noisy_820010.json
indefinite_noisy,820010,6,random_matched138,0.09782649135989013,0.09814002037319809,1999961,1.7185222650458697e-05,0.002904690404211822,experiments/confirmation/results/indefinite_noisy_820010.json
indefinite_noisy,820011,1,historical_moment,0.8786302875877282,0.3785902945903554,2336892,0.49252912786934755,0.5104941268804056,experiments/confirmation/results/indefinite_noisy_820011.json
indefinite_noisy,820011,1,reservoir_residual,0.8786302875877282,0.3767026420646331,2040846,0.31243706614069605,0.5104941268804056,experiments/confirmation/results/indefinite_noisy_820011.json
indefinite_noisy,820011,1,fresh_residual,0.8786302875877282,0.3781140601429972,2192352,0.4814798980214795,0.5104941268804056,experiments/confirmation/results/indefinite_noisy_820011.json
indefinite_noisy,820011,1,learned_probe,0.8786302875877282,0.6936428258064362,2738048,0.0008392012694111425,0.5104941268804056,experiments/confirmation/results/indefinite_noisy_820011.json
indefinite_noisy,820011,1,random_matched138,0.8786302875877282,0.3807071436234787,1999968,0.007172984725330881,0.5104941268804056,experiments/confirmation/results/indefinite_noisy_820011.json
indefinite_noisy,820011,2,historical_moment,0.3807071436234787,0.1854284967166708,2496804,0.17102513471874123,0.18390794565152616,experiments/confirmation/results/indefinite_noisy_820011.json
indefinite_noisy,820011,2,reservoir_residual,0.3807071436234787,0.2820233842198929,2042928,0.06503723523652939,0.18390794565152616,experiments/confirmation/results/indefinite_noisy_820011.json
indefinite_noisy,820011,2,fresh_residual,0.3807071436234787,0.18515775621648128,2207724,0.17207735084572198,0.18390794565152616,experiments/confirmation/results/indefinite_noisy_820011.json
indefinite_noisy,820011,2,learned_probe,0.3807071436234787,0.2820020684395478,2770436,0.0003722920534317296,0.18390794565152616,experiments/confirmation/results/indefinite_noisy_820011.json
indefinite_noisy,820011,2,random_matched138,0.3807071436234787,0.1833965292529939,1999980,0.0015197490701517478,0.18390794565152616,experiments/confirmation/results/indefinite_noisy_820011.json
indefinite_noisy,820011,3,historical_moment,0.1833965292529939,0.10114925039536378,2656571,0.06914189668136206,0.08194226934799008,experiments/confirmation/results/indefinite_noisy_820011.json
indefinite_noisy,820011,3,reservoir_residual,0.1833965292529939,0.10128256728983996,2044865,0.06057970262128958,0.08194226934799008,experiments/confirmation/results/indefinite_noisy_820011.json
indefinite_noisy,820011,3,fresh_residual,0.1833965292529939,0.10109971228771775,2222951,0.07664656596953995,0.08194226934799008,experiments/confirmation/results/indefinite_noisy_820011.json
indefinite_noisy,820011,3,learned_probe,0.1833965292529939,0.09967694156317282,2802679,0.0038149798091462865,0.08194226934799008,experiments/confirmation/results/indefinite_noisy_820011.json
indefinite_noisy,820011,3,random_matched138,0.1833965292529939,0.10305776571469216,1999847,0.0021236648209919055,0.08194226934799008,experiments/confirmation/results/indefinite_noisy_820011.json
indefinite_noisy,820011,4,historical_moment,0.10305776571469216,0.12352324244002066,2816580,0.0033600182969435715,0.006778104271602979,experiments/confirmation/results/indefinite_noisy_820011.json
indefinite_noisy,820011,4,reservoir_residual,0.10305776571469216,0.12403041973683931,2047044,0.0014122552742743318,0.006778104271602979,experiments/confirmation/results/indefinite_noisy_820011.json
indefinite_noisy,820011,4,fresh_residual,0.10305776571469216,0.17555784998616072,2238420,0.006077581893406742,0.006778104271602979,experiments/confirmation/results/indefinite_noisy_820011.json
indefinite_noisy,820011,4,learned_probe,0.10305776571469216,0.1198369514103691,2835164,0.00016668309173904877,0.006778104271602979,experiments/confirmation/results/indefinite_noisy_820011.json
indefinite_noisy,820011,4,random_matched138,0.10305776571469216,0.1249031563829377,1999956,0.00012912857003947892,0.006778104271602979,experiments/confirmation/results/indefinite_noisy_820011.json
indefinite_noisy,820011,5,historical_moment,0.1249031563829377,0.0960260064794618,2976414,0.017866395582243136,0.023217820068016846,experiments/confirmation/results/indefinite_noisy_820011.json
indefinite_noisy,820011,5,reservoir_residual,0.1249031563829377,0.0954357951311205,2049048,0.012046934181388526,0.023217820068016846,experiments/confirmation/results/indefinite_noisy_820011.json
indefinite_noisy,820011,5,fresh_residual,0.1249031563829377,0.09647699218575463,2253714,0.022005871560353024,0.023217820068016846,experiments/confirmation/results/indefinite_noisy_820011.json
indefinite_noisy,820011,5,learned_probe,0.1249031563829377,0.09559225005121018,2867474,5.9926538728027854e-05,0.023217820068016846,experiments/confirmation/results/indefinite_noisy_820011.json
indefinite_noisy,820011,5,random_matched138,0.1249031563829377,0.09591772648052385,1999890,0.0024797812629774995,0.023217820068016846,experiments/confirmation/results/indefinite_noisy_820011.json
indefinite_noisy,820011,6,historical_moment,0.09591772648052385,0.10500350098313012,3136385,0.0018484013487731642,0.0032452859558938047,experiments/confirmation/results/indefinite_noisy_820011.json
indefinite_noisy,820011,6,reservoir_residual,0.09591772648052385,0.10630699871596339,2051189,0.00116214605038862,0.0032452859558938047,experiments/confirmation/results/indefinite_noisy_820011.json
indefinite_noisy,820011,6,fresh_residual,0.09591772648052385,0.10624402744776953,2269145,0.002569540664977751,0.0032452859558938047,experiments/confirmation/results/indefinite_noisy_820011.json
indefinite_noisy,820011,6,learned_probe,0.09591772648052385,0.10501561679182288,2899921,5.325713374869299e-09,0.0032452859558938047,experiments/confirmation/results/indefinite_noisy_820011.json
indefinite_noisy,820011,6,random_matched138,0.09591772648052385,0.1037390637702964,1999961,1.1284272480747783e-05,0.0032452859558938047,experiments/confirmation/results/indefinite_noisy_820011.json
lowrank_noiseless,820000,1,historical_moment,0.41490354431775217,3.922464201249269e-09,2336892,0.387343374562231,0.4058477954870568,experiments/confirmation/results/lowrank_noiseless_820000.json
lowrank_noiseless,820000,1,reservoir_residual,0.41490354431775217,4.0783329046781495e-08,2040846,0.3178920547792477,0.4058477954870568,experiments/confirmation/results/lowrank_noiseless_820000.json
lowrank_noiseless,820000,1,fresh_residual,0.41490354431775217,2.3380318589352876e-08,2192352,0.3753836258710697,0.4058477954870568,experiments/confirmation/results/lowrank_noiseless_820000.json
lowrank_noiseless,820000,1,learned_probe,0.41490354431775217,3.49478049936646e-06,2738048,0.005856722370977384,0.4058477954870568,experiments/confirmation/results/lowrank_noiseless_820000.json
lowrank_noiseless,820000,1,random_matched138,0.41490354431775217,1.3052826544272157e-07,1999968,0.00039219770923072737,0.4058477954870568,experiments/confirmation/results/lowrank_noiseless_820000.json
lowrank_noiseless,820000,2,historical_moment,1.3052826544272157e-07,3.006689921308384e-08,2496804,4.789988767320322e-09,1.1466515492322574e-07,experiments/confirmation/results/lowrank_noiseless_820000.json
lowrank_noiseless,820000,2,reservoir_residual,1.3052826544272157e-07,7.550231010464351e-07,2042928,8.494804952900326e-08,1.1466515492322574e-07,experiments/confirmation/results/lowrank_noiseless_820000.json
lowrank_noiseless,820000,2,fresh_residual,1.3052826544272157e-07,5.88737918307339e-06,2207724,1.0743371835731271e-07,1.1466515492322574e-07,experiments/confirmation/results/lowrank_noiseless_820000.json
lowrank_noiseless,820000,2,learned_probe,1.3052826544272157e-07,2.7408505794215743e-08,2770436,1.5525185501444225e-11,1.1466515492322574e-07,experiments/confirmation/results/lowrank_noiseless_820000.json
lowrank_noiseless,820000,2,random_matched138,1.3052826544272157e-07,1.2453762102791207e-08,1999980,4.5836936908055756e-11,1.1466515492322574e-07,experiments/confirmation/results/lowrank_noiseless_820000.json
lowrank_noiseless,820000,3,historical_moment,1.2453762102791207e-08,6.689697400902817e-06,2656571,4.2970809812423666e-09,1.0678519353069772e-08,experiments/confirmation/results/lowrank_noiseless_820000.json
lowrank_noiseless,820000,3,reservoir_residual,1.2453762102791207e-08,1.2952394116957853e-06,2044865,5.48509812445416e-09,1.0678519353069772e-08,experiments/confirmation/results/lowrank_noiseless_820000.json
lowrank_noiseless,820000,3,fresh_residual,1.2453762102791207e-08,2.680187715524582e-07,2222951,1.0369329940382497e-08,1.0678519353069772e-08,experiments/confirmation/results/lowrank_noiseless_820000.json
lowrank_noiseless,820000,3,learned_probe,1.2453762102791207e-08,5.846643027593964e-06,2802679,1.1506872821356699e-11,1.0678519353069772e-08,experiments/confirmation/results/lowrank_noiseless_820000.json
lowrank_noiseless,820000,3,random_matched138,1.2453762102791207e-08,1.7783359084386933e-07,1999847,1.68887244674516e-11,1.0678519353069772e-08,experiments/confirmation/results/lowrank_noiseless_820000.json
lowrank_noiseless,820000,4,historical_moment,1.7783359084386933e-07,0.00029542753896157336,2816580,4.354303403828292e-08,8.673577561339317e-08,experiments/confirmation/results/lowrank_noiseless_820000.json
lowrank_noiseless,820000,4,reservoir_residual,1.7783359084386933e-07,3.5929123581056597e-05,2047044,5.242271069906726e-08,8.673577561339317e-08,experiments/confirmation/results/lowrank_noiseless_820000.json
lowrank_noiseless,820000,4,fresh_residual,1.7783359084386933e-07,0.00013114063462036564,2238420,8.30448744085882e-08,8.673577561339317e-08,experiments/confirmation/results/lowrank_noiseless_820000.json
lowrank_noiseless,820000,4,learned_probe,1.7783359084386933e-07,4.055138760461106e-06,2835164,7.566809251718414e-09,8.673577561339317e-08,experiments/confirmation/results/lowrank_noiseless_820000.json
lowrank_noiseless,820000,4,random_matched138,1.7783359084386933e-07,4.2825441581098656e-05,1999956,2.2879547970441448e-10,8.673577561339317e-08,experiments/confirmation/results/lowrank_noiseless_820000.json
lowrank_noiseless,820000,5,historical_moment,4.2825441581098656e-05,2.4147354001812406e-05,2976414,4.778045320679278e-07,1.602126277562668e-05,experiments/confirmation/results/lowrank_noiseless_820000.json
lowrank_noiseless,820000,5,reservoir_residual,4.2825441581098656e-05,3.642049889060051e-05,2049048,1.1617393700992118e-05,1.602126277562668e-05,experiments/confirmation/results/lowrank_noiseless_820000.json
lowrank_noiseless,820000,5,fresh_residual,4.2825441581098656e-05,3.0039960852121297e-06,2253714,1.4767964667947956e-05,1.602126277562668e-05,experiments/confirmation/results/lowrank_noiseless_820000.json
lowrank_noiseless,820000,5,learned_probe,4.2825441581098656e-05,7.0541808467695586e-06,2867474,2.3962698890315517e-06,1.602126277562668e-05,experiments/confirmation/results/lowrank_noiseless_820000.json
lowrank_noiseless,820000,5,random_matched138,4.2825441581098656e-05,1.0417626051022959e-05,1999890,1.151609876456946e-06,1.602126277562668e-05,experiments/confirmation/results/lowrank_noiseless_820000.json
lowrank_noiseless,820000,6,historical_moment,1.0417626051022959e-05,1.274700847053715e-05,3136385,1.8757496384711006e-06,8.642575507908232e-06,experiments/confirmation/results/lowrank_noiseless_820000.json
lowrank_noiseless,820000,6,reservoir_residual,1.0417626051022959e-05,7.076349818998732e-05,2051189,6.438319895278107e-06,8.642575507908232e-06,experiments/confirmation/results/lowrank_noiseless_820000.json
lowrank_noiseless,820000,6,fresh_residual,1.0417626051022959e-05,4.7732954039957674e-05,2269145,8.078245031709308e-06,8.642575507908232e-06,experiments/confirmation/results/lowrank_noiseless_820000.json
lowrank_noiseless,820000,6,learned_probe,1.0417626051022959e-05,0.00015948101994767155,2899921,2.5806709048995256e-07,8.642575507908232e-06,experiments/confirmation/results/lowrank_noiseless_820000.json
lowrank_noiseless,820000,6,random_matched138,1.0417626051022959e-05,2.2451779101876047e-05,1999961,6.689277905677831e-07,8.642575507908232e-06,experiments/confirmation/results/lowrank_noiseless_820000.json
lowrank_noiseless,820001,1,historical_moment,0.40942861819604165,4.694788744787051e-09,2336892,0.38986150818242865,0.4054282785041848,experiments/confirmation/results/lowrank_noiseless_820001.json
lowrank_noiseless,820001,1,reservoir_residual,0.40942861819604165,3.3116495774278924e-08,2040846,0.17381726115474866,0.4054282785041848,experiments/confirmation/results/lowrank_noiseless_820001.json
lowrank_noiseless,820001,1,fresh_residual,0.40942861819604165,7.142928233825854e-09,2192352,0.37622399886276353,0.4054282785041848,experiments/confirmation/results/lowrank_noiseless_820001.json
lowrank_noiseless,820001,1,learned_probe,0.40942861819604165,1.974434936018852e-08,2738048,0.0049838945398062206,0.4054282785041848,experiments/confirmation/results/lowrank_noiseless_820001.json
lowrank_noiseless,820001,1,random_matched138,0.40942861819604165,1.6495757438528256e-08,1999968,0.0001519141074872164,0.4054282785041848,experiments/confirmation/results/lowrank_noiseless_820001.json
lowrank_noiseless,820001,2,historical_moment,1.6495757438528256e-08,5.503108396198618e-06,2496804,1.8147107328574573e-10,1.0882778209689375e-08,experiments/confirmation/results/lowrank_noiseless_820001.json
lowrank_noiseless,820001,2,reservoir_residual,1.6495757438528256e-08,1.0509849011995738e-05,2042928,8.129015139543812e-09,1.0882778209689375e-08,experiments/confirmation/results/lowrank_noiseless_820001.json
lowrank_noiseless,820001,2,fresh_residual,1.6495757438528256e-08,1.6428470418067185e-06,2207724,1.0585061625461688e-08,1.0882778209689375e-08,experiments/confirmation/results/lowrank_noiseless_820001.json
lowrank_noiseless,820001,2,learned_probe,1.6495757438528256e-08,2.275970336865607e-07,2770436,2.1605208578649682e-10,1.0882778209689375e-08,experiments/confirmation/results/lowrank_noiseless_820001.json
lowrank_noiseless,820001,2,random_matched138,1.6495757438528256e-08,4.792005530312115e-07,1999980,1.8281191684715166e-12,1.0882778209689375e-08,experiments/confirmation/results/lowrank_noiseless_820001.json
lowrank_noiseless,820001,3,historical_moment,4.792005530312115e-07,3.7353955459396358e-06,2656571,1.1747600490313568e-09,4.597485501283861e-07,experiments/confirmation/results/lowrank_noiseless_820001.json
lowrank_noiseless,820001,3,reservoir_residual,4.792005530312115e-07,1.6881911534104529e-06,2044865,3.910726905967583e-07,4.597485501283861e-07,experiments/confirmation/results/lowrank_noiseless_820001.json
lowrank_noiseless,820001,3,fresh_residual,4.792005530312115e-07,2.3098763537694044e-07,2222951,4.340922399281627e-07,4.597485501283861e-07,experiments/confirmation/results/lowrank_noiseless_820001.json
lowrank_noiseless,820001,3,learned_probe,4.792005530312115e-07,7.02226765453499e-07,2802679,2.493064392403519e-13,4.597485501283861e-07,experiments/confirmation/results/lowrank_noiseless_820001.json
lowrank_noiseless,820001,3,random_matched138,4.792005530312115e-07,3.7984323145928833e-07,1999847,2.589488567802935e-11,4.597485501283861e-07,experiments/confirmation/results/lowrank_noiseless_820001.json
lowrank_noiseless,820001,4,historical_moment,3.7984323145928833e-07,8.920751272552255e-07,2816580,1.483333896775136e-14,1.8192187178376286e-07,experiments/confirmation/results/lowrank_noiseless_820001.json
lowrank_noiseless,820001,4,reservoir_residual,3.7984323145928833e-07,4.77037023219973e-06,2047044,1.2244132280944357e-07,1.8192187178376286e-07,experiments/confirmation/results/lowrank_noiseless_820001.json
lowrank_noiseless,820001,4,fresh_residual,3.7984323145928833e-07,2.4211244077052284e-07,2238420,1.696829044217423e-07,1.8192187178376286e-07,experiments/confirmation/results/lowrank_noiseless_820001.json
lowrank_noiseless,820001,4,learned_probe,3.7984323145928833e-07,1.455723877533287e-07,2835164,2.5843455454539203e-09,1.8192187178376286e-07,experiments/confirmation/results/lowrank_noiseless_820001.json
lowrank_noiseless,820001,4,random_matched138,3.7984323145928833e-07,1.5340137069043985e-06,1999956,3.823910514123844e-10,1.8192187178376286e-07,experiments/confirmation/results/lowrank_noiseless_820001.json
lowrank_noiseless,820001,5,historical_moment,1.5340137069043985e-06,7.2171739540541875e-06,2976414,1.3208214435998712e-09,1.245660655654369e-06,experiments/confirmation/results/lowrank_noiseless_820001.json
lowrank_noiseless,820001,5,reservoir_residual,1.5340137069043985e-06,2.5332108063153824e-05,2049048,1.0090250295679568e-06,1.245660655654369e-06,experiments/confirmation/results/lowrank_noiseless_820001.json
lowrank_noiseless,820001,5,fresh_residual,1.5340137069043985e-06,5.198866861664992e-06,2253714,1.1740472141480464e-06,1.245660655654369e-06,experiments/confirmation/results/lowrank_noiseless_820001.json
lowrank_noiseless,820001,5,learned_probe,1.5340137069043985e-06,3.4902821936499046e-06,2867474,1.4793245102998192e-07,1.245660655654369e-06,experiments/confirmation/results/lowrank_noiseless_820001.json
lowrank_noiseless,820001,5,random_matched138,1.5340137069043985e-06,1.4741627842786683e-05,1999890,6.754509860837801e-08,1.245660655654369e-06,experiments/confirmation/results/lowrank_noiseless_820001.json
lowrank_noiseless,820001,6,historical_moment,1.4741627842786683e-05,3.381972977844803e-05,3136385,1.4257745499296226e-09,6.234799238445425e-06,experiments/confirmation/results/lowrank_noiseless_820001.json
lowrank_noiseless,820001,6,reservoir_residual,1.4741627842786683e-05,2.05011688088723e-05,2051189,3.7252526350978606e-06,6.234799238445425e-06,experiments/confirmation/results/lowrank_noiseless_820001.json
lowrank_noiseless,820001,6,fresh_residual,1.4741627842786683e-05,1.3876962798460555e-05,2269145,5.595700118292476e-06,6.234799238445425e-06,experiments/confirmation/results/lowrank_noiseless_820001.json
lowrank_noiseless,820001,6,learned_probe,1.4741627842786683e-05,3.320077797023201e-05,2899921,1.364322122015016e-06,6.234799238445425e-06,experiments/confirmation/results/lowrank_noiseless_820001.json
lowrank_noiseless,820001,6,random_matched138,1.4741627842786683e-05,1.9140326445221898e-05,1999961,2.0504044749078676e-08,6.234799238445425e-06,experiments/confirmation/results/lowrank_noiseless_820001.json
lowrank_noiseless,820002,1,historical_moment,0.4175367016189065,2.1918581588892453e-09,2336892,0.400758486834619,0.4123648413727546,experiments/confirmation/results/lowrank_noiseless_820002.json
lowrank_noiseless,820002,1,reservoir_residual,0.4175367016189065,2.5774396233851606e-08,2040846,0.2945171374566956,0.4123648413727546,experiments/confirmation/results/lowrank_noiseless_820002.json
lowrank_noiseless,820002,1,fresh_residual,0.4175367016189065,5.261413460647452e-09,2192352,0.4027026219296859,0.4123648413727546,experiments/confirmation/results/lowrank_noiseless_820002.json
lowrank_noiseless,820002,1,learned_probe,0.4175367016189065,5.306439254265195e-08,2738048,2.032064932933995e-05,0.4123648413727546,experiments/confirmation/results/lowrank_noiseless_820002.json
lowrank_noiseless,820002,1,random_matched138,0.4175367016189065,1.258905069302213e-07,1999968,0.004260983046899079,0.4123648413727546,experiments/confirmation/results/lowrank_noiseless_820002.json
lowrank_noiseless,820002,2,historical_moment,1.258905069302213e-07,3.6584851731234724e-08,2496804,9.325147206701567e-12,1.2082938034646057e-07,experiments/confirmation/results/lowrank_noiseless_820002.json
lowrank_noiseless,820002,2,reservoir_residual,1.258905069302213e-07,5.167698871119573e-08,2042928,9.393390598348504e-08,1.2082938034646057e-07,experiments/confirmation/results/lowrank_noiseless_820002.json
lowrank_noiseless,820002,2,fresh_residual,1.258905069302213e-07,1.32408790640279e-06,2207724,1.1631724313195098e-07,1.2082938034646057e-07,experiments/confirmation/results/lowrank_noiseless_820002.json
lowrank_noiseless,820002,2,learned_probe,1.258905069302213e-07,1.8988346266635876e-06,2770436,4.395561917717454e-09,1.2082938034646057e-07,experiments/confirmation/results/lowrank_noiseless_820002.json
lowrank_noiseless,820002,2,random_matched138,1.258905069302213e-07,1.537937308297329e-07,1999980,1.6279617277357536e-09,1.2082938034646057e-07,experiments/confirmation/results/lowrank_noiseless_820002.json
lowrank_noiseless,820002,3,historical_moment,1.537937308297329e-07,3.273144592540923e-07,2656571,2.9281291969426137e-08,8.759618411424531e-08,experiments/confirmation/results/lowrank_noiseless_820002.json
lowrank_noiseless,820002,3,reservoir_residual,1.537937308297329e-07,1.759609609705459e-07,2044865,5.900475689673351e-08,8.759618411424531e-08,experiments/confirmation/results/lowrank_noiseless_820002.json
lowrank_noiseless,820002,3,fresh_residual,1.537937308297329e-07,1.4001790158675011e-07,2222951,7.92050887029976e-08,8.759618411424531e-08,experiments/confirmation/results/lowrank_noiseless_820002.json
lowrank_noiseless,820002,3,learned_probe,1.537937308297329e-07,1.1001756954066532e-07,2802679,1.2404205667027395e-08,8.759618411424531e-08,experiments/confirmation/results/lowrank_noiseless_820002.json
lowrank_noiseless,820002,3,random_matched138,1.537937308297329e-07,4.813509552043465e-07,1999847,1.9543158803598022e-09,8.759618411424531e-08,experiments/confirmation/results/lowrank_noiseless_820002.json
lowrank_noiseless,820002,4,historical_moment,4.813509552043465e-07,5.149348877872529e-07,2816580,3.150405223615628e-08,2.7078316811105396e-07,experiments/confirmation/results/lowrank_noiseless_820002.json
lowrank_noiseless,820002,4,reservoir_residual,4.813509552043465e-07,3.576936163527327e-06,2047044,1.5589755613380443e-07,2.7078316811105396e-07,experiments/confirmation/results/lowrank_noiseless_820002.json
lowrank_noiseless,820002,4,fresh_residual,4.813509552043465e-07,3.0978135840197566e-06,2238420,2.535758870408584e-07,2.7078316811105396e-07,experiments/confirmation/results/lowrank_noiseless_820002.json
lowrank_noiseless,820002,4,learned_probe,4.813509552043465e-07,7.131510319956237e-07,2835164,5.069638799821784e-10,2.7078316811105396e-07,experiments/confirmation/results/lowrank_noiseless_820002.json
lowrank_noiseless,820002,4,random_matched138,4.813509552043465e-07,7.463954757282533e-07,1999956,5.6072624062860824e-08,2.7078316811105396e-07,experiments/confirmation/results/lowrank_noiseless_820002.json
lowrank_noiseless,820002,5,historical_moment,7.463954757282533e-07,5.936330725366814e-06,2976414,8.687374753698665e-10,2.2929966737387834e-07,experiments/confirmation/results/lowrank_noiseless_820002.json
lowrank_noiseless,820002,5,reservoir_residual,7.463954757282533e-07,2.9849127067189316e-06,2049048,1.669849373058049e-07,2.2929966737387834e-07,experiments/confirmation/results/lowrank_noiseless_820002.json
lowrank_noiseless,820002,5,fresh_residual,7.463954757282533e-07,0.00012919816517831465,2253714,1.6803701606151234e-07,2.2929966737387834e-07,experiments/confirmation/results/lowrank_noiseless_820002.json
lowrank_noiseless,820002,5,learned_probe,7.463954757282533e-07,5.430773220548367e-06,2867474,1.1372303376980085e-08,2.2929966737387834e-07,experiments/confirmation/results/lowrank_noiseless_820002.json
lowrank_noiseless,820002,5,random_matched138,7.463954757282533e-07,1.692735600393286e-06,1999890,4.2617271413801673e-10,2.2929966737387834e-07,experiments/confirmation/results/lowrank_noiseless_820002.json
lowrank_noiseless,820002,6,historical_moment,1.692735600393286e-06,8.936350196893325e-05,3136385,4.070633136715856e-08,1.1178887087523218e-06,experiments/confirmation/results/lowrank_noiseless_820002.json
lowrank_noiseless,820002,6,reservoir_residual,1.692735600393286e-06,9.32432844846288e-06,2051189,6.750271502916875e-07,1.1178887087523218e-06,experiments/confirmation/results/lowrank_noiseless_820002.json
lowrank_noiseless,820002,6,fresh_residual,1.692735600393286e-06,3.2914189244378005e-05,2269145,1.0873254392622842e-06,1.1178887087523218e-06,experiments/confirmation/results/lowrank_noiseless_820002.json
lowrank_noiseless,820002,6,learned_probe,1.692735600393286e-06,5.998952233705072e-06,2899921,2.12485753398452e-08,1.1178887087523218e-06,experiments/confirmation/results/lowrank_noiseless_820002.json
lowrank_noiseless,820002,6,random_matched138,1.692735600393286e-06,4.075736371501071e-06,1999961,1.0841864333565775e-09,1.1178887087523218e-06,experiments/confirmation/results/lowrank_noiseless_820002.json
lowrank_noiseless,820003,1,historical_moment,0.4060649848868985,4.9719206696674716e-08,2336892,0.36032300326821126,0.4050097077375813,experiments/confirmation/results/lowrank_noiseless_820003.json
lowrank_noiseless,820003,1,reservoir_residual,0.4060649848868985,3.065798106859513e-08,2040846,0.2218146773915202,0.4050097077375813,experiments/confirmation/results/lowrank_noiseless_820003.json
lowrank_noiseless,820003,1,fresh_residual,0.4060649848868985,4.02044565396919e-08,2192352,0.3714875000266949,0.4050097077375813,experiments/confirmation/results/lowrank_noiseless_820003.json
lowrank_noiseless,820003,1,learned_probe,0.4060649848868985,3.9178909186919035e-07,2738048,2.2448232149008668e-05,0.4050097077375813,experiments/confirmation/results/lowrank_noiseless_820003.json
lowrank_noiseless,820003,1,random_matched138,0.4060649848868985,2.9087862778746705e-05,1999968,0.0029447865904241102,0.4050097077375813,experiments/confirmation/results/lowrank_noiseless_820003.json
lowrank_noiseless,820003,2,historical_moment,2.9087862778746705e-05,2.56479288285286e-07,2496804,3.897320338386086e-06,2.6171893629207356e-05,experiments/confirmation/results/lowrank_noiseless_820003.json
lowrank_noiseless,820003,2,reservoir_residual,2.9087862778746705e-05,1.9698628058501124e-07,2042928,1.4904884636436126e-05,2.6171893629207356e-05,experiments/confirmation/results/lowrank_noiseless_820003.json
lowrank_noiseless,820003,2,fresh_residual,2.9087862778746705e-05,2.8049437609798677e-07,2207724,2.4082036001062416e-05,2.6171893629207356e-05,experiments/confirmation/results/lowrank_noiseless_820003.json
lowrank_noiseless,820003,2,learned_probe,2.9087862778746705e-05,2.17040828939036e-08,2770436,7.179783953609465e-08,2.6171893629207356e-05,experiments/confirmation/results/lowrank_noiseless_820003.json
lowrank_noiseless,820003,2,random_matched138,2.9087862778746705e-05,6.624151623584634e-09,1999980,6.176338410060961e-09,2.6171893629207356e-05,experiments/confirmation/results/lowrank_noiseless_820003.json
lowrank_noiseless,820003,3,historical_moment,6.624151623584634e-09,1.2409898662640682e-05,2656571,1.1341213388129385e-10,4.370782335201322e-09,experiments/confirmation/results/lowrank_noiseless_820003.json
lowrank_noiseless,820003,3,reservoir_residual,6.624151623584634e-09,4.444800845189375e-07,2044865,2.942177596987071e-09,4.370782335201322e-09,experiments/confirmation/results/lowrank_noiseless_820003.json
lowrank_noiseless,820003,3,fresh_residual,6.624151623584634e-09,1.4234679223419213e-06,2222951,4.169314730612803e-09,4.370782335201322e-09,experiments/confirmation/results/lowrank_noiseless_820003.json
lowrank_noiseless,820003,3,learned_probe,6.624151623584634e-09,2.591732219359817e-07,2802679,4.490737172071241e-11,4.370782335201322e-09,experiments/confirmation/results/lowrank_noiseless_820003.json
lowrank_noiseless,820003,3,random_matched138,6.624151623584634e-09,9.635058227452807e-07,1999847,3.5623836106276e-11,4.370782335201322e-09,experiments/confirmation/results/lowrank_noiseless_820003.json
lowrank_noiseless,820003,4,historical_moment,9.635058227452807e-07,4.766069559604986e-05,2816580,3.136410539502201e-08,7.094698067143956e-07,experiments/confirmation/results/lowrank_noiseless_820003.json
lowrank_noiseless,820003,4,reservoir_residual,9.635058227452807e-07,0.00024023682816127676,2047044,6.318322003171516e-07,7.094698067143956e-07,experiments/confirmation/results/lowrank_noiseless_820003.json
lowrank_noiseless,820003,4,fresh_residual,9.635058227452807e-07,0.00044552509166452797,2238420,6.565000237194371e-07,7.094698067143956e-07,experiments/confirmation/results/lowrank_noiseless_820003.json
lowrank_noiseless,820003,4,learned_probe,9.635058227452807e-07,4.6528214707425435e-05,2835164,1.2842950565519461e-09,7.094698067143956e-07,experiments/confirmation/results/lowrank_noiseless_820003.json
lowrank_noiseless,820003,4,random_matched138,9.635058227452807e-07,8.455201284001503e-06,1999956,1.1691589073996786e-09,7.094698067143956e-07,experiments/confirmation/results/lowrank_noiseless_820003.json
lowrank_noiseless,820003,5,historical_moment,8.455201284001503e-06,2.072366847774347e-05,2976414,7.666656377915449e-09,7.0726760771066995e-06,experiments/confirmation/results/lowrank_noiseless_820003.json
lowrank_noiseless,820003,5,reservoir_residual,8.455201284001503e-06,1.793139626511981e-05,2049048,4.653531379934365e-06,7.0726760771066995e-06,experiments/confirmation/results/lowrank_noiseless_820003.json
lowrank_noiseless,820003,5,fresh_residual,8.455201284001503e-06,5.269196219672665e-06,2253714,6.623113558790054e-06,7.0726760771066995e-06,experiments/confirmation/results/lowrank_noiseless_820003.json
lowrank_noiseless,820003,5,learned_probe,8.455201284001503e-06,8.438743775701301e-07,2867474,3.128258200582242e-07,7.0726760771066995e-06,experiments/confirmation/results/lowrank_noiseless_820003.json
lowrank_noiseless,820003,5,random_matched138,8.455201284001503e-06,6.854471534053996e-07,1999890,1.3625248111893808e-08,7.0726760771066995e-06,experiments/confirmation/results/lowrank_noiseless_820003.json
lowrank_noiseless,820003,6,historical_moment,6.854471534053996e-07,7.993370200190888e-05,3136385,6.171898244270341e-08,4.042959316473225e-07,experiments/confirmation/results/lowrank_noiseless_820003.json
lowrank_noiseless,820003,6,reservoir_residual,6.854471534053996e-07,2.941368042322766e-05,2051189,3.190431920062855e-07,4.042959316473225e-07,experiments/confirmation/results/lowrank_noiseless_820003.json
lowrank_noiseless,820003,6,fresh_residual,6.854471534053996e-07,3.0391981726092842e-05,2269145,3.5416842402956743e-07,4.042959316473225e-07,experiments/confirmation/results/lowrank_noiseless_820003.json
lowrank_noiseless,820003,6,learned_probe,6.854471534053996e-07,3.2645292900182934e-06,2899921,9.578641136347827e-10,4.042959316473225e-07,experiments/confirmation/results/lowrank_noiseless_820003.json
lowrank_noiseless,820003,6,random_matched138,6.854471534053996e-07,1.2369506325721862e-05,1999961,1.3614201477387948e-09,4.042959316473225e-07,experiments/confirmation/results/lowrank_noiseless_820003.json
lowrank_noiseless,820004,1,historical_moment,0.4138227476404944,1.5560976303845933e-09,2336892,0.39405721137437594,0.4069919201408756,experiments/confirmation/results/lowrank_noiseless_820004.json
lowrank_noiseless,820004,1,reservoir_residual,0.4138227476404944,7.807374199370211e-10,2040846,0.3404567277206802,0.4069919201408756,experiments/confirmation/results/lowrank_noiseless_820004.json
lowrank_noiseless,820004,1,fresh_residual,0.4138227476404944,5.4061790028801235e-09,2192352,0.40061237607016076,0.4069919201408756,experiments/confirmation/results/lowrank_noiseless_820004.json
lowrank_noiseless,820004,1,learned_probe,0.4138227476404944,3.438820559657326e-08,2738048,0.1161689380737902,0.4069919201408756,experiments/confirmation/results/lowrank_noiseless_820004.json
lowrank_noiseless,820004,1,random_matched138,0.4138227476404944,2.2871591806513945e-08,1999968,0.006535736559116213,0.4069919201408756,experiments/confirmation/results/lowrank_noiseless_820004.json
lowrank_noiseless,820004,2,historical_moment,2.2871591806513945e-08,1.7936796771881264e-08,2496804,2.1151711914442688e-10,1.1158466754869469e-08,experiments/confirmation/results/lowrank_noiseless_820004.json
lowrank_noiseless,820004,2,reservoir_residual,2.2871591806513945e-08,1.4365117321970704e-08,2042928,5.4557374114943695e-09,1.1158466754869469e-08,experiments/confirmation/results/lowrank_noiseless_820004.json
lowrank_noiseless,820004,2,fresh_residual,2.2871591806513945e-08,9.518194172561822e-09,2207724,1.0291412899611518e-08,1.1158466754869469e-08,experiments/confirmation/results/lowrank_noiseless_820004.json
lowrank_noiseless,820004,2,learned_probe,2.2871591806513945e-08,2.8078760415630225e-08,2770436,3.0072711545432273e-13,1.1158466754869469e-08,experiments/confirmation/results/lowrank_noiseless_820004.json
lowrank_noiseless,820004,2,random_matched138,2.2871591806513945e-08,1.3543219354068742e-09,1999980,1.9875752887496542e-12,1.1158466754869469e-08,experiments/confirmation/results/lowrank_noiseless_820004.json
lowrank_noiseless,820004,3,historical_moment,1.3543219354068742e-09,0.00010329571969608152,2656571,3.1329403674725263e-15,1.1846819790077814e-09,experiments/confirmation/results/lowrank_noiseless_820004.json
lowrank_noiseless,820004,3,reservoir_residual,1.3543219354068742e-09,0.0006103143254731963,2044865,1.0029788074935733e-09,1.1846819790077814e-09,experiments/confirmation/results/lowrank_noiseless_820004.json
lowrank_noiseless,820004,3,fresh_residual,1.3543219354068742e-09,2.0591767701953298e-05,2222951,1.051850667815805e-09,1.1846819790077814e-09,experiments/confirmation/results/lowrank_noiseless_820004.json
lowrank_noiseless,820004,3,learned_probe,1.3543219354068742e-09,9.233203046507119e-05,2802679,1.9194414598953822e-10,1.1846819790077814e-09,experiments/confirmation/results/lowrank_noiseless_820004.json
lowrank_noiseless,820004,3,random_matched138,1.3543219354068742e-09,7.235472255855924e-05,1999847,1.0262151397972963e-11,1.1846819790077814e-09,experiments/confirmation/results/lowrank_noiseless_820004.json
lowrank_noiseless,820004,4,historical_moment,7.235472255855924e-05,3.477471131356266e-06,2816580,1.920612711332532e-08,3.241878711499039e-05,experiments/confirmation/results/lowrank_noiseless_820004.json
lowrank_noiseless,820004,4,reservoir_residual,7.235472255855924e-05,1.981883183815735e-06,2047044,2.248775877328664e-05,3.241878711499039e-05,experiments/confirmation/results/lowrank_noiseless_820004.json
lowrank_noiseless,820004,4,fresh_residual,7.235472255855924e-05,1.6824326651403102e-06,2238420,2.8472005373101555e-05,3.241878711499039e-05,experiments/confirmation/results/lowrank_noiseless_820004.json
lowrank_noiseless,820004,4,learned_probe,7.235472255855924e-05,7.312923053455967e-06,2835164,4.2053163023001135e-08,3.241878711499039e-05,experiments/confirmation/results/lowrank_noiseless_820004.json
lowrank_noiseless,820004,4,random_matched138,7.235472255855924e-05,1.0989379236310582e-06,1999956,3.7285573751036484e-07,3.241878711499039e-05,experiments/confirmation/results/lowrank_noiseless_820004.json
lowrank_noiseless,820004,5,historical_moment,1.0989379236310582e-06,2.2038606560999417e-05,2976414,2.654139116297984e-08,7.851413714564281e-07,experiments/confirmation/results/lowrank_noiseless_820004.json
lowrank_noiseless,820004,5,reservoir_residual,1.0989379236310582e-06,1.2963960108773058e-06,2049048,4.6485313414906374e-07,7.851413714564281e-07,experiments/confirmation/results/lowrank_noiseless_820004.json
lowrank_noiseless,820004,5,fresh_residual,1.0989379236310582e-06,3.9590654119026186e-06,2253714,7.404312555695111e-07,7.851413714564281e-07,experiments/confirmation/results/lowrank_noiseless_820004.json
lowrank_noiseless,820004,5,learned_probe,1.0989379236310582e-06,2.010367392114484e-06,2867474,5.4581618381917505e-09,7.851413714564281e-07,experiments/confirmation/results/lowrank_noiseless_820004.json
lowrank_noiseless,820004,5,random_matched138,1.0989379236310582e-06,1.0908991603002348e-06,1999890,5.162103400951621e-08,7.851413714564281e-07,experiments/confirmation/results/lowrank_noiseless_820004.json
lowrank_noiseless,820004,6,historical_moment,1.0908991603002348e-06,2.5004071195709545e-05,3136385,1.3375860373658904e-09,7.285863999159727e-07,experiments/confirmation/results/lowrank_noiseless_820004.json
lowrank_noiseless,820004,6,reservoir_residual,1.0908991603002348e-06,5.942922552085111e-06,2051189,5.122911577740215e-07,7.285863999159727e-07,experiments/confirmation/results/lowrank_noiseless_820004.json
lowrank_noiseless,820004,6,fresh_residual,1.0908991603002348e-06,1.4691090697781636e-05,2269145,6.802329156378346e-07,7.285863999159727e-07,experiments/confirmation/results/lowrank_noiseless_820004.json
lowrank_noiseless,820004,6,learned_probe,1.0908991603002348e-06,4.834803884757942e-06,2899921,4.0956816415623386e-09,7.285863999159727e-07,experiments/confirmation/results/lowrank_noiseless_820004.json
lowrank_noiseless,820004,6,random_matched138,1.0908991603002348e-06,2.7863153227404984e-06,1999961,1.6162273375962833e-07,7.285863999159727e-07,experiments/confirmation/results/lowrank_noiseless_820004.json
lowrank_noiseless,820005,1,historical_moment,0.4258555073796809,2.8179264438901612e-09,2336892,0.3949333420327073,0.41977320807259716,experiments/confirmation/results/lowrank_noiseless_820005.json
lowrank_noiseless,820005,1,reservoir_residual,0.4258555073796809,4.332778208155915e-09,2040846,0.3760753271633981,0.41977320807259716,experiments/confirmation/results/lowrank_noiseless_820005.json
lowrank_noiseless,820005,1,fresh_residual,0.4258555073796809,9.22460241233158e-09,2192352,0.4086715124207173,0.41977320807259716,experiments/confirmation/results/lowrank_noiseless_820005.json
lowrank_noiseless,820005,1,learned_probe,0.4258555073796809,8.310056860767518e-09,2738048,0.023365744730828766,0.41977320807259716,experiments/confirmation/results/lowrank_noiseless_820005.json
lowrank_noiseless,820005,1,random_matched138,0.4258555073796809,2.4478485323554388e-08,1999968,6.812707580873026e-05,0.41977320807259716,experiments/confirmation/results/lowrank_noiseless_820005.json
lowrank_noiseless,820005,2,historical_moment,2.4478485323554388e-08,3.4883003991129307e-07,2496804,5.2659496553352085e-09,1.2704092017332245e-08,experiments/confirmation/results/lowrank_noiseless_820005.json
lowrank_noiseless,820005,2,reservoir_residual,2.4478485323554388e-08,2.1719471695786439e-07,2042928,7.601164485247428e-09,1.2704092017332245e-08,experiments/confirmation/results/lowrank_noiseless_820005.json
lowrank_noiseless,820005,2,fresh_residual,2.4478485323554388e-08,1.354989328732322e-07,2207724,1.2094532548142128e-08,1.2704092017332245e-08,experiments/confirmation/results/lowrank_noiseless_820005.json
lowrank_noiseless,820005,2,learned_probe,2.4478485323554388e-08,8.586190318571151e-08,2770436,1.4700800638202102e-09,1.2704092017332245e-08,experiments/confirmation/results/lowrank_noiseless_820005.json
lowrank_noiseless,820005,2,random_matched138,2.4478485323554388e-08,6.371118933876502e-08,1999980,6.849952303363715e-12,1.2704092017332245e-08,experiments/confirmation/results/lowrank_noiseless_820005.json
lowrank_noiseless,820005,3,historical_moment,6.371118933876502e-08,3.5374228894839963e-07,2656571,3.815885934203978e-09,5.044170668534208e-08,experiments/confirmation/results/lowrank_noiseless_820005.json
lowrank_noiseless,820005,3,reservoir_residual,6.371118933876502e-08,1.5339529640910577e-05,2044865,3.131331208371713e-08,5.044170668534208e-08,experiments/confirmation/results/lowrank_noiseless_820005.json
lowrank_noiseless,820005,3,fresh_residual,6.371118933876502e-08,5.449243420954365e-07,2222951,4.700911827799664e-08,5.044170668534208e-08,experiments/confirmation/results/lowrank_noiseless_820005.json
lowrank_noiseless,820005,3,learned_probe,6.371118933876502e-08,8.664371596348024e-07,2802679,1.0673931990179076e-09,5.044170668534208e-08,experiments/confirmation/results/lowrank_noiseless_820005.json
lowrank_noiseless,820005,3,random_matched138,6.371118933876502e-08,1.491443818318506e-06,1999847,5.978698900818006e-10,5.044170668534208e-08,experiments/confirmation/results/lowrank_noiseless_820005.json
lowrank_noiseless,820005,4,historical_moment,1.491443818318506e-06,8.005680198876093e-07,2816580,1.607244337692181e-07,1.1245475933576935e-06,experiments/confirmation/results/lowrank_noiseless_820005.json
lowrank_noiseless,820005,4,reservoir_residual,1.491443818318506e-06,4.064822231277102e-06,2047044,6.271551175804954e-07,1.1245475933576935e-06,experiments/confirmation/results/lowrank_noiseless_820005.json
lowrank_noiseless,820005,4,fresh_residual,1.491443818318506e-06,4.871364331635151e-06,2238420,1.0601546034410649e-06,1.1245475933576935e-06,experiments/confirmation/results/lowrank_noiseless_820005.json
lowrank_noiseless,820005,4,learned_probe,1.491443818318506e-06,1.6413553844698674e-06,2835164,3.147190390580265e-09,1.1245475933576935e-06,experiments/confirmation/results/lowrank_noiseless_820005.json
lowrank_noiseless,820005,4,random_matched138,1.491443818318506e-06,6.005529030826116e-06,1999956,1.186262323132591e-08,1.1245475933576935e-06,experiments/confirmation/results/lowrank_noiseless_820005.json
lowrank_noiseless,820005,5,historical_moment,6.005529030826116e-06,1.0872870836781408e-05,2976414,2.90064917817959e-07,4.6637651136472874e-06,experiments/confirmation/results/lowrank_noiseless_820005.json
lowrank_noiseless,820005,5,reservoir_residual,6.005529030826116e-06,1.4925759077517352e-05,2049048,1.9069250004093318e-06,4.6637651136472874e-06,experiments/confirmation/results/lowrank_noiseless_820005.json
lowrank_noiseless,820005,5,fresh_residual,6.005529030826116e-06,7.166428907937447e-06,2253714,4.285171818582477e-06,4.6637651136472874e-06,experiments/confirmation/results/lowrank_noiseless_820005.json
lowrank_noiseless,820005,5,learned_probe,6.005529030826116e-06,4.438511040041402e-06,2867474,2.043261793474553e-08,4.6637651136472874e-06,experiments/confirmation/results/lowrank_noiseless_820005.json
lowrank_noiseless,820005,5,random_matched138,6.005529030826116e-06,1.7732685485553474e-05,1999890,1.2248668467604457e-07,4.6637651136472874e-06,experiments/confirmation/results/lowrank_noiseless_820005.json
lowrank_noiseless,820005,6,historical_moment,1.7732685485553474e-05,3.212031936643382e-05,3136385,1.2467850144214924e-06,1.0834051062337269e-05,experiments/confirmation/results/lowrank_noiseless_820005.json
lowrank_noiseless,820005,6,reservoir_residual,1.7732685485553474e-05,1.2363996222099247e-05,2051189,8.22353958924049e-06,1.0834051062337269e-05,experiments/confirmation/results/lowrank_noiseless_820005.json
lowrank_noiseless,820005,6,fresh_residual,1.7732685485553474e-05,3.47942159239154e-05,2269145,1.064184758805647e-05,1.0834051062337269e-05,experiments/confirmation/results/lowrank_noiseless_820005.json
lowrank_noiseless,820005,6,learned_probe,1.7732685485553474e-05,2.1085153806986043e-05,2899921,3.6901841341059617e-07,1.0834051062337269e-05,experiments/confirmation/results/lowrank_noiseless_820005.json
lowrank_noiseless,820005,6,random_matched138,1.7732685485553474e-05,6.651340126975822e-05,1999961,4.2835884706105017e-07,1.0834051062337269e-05,experiments/confirmation/results/lowrank_noiseless_820005.json
lowrank_noiseless,820006,1,historical_moment,0.42171676924458523,1.563253499890183e-07,2336892,0.40080285343791233,0.4145351071587687,experiments/confirmation/results/lowrank_noiseless_820006.json
lowrank_noiseless,820006,1,reservoir_residual,0.42171676924458523,1.0227743534326411e-07,2040846,0.3029180243417487,0.4145351071587687,experiments/confirmation/results/lowrank_noiseless_820006.json
lowrank_noiseless,820006,1,fresh_residual,0.42171676924458523,1.8649244259834446e-07,2192352,0.3960131404114923,0.4145351071587687,experiments/confirmation/results/lowrank_noiseless_820006.json
lowrank_noiseless,820006,1,learned_probe,0.42171676924458523,6.999777130169706e-07,2738048,0.00014687802692002589,0.4145351071587687,experiments/confirmation/results/lowrank_noiseless_820006.json
lowrank_noiseless,820006,1,random_matched138,0.42171676924458523,1.2140809880030326e-06,1999968,0.005945121376406274,0.4145351071587687,experiments/confirmation/results/lowrank_noiseless_820006.json
lowrank_noiseless,820006,2,historical_moment,1.2140809880030326e-06,1.3485420307240517e-08,2496804,5.6451114375618716e-08,1.0730749808091016e-06,experiments/confirmation/results/lowrank_noiseless_820006.json
lowrank_noiseless,820006,2,reservoir_residual,1.2140809880030326e-06,2.7255499295989786e-09,2042928,7.110473146922932e-07,1.0730749808091016e-06,experiments/confirmation/results/lowrank_noiseless_820006.json
lowrank_noiseless,820006,2,fresh_residual,1.2140809880030326e-06,1.3197355291988953e-06,2207724,1.0166129803939415e-06,1.0730749808091016e-06,experiments/confirmation/results/lowrank_noiseless_820006.json
lowrank_noiseless,820006,2,learned_probe,1.2140809880030326e-06,2.4535066400422973e-08,2770436,4.6130646439060095e-08,1.0730749808091016e-06,experiments/confirmation/results/lowrank_noiseless_820006.json
lowrank_noiseless,820006,2,random_matched138,1.2140809880030326e-06,1.5594559003257434e-08,1999980,4.215376557312289e-08,1.0730749808091016e-06,experiments/confirmation/results/lowrank_noiseless_820006.json
lowrank_noiseless,820006,3,historical_moment,1.5594559003257434e-08,4.147298135383244e-07,2656571,3.937730915590611e-11,7.298026869469182e-09,experiments/confirmation/results/lowrank_noiseless_820006.json
lowrank_noiseless,820006,3,reservoir_residual,1.5594559003257434e-08,7.60528008606935e-08,2044865,6.63261654348751e-09,7.298026869469182e-09,experiments/confirmation/results/lowrank_noiseless_820006.json
lowrank_noiseless,820006,3,fresh_residual,1.5594559003257434e-08,5.92878053786279e-07,2222951,6.508979193523724e-09,7.298026869469182e-09,experiments/confirmation/results/lowrank_noiseless_820006.json
lowrank_noiseless,820006,3,learned_probe,1.5594559003257434e-08,1.4838725993614092e-07,2802679,6.437993368733588e-11,7.298026869469182e-09,experiments/confirmation/results/lowrank_noiseless_820006.json
lowrank_noiseless,820006,3,random_matched138,1.5594559003257434e-08,1.451013360318854e-07,1999847,1.359825374302105e-12,7.298026869469182e-09,experiments/confirmation/results/lowrank_noiseless_820006.json
lowrank_noiseless,820006,4,historical_moment,1.451013360318854e-07,2.4862218255108946e-06,2816580,1.135459579294964e-09,7.741562976263273e-08,experiments/confirmation/results/lowrank_noiseless_820006.json
lowrank_noiseless,820006,4,reservoir_residual,1.451013360318854e-07,2.547196044167901e-06,2047044,3.010042620812678e-08,7.741562976263273e-08,experiments/confirmation/results/lowrank_noiseless_820006.json
lowrank_noiseless,820006,4,fresh_residual,1.451013360318854e-07,3.909736965523766e-06,2238420,5.713050343517876e-08,7.741562976263273e-08,experiments/confirmation/results/lowrank_noiseless_820006.json
lowrank_noiseless,820006,4,learned_probe,1.451013360318854e-07,1.6501137365180976e-06,2835164,7.014855569257814e-11,7.741562976263273e-08,experiments/confirmation/results/lowrank_noiseless_820006.json
lowrank_noiseless,820006,4,random_matched138,1.451013360318854e-07,4.305821682630275e-06,1999956,1.2365445210085944e-09,7.741562976263273e-08,experiments/confirmation/results/lowrank_noiseless_820006.json
lowrank_noiseless,820006,5,historical_moment,4.305821682630275e-06,2.919760422835279e-05,2976414,9.077792524327775e-08,2.9286956140033542e-06,experiments/confirmation/results/lowrank_noiseless_820006.json
lowrank_noiseless,820006,5,reservoir_residual,4.305821682630275e-06,2.0149466925396256e-05,2049048,5.498330447331265e-07,2.9286956140033542e-06,experiments/confirmation/results/lowrank_noiseless_820006.json
lowrank_noiseless,820006,5,fresh_residual,4.305821682630275e-06,5.6638090707903046e-06,2253714,2.761191230643701e-06,2.9286956140033542e-06,experiments/confirmation/results/lowrank_noiseless_820006.json
lowrank_noiseless,820006,5,learned_probe,4.305821682630275e-06,1.9873722676314503e-05,2867474,2.2592052839509654e-07,2.9286956140033542e-06,experiments/confirmation/results/lowrank_noiseless_820006.json
lowrank_noiseless,820006,5,random_matched138,4.305821682630275e-06,1.901508090883703e-06,1999890,2.6054699495550267e-08,2.9286956140033542e-06,experiments/confirmation/results/lowrank_noiseless_820006.json
lowrank_noiseless,820006,6,historical_moment,1.901508090883703e-06,9.254300200304151e-06,3136385,3.908557616667785e-09,7.996585285129597e-07,experiments/confirmation/results/lowrank_noiseless_820006.json
lowrank_noiseless,820006,6,reservoir_residual,1.901508090883703e-06,4.234543473912198e-05,2051189,2.1632231508502215e-07,7.996585285129597e-07,experiments/confirmation/results/lowrank_noiseless_820006.json
lowrank_noiseless,820006,6,fresh_residual,1.901508090883703e-06,0.00012259373405858692,2269145,7.241656101891872e-07,7.996585285129597e-07,experiments/confirmation/results/lowrank_noiseless_820006.json
lowrank_noiseless,820006,6,learned_probe,1.901508090883703e-06,8.670711884743372e-06,2899921,8.740183925805676e-11,7.996585285129597e-07,experiments/confirmation/results/lowrank_noiseless_820006.json
lowrank_noiseless,820006,6,random_matched138,1.901508090883703e-06,6.565829019671272e-06,1999961,6.58609134318176e-10,7.996585285129597e-07,experiments/confirmation/results/lowrank_noiseless_820006.json
lowrank_noiseless,820007,1,historical_moment,0.4126760036358876,7.910526996139431e-08,2336892,0.38838479140426213,0.40501662706240804,experiments/confirmation/results/lowrank_noiseless_820007.json
lowrank_noiseless,820007,1,reservoir_residual,0.4126760036358876,4.554616342424824e-09,2040846,0.32295151866171207,0.40501662706240804,experiments/confirmation/results/lowrank_noiseless_820007.json
lowrank_noiseless,820007,1,fresh_residual,0.4126760036358876,7.088349364970894e-07,2192352,0.3841990865294455,0.40501662706240804,experiments/confirmation/results/lowrank_noiseless_820007.json
lowrank_noiseless,820007,1,learned_probe,0.4126760036358876,1.0048973809071679e-07,2738048,0.03844425928833781,0.40501662706240804,experiments/confirmation/results/lowrank_noiseless_820007.json
lowrank_noiseless,820007,1,random_matched138,0.4126760036358876,4.2222007348996105e-07,1999968,1.2808433578601238e-05,0.40501662706240804,experiments/confirmation/results/lowrank_noiseless_820007.json
lowrank_noiseless,820007,2,historical_moment,4.2222007348996105e-07,4.690702545221073e-09,2496804,5.290164473490252e-08,3.7164476102178973e-07,experiments/confirmation/results/lowrank_noiseless_820007.json
lowrank_noiseless,820007,2,reservoir_residual,4.2222007348996105e-07,1.6063821572677057e-08,2042928,2.441970429020901e-07,3.7164476102178973e-07,experiments/confirmation/results/lowrank_noiseless_820007.json
lowrank_noiseless,820007,2,fresh_residual,4.2222007348996105e-07,5.7762613388887515e-08,2207724,3.496946917557425e-07,3.7164476102178973e-07,experiments/confirmation/results/lowrank_noiseless_820007.json
lowrank_noiseless,820007,2,learned_probe,4.2222007348996105e-07,1.069627701969486e-08,2770436,9.599287887720808e-09,3.7164476102178973e-07,experiments/confirmation/results/lowrank_noiseless_820007.json
lowrank_noiseless,820007,2,random_matched138,4.2222007348996105e-07,5.786545992372799e-09,1999980,6.401193358077239e-11,3.7164476102178973e-07,experiments/confirmation/results/lowrank_noiseless_820007.json
lowrank_noiseless,820007,3,historical_moment,5.786545992372799e-09,2.787242653561933e-07,2656571,2.4655995345556046e-10,3.484072028448108e-09,experiments/confirmation/results/lowrank_noiseless_820007.json
lowrank_noiseless,820007,3,reservoir_residual,5.786545992372799e-09,3.955864278610118e-07,2044865,6.516290556997374e-10,3.484072028448108e-09,experiments/confirmation/results/lowrank_noiseless_820007.json
lowrank_noiseless,820007,3,fresh_residual,5.786545992372799e-09,1.1682724551052115e-07,2222951,3.202922865950242e-09,3.484072028448108e-09,experiments/confirmation/results/lowrank_noiseless_820007.json
lowrank_noiseless,820007,3,learned_probe,5.786545992372799e-09,5.867160751483924e-07,2802679,6.927547556833594e-11,3.484072028448108e-09,experiments/confirmation/results/lowrank_noiseless_820007.json
lowrank_noiseless,820007,3,random_matched138,5.786545992372799e-09,2.9666691807844257e-07,1999847,6.567349507480515e-11,3.484072028448108e-09,experiments/confirmation/results/lowrank_noiseless_820007.json
lowrank_noiseless,820007,4,historical_moment,2.9666691807844257e-07,2.2919338515527362e-05,2816580,1.6995568047962294e-09,1.4806430711735189e-07,experiments/confirmation/results/lowrank_noiseless_820007.json
lowrank_noiseless,820007,4,reservoir_residual,2.9666691807844257e-07,1.0881094774746766e-06,2047044,5.986653023160633e-08,1.4806430711735189e-07,experiments/confirmation/results/lowrank_noiseless_820007.json
lowrank_noiseless,820007,4,fresh_residual,2.9666691807844257e-07,7.973611214862444e-06,2238420,1.1345160776126098e-07,1.4806430711735189e-07,experiments/confirmation/results/lowrank_noiseless_820007.json
lowrank_noiseless,820007,4,learned_probe,2.9666691807844257e-07,2.691856252448801e-06,2835164,1.4869246608503534e-09,1.4806430711735189e-07,experiments/confirmation/results/lowrank_noiseless_820007.json
lowrank_noiseless,820007,4,random_matched138,2.9666691807844257e-07,2.0984768520996545e-06,1999956,1.8636453821122627e-09,1.4806430711735189e-07,experiments/confirmation/results/lowrank_noiseless_820007.json
lowrank_noiseless,820007,5,historical_moment,2.0984768520996545e-06,2.635536932745143e-06,2976414,1.0781139102132164e-08,1.1017670620705864e-06,experiments/confirmation/results/lowrank_noiseless_820007.json
lowrank_noiseless,820007,5,reservoir_residual,2.0984768520996545e-06,1.0742970063674052e-06,2049048,7.549200509472552e-07,1.1017670620705864e-06,experiments/confirmation/results/lowrank_noiseless_820007.json
lowrank_noiseless,820007,5,fresh_residual,2.0984768520996545e-06,1.2944478588917406e-06,2253714,1.0665866734514825e-06,1.1017670620705864e-06,experiments/confirmation/results/lowrank_noiseless_820007.json
lowrank_noiseless,820007,5,learned_probe,2.0984768520996545e-06,1.6761425647105098e-06,2867474,4.752417425313171e-08,1.1017670620705864e-06,experiments/confirmation/results/lowrank_noiseless_820007.json
lowrank_noiseless,820007,5,random_matched138,2.0984768520996545e-06,4.297785644771319e-06,1999890,7.46773143749639e-09,1.1017670620705864e-06,experiments/confirmation/results/lowrank_noiseless_820007.json
lowrank_noiseless,820007,6,historical_moment,4.297785644771319e-06,5.2563522100685074e-06,3136385,1.0503091897184665e-08,2.9560823072259166e-06,experiments/confirmation/results/lowrank_noiseless_820007.json
lowrank_noiseless,820007,6,reservoir_residual,4.297785644771319e-06,4.657668378120523e-06,2051189,1.7208295242520874e-06,2.9560823072259166e-06,experiments/confirmation/results/lowrank_noiseless_820007.json
lowrank_noiseless,820007,6,fresh_residual,4.297785644771319e-06,9.12226859691441e-06,2269145,2.6970161895190825e-06,2.9560823072259166e-06,experiments/confirmation/results/lowrank_noiseless_820007.json
lowrank_noiseless,820007,6,learned_probe,4.297785644771319e-06,1.1998105861528e-05,2899921,6.233455429190997e-10,2.9560823072259166e-06,experiments/confirmation/results/lowrank_noiseless_820007.json
lowrank_noiseless,820007,6,random_matched138,4.297785644771319e-06,1.1082503402596961e-05,1999961,5.723136815429322e-08,2.9560823072259166e-06,experiments/confirmation/results/lowrank_noiseless_820007.json
lowrank_noiseless,820008,1,historical_moment,0.4122848794743866,2.521855585307918e-08,2336892,0.371336606502423,0.40501391259579733,experiments/confirmation/results/lowrank_noiseless_820008.json
lowrank_noiseless,820008,1,reservoir_residual,0.4122848794743866,2.5184463247655845e-07,2040846,0.2599934357142553,0.40501391259579733,experiments/confirmation/results/lowrank_noiseless_820008.json
lowrank_noiseless,820008,1,fresh_residual,0.4122848794743866,7.04717938549044e-07,2192352,0.39406725423653455,0.40501391259579733,experiments/confirmation/results/lowrank_noiseless_820008.json
lowrank_noiseless,820008,1,learned_probe,0.4122848794743866,8.134151447198481e-09,2738048,0.03011167557581035,0.40501391259579733,experiments/confirmation/results/lowrank_noiseless_820008.json
lowrank_noiseless,820008,1,random_matched138,0.4122848794743866,1.6415648211534e-06,1999968,7.839936894064598e-05,0.40501391259579733,experiments/confirmation/results/lowrank_noiseless_820008.json
lowrank_noiseless,820008,2,historical_moment,1.6415648211534e-06,9.026996912035653e-08,2496804,8.054357033746565e-07,1.4864090370592456e-06,experiments/confirmation/results/lowrank_noiseless_820008.json
lowrank_noiseless,820008,2,reservoir_residual,1.6415648211534e-06,7.313472175320526e-08,2042928,1.0882060296442966e-06,1.4864090370592456e-06,experiments/confirmation/results/lowrank_noiseless_820008.json
lowrank_noiseless,820008,2,fresh_residual,1.6415648211534e-06,3.3702633081247667e-07,2207724,1.4436288048331417e-06,1.4864090370592456e-06,experiments/confirmation/results/lowrank_noiseless_820008.json
lowrank_noiseless,820008,2,learned_probe,1.6415648211534e-06,7.184586175444697e-07,2770436,1.6158753836690122e-08,1.4864090370592456e-06,experiments/confirmation/results/lowrank_noiseless_820008.json
lowrank_noiseless,820008,2,random_matched138,1.6415648211534e-06,1.0385507873085849e-07,1999980,1.99833495189707e-07,1.4864090370592456e-06,experiments/confirmation/results/lowrank_noiseless_820008.json
lowrank_noiseless,820008,3,historical_moment,1.0385507873085849e-07,1.123469507126284e-07,2656571,2.6479121979203754e-09,6.480733569309735e-08,experiments/confirmation/results/lowrank_noiseless_820008.json
lowrank_noiseless,820008,3,reservoir_residual,1.0385507873085849e-07,7.202630170599016e-07,2044865,2.1977767729090318e-08,6.480733569309735e-08,experiments/confirmation/results/lowrank_noiseless_820008.json
lowrank_noiseless,820008,3,fresh_residual,1.0385507873085849e-07,1.293083477269568e-06,2222951,5.8505722128687524e-08,6.480733569309735e-08,experiments/confirmation/results/lowrank_noiseless_820008.json
lowrank_noiseless,820008,3,learned_probe,1.0385507873085849e-07,1.4304856379963862e-07,2802679,6.715697570373269e-11,6.480733569309735e-08,experiments/confirmation/results/lowrank_noiseless_820008.json
lowrank_noiseless,820008,3,random_matched138,1.0385507873085849e-07,5.346780423925563e-07,1999847,1.0169906958908418e-09,6.480733569309735e-08,experiments/confirmation/results/lowrank_noiseless_820008.json
lowrank_noiseless,820008,4,historical_moment,5.346780423925563e-07,2.6321465667074922e-06,2816580,1.3439116322003263e-08,4.5895767986275306e-07,experiments/confirmation/results/lowrank_noiseless_820008.json
lowrank_noiseless,820008,4,reservoir_residual,5.346780423925563e-07,6.278841361894659e-06,2047044,3.7329486800392177e-07,4.5895767986275306e-07,experiments/confirmation/results/lowrank_noiseless_820008.json
lowrank_noiseless,820008,4,fresh_residual,5.346780423925563e-07,3.9937243782373205e-06,2238420,4.317046486474551e-07,4.5895767986275306e-07,experiments/confirmation/results/lowrank_noiseless_820008.json
lowrank_noiseless,820008,4,learned_probe,5.346780423925563e-07,3.038971997448828e-07,2835164,9.267535645757374e-08,4.5895767986275306e-07,experiments/confirmation/results/lowrank_noiseless_820008.json
lowrank_noiseless,820008,4,random_matched138,5.346780423925563e-07,1.3958583160884114e-06,1999956,9.17606267656996e-09,4.5895767986275306e-07,experiments/confirmation/results/lowrank_noiseless_820008.json
lowrank_noiseless,820008,5,historical_moment,1.3958583160884114e-06,6.817693954034522e-05,2976414,1.0249306194635273e-07,9.938441389426241e-07,experiments/confirmation/results/lowrank_noiseless_820008.json
lowrank_noiseless,820008,5,reservoir_residual,1.3958583160884114e-06,1.612982528887186e-05,2049048,6.898012641726878e-07,9.938441389426241e-07,experiments/confirmation/results/lowrank_noiseless_820008.json
lowrank_noiseless,820008,5,fresh_residual,1.3958583160884114e-06,3.13400424582169e-05,2253714,9.352720460158007e-07,9.938441389426241e-07,experiments/confirmation/results/lowrank_noiseless_820008.json
lowrank_noiseless,820008,5,learned_probe,1.3958583160884114e-06,4.241863989806721e-05,2867474,3.862258893147218e-08,9.938441389426241e-07,experiments/confirmation/results/lowrank_noiseless_820008.json
lowrank_noiseless,820008,5,random_matched138,1.3958583160884114e-06,1.416205355351484e-05,1999890,5.522338530056826e-09,9.938441389426241e-07,experiments/confirmation/results/lowrank_noiseless_820008.json
lowrank_noiseless,820008,6,historical_moment,1.416205355351484e-05,1.0199477096373159e-05,3136385,8.253502033536301e-08,1.1717921349322894e-05,experiments/confirmation/results/lowrank_noiseless_820008.json
lowrank_noiseless,820008,6,reservoir_residual,1.416205355351484e-05,0.00025638328939478304,2051189,9.617670573613772e-06,1.1717921349322894e-05,experiments/confirmation/results/lowrank_noiseless_820008.json
lowrank_noiseless,820008,6,fresh_residual,1.416205355351484e-05,0.00039937393024670867,2269145,1.1210284318900982e-05,1.1717921349322894e-05,experiments/confirmation/results/lowrank_noiseless_820008.json
lowrank_noiseless,820008,6,learned_probe,1.416205355351484e-05,0.00011802436250360432,2899921,7.980757612118076e-07,1.1717921349322894e-05,experiments/confirmation/results/lowrank_noiseless_820008.json
lowrank_noiseless,820008,6,random_matched138,1.416205355351484e-05,1.8482449446612885e-05,1999961,5.875056576056186e-07,1.1717921349322894e-05,experiments/confirmation/results/lowrank_noiseless_820008.json
lowrank_noiseless,820009,1,historical_moment,0.41349321402681616,2.0834194155280673e-08,2336892,0.3442502927720547,0.40950456545461633,experiments/confirmation/results/lowrank_noiseless_820009.json
lowrank_noiseless,820009,1,reservoir_residual,0.41349321402681616,1.5832016437295625e-07,2040846,0.3298467999918675,0.40950456545461633,experiments/confirmation/results/lowrank_noiseless_820009.json
lowrank_noiseless,820009,1,fresh_residual,0.41349321402681616,1.7116646301826685e-08,2192352,0.3928665205259524,0.40950456545461633,experiments/confirmation/results/lowrank_noiseless_820009.json
lowrank_noiseless,820009,1,learned_probe,0.41349321402681616,8.288896554901012e-07,2738048,0.031381557392194386,0.40950456545461633,experiments/confirmation/results/lowrank_noiseless_820009.json
lowrank_noiseless,820009,1,random_matched138,0.41349321402681616,1.5607919740754954e-07,1999968,0.00014362641251809268,0.40950456545461633,experiments/confirmation/results/lowrank_noiseless_820009.json
lowrank_noiseless,820009,2,historical_moment,1.5607919740754954e-07,7.720136478289233e-07,2496804,1.7966440269689524e-09,9.545252168782196e-08,experiments/confirmation/results/lowrank_noiseless_820009.json
lowrank_noiseless,820009,2,reservoir_residual,1.5607919740754954e-07,6.106463017238312e-08,2042928,7.02665748143549e-08,9.545252168782196e-08,experiments/confirmation/results/lowrank_noiseless_820009.json
lowrank_noiseless,820009,2,fresh_residual,1.5607919740754954e-07,1.404923277951072e-07,2207724,8.818329868867341e-08,9.545252168782196e-08,experiments/confirmation/results/lowrank_noiseless_820009.json
lowrank_noiseless,820009,2,learned_probe,1.5607919740754954e-07,1.6361059374875203e-07,2770436,6.878115155969575e-09,9.545252168782196e-08,experiments/confirmation/results/lowrank_noiseless_820009.json
lowrank_noiseless,820009,2,random_matched138,1.5607919740754954e-07,1.6236274182685378e-08,1999980,4.050765392611556e-11,9.545252168782196e-08,experiments/confirmation/results/lowrank_noiseless_820009.json
lowrank_noiseless,820009,3,historical_moment,1.6236274182685378e-08,1.1764641798417045e-06,2656571,6.978156699098817e-11,1.4988186283076463e-08,experiments/confirmation/results/lowrank_noiseless_820009.json
lowrank_noiseless,820009,3,reservoir_residual,1.6236274182685378e-08,9.457491157984576e-07,2044865,1.1308264634576862e-08,1.4988186283076463e-08,experiments/confirmation/results/lowrank_noiseless_820009.json
lowrank_noiseless,820009,3,fresh_residual,1.6236274182685378e-08,9.011964955265492e-07,2222951,1.4299004120046253e-08,1.4988186283076463e-08,experiments/confirmation/results/lowrank_noiseless_820009.json
lowrank_noiseless,820009,3,learned_probe,1.6236274182685378e-08,1.3479837223968202e-08,2802679,1.637987765434912e-13,1.4988186283076463e-08,experiments/confirmation/results/lowrank_noiseless_820009.json
lowrank_noiseless,820009,3,random_matched138,1.6236274182685378e-08,7.649078128059476e-08,1999847,1.0656269084577266e-09,1.4988186283076463e-08,experiments/confirmation/results/lowrank_noiseless_820009.json
lowrank_noiseless,820009,4,historical_moment,7.649078128059476e-08,1.9012316027105255e-06,2816580,1.9432483280986527e-08,4.797052194172388e-08,experiments/confirmation/results/lowrank_noiseless_820009.json
lowrank_noiseless,820009,4,reservoir_residual,7.649078128059476e-08,9.366340786712498e-07,2047044,2.1643474211902295e-08,4.797052194172388e-08,experiments/confirmation/results/lowrank_noiseless_820009.json
lowrank_noiseless,820009,4,fresh_residual,7.649078128059476e-08,3.6483435060149983e-06,2238420,4.5435217432799825e-08,4.797052194172388e-08,experiments/confirmation/results/lowrank_noiseless_820009.json
lowrank_noiseless,820009,4,learned_probe,7.649078128059476e-08,2.1138308687343265e-06,2835164,5.0188967951686965e-09,4.797052194172388e-08,experiments/confirmation/results/lowrank_noiseless_820009.json
lowrank_noiseless,820009,4,random_matched138,7.649078128059476e-08,7.549025001445501e-07,1999956,3.0159383155454936e-11,4.797052194172388e-08,experiments/confirmation/results/lowrank_noiseless_820009.json
lowrank_noiseless,820009,5,historical_moment,7.549025001445501e-07,1.5596054422195472e-06,2976414,1.3352923629733396e-09,3.540196572799516e-07,experiments/confirmation/results/lowrank_noiseless_820009.json
lowrank_noiseless,820009,5,reservoir_residual,7.549025001445501e-07,2.892330291639601e-06,2049048,1.7609366599974604e-07,3.540196572799516e-07,experiments/confirmation/results/lowrank_noiseless_820009.json
lowrank_noiseless,820009,5,fresh_residual,7.549025001445501e-07,6.749498571985039e-06,2253714,2.642562769701134e-07,3.540196572799516e-07,experiments/confirmation/results/lowrank_noiseless_820009.json
lowrank_noiseless,820009,5,learned_probe,7.549025001445501e-07,2.3700507020064867e-06,2867474,1.98372993928351e-09,3.540196572799516e-07,experiments/confirmation/results/lowrank_noiseless_820009.json
lowrank_noiseless,820009,5,random_matched138,7.549025001445501e-07,1.8365844622059979e-06,1999890,7.624694693486358e-10,3.540196572799516e-07,experiments/confirmation/results/lowrank_noiseless_820009.json
lowrank_noiseless,820009,6,historical_moment,1.8365844622059979e-06,7.133787940380966e-05,3136385,1.9017886381535008e-07,8.122664669123099e-07,experiments/confirmation/results/lowrank_noiseless_820009.json
lowrank_noiseless,820009,6,reservoir_residual,1.8365844622059979e-06,1.1687124858725384e-05,2051189,3.9337464705863835e-07,8.122664669123099e-07,experiments/confirmation/results/lowrank_noiseless_820009.json
lowrank_noiseless,820009,6,fresh_residual,1.8365844622059979e-06,2.0987856758173474e-05,2269145,7.357217487047904e-07,8.122664669123099e-07,experiments/confirmation/results/lowrank_noiseless_820009.json
lowrank_noiseless,820009,6,learned_probe,1.8365844622059979e-06,1.3934055817970084e-05,2899921,1.186860639923905e-09,8.122664669123099e-07,experiments/confirmation/results/lowrank_noiseless_820009.json
lowrank_noiseless,820009,6,random_matched138,1.8365844622059979e-06,5.3261809083619394e-06,1999961,3.93229390667925e-09,8.122664669123099e-07,experiments/confirmation/results/lowrank_noiseless_820009.json
lowrank_noiseless,820010,1,historical_moment,0.4182774230026257,3.738525300011821e-09,2336892,0.39257444091013344,0.40509269275473114,experiments/confirmation/results/lowrank_noiseless_820010.json
lowrank_noiseless,820010,1,reservoir_residual,0.4182774230026257,1.2401454335197202e-08,2040846,0.20415874456053879,0.40509269275473114,experiments/confirmation/results/lowrank_noiseless_820010.json
lowrank_noiseless,820010,1,fresh_residual,0.4182774230026257,3.171941614979036e-09,2192352,0.37224246106204584,0.40509269275473114,experiments/confirmation/results/lowrank_noiseless_820010.json
lowrank_noiseless,820010,1,learned_probe,0.4182774230026257,6.5158927516623294e-09,2738048,0.006634038349146617,0.40509269275473114,experiments/confirmation/results/lowrank_noiseless_820010.json
lowrank_noiseless,820010,1,random_matched138,0.4182774230026257,1.1387044293160382e-08,1999968,0.016218762536512974,0.40509269275473114,experiments/confirmation/results/lowrank_noiseless_820010.json
lowrank_noiseless,820010,2,historical_moment,1.1387044293160382e-08,4.8124366120995916e-09,2496804,1.8406373751772443e-09,5.935581142525298e-09,experiments/confirmation/results/lowrank_noiseless_820010.json
lowrank_noiseless,820010,2,reservoir_residual,1.1387044293160382e-08,3.0560237243740953e-08,2042928,3.214802803601452e-09,5.935581142525298e-09,experiments/confirmation/results/lowrank_noiseless_820010.json
lowrank_noiseless,820010,2,fresh_residual,1.1387044293160382e-08,4.462928687597114e-08,2207724,5.53592932291299e-09,5.935581142525298e-09,experiments/confirmation/results/lowrank_noiseless_820010.json
lowrank_noiseless,820010,2,learned_probe,1.1387044293160382e-08,5.2434992265436134e-09,2770436,4.556687901503579e-12,5.935581142525298e-09,experiments/confirmation/results/lowrank_noiseless_820010.json
lowrank_noiseless,820010,2,random_matched138,1.1387044293160382e-08,6.02943890880536e-08,1999980,1.4865193685226851e-10,5.935581142525298e-09,experiments/confirmation/results/lowrank_noiseless_820010.json
lowrank_noiseless,820010,3,historical_moment,6.02943890880536e-08,3.4484408621052666e-07,2656571,3.207563400524863e-11,3.763274260209201e-08,experiments/confirmation/results/lowrank_noiseless_820010.json
lowrank_noiseless,820010,3,reservoir_residual,6.02943890880536e-08,7.936618317807156e-07,2044865,3.0259378954185164e-08,3.763274260209201e-08,experiments/confirmation/results/lowrank_noiseless_820010.json
lowrank_noiseless,820010,3,fresh_residual,6.02943890880536e-08,2.568913843115029e-06,2222951,3.56783519029298e-08,3.763274260209201e-08,experiments/confirmation/results/lowrank_noiseless_820010.json
lowrank_noiseless,820010,3,learned_probe,6.02943890880536e-08,4.0297767352272563e-07,2802679,4.3200694253706945e-10,3.763274260209201e-08,experiments/confirmation/results/lowrank_noiseless_820010.json
lowrank_noiseless,820010,3,random_matched138,6.02943890880536e-08,1.6947085598697155e-07,1999847,4.861766393864274e-10,3.763274260209201e-08,experiments/confirmation/results/lowrank_noiseless_820010.json
lowrank_noiseless,820010,4,historical_moment,1.6947085598697155e-07,1.4951495842260006e-06,2816580,1.3075009526971165e-09,1.3563288056123545e-07,experiments/confirmation/results/lowrank_noiseless_820010.json
lowrank_noiseless,820010,4,reservoir_residual,1.6947085598697155e-07,1.5283612916280774e-06,2047044,1.0091896175339063e-07,1.3563288056123545e-07,experiments/confirmation/results/lowrank_noiseless_820010.json
lowrank_noiseless,820010,4,fresh_residual,1.6947085598697155e-07,1.960153403491217e-06,2238420,1.291002850429262e-07,1.3563288056123545e-07,experiments/confirmation/results/lowrank_noiseless_820010.json
lowrank_noiseless,820010,4,learned_probe,1.6947085598697155e-07,4.575361064528782e-07,2835164,9.266160713296894e-10,1.3563288056123545e-07,experiments/confirmation/results/lowrank_noiseless_820010.json
lowrank_noiseless,820010,4,random_matched138,1.6947085598697155e-07,3.579352867581031e-07,1999956,1.9891324093163682e-09,1.3563288056123545e-07,experiments/confirmation/results/lowrank_noiseless_820010.json
lowrank_noiseless,820010,5,historical_moment,3.579352867581031e-07,7.648515485998871e-06,2976414,3.0140905431285255e-09,1.9890784282164092e-07,experiments/confirmation/results/lowrank_noiseless_820010.json
lowrank_noiseless,820010,5,reservoir_residual,3.579352867581031e-07,2.924234330394103e-06,2049048,1.6654903104631682e-07,1.9890784282164092e-07,experiments/confirmation/results/lowrank_noiseless_820010.json
lowrank_noiseless,820010,5,fresh_residual,3.579352867581031e-07,6.810018303380722e-06,2253714,1.9561963607630732e-07,1.9890784282164092e-07,experiments/confirmation/results/lowrank_noiseless_820010.json
lowrank_noiseless,820010,5,learned_probe,3.579352867581031e-07,1.124982478555472e-06,2867474,2.6770830414450017e-09,1.9890784282164092e-07,experiments/confirmation/results/lowrank_noiseless_820010.json
lowrank_noiseless,820010,5,random_matched138,3.579352867581031e-07,1.5520108161171849e-06,1999890,7.910438661263289e-10,1.9890784282164092e-07,experiments/confirmation/results/lowrank_noiseless_820010.json
lowrank_noiseless,820010,6,historical_moment,1.5520108161171849e-06,5.943880784770636e-06,3136385,5.7410896819569304e-08,7.048312078163375e-07,experiments/confirmation/results/lowrank_noiseless_820010.json
lowrank_noiseless,820010,6,reservoir_residual,1.5520108161171849e-06,2.475839111041257e-06,2051189,5.252599954321348e-07,7.048312078163375e-07,experiments/confirmation/results/lowrank_noiseless_820010.json
lowrank_noiseless,820010,6,fresh_residual,1.5520108161171849e-06,1.0938369028769713e-05,2269145,6.712510549592674e-07,7.048312078163375e-07,experiments/confirmation/results/lowrank_noiseless_820010.json
lowrank_noiseless,820010,6,learned_probe,1.5520108161171849e-06,1.9224658005650547e-06,2899921,1.1847993412353856e-08,7.048312078163375e-07,experiments/confirmation/results/lowrank_noiseless_820010.json
lowrank_noiseless,820010,6,random_matched138,1.5520108161171849e-06,2.693646940225279e-06,1999961,6.360269396554102e-08,7.048312078163375e-07,experiments/confirmation/results/lowrank_noiseless_820010.json
lowrank_noiseless,820011,1,historical_moment,1.714589080418244,0.441747006683427,2336892,1.2346158308566217,1.2833916162729122,experiments/confirmation/results/lowrank_noiseless_820011.json
lowrank_noiseless,820011,1,reservoir_residual,1.714589080418244,0.44333345553975667,2040846,0.9414867658579319,1.2833916162729122,experiments/confirmation/results/lowrank_noiseless_820011.json
lowrank_noiseless,820011,1,fresh_residual,1.714589080418244,0.441256751880416,2192352,1.1528319214674903,1.2833916162729122,experiments/confirmation/results/lowrank_noiseless_820011.json
lowrank_noiseless,820011,1,learned_probe,1.714589080418244,0.4415865350865852,2738048,1.2004922061349947,1.2833916162729122,experiments/confirmation/results/lowrank_noiseless_820011.json
lowrank_noiseless,820011,1,random_matched138,1.714589080418244,0.4404362290905163,1999968,0.031753707440949956,1.2833916162729122,experiments/confirmation/results/lowrank_noiseless_820011.json
lowrank_noiseless,820011,2,historical_moment,0.4404362290905163,2.1289706359533286e-05,2496804,0.3993495139596053,0.42985390236658094,experiments/confirmation/results/lowrank_noiseless_820011.json
lowrank_noiseless,820011,2,reservoir_residual,0.4404362290905163,7.596555532198053e-06,2042928,0.31940224671065653,0.42985390236658094,experiments/confirmation/results/lowrank_noiseless_820011.json
lowrank_noiseless,820011,2,fresh_residual,0.4404362290905163,4.7359446354009626e-05,2207724,0.37907830072809073,0.42985390236658094,experiments/confirmation/results/lowrank_noiseless_820011.json
lowrank_noiseless,820011,2,learned_probe,0.4404362290905163,2.1260946046151607e-05,2770436,0.33677431157714577,0.42985390236658094,experiments/confirmation/results/lowrank_noiseless_820011.json
lowrank_noiseless,820011,2,random_matched138,0.4404362290905163,1.269737814157427e-06,1999980,0.0006923877908764223,0.42985390236658094,experiments/confirmation/results/lowrank_noiseless_820011.json
lowrank_noiseless,820011,3,historical_moment,1.269737814157427e-06,1.5430973337191652e-07,2656571,1.4518597073238962e-07,8.504790472193759e-07,experiments/confirmation/results/lowrank_noiseless_820011.json
lowrank_noiseless,820011,3,reservoir_residual,1.269737814157427e-06,1.383954423307748e-07,2044865,5.977600751686442e-07,8.504790472193759e-07,experiments/confirmation/results/lowrank_noiseless_820011.json
lowrank_noiseless,820011,3,fresh_residual,1.269737814157427e-06,1.0012974135818901e-06,2222951,8.089812693772232e-07,8.504790472193759e-07,experiments/confirmation/results/lowrank_noiseless_820011.json
lowrank_noiseless,820011,3,learned_probe,1.269737814157427e-06,4.765000425383117e-07,2802679,1.200337467244678e-07,8.504790472193759e-07,experiments/confirmation/results/lowrank_noiseless_820011.json
lowrank_noiseless,820011,3,random_matched138,1.269737814157427e-06,1.9623913039107565e-07,1999847,2.0243658186734934e-10,8.504790472193759e-07,experiments/confirmation/results/lowrank_noiseless_820011.json
lowrank_noiseless,820011,4,historical_moment,1.9623913039107565e-07,6.331966409087969e-06,2816580,2.2716476523213242e-10,9.295479536261355e-08,experiments/confirmation/results/lowrank_noiseless_820011.json
lowrank_noiseless,820011,4,reservoir_residual,1.9623913039107565e-07,6.717676575185021e-07,2047044,4.9637999492276286e-08,9.295479536261355e-08,experiments/confirmation/results/lowrank_noiseless_820011.json
lowrank_noiseless,820011,4,fresh_residual,1.9623913039107565e-07,1.2194653313015564e-05,2238420,8.47294143550273e-08,9.295479536261355e-08,experiments/confirmation/results/lowrank_noiseless_820011.json
lowrank_noiseless,820011,4,learned_probe,1.9623913039107565e-07,1.6758245163128255e-06,2835164,3.371219091292878e-08,9.295479536261355e-08,experiments/confirmation/results/lowrank_noiseless_820011.json
lowrank_noiseless,820011,4,random_matched138,1.9623913039107565e-07,1.6169639679544015e-05,1999956,3.755148418230125e-09,9.295479536261355e-08,experiments/confirmation/results/lowrank_noiseless_820011.json
lowrank_noiseless,820011,5,historical_moment,1.6169639679544015e-05,9.954259498427947e-06,2976414,1.6387024281647403e-06,1.4795301600634471e-05,experiments/confirmation/results/lowrank_noiseless_820011.json
lowrank_noiseless,820011,5,reservoir_residual,1.6169639679544015e-05,0.0007613546793604824,2049048,1.003806657337801e-05,1.4795301600634471e-05,experiments/confirmation/results/lowrank_noiseless_820011.json
lowrank_noiseless,820011,5,fresh_residual,1.6169639679544015e-05,0.0007455502048231619,2253714,1.4173853644705524e-05,1.4795301600634471e-05,experiments/confirmation/results/lowrank_noiseless_820011.json
lowrank_noiseless,820011,5,learned_probe,1.6169639679544015e-05,5.878991981672616e-06,2867474,8.681115232979092e-08,1.4795301600634471e-05,experiments/confirmation/results/lowrank_noiseless_820011.json
lowrank_noiseless,820011,5,random_matched138,1.6169639679544015e-05,2.69980841174749e-06,1999890,3.00927316778189e-08,1.4795301600634471e-05,experiments/confirmation/results/lowrank_noiseless_820011.json
lowrank_noiseless,820011,6,historical_moment,2.69980841174749e-06,2.9728547526879542e-05,3136385,2.3179406905176097e-08,1.9503112271978995e-06,experiments/confirmation/results/lowrank_noiseless_820011.json
lowrank_noiseless,820011,6,reservoir_residual,2.69980841174749e-06,0.00011810861961015461,2051189,1.2243566504139964e-06,1.9503112271978995e-06,experiments/confirmation/results/lowrank_noiseless_820011.json
lowrank_noiseless,820011,6,fresh_residual,2.69980841174749e-06,2.7824894674773936e-05,2269145,1.8687496144330875e-06,1.9503112271978995e-06,experiments/confirmation/results/lowrank_noiseless_820011.json
lowrank_noiseless,820011,6,learned_probe,2.69980841174749e-06,1.0749401838779235e-05,2899921,1.0779805458214006e-08,1.9503112271978995e-06,experiments/confirmation/results/lowrank_noiseless_820011.json
lowrank_noiseless,820011,6,random_matched138,2.69980841174749e-06,7.471771776393998e-05,1999961,5.781267665502866e-07,1.9503112271978995e-06,experiments/confirmation/results/lowrank_noiseless_820011.json
nonlinear,820000,1,historical_moment,0.22574010865876476,0.15822733179193485,2336892,,,experiments/confirmation/results/nonlinear_820000.json
nonlinear,820000,1,reservoir_residual,0.22574010865876476,0.15806624066039307,2040846,,,experiments/confirmation/results/nonlinear_820000.json
nonlinear,820000,1,fresh_residual,0.22574010865876476,0.1582361332169832,2192352,,,experiments/confirmation/results/nonlinear_820000.json
nonlinear,820000,1,learned_probe,0.22574010865876476,0.15796797131681953,2738048,,,experiments/confirmation/results/nonlinear_820000.json
nonlinear,820000,1,random_matched138,0.22574010865876476,0.15772189079549545,1999968,,,experiments/confirmation/results/nonlinear_820000.json
nonlinear,820000,2,historical_moment,0.15772189079549545,0.16008243783449483,2496804,,,experiments/confirmation/results/nonlinear_820000.json
nonlinear,820000,2,reservoir_residual,0.15772189079549545,0.16187265242742246,2042928,,,experiments/confirmation/results/nonlinear_820000.json
nonlinear,820000,2,fresh_residual,0.15772189079549545,0.16007064288467282,2207724,,,experiments/confirmation/results/nonlinear_820000.json
nonlinear,820000,2,learned_probe,0.15772189079549545,0.159385427610569,2770436,,,experiments/confirmation/results/nonlinear_820000.json
nonlinear,820000,2,random_matched138,0.15772189079549545,0.16060105256921436,1999980,,,experiments/confirmation/results/nonlinear_820000.json
nonlinear,820000,3,historical_moment,0.16060105256921436,0.1572250010523215,2656571,,,experiments/confirmation/results/nonlinear_820000.json
nonlinear,820000,3,reservoir_residual,0.16060105256921436,0.16118475915120434,2044865,,,experiments/confirmation/results/nonlinear_820000.json
nonlinear,820000,3,fresh_residual,0.16060105256921436,0.16096292485672126,2222951,,,experiments/confirmation/results/nonlinear_820000.json
nonlinear,820000,3,learned_probe,0.16060105256921436,0.1613942995794551,2802679,,,experiments/confirmation/results/nonlinear_820000.json
nonlinear,820000,3,random_matched138,0.16060105256921436,0.15917126314104837,1999847,,,experiments/confirmation/results/nonlinear_820000.json
nonlinear,820000,4,historical_moment,0.15917126314104837,0.16077286494917253,2816580,,,experiments/confirmation/results/nonlinear_820000.json
nonlinear,820000,4,reservoir_residual,0.15917126314104837,0.16098341552745488,2047044,,,experiments/confirmation/results/nonlinear_820000.json
nonlinear,820000,4,fresh_residual,0.15917126314104837,0.16070341445001068,2238420,,,experiments/confirmation/results/nonlinear_820000.json
nonlinear,820000,4,learned_probe,0.15917126314104837,0.15977558602178232,2835164,,,experiments/confirmation/results/nonlinear_820000.json
nonlinear,820000,4,random_matched138,0.15917126314104837,0.16323145855787996,1999956,,,experiments/confirmation/results/nonlinear_820000.json
nonlinear,820000,5,historical_moment,0.16323145855787996,0.1926759989383095,2976414,,,experiments/confirmation/results/nonlinear_820000.json
nonlinear,820000,5,reservoir_residual,0.16323145855787996,0.1924082628134196,2049048,,,experiments/confirmation/results/nonlinear_820000.json
nonlinear,820000,5,fresh_residual,0.16323145855787996,0.190502283003926,2253714,,,experiments/confirmation/results/nonlinear_820000.json
nonlinear,820000,5,learned_probe,0.16323145855787996,0.19152829097317733,2867474,,,experiments/confirmation/results/nonlinear_820000.json
nonlinear,820000,5,random_matched138,0.16323145855787996,0.1906492307280413,1999890,,,experiments/confirmation/results/nonlinear_820000.json
nonlinear,820000,6,historical_moment,0.1906492307280413,0.17033183258456183,3136385,,,experiments/confirmation/results/nonlinear_820000.json
nonlinear,820000,6,reservoir_residual,0.1906492307280413,0.16904323457786183,2051189,,,experiments/confirmation/results/nonlinear_820000.json
nonlinear,820000,6,fresh_residual,0.1906492307280413,0.17087959188868249,2269145,,,experiments/confirmation/results/nonlinear_820000.json
nonlinear,820000,6,learned_probe,0.1906492307280413,0.17198110737703784,2899921,,,experiments/confirmation/results/nonlinear_820000.json
nonlinear,820000,6,random_matched138,0.1906492307280413,0.16430329533558558,1999961,,,experiments/confirmation/results/nonlinear_820000.json
nonlinear,820001,1,historical_moment,0.22546915471226678,0.166746511656136,2336892,,,experiments/confirmation/results/nonlinear_820001.json
nonlinear,820001,1,reservoir_residual,0.22546915471226678,0.16679562714452814,2040846,,,experiments/confirmation/results/nonlinear_820001.json
nonlinear,820001,1,fresh_residual,0.22546915471226678,0.1667031877138519,2192352,,,experiments/confirmation/results/nonlinear_820001.json
nonlinear,820001,1,learned_probe,0.22546915471226678,0.16666168779346263,2738048,,,experiments/confirmation/results/nonlinear_820001.json
nonlinear,820001,1,random_matched138,0.22546915471226678,0.1666176954781219,1999968,,,experiments/confirmation/results/nonlinear_820001.json
nonlinear,820001,2,historical_moment,0.1666176954781219,0.15345822566894604,2496804,,,experiments/confirmation/results/nonlinear_820001.json
nonlinear,820001,2,reservoir_residual,0.1666176954781219,0.15390063554506528,2042928,,,experiments/confirmation/results/nonlinear_820001.json
nonlinear,820001,2,fresh_residual,0.1666176954781219,0.15425811185735033,2207724,,,experiments/confirmation/results/nonlinear_820001.json
nonlinear,820001,2,learned_probe,0.1666176954781219,0.15396263168971192,2770436,,,experiments/confirmation/results/nonlinear_820001.json
nonlinear,820001,2,random_matched138,0.1666176954781219,0.15374936692187902,1999980,,,experiments/confirmation/results/nonlinear_820001.json
nonlinear,820001,3,historical_moment,0.15374936692187902,0.157613870076061,2656571,,,experiments/confirmation/results/nonlinear_820001.json
nonlinear,820001,3,reservoir_residual,0.15374936692187902,0.15766613770082982,2044865,,,experiments/confirmation/results/nonlinear_820001.json
nonlinear,820001,3,fresh_residual,0.15374936692187902,0.1574774896121881,2222951,,,experiments/confirmation/results/nonlinear_820001.json
nonlinear,820001,3,learned_probe,0.15374936692187902,0.15739920040777713,2802679,,,experiments/confirmation/results/nonlinear_820001.json
nonlinear,820001,3,random_matched138,0.15374936692187902,0.15796408600829723,1999847,,,experiments/confirmation/results/nonlinear_820001.json
nonlinear,820001,4,historical_moment,0.15796408600829723,0.16088415430484548,2816580,,,experiments/confirmation/results/nonlinear_820001.json
nonlinear,820001,4,reservoir_residual,0.15796408600829723,0.1640825994627591,2047044,,,experiments/confirmation/results/nonlinear_820001.json
nonlinear,820001,4,fresh_residual,0.15796408600829723,0.16176423859071212,2238420,,,experiments/confirmation/results/nonlinear_820001.json
nonlinear,820001,4,learned_probe,0.15796408600829723,0.1604465351086704,2835164,,,experiments/confirmation/results/nonlinear_820001.json
nonlinear,820001,4,random_matched138,0.15796408600829723,0.1611721594328442,1999956,,,experiments/confirmation/results/nonlinear_820001.json
nonlinear,820001,5,historical_moment,0.1611721594328442,0.15902325094314956,2976414,,,experiments/confirmation/results/nonlinear_820001.json
nonlinear,820001,5,reservoir_residual,0.1611721594328442,0.15929110019787718,2049048,,,experiments/confirmation/results/nonlinear_820001.json
nonlinear,820001,5,fresh_residual,0.1611721594328442,0.15842716155902745,2253714,,,experiments/confirmation/results/nonlinear_820001.json
nonlinear,820001,5,learned_probe,0.1611721594328442,0.1582023909541984,2867474,,,experiments/confirmation/results/nonlinear_820001.json
nonlinear,820001,5,random_matched138,0.1611721594328442,0.16062545645591342,1999890,,,experiments/confirmation/results/nonlinear_820001.json
nonlinear,820001,6,historical_moment,0.16062545645591342,0.16009059585884244,3136385,,,experiments/confirmation/results/nonlinear_820001.json
nonlinear,820001,6,reservoir_residual,0.16062545645591342,0.15837367920192544,2051189,,,experiments/confirmation/results/nonlinear_820001.json
nonlinear,820001,6,fresh_residual,0.16062545645591342,0.15997589339175777,2269145,,,experiments/confirmation/results/nonlinear_820001.json
nonlinear,820001,6,learned_probe,0.16062545645591342,0.15819770702945546,2899921,,,experiments/confirmation/results/nonlinear_820001.json
nonlinear,820001,6,random_matched138,0.16062545645591342,0.1579751286678647,1999961,,,experiments/confirmation/results/nonlinear_820001.json
nonlinear,820002,1,historical_moment,0.22862922020229734,0.1660878586550293,2336892,,,experiments/confirmation/results/nonlinear_820002.json
nonlinear,820002,1,reservoir_residual,0.22862922020229734,0.1664807910279618,2040846,,,experiments/confirmation/results/nonlinear_820002.json
nonlinear,820002,1,fresh_residual,0.22862922020229734,0.16649964172209056,2192352,,,experiments/confirmation/results/nonlinear_820002.json
nonlinear,820002,1,learned_probe,0.22862922020229734,0.16809757458977062,2738048,,,experiments/confirmation/results/nonlinear_820002.json
nonlinear,820002,1,random_matched138,0.22862922020229734,0.2341399135874129,1999968,,,experiments/confirmation/results/nonlinear_820002.json
nonlinear,820002,2,historical_moment,0.2341399135874129,0.16010741063285383,2496804,,,experiments/confirmation/results/nonlinear_820002.json
nonlinear,820002,2,reservoir_residual,0.2341399135874129,0.16137336258142407,2042928,,,experiments/confirmation/results/nonlinear_820002.json
nonlinear,820002,2,fresh_residual,0.2341399135874129,0.16035090856747886,2207724,,,experiments/confirmation/results/nonlinear_820002.json
nonlinear,820002,2,learned_probe,0.2341399135874129,0.16204580311759606,2770436,,,experiments/confirmation/results/nonlinear_820002.json
nonlinear,820002,2,random_matched138,0.2341399135874129,0.1623157221677033,1999980,,,experiments/confirmation/results/nonlinear_820002.json
nonlinear,820002,3,historical_moment,0.1623157221677033,0.16032022668174342,2656571,,,experiments/confirmation/results/nonlinear_820002.json
nonlinear,820002,3,reservoir_residual,0.1623157221677033,0.16084388093033905,2044865,,,experiments/confirmation/results/nonlinear_820002.json
nonlinear,820002,3,fresh_residual,0.1623157221677033,0.15999747317113575,2222951,,,experiments/confirmation/results/nonlinear_820002.json
nonlinear,820002,3,learned_probe,0.1623157221677033,0.16102357314485238,2802679,,,experiments/confirmation/results/nonlinear_820002.json
nonlinear,820002,3,random_matched138,0.1623157221677033,0.16032919645277324,1999847,,,experiments/confirmation/results/nonlinear_820002.json
nonlinear,820002,4,historical_moment,0.16032919645277324,0.16580673979192653,2816580,,,experiments/confirmation/results/nonlinear_820002.json
nonlinear,820002,4,reservoir_residual,0.16032919645277324,0.16719665870882525,2047044,,,experiments/confirmation/results/nonlinear_820002.json
nonlinear,820002,4,fresh_residual,0.16032919645277324,0.166294691676696,2238420,,,experiments/confirmation/results/nonlinear_820002.json
nonlinear,820002,4,learned_probe,0.16032919645277324,0.16526608929572834,2835164,,,experiments/confirmation/results/nonlinear_820002.json
nonlinear,820002,4,random_matched138,0.16032919645277324,0.16564079948412333,1999956,,,experiments/confirmation/results/nonlinear_820002.json
nonlinear,820002,5,historical_moment,0.16564079948412333,0.15913680077768896,2976414,,,experiments/confirmation/results/nonlinear_820002.json
nonlinear,820002,5,reservoir_residual,0.16564079948412333,0.15896391200618837,2049048,,,experiments/confirmation/results/nonlinear_820002.json
nonlinear,820002,5,fresh_residual,0.16564079948412333,0.15884179497433895,2253714,,,experiments/confirmation/results/nonlinear_820002.json
nonlinear,820002,5,learned_probe,0.16564079948412333,0.15956692771169317,2867474,,,experiments/confirmation/results/nonlinear_820002.json
nonlinear,820002,5,random_matched138,0.16564079948412333,0.1607618310302341,1999890,,,experiments/confirmation/results/nonlinear_820002.json
nonlinear,820002,6,historical_moment,0.1607618310302341,0.16098620881724782,3136385,,,experiments/confirmation/results/nonlinear_820002.json
nonlinear,820002,6,reservoir_residual,0.1607618310302341,0.15891903925585282,2051189,,,experiments/confirmation/results/nonlinear_820002.json
nonlinear,820002,6,fresh_residual,0.1607618310302341,0.16115598450946542,2269145,,,experiments/confirmation/results/nonlinear_820002.json
nonlinear,820002,6,learned_probe,0.1607618310302341,0.1587684773958596,2899921,,,experiments/confirmation/results/nonlinear_820002.json
nonlinear,820002,6,random_matched138,0.1607618310302341,0.15886438219801977,1999961,,,experiments/confirmation/results/nonlinear_820002.json
nonlinear,820003,1,historical_moment,0.22912598937360867,0.1652771693045803,2336892,,,experiments/confirmation/results/nonlinear_820003.json
nonlinear,820003,1,reservoir_residual,0.22912598937360867,0.16458387033966745,2040846,,,experiments/confirmation/results/nonlinear_820003.json
nonlinear,820003,1,fresh_residual,0.22912598937360867,0.1654610428112013,2192352,,,experiments/confirmation/results/nonlinear_820003.json
nonlinear,820003,1,learned_probe,0.22912598937360867,0.2352863791578346,2738048,,,experiments/confirmation/results/nonlinear_820003.json
nonlinear,820003,1,random_matched138,0.22912598937360867,0.23621841553215397,1999968,,,experiments/confirmation/results/nonlinear_820003.json
nonlinear,820003,2,historical_moment,0.23621841553215397,0.157365159321245,2496804,,,experiments/confirmation/results/nonlinear_820003.json
nonlinear,820003,2,reservoir_residual,0.23621841553215397,0.1575106081199591,2042928,,,experiments/confirmation/results/nonlinear_820003.json
nonlinear,820003,2,fresh_residual,0.23621841553215397,0.15745905585378833,2207724,,,experiments/confirmation/results/nonlinear_820003.json
nonlinear,820003,2,learned_probe,0.23621841553215397,0.1573823108837373,2770436,,,experiments/confirmation/results/nonlinear_820003.json
nonlinear,820003,2,random_matched138,0.23621841553215397,0.1582392246871523,1999980,,,experiments/confirmation/results/nonlinear_820003.json
nonlinear,820003,3,historical_moment,0.1582392246871523,0.16852892161292923,2656571,,,experiments/confirmation/results/nonlinear_820003.json
nonlinear,820003,3,reservoir_residual,0.1582392246871523,0.17196486350206128,2044865,,,experiments/confirmation/results/nonlinear_820003.json
nonlinear,820003,3,fresh_residual,0.1582392246871523,0.1717673267794676,2222951,,,experiments/confirmation/results/nonlinear_820003.json
nonlinear,820003,3,learned_probe,0.1582392246871523,0.17035477559966986,2802679,,,experiments/confirmation/results/nonlinear_820003.json
nonlinear,820003,3,random_matched138,0.1582392246871523,0.16964766396611394,1999847,,,experiments/confirmation/results/nonlinear_820003.json
nonlinear,820003,4,historical_moment,0.16964766396611394,0.16255749519436652,2816580,,,experiments/confirmation/results/nonlinear_820003.json
nonlinear,820003,4,reservoir_residual,0.16964766396611394,0.16410126294322888,2047044,,,experiments/confirmation/results/nonlinear_820003.json
nonlinear,820003,4,fresh_residual,0.16964766396611394,0.1623251354433636,2238420,,,experiments/confirmation/results/nonlinear_820003.json
nonlinear,820003,4,learned_probe,0.16964766396611394,0.1673528322236729,2835164,,,experiments/confirmation/results/nonlinear_820003.json
nonlinear,820003,4,random_matched138,0.16964766396611394,0.16327462502747295,1999956,,,experiments/confirmation/results/nonlinear_820003.json
nonlinear,820003,5,historical_moment,0.16327462502747295,0.15759568390752532,2976414,,,experiments/confirmation/results/nonlinear_820003.json
nonlinear,820003,5,reservoir_residual,0.16327462502747295,0.15835073810228412,2049048,,,experiments/confirmation/results/nonlinear_820003.json
nonlinear,820003,5,fresh_residual,0.16327462502747295,0.15814570291049965,2253714,,,experiments/confirmation/results/nonlinear_820003.json
nonlinear,820003,5,learned_probe,0.16327462502747295,0.15775236361092654,2867474,,,experiments/confirmation/results/nonlinear_820003.json
nonlinear,820003,5,random_matched138,0.16327462502747295,0.15823961248013424,1999890,,,experiments/confirmation/results/nonlinear_820003.json
nonlinear,820003,6,historical_moment,0.15823961248013424,0.1620155293090906,3136385,,,experiments/confirmation/results/nonlinear_820003.json
nonlinear,820003,6,reservoir_residual,0.15823961248013424,0.16143806024594864,2051189,,,experiments/confirmation/results/nonlinear_820003.json
nonlinear,820003,6,fresh_residual,0.15823961248013424,0.16116379379134937,2269145,,,experiments/confirmation/results/nonlinear_820003.json
nonlinear,820003,6,learned_probe,0.15823961248013424,0.1616311317039807,2899921,,,experiments/confirmation/results/nonlinear_820003.json
nonlinear,820003,6,random_matched138,0.15823961248013424,0.1607698451148917,1999961,,,experiments/confirmation/results/nonlinear_820003.json
nonlinear,820004,1,historical_moment,0.22817069924368874,0.1591758543404504,2336892,,,experiments/confirmation/results/nonlinear_820004.json
nonlinear,820004,1,reservoir_residual,0.22817069924368874,0.15919919969844246,2040846,,,experiments/confirmation/results/nonlinear_820004.json
nonlinear,820004,1,fresh_residual,0.22817069924368874,0.15919421937051512,2192352,,,experiments/confirmation/results/nonlinear_820004.json
nonlinear,820004,1,learned_probe,0.22817069924368874,0.2280261569569896,2738048,,,experiments/confirmation/results/nonlinear_820004.json
nonlinear,820004,1,random_matched138,0.22817069924368874,0.1593600065175109,1999968,,,experiments/confirmation/results/nonlinear_820004.json
nonlinear,820004,2,historical_moment,0.1593600065175109,0.1590998722410235,2496804,,,experiments/confirmation/results/nonlinear_820004.json
nonlinear,820004,2,reservoir_residual,0.1593600065175109,0.15918453893191048,2042928,,,experiments/confirmation/results/nonlinear_820004.json
nonlinear,820004,2,fresh_residual,0.1593600065175109,0.1586898004238712,2207724,,,experiments/confirmation/results/nonlinear_820004.json
nonlinear,820004,2,learned_probe,0.1593600065175109,0.15927420258228817,2770436,,,experiments/confirmation/results/nonlinear_820004.json
nonlinear,820004,2,random_matched138,0.1593600065175109,0.1594956839188243,1999980,,,experiments/confirmation/results/nonlinear_820004.json
nonlinear,820004,3,historical_moment,0.1594956839188243,0.17198105987501286,2656571,,,experiments/confirmation/results/nonlinear_820004.json
nonlinear,820004,3,reservoir_residual,0.1594956839188243,0.1710443698582623,2044865,,,experiments/confirmation/results/nonlinear_820004.json
nonlinear,820004,3,fresh_residual,0.1594956839188243,0.17744286937393544,2222951,,,experiments/confirmation/results/nonlinear_820004.json
nonlinear,820004,3,learned_probe,0.1594956839188243,0.1755318409861844,2802679,,,experiments/confirmation/results/nonlinear_820004.json
nonlinear,820004,3,random_matched138,0.1594956839188243,0.1778480590777143,1999847,,,experiments/confirmation/results/nonlinear_820004.json
nonlinear,820004,4,historical_moment,0.1778480590777143,0.16043648764945648,2816580,,,experiments/confirmation/results/nonlinear_820004.json
nonlinear,820004,4,reservoir_residual,0.1778480590777143,0.16074528960878892,2047044,,,experiments/confirmation/results/nonlinear_820004.json
nonlinear,820004,4,fresh_residual,0.1778480590777143,0.16074922383081658,2238420,,,experiments/confirmation/results/nonlinear_820004.json
nonlinear,820004,4,learned_probe,0.1778480590777143,0.16389215237323285,2835164,,,experiments/confirmation/results/nonlinear_820004.json
nonlinear,820004,4,random_matched138,0.1778480590777143,0.16436674567503695,1999956,,,experiments/confirmation/results/nonlinear_820004.json
nonlinear,820004,5,historical_moment,0.16436674567503695,0.16156514536737032,2976414,,,experiments/confirmation/results/nonlinear_820004.json
nonlinear,820004,5,reservoir_residual,0.16436674567503695,0.16082164284904243,2049048,,,experiments/confirmation/results/nonlinear_820004.json
nonlinear,820004,5,fresh_residual,0.16436674567503695,0.15978999624758547,2253714,,,experiments/confirmation/results/nonlinear_820004.json
nonlinear,820004,5,learned_probe,0.16436674567503695,0.16039543856994862,2867474,,,experiments/confirmation/results/nonlinear_820004.json
nonlinear,820004,5,random_matched138,0.16436674567503695,0.1626849843232721,1999890,,,experiments/confirmation/results/nonlinear_820004.json
nonlinear,820004,6,historical_moment,0.1626849843232721,0.16012419577647816,3136385,,,experiments/confirmation/results/nonlinear_820004.json
nonlinear,820004,6,reservoir_residual,0.1626849843232721,0.16139354950525434,2051189,,,experiments/confirmation/results/nonlinear_820004.json
nonlinear,820004,6,fresh_residual,0.1626849843232721,0.16185755980953517,2269145,,,experiments/confirmation/results/nonlinear_820004.json
nonlinear,820004,6,learned_probe,0.1626849843232721,0.1607904288844964,2899921,,,experiments/confirmation/results/nonlinear_820004.json
nonlinear,820004,6,random_matched138,0.1626849843232721,0.16102483607869006,1999961,,,experiments/confirmation/results/nonlinear_820004.json
nonlinear,820005,1,historical_moment,0.23548918957991677,0.15680061230723277,2336892,,,experiments/confirmation/results/nonlinear_820005.json
nonlinear,820005,1,reservoir_residual,0.23548918957991677,0.15669228489853654,2040846,,,experiments/confirmation/results/nonlinear_820005.json
nonlinear,820005,1,fresh_residual,0.23548918957991677,0.15678138401539116,2192352,,,experiments/confirmation/results/nonlinear_820005.json
nonlinear,820005,1,learned_probe,0.23548918957991677,0.15637019483806142,2738048,,,experiments/confirmation/results/nonlinear_820005.json
nonlinear,820005,1,random_matched138,0.23548918957991677,0.22867868347955242,1999968,,,experiments/confirmation/results/nonlinear_820005.json
nonlinear,820005,2,historical_moment,0.22867868347955242,0.1659383787604035,2496804,,,experiments/confirmation/results/nonlinear_820005.json
nonlinear,820005,2,reservoir_residual,0.22867868347955242,0.16583245653721918,2042928,,,experiments/confirmation/results/nonlinear_820005.json
nonlinear,820005,2,fresh_residual,0.22867868347955242,0.16593787695238138,2207724,,,experiments/confirmation/results/nonlinear_820005.json
nonlinear,820005,2,learned_probe,0.22867868347955242,0.16538544188182777,2770436,,,experiments/confirmation/results/nonlinear_820005.json
nonlinear,820005,2,random_matched138,0.22867868347955242,0.1644298940500836,1999980,,,experiments/confirmation/results/nonlinear_820005.json
nonlinear,820005,3,historical_moment,0.1644298940500836,0.1674435422647489,2656571,,,experiments/confirmation/results/nonlinear_820005.json
nonlinear,820005,3,reservoir_residual,0.1644298940500836,0.16610148157116078,2044865,,,experiments/confirmation/results/nonlinear_820005.json
nonlinear,820005,3,fresh_residual,0.1644298940500836,0.16964164117652702,2222951,,,experiments/confirmation/results/nonlinear_820005.json
nonlinear,820005,3,learned_probe,0.1644298940500836,0.16569661329739208,2802679,,,experiments/confirmation/results/nonlinear_820005.json
nonlinear,820005,3,random_matched138,0.1644298940500836,0.16666062478463312,1999847,,,experiments/confirmation/results/nonlinear_820005.json
nonlinear,820005,4,historical_moment,0.16666062478463312,0.16861126692877815,2816580,,,experiments/confirmation/results/nonlinear_820005.json
nonlinear,820005,4,reservoir_residual,0.16666062478463312,0.17234095389181933,2047044,,,experiments/confirmation/results/nonlinear_820005.json
nonlinear,820005,4,fresh_residual,0.16666062478463312,0.16949616683619403,2238420,,,experiments/confirmation/results/nonlinear_820005.json
nonlinear,820005,4,learned_probe,0.16666062478463312,0.17039638695925644,2835164,,,experiments/confirmation/results/nonlinear_820005.json
nonlinear,820005,4,random_matched138,0.16666062478463312,0.17026371159797057,1999956,,,experiments/confirmation/results/nonlinear_820005.json
nonlinear,820005,5,historical_moment,0.17026371159797057,0.16555023439881253,2976414,,,experiments/confirmation/results/nonlinear_820005.json
nonlinear,820005,5,reservoir_residual,0.17026371159797057,0.16213854034300873,2049048,,,experiments/confirmation/results/nonlinear_820005.json
nonlinear,820005,5,fresh_residual,0.17026371159797057,0.16277461848129063,2253714,,,experiments/confirmation/results/nonlinear_820005.json
nonlinear,820005,5,learned_probe,0.17026371159797057,0.16431152569455082,2867474,,,experiments/confirmation/results/nonlinear_820005.json
nonlinear,820005,5,random_matched138,0.17026371159797057,0.16502418302767274,1999890,,,experiments/confirmation/results/nonlinear_820005.json
nonlinear,820005,6,historical_moment,0.16502418302767274,0.17091351368047927,3136385,,,experiments/confirmation/results/nonlinear_820005.json
nonlinear,820005,6,reservoir_residual,0.16502418302767274,0.1688982855924385,2051189,,,experiments/confirmation/results/nonlinear_820005.json
nonlinear,820005,6,fresh_residual,0.16502418302767274,0.172390141135624,2269145,,,experiments/confirmation/results/nonlinear_820005.json
nonlinear,820005,6,learned_probe,0.16502418302767274,0.16840544955738992,2899921,,,experiments/confirmation/results/nonlinear_820005.json
nonlinear,820005,6,random_matched138,0.16502418302767274,0.1694596795518821,1999961,,,experiments/confirmation/results/nonlinear_820005.json
nonlinear,820006,1,historical_moment,0.22702760305402675,0.16472042896298172,2336892,,,experiments/confirmation/results/nonlinear_820006.json
nonlinear,820006,1,reservoir_residual,0.22702760305402675,0.16457628614849407,2040846,,,experiments/confirmation/results/nonlinear_820006.json
nonlinear,820006,1,fresh_residual,0.22702760305402675,0.16460594593460426,2192352,,,experiments/confirmation/results/nonlinear_820006.json
nonlinear,820006,1,learned_probe,0.22702760305402675,0.16374185494188348,2738048,,,experiments/confirmation/results/nonlinear_820006.json
nonlinear,820006,1,random_matched138,0.22702760305402675,0.16366233183471765,1999968,,,experiments/confirmation/results/nonlinear_820006.json
nonlinear,820006,2,historical_moment,0.16366233183471765,0.16318440028380415,2496804,,,experiments/confirmation/results/nonlinear_820006.json
nonlinear,820006,2,reservoir_residual,0.16366233183471765,0.1597426545971869,2042928,,,experiments/confirmation/results/nonlinear_820006.json
nonlinear,820006,2,fresh_residual,0.16366233183471765,0.1597407018268137,2207724,,,experiments/confirmation/results/nonlinear_820006.json
nonlinear,820006,2,learned_probe,0.16366233183471765,0.16130953978526652,2770436,,,experiments/confirmation/results/nonlinear_820006.json
nonlinear,820006,2,random_matched138,0.16366233183471765,0.15967416989979483,1999980,,,experiments/confirmation/results/nonlinear_820006.json
nonlinear,820006,3,historical_moment,0.15967416989979483,0.15609174091800382,2656571,,,experiments/confirmation/results/nonlinear_820006.json
nonlinear,820006,3,reservoir_residual,0.15967416989979483,0.16709037332257065,2044865,,,experiments/confirmation/results/nonlinear_820006.json
nonlinear,820006,3,fresh_residual,0.15967416989979483,0.1587495568967528,2222951,,,experiments/confirmation/results/nonlinear_820006.json
nonlinear,820006,3,learned_probe,0.15967416989979483,0.16093185542379795,2802679,,,experiments/confirmation/results/nonlinear_820006.json
nonlinear,820006,3,random_matched138,0.15967416989979483,0.1558782213667928,1999847,,,experiments/confirmation/results/nonlinear_820006.json
nonlinear,820006,4,historical_moment,0.1558782213667928,0.16500684687818942,2816580,,,experiments/confirmation/results/nonlinear_820006.json
nonlinear,820006,4,reservoir_residual,0.1558782213667928,0.16349846580205538,2047044,,,experiments/confirmation/results/nonlinear_820006.json
nonlinear,820006,4,fresh_residual,0.1558782213667928,0.16483585744465765,2238420,,,experiments/confirmation/results/nonlinear_820006.json
nonlinear,820006,4,learned_probe,0.1558782213667928,0.16304020030540858,2835164,,,experiments/confirmation/results/nonlinear_820006.json
nonlinear,820006,4,random_matched138,0.1558782213667928,0.16467784080147205,1999956,,,experiments/confirmation/results/nonlinear_820006.json
nonlinear,820006,5,historical_moment,0.16467784080147205,0.15974414940367876,2976414,,,experiments/confirmation/results/nonlinear_820006.json
nonlinear,820006,5,reservoir_residual,0.16467784080147205,0.16259701250003358,2049048,,,experiments/confirmation/results/nonlinear_820006.json
nonlinear,820006,5,fresh_residual,0.16467784080147205,0.15955714245352923,2253714,,,experiments/confirmation/results/nonlinear_820006.json
nonlinear,820006,5,learned_probe,0.16467784080147205,0.16040525916112908,2867474,,,experiments/confirmation/results/nonlinear_820006.json
nonlinear,820006,5,random_matched138,0.16467784080147205,0.15946241299756064,1999890,,,experiments/confirmation/results/nonlinear_820006.json
nonlinear,820006,6,historical_moment,0.15946241299756064,0.1873307611766409,3136385,,,experiments/confirmation/results/nonlinear_820006.json
nonlinear,820006,6,reservoir_residual,0.15946241299756064,0.18652655468570986,2051189,,,experiments/confirmation/results/nonlinear_820006.json
nonlinear,820006,6,fresh_residual,0.15946241299756064,0.18708219323110728,2269145,,,experiments/confirmation/results/nonlinear_820006.json
nonlinear,820006,6,learned_probe,0.15946241299756064,0.18479407301046294,2899921,,,experiments/confirmation/results/nonlinear_820006.json
nonlinear,820006,6,random_matched138,0.15946241299756064,0.18618686338863855,1999961,,,experiments/confirmation/results/nonlinear_820006.json
nonlinear,820007,1,historical_moment,0.22816064029808242,0.16642245825160412,2336892,,,experiments/confirmation/results/nonlinear_820007.json
nonlinear,820007,1,reservoir_residual,0.22816064029808242,0.16646699714957522,2040846,,,experiments/confirmation/results/nonlinear_820007.json
nonlinear,820007,1,fresh_residual,0.22816064029808242,0.1664103613499221,2192352,,,experiments/confirmation/results/nonlinear_820007.json
nonlinear,820007,1,learned_probe,0.22816064029808242,0.16627335259428,2738048,,,experiments/confirmation/results/nonlinear_820007.json
nonlinear,820007,1,random_matched138,0.22816064029808242,0.16583984412839195,1999968,,,experiments/confirmation/results/nonlinear_820007.json
nonlinear,820007,2,historical_moment,0.16583984412839195,0.15681805352960662,2496804,,,experiments/confirmation/results/nonlinear_820007.json
nonlinear,820007,2,reservoir_residual,0.16583984412839195,0.15808824932570226,2042928,,,experiments/confirmation/results/nonlinear_820007.json
nonlinear,820007,2,fresh_residual,0.16583984412839195,0.15676691230853695,2207724,,,experiments/confirmation/results/nonlinear_820007.json
nonlinear,820007,2,learned_probe,0.16583984412839195,0.15717971615424245,2770436,,,experiments/confirmation/results/nonlinear_820007.json
nonlinear,820007,2,random_matched138,0.16583984412839195,0.1573929780518305,1999980,,,experiments/confirmation/results/nonlinear_820007.json
nonlinear,820007,3,historical_moment,0.1573929780518305,0.16437228626907746,2656571,,,experiments/confirmation/results/nonlinear_820007.json
nonlinear,820007,3,reservoir_residual,0.1573929780518305,0.1645736455999819,2044865,,,experiments/confirmation/results/nonlinear_820007.json
nonlinear,820007,3,fresh_residual,0.1573929780518305,0.16377410460302716,2222951,,,experiments/confirmation/results/nonlinear_820007.json
nonlinear,820007,3,learned_probe,0.1573929780518305,0.1639341905293531,2802679,,,experiments/confirmation/results/nonlinear_820007.json
nonlinear,820007,3,random_matched138,0.1573929780518305,0.16377499323435266,1999847,,,experiments/confirmation/results/nonlinear_820007.json
nonlinear,820007,4,historical_moment,0.16377499323435266,0.1616262562156458,2816580,,,experiments/confirmation/results/nonlinear_820007.json
nonlinear,820007,4,reservoir_residual,0.16377499323435266,0.16370336117067685,2047044,,,experiments/confirmation/results/nonlinear_820007.json
nonlinear,820007,4,fresh_residual,0.16377499323435266,0.1614355512880822,2238420,,,experiments/confirmation/results/nonlinear_820007.json
nonlinear,820007,4,learned_probe,0.16377499323435266,0.16553665324066885,2835164,,,experiments/confirmation/results/nonlinear_820007.json
nonlinear,820007,4,random_matched138,0.16377499323435266,0.16331602065579554,1999956,,,experiments/confirmation/results/nonlinear_820007.json
nonlinear,820007,5,historical_moment,0.16331602065579554,0.17040482306223134,2976414,,,experiments/confirmation/results/nonlinear_820007.json
nonlinear,820007,5,reservoir_residual,0.16331602065579554,0.15871522374965968,2049048,,,experiments/confirmation/results/nonlinear_820007.json
nonlinear,820007,5,fresh_residual,0.16331602065579554,0.15815836568421657,2253714,,,experiments/confirmation/results/nonlinear_820007.json
nonlinear,820007,5,learned_probe,0.16331602065579554,0.15901912923403283,2867474,,,experiments/confirmation/results/nonlinear_820007.json
nonlinear,820007,5,random_matched138,0.16331602065579554,0.15912667430514923,1999890,,,experiments/confirmation/results/nonlinear_820007.json
nonlinear,820007,6,historical_moment,0.15912667430514923,0.1591978788509011,3136385,,,experiments/confirmation/results/nonlinear_820007.json
nonlinear,820007,6,reservoir_residual,0.15912667430514923,0.1595574434220881,2051189,,,experiments/confirmation/results/nonlinear_820007.json
nonlinear,820007,6,fresh_residual,0.15912667430514923,0.15963910908690063,2269145,,,experiments/confirmation/results/nonlinear_820007.json
nonlinear,820007,6,learned_probe,0.15912667430514923,0.15835551521992816,2899921,,,experiments/confirmation/results/nonlinear_820007.json
nonlinear,820007,6,random_matched138,0.15912667430514923,0.15999858946084022,1999961,,,experiments/confirmation/results/nonlinear_820007.json
nonlinear,820008,1,historical_moment,0.22681470152803826,0.15664794395791323,2336892,,,experiments/confirmation/results/nonlinear_820008.json
nonlinear,820008,1,reservoir_residual,0.22681470152803826,0.1566671859741829,2040846,,,experiments/confirmation/results/nonlinear_820008.json
nonlinear,820008,1,fresh_residual,0.22681470152803826,0.15664983558599255,2192352,,,experiments/confirmation/results/nonlinear_820008.json
nonlinear,820008,1,learned_probe,0.22681470152803826,0.1566832913169711,2738048,,,experiments/confirmation/results/nonlinear_820008.json
nonlinear,820008,1,random_matched138,0.22681470152803826,0.15668210931704754,1999968,,,experiments/confirmation/results/nonlinear_820008.json
nonlinear,820008,2,historical_moment,0.15668210931704754,0.15667790167229192,2496804,,,experiments/confirmation/results/nonlinear_820008.json
nonlinear,820008,2,reservoir_residual,0.15668210931704754,0.15630452584473564,2042928,,,experiments/confirmation/results/nonlinear_820008.json
nonlinear,820008,2,fresh_residual,0.15668210931704754,0.1568282527820684,2207724,,,experiments/confirmation/results/nonlinear_820008.json
nonlinear,820008,2,learned_probe,0.15668210931704754,0.15849836644903834,2770436,,,experiments/confirmation/results/nonlinear_820008.json
nonlinear,820008,2,random_matched138,0.15668210931704754,0.15688257792909555,1999980,,,experiments/confirmation/results/nonlinear_820008.json
nonlinear,820008,3,historical_moment,0.15688257792909555,0.16844675954717261,2656571,,,experiments/confirmation/results/nonlinear_820008.json
nonlinear,820008,3,reservoir_residual,0.15688257792909555,0.16810737481171953,2044865,,,experiments/confirmation/results/nonlinear_820008.json
nonlinear,820008,3,fresh_residual,0.15688257792909555,0.16824615182253463,2222951,,,experiments/confirmation/results/nonlinear_820008.json
nonlinear,820008,3,learned_probe,0.15688257792909555,0.16829536459652733,2802679,,,experiments/confirmation/results/nonlinear_820008.json
nonlinear,820008,3,random_matched138,0.15688257792909555,0.16852994377496358,1999847,,,experiments/confirmation/results/nonlinear_820008.json
nonlinear,820008,4,historical_moment,0.16852994377496358,0.15997460501829405,2816580,,,experiments/confirmation/results/nonlinear_820008.json
nonlinear,820008,4,reservoir_residual,0.16852994377496358,0.15934114307352693,2047044,,,experiments/confirmation/results/nonlinear_820008.json
nonlinear,820008,4,fresh_residual,0.16852994377496358,0.15945246150642564,2238420,,,experiments/confirmation/results/nonlinear_820008.json
nonlinear,820008,4,learned_probe,0.16852994377496358,0.158746092143571,2835164,,,experiments/confirmation/results/nonlinear_820008.json
nonlinear,820008,4,random_matched138,0.16852994377496358,0.15879668734800478,1999956,,,experiments/confirmation/results/nonlinear_820008.json
nonlinear,820008,5,historical_moment,0.15879668734800478,0.16118854535602115,2976414,,,experiments/confirmation/results/nonlinear_820008.json
nonlinear,820008,5,reservoir_residual,0.15879668734800478,0.16044674266334602,2049048,,,experiments/confirmation/results/nonlinear_820008.json
nonlinear,820008,5,fresh_residual,0.15879668734800478,0.16059369163033616,2253714,,,experiments/confirmation/results/nonlinear_820008.json
nonlinear,820008,5,learned_probe,0.15879668734800478,0.16053670450641275,2867474,,,experiments/confirmation/results/nonlinear_820008.json
nonlinear,820008,5,random_matched138,0.15879668734800478,0.16179050720347116,1999890,,,experiments/confirmation/results/nonlinear_820008.json
nonlinear,820008,6,historical_moment,0.16179050720347116,0.15518003784124904,3136385,,,experiments/confirmation/results/nonlinear_820008.json
nonlinear,820008,6,reservoir_residual,0.16179050720347116,0.15409248915174734,2051189,,,experiments/confirmation/results/nonlinear_820008.json
nonlinear,820008,6,fresh_residual,0.16179050720347116,0.15701675263956325,2269145,,,experiments/confirmation/results/nonlinear_820008.json
nonlinear,820008,6,learned_probe,0.16179050720347116,0.15417850747648904,2899921,,,experiments/confirmation/results/nonlinear_820008.json
nonlinear,820008,6,random_matched138,0.16179050720347116,0.15428753779033866,1999961,,,experiments/confirmation/results/nonlinear_820008.json
nonlinear,820009,1,historical_moment,0.2313900055505995,0.1599793631378839,2336892,,,experiments/confirmation/results/nonlinear_820009.json
nonlinear,820009,1,reservoir_residual,0.2313900055505995,0.16027754153228702,2040846,,,experiments/confirmation/results/nonlinear_820009.json
nonlinear,820009,1,fresh_residual,0.2313900055505995,0.1599636983314993,2192352,,,experiments/confirmation/results/nonlinear_820009.json
nonlinear,820009,1,learned_probe,0.2313900055505995,0.23806901298926225,2738048,,,experiments/confirmation/results/nonlinear_820009.json
nonlinear,820009,1,random_matched138,0.2313900055505995,0.16017519412993866,1999968,,,experiments/confirmation/results/nonlinear_820009.json
nonlinear,820009,2,historical_moment,0.16017519412993866,0.16078013978529804,2496804,,,experiments/confirmation/results/nonlinear_820009.json
nonlinear,820009,2,reservoir_residual,0.16017519412993866,0.1588367704432141,2042928,,,experiments/confirmation/results/nonlinear_820009.json
nonlinear,820009,2,fresh_residual,0.16017519412993866,0.16012812572135346,2207724,,,experiments/confirmation/results/nonlinear_820009.json
nonlinear,820009,2,learned_probe,0.16017519412993866,0.15854158300869162,2770436,,,experiments/confirmation/results/nonlinear_820009.json
nonlinear,820009,2,random_matched138,0.16017519412993866,0.15997331016988975,1999980,,,experiments/confirmation/results/nonlinear_820009.json
nonlinear,820009,3,historical_moment,0.15997331016988975,0.16703205462297407,2656571,,,experiments/confirmation/results/nonlinear_820009.json
nonlinear,820009,3,reservoir_residual,0.15997331016988975,0.1650404090154317,2044865,,,experiments/confirmation/results/nonlinear_820009.json
nonlinear,820009,3,fresh_residual,0.15997331016988975,0.16613263542573922,2222951,,,experiments/confirmation/results/nonlinear_820009.json
nonlinear,820009,3,learned_probe,0.15997331016988975,0.16543188875129705,2802679,,,experiments/confirmation/results/nonlinear_820009.json
nonlinear,820009,3,random_matched138,0.15997331016988975,0.1645535451678051,1999847,,,experiments/confirmation/results/nonlinear_820009.json
nonlinear,820009,4,historical_moment,0.1645535451678051,0.16065022575345023,2816580,,,experiments/confirmation/results/nonlinear_820009.json
nonlinear,820009,4,reservoir_residual,0.1645535451678051,0.1602075966760439,2047044,,,experiments/confirmation/results/nonlinear_820009.json
nonlinear,820009,4,fresh_residual,0.1645535451678051,0.160869990382644,2238420,,,experiments/confirmation/results/nonlinear_820009.json
nonlinear,820009,4,learned_probe,0.1645535451678051,0.16163007577608057,2835164,,,experiments/confirmation/results/nonlinear_820009.json
nonlinear,820009,4,random_matched138,0.1645535451678051,0.16287165836463416,1999956,,,experiments/confirmation/results/nonlinear_820009.json
nonlinear,820009,5,historical_moment,0.16287165836463416,0.16668712990767645,2976414,,,experiments/confirmation/results/nonlinear_820009.json
nonlinear,820009,5,reservoir_residual,0.16287165836463416,0.1641434462996727,2049048,,,experiments/confirmation/results/nonlinear_820009.json
nonlinear,820009,5,fresh_residual,0.16287165836463416,0.1651557176077408,2253714,,,experiments/confirmation/results/nonlinear_820009.json
nonlinear,820009,5,learned_probe,0.16287165836463416,0.16593951761455564,2867474,,,experiments/confirmation/results/nonlinear_820009.json
nonlinear,820009,5,random_matched138,0.16287165836463416,0.16577810146336658,1999890,,,experiments/confirmation/results/nonlinear_820009.json
nonlinear,820009,6,historical_moment,0.16577810146336658,0.1682940459586603,3136385,,,experiments/confirmation/results/nonlinear_820009.json
nonlinear,820009,6,reservoir_residual,0.16577810146336658,0.1657395391251336,2051189,,,experiments/confirmation/results/nonlinear_820009.json
nonlinear,820009,6,fresh_residual,0.16577810146336658,0.16579965943507982,2269145,,,experiments/confirmation/results/nonlinear_820009.json
nonlinear,820009,6,learned_probe,0.16577810146336658,0.16740758593472124,2899921,,,experiments/confirmation/results/nonlinear_820009.json
nonlinear,820009,6,random_matched138,0.16577810146336658,0.16592969502206054,1999961,,,experiments/confirmation/results/nonlinear_820009.json
nonlinear,820010,1,historical_moment,0.2260836603224655,0.15604833653673192,2336892,,,experiments/confirmation/results/nonlinear_820010.json
nonlinear,820010,1,reservoir_residual,0.2260836603224655,0.15587708240650622,2040846,,,experiments/confirmation/results/nonlinear_820010.json
nonlinear,820010,1,fresh_residual,0.2260836603224655,0.15610756472287923,2192352,,,experiments/confirmation/results/nonlinear_820010.json
nonlinear,820010,1,learned_probe,0.2260836603224655,0.1557963119450303,2738048,,,experiments/confirmation/results/nonlinear_820010.json
nonlinear,820010,1,random_matched138,0.2260836603224655,0.15595549342922993,1999968,,,experiments/confirmation/results/nonlinear_820010.json
nonlinear,820010,2,historical_moment,0.15595549342922993,0.15634099550630687,2496804,,,experiments/confirmation/results/nonlinear_820010.json
nonlinear,820010,2,reservoir_residual,0.15595549342922993,0.15716586117570935,2042928,,,experiments/confirmation/results/nonlinear_820010.json
nonlinear,820010,2,fresh_residual,0.15595549342922993,0.15647333244212622,2207724,,,experiments/confirmation/results/nonlinear_820010.json
nonlinear,820010,2,learned_probe,0.15595549342922993,0.156233815244587,2770436,,,experiments/confirmation/results/nonlinear_820010.json
nonlinear,820010,2,random_matched138,0.15595549342922993,0.15635830306840212,1999980,,,experiments/confirmation/results/nonlinear_820010.json
nonlinear,820010,3,historical_moment,0.15635830306840212,0.16294750568524946,2656571,,,experiments/confirmation/results/nonlinear_820010.json
nonlinear,820010,3,reservoir_residual,0.15635830306840212,0.16089409458726356,2044865,,,experiments/confirmation/results/nonlinear_820010.json
nonlinear,820010,3,fresh_residual,0.15635830306840212,0.16639489058902016,2222951,,,experiments/confirmation/results/nonlinear_820010.json
nonlinear,820010,3,learned_probe,0.15635830306840212,0.16060971791212295,2802679,,,experiments/confirmation/results/nonlinear_820010.json
nonlinear,820010,3,random_matched138,0.15635830306840212,0.16107548568988644,1999847,,,experiments/confirmation/results/nonlinear_820010.json
nonlinear,820010,4,historical_moment,0.16107548568988644,0.1584391960816559,2816580,,,experiments/confirmation/results/nonlinear_820010.json
nonlinear,820010,4,reservoir_residual,0.16107548568988644,0.1588065627895497,2047044,,,experiments/confirmation/results/nonlinear_820010.json
nonlinear,820010,4,fresh_residual,0.16107548568988644,0.15954770580451366,2238420,,,experiments/confirmation/results/nonlinear_820010.json
nonlinear,820010,4,learned_probe,0.16107548568988644,0.15986060800408392,2835164,,,experiments/confirmation/results/nonlinear_820010.json
nonlinear,820010,4,random_matched138,0.16107548568988644,0.15685485029891666,1999956,,,experiments/confirmation/results/nonlinear_820010.json
nonlinear,820010,5,historical_moment,0.15685485029891666,0.16845602974468102,2976414,,,experiments/confirmation/results/nonlinear_820010.json
nonlinear,820010,5,reservoir_residual,0.15685485029891666,0.17158093148034367,2049048,,,experiments/confirmation/results/nonlinear_820010.json
nonlinear,820010,5,fresh_residual,0.15685485029891666,0.16876455090903905,2253714,,,experiments/confirmation/results/nonlinear_820010.json
nonlinear,820010,5,learned_probe,0.15685485029891666,0.16896736570107682,2867474,,,experiments/confirmation/results/nonlinear_820010.json
nonlinear,820010,5,random_matched138,0.15685485029891666,0.16774424377678676,1999890,,,experiments/confirmation/results/nonlinear_820010.json
nonlinear,820010,6,historical_moment,0.16774424377678676,0.1608220355455347,3136385,,,experiments/confirmation/results/nonlinear_820010.json
nonlinear,820010,6,reservoir_residual,0.16774424377678676,0.1623706265412363,2051189,,,experiments/confirmation/results/nonlinear_820010.json
nonlinear,820010,6,fresh_residual,0.16774424377678676,0.16079837506655886,2269145,,,experiments/confirmation/results/nonlinear_820010.json
nonlinear,820010,6,learned_probe,0.16774424377678676,0.1616453113480366,2899921,,,experiments/confirmation/results/nonlinear_820010.json
nonlinear,820010,6,random_matched138,0.16774424377678676,0.16323194431252178,1999961,,,experiments/confirmation/results/nonlinear_820010.json
nonlinear,820011,1,historical_moment,0.22630500828309486,0.15664920439115357,2336892,,,experiments/confirmation/results/nonlinear_820011.json
nonlinear,820011,1,reservoir_residual,0.22630500828309486,0.15695862494488305,2040846,,,experiments/confirmation/results/nonlinear_820011.json
nonlinear,820011,1,fresh_residual,0.22630500828309486,0.15676409842538602,2192352,,,experiments/confirmation/results/nonlinear_820011.json
nonlinear,820011,1,learned_probe,0.22630500828309486,0.15697783395750076,2738048,,,experiments/confirmation/results/nonlinear_820011.json
nonlinear,820011,1,random_matched138,0.22630500828309486,0.23062276839075865,1999968,,,experiments/confirmation/results/nonlinear_820011.json
nonlinear,820011,2,historical_moment,0.23062276839075865,0.1588540613640698,2496804,,,experiments/confirmation/results/nonlinear_820011.json
nonlinear,820011,2,reservoir_residual,0.23062276839075865,0.1588763857818605,2042928,,,experiments/confirmation/results/nonlinear_820011.json
nonlinear,820011,2,fresh_residual,0.23062276839075865,0.158940765868962,2207724,,,experiments/confirmation/results/nonlinear_820011.json
nonlinear,820011,2,learned_probe,0.23062276839075865,0.15934786013370061,2770436,,,experiments/confirmation/results/nonlinear_820011.json
nonlinear,820011,2,random_matched138,0.23062276839075865,0.1597357776123671,1999980,,,experiments/confirmation/results/nonlinear_820011.json
nonlinear,820011,3,historical_moment,0.1597357776123671,0.16517579824561554,2656571,,,experiments/confirmation/results/nonlinear_820011.json
nonlinear,820011,3,reservoir_residual,0.1597357776123671,0.16477122947902245,2044865,,,experiments/confirmation/results/nonlinear_820011.json
nonlinear,820011,3,fresh_residual,0.1597357776123671,0.1648430857681912,2222951,,,experiments/confirmation/results/nonlinear_820011.json
nonlinear,820011,3,learned_probe,0.1597357776123671,0.16576066821676624,2802679,,,experiments/confirmation/results/nonlinear_820011.json
nonlinear,820011,3,random_matched138,0.1597357776123671,0.16552981380952117,1999847,,,experiments/confirmation/results/nonlinear_820011.json
nonlinear,820011,4,historical_moment,0.16552981380952117,0.1637105652178246,2816580,,,experiments/confirmation/results/nonlinear_820011.json
nonlinear,820011,4,reservoir_residual,0.16552981380952117,0.16496390429010327,2047044,,,experiments/confirmation/results/nonlinear_820011.json
nonlinear,820011,4,fresh_residual,0.16552981380952117,0.16408461149123588,2238420,,,experiments/confirmation/results/nonlinear_820011.json
nonlinear,820011,4,learned_probe,0.16552981380952117,0.16802244115291362,2835164,,,experiments/confirmation/results/nonlinear_820011.json
nonlinear,820011,4,random_matched138,0.16552981380952117,0.1650471020211093,1999956,,,experiments/confirmation/results/nonlinear_820011.json
nonlinear,820011,5,historical_moment,0.1650471020211093,0.15891878596375464,2976414,,,experiments/confirmation/results/nonlinear_820011.json
nonlinear,820011,5,reservoir_residual,0.1650471020211093,0.16058128458458298,2049048,,,experiments/confirmation/results/nonlinear_820011.json
nonlinear,820011,5,fresh_residual,0.1650471020211093,0.15903887906579658,2253714,,,experiments/confirmation/results/nonlinear_820011.json
nonlinear,820011,5,learned_probe,0.1650471020211093,0.15821455359664982,2867474,,,experiments/confirmation/results/nonlinear_820011.json
nonlinear,820011,5,random_matched138,0.1650471020211093,0.1579043331840008,1999890,,,experiments/confirmation/results/nonlinear_820011.json
nonlinear,820011,6,historical_moment,0.1579043331840008,0.15352690359389254,3136385,,,experiments/confirmation/results/nonlinear_820011.json
nonlinear,820011,6,reservoir_residual,0.1579043331840008,0.15335924684141572,2051189,,,experiments/confirmation/results/nonlinear_820011.json
nonlinear,820011,6,fresh_residual,0.1579043331840008,0.15547755053089898,2269145,,,experiments/confirmation/results/nonlinear_820011.json
nonlinear,820011,6,learned_probe,0.1579043331840008,0.15333064959182324,2899921,,,experiments/confirmation/results/nonlinear_820011.json
nonlinear,820011,6,random_matched138,0.1579043331840008,0.1533314843628977,1999961,,,experiments/confirmation/results/nonlinear_820011.json
null,820000,1,historical_moment,0.2527994320787261,0.2619930452573579,2336892,6.02877439118861e-07,0.002782143701599662,experiments/confirmation/results/null_820000.json
null,820000,1,reservoir_residual,0.2527994320787261,0.2612108408614273,2040846,0.0003885936085630738,0.002782143701599662,experiments/confirmation/results/null_820000.json
null,820000,1,fresh_residual,0.2527994320787261,0.2618425438309879,2192352,6.720660044461317e-05,0.002782143701599662,experiments/confirmation/results/null_820000.json
null,820000,1,learned_probe,0.2527994320787261,0.26133274992262884,2738048,8.733864360669232e-06,0.002782143701599662,experiments/confirmation/results/null_820000.json
null,820000,1,random_matched138,0.2527994320787261,0.25842069188584177,1999968,7.06353820508866e-07,0.002782143701599662,experiments/confirmation/results/null_820000.json
null,820000,2,historical_moment,0.25842069188584177,0.25411735814871605,2496804,0.006263318472078146,0.0073844788047079815,experiments/confirmation/results/null_820000.json
null,820000,2,reservoir_residual,0.25842069188584177,0.25637858565752775,2042928,1.4757998429595725e-06,0.0073844788047079815,experiments/confirmation/results/null_820000.json
null,820000,2,fresh_residual,0.25842069188584177,0.25483082051785105,2207724,0.00508773894054849,0.0073844788047079815,experiments/confirmation/results/null_820000.json
null,820000,2,learned_probe,0.25842069188584177,0.25689047120574876,2770436,7.321016810231355e-05,0.0073844788047079815,experiments/confirmation/results/null_820000.json
null,820000,2,random_matched138,0.25842069188584177,0.2536905544211716,1999980,1.7909176097889283e-05,0.0073844788047079815,experiments/confirmation/results/null_820000.json
null,820000,3,historical_moment,0.2536905544211716,0.25677748636337877,2656571,0.002441006101263627,0.0031468373435126116,experiments/confirmation/results/null_820000.json
null,820000,3,reservoir_residual,0.2536905544211716,0.2574526105065164,2044865,1.487803883344767e-05,0.0031468373435126116,experiments/confirmation/results/null_820000.json
null,820000,3,fresh_residual,0.2536905544211716,0.25806902653040337,2222951,0.0020866706699600684,0.0031468373435126116,experiments/confirmation/results/null_820000.json
null,820000,3,learned_probe,0.2536905544211716,0.2532605911201326,2802679,0.0001678517840621949,0.0031468373435126116,experiments/confirmation/results/null_820000.json
null,820000,3,random_matched138,0.2536905544211716,0.2511894336090516,1999847,0.00019487787794702458,0.0031468373435126116,experiments/confirmation/results/null_820000.json
null,820000,4,historical_moment,0.2511894336090516,0.2676640991075938,2816580,0.00012833713805737563,0.0004170183150113084,experiments/confirmation/results/null_820000.json
null,820000,4,reservoir_residual,0.2511894336090516,0.25596664431236615,2047044,8.523643388033716e-05,0.0004170183150113084,experiments/confirmation/results/null_820000.json
null,820000,4,fresh_residual,0.2511894336090516,0.2628942684466365,2238420,4.384123185155293e-05,0.0004170183150113084,experiments/confirmation/results/null_820000.json
null,820000,4,learned_probe,0.2511894336090516,0.2638761855535112,2835164,2.3071378342586566e-05,0.0004170183150113084,experiments/confirmation/results/null_820000.json
null,820000,4,random_matched138,0.2511894336090516,0.26999090409593407,1999956,5.600491566917507e-06,0.0004170183150113084,experiments/confirmation/results/null_820000.json
null,820000,5,historical_moment,0.26999090409593407,0.25930501196846567,2976414,0.009740472231745763,0.010241477468385102,experiments/confirmation/results/null_820000.json
null,820000,5,reservoir_residual,0.26999090409593407,0.2583417545639646,2049048,3.725662144215295e-05,0.010241477468385102,experiments/confirmation/results/null_820000.json
null,820000,5,fresh_residual,0.26999090409593407,0.2585721426269994,2253714,0.008660248471248657,0.010241477468385102,experiments/confirmation/results/null_820000.json
null,820000,5,learned_probe,0.26999090409593407,0.26005011733712874,2867474,0.0002588724941566149,0.010241477468385102,experiments/confirmation/results/null_820000.json
null,820000,5,random_matched138,0.26999090409593407,0.2568628018897708,1999890,0.00013272466004176744,0.010241477468385102,experiments/confirmation/results/null_820000.json
null,820000,6,historical_moment,0.2568628018897708,0.25917393169197944,3136385,0.002361164304916645,0.0029081585580156334,experiments/confirmation/results/null_820000.json
null,820000,6,reservoir_residual,0.2568628018897708,0.259422099133124,2051189,0.0002774115620808639,0.0029081585580156334,experiments/confirmation/results/null_820000.json
null,820000,6,fresh_residual,0.2568628018897708,0.25878172523369647,2269145,0.0009908961913343763,0.0029081585580156334,experiments/confirmation/results/null_820000.json
null,820000,6,learned_probe,0.2568628018897708,0.26282322265552255,2899921,4.921361941728817e-08,0.0029081585580156334,experiments/confirmation/results/null_820000.json
null,820000,6,random_matched138,0.2568628018897708,0.2596997726479618,1999961,5.729697064080151e-05,0.0029081585580156334,experiments/confirmation/results/null_820000.json
null,820001,1,historical_moment,0.254566051798999,0.2550382898152228,2336892,1.1356459727535772e-08,0.003974544730209136,experiments/confirmation/results/null_820001.json
null,820001,1,reservoir_residual,0.254566051798999,0.2532332950175287,2040846,1.7078529036244457e-06,0.003974544730209136,experiments/confirmation/results/null_820001.json
null,820001,1,fresh_residual,0.254566051798999,0.2518579360094473,2192352,0.002186143288966547,0.003974544730209136,experiments/confirmation/results/null_820001.json
null,820001,1,learned_probe,0.254566051798999,0.2558055681235442,2738048,3.3131764720925676e-07,0.003974544730209136,experiments/confirmation/results/null_820001.json
null,820001,1,random_matched138,0.254566051798999,0.2562548203389544,1999968,4.322600503746509e-05,0.003974544730209136,experiments/confirmation/results/null_820001.json
null,820001,2,historical_moment,0.2562548203389544,0.2598965413618848,2496804,0.0006851331746308505,0.004404743176551794,experiments/confirmation/results/null_820001.json
null,820001,2,reservoir_residual,0.2562548203389544,0.258751761522725,2042928,0.0009178436649320873,0.004404743176551794,experiments/confirmation/results/null_820001.json
null,820001,2,fresh_residual,0.2562548203389544,0.2605997762542888,2207724,0.0015800745492669966,0.004404743176551794,experiments/confirmation/results/null_820001.json
null,820001,2,learned_probe,0.2562548203389544,0.2613288368689268,2770436,0.0004021181323130551,0.004404743176551794,experiments/confirmation/results/null_820001.json
null,820001,2,random_matched138,0.2562548203389544,0.2587393397636228,1999980,0.0005326926807525536,0.004404743176551794,experiments/confirmation/results/null_820001.json
null,820001,3,historical_moment,0.2587393397636228,0.25764915183104564,2656571,0.004709817775653847,0.005587849704630646,experiments/confirmation/results/null_820001.json
null,820001,3,reservoir_residual,0.2587393397636228,0.25554170437627066,2044865,2.51050089611712e-06,0.005587849704630646,experiments/confirmation/results/null_820001.json
null,820001,3,fresh_residual,0.2587393397636228,0.25507702320987125,2222951,0.0033409891737497146,0.005587849704630646,experiments/confirmation/results/null_820001.json
null,820001,3,learned_probe,0.2587393397636228,0.25474147575613043,2802679,1.7920295033926312e-08,0.005587849704630646,experiments/confirmation/results/null_820001.json
null,820001,3,random_matched138,0.2587393397636228,0.2601104784665977,1999847,8.189914843401357e-05,0.005587849704630646,experiments/confirmation/results/null_820001.json
null,820001,4,historical_moment,0.2601104784665977,0.2637792365912019,2816580,0.006873991640825166,0.007110338112146644,experiments/confirmation/results/null_820001.json
null,820001,4,reservoir_residual,0.2601104784665977,0.2618055131874721,2047044,0.00017104927546653272,0.007110338112146644,experiments/confirmation/results/null_820001.json
null,820001,4,fresh_residual,0.2601104784665977,0.2665145946893542,2238420,0.0054496793059400144,0.007110338112146644,experiments/confirmation/results/null_820001.json
null,820001,4,learned_probe,0.2601104784665977,0.26438440911374284,2835164,0.001619479217528439,0.007110338112146644,experiments/confirmation/results/null_820001.json
null,820001,4,random_matched138,0.2601104784665977,0.2625146976677616,1999956,1.94409026898101e-05,0.007110338112146644,experiments/confirmation/results/null_820001.json
null,820001,5,historical_moment,0.2625146976677616,0.25412607376129553,2976414,0.008036479458087416,0.008294861646767224,experiments/confirmation/results/null_820001.json
null,820001,5,reservoir_residual,0.2625146976677616,0.2530118128594998,2049048,0.00013939452804482262,0.008294861646767224,experiments/confirmation/results/null_820001.json
null,820001,5,fresh_residual,0.2625146976677616,0.2553594343120682,2253714,0.004733894933843851,0.008294861646767224,experiments/confirmation/results/null_820001.json
null,820001,5,learned_probe,0.2625146976677616,0.25407507831473386,2867474,0.002570802671522314,0.008294861646767224,experiments/confirmation/results/null_820001.json
null,820001,5,random_matched138,0.2625146976677616,0.2541305358866208,1999890,8.477242750203446e-05,0.008294861646767224,experiments/confirmation/results/null_820001.json
null,820001,6,historical_moment,0.2541305358866208,0.2547819504442649,3136385,0.0016233418025710723,0.001993190373388583,experiments/confirmation/results/null_820001.json
null,820001,6,reservoir_residual,0.2541305358866208,0.25566067127906333,2051189,7.535229122465501e-06,0.001993190373388583,experiments/confirmation/results/null_820001.json
null,820001,6,fresh_residual,0.2541305358866208,0.2542008341237021,2269145,0.00037168895075023674,0.001993190373388583,experiments/confirmation/results/null_820001.json
null,820001,6,learned_probe,0.2541305358866208,0.25681875637816315,2899921,5.726443898913916e-07,0.001993190373388583,experiments/confirmation/results/null_820001.json
null,820001,6,random_matched138,0.2541305358866208,0.2568458277302015,1999961,0.00017636512140516928,0.001993190373388583,experiments/confirmation/results/null_820001.json
null,820002,1,historical_moment,0.25520731582844897,0.2546485139918228,2336892,0.0024576023941672172,0.005069283938914619,experiments/confirmation/results/null_820002.json
null,820002,1,reservoir_residual,0.25520731582844897,0.25649304280056406,2040846,5.088723100014006e-05,0.005069283938914619,experiments/confirmation/results/null_820002.json
null,820002,1,fresh_residual,0.25520731582844897,0.25477697830780455,2192352,0.0027676527391503115,0.005069283938914619,experiments/confirmation/results/null_820002.json
null,820002,1,learned_probe,0.25520731582844897,0.2579445477876528,2738048,0.0006060169415209331,0.005069283938914619,experiments/confirmation/results/null_820002.json
null,820002,1,random_matched138,0.25520731582844897,0.25204278684183073,1999968,7.881785833716077e-06,0.005069283938914619,experiments/confirmation/results/null_820002.json
null,820002,2,historical_moment,0.25204278684183073,0.2553712365594357,2496804,3.609685061730917e-07,0.0009159818564056292,experiments/confirmation/results/null_820002.json
null,820002,2,reservoir_residual,0.25204278684183073,0.2568066743121079,2042928,4.621048909868391e-06,0.0009159818564056292,experiments/confirmation/results/null_820002.json
null,820002,2,fresh_residual,0.25204278684183073,0.25725074648010227,2207724,2.657135475788876e-08,0.0009159818564056292,experiments/confirmation/results/null_820002.json
null,820002,2,learned_probe,0.25204278684183073,0.25634861984004975,2770436,1.3782490307692525e-08,0.0009159818564056292,experiments/confirmation/results/null_820002.json
null,820002,2,random_matched138,0.25204278684183073,0.2545513370021575,1999980,0.00014709315399785887,0.0009159818564056292,experiments/confirmation/results/null_820002.json
null,820002,3,historical_moment,0.2545513370021575,0.2569593635307879,2656571,0.00047480753272497014,0.0019069204782212101,experiments/confirmation/results/null_820002.json
null,820002,3,reservoir_residual,0.2545513370021575,0.2579746730738069,2044865,5.393486579799519e-05,0.0019069204782212101,experiments/confirmation/results/null_820002.json
null,820002,3,fresh_residual,0.2545513370021575,0.2581425616891079,2222951,5.17386002576967e-05,0.0019069204782212101,experiments/confirmation/results/null_820002.json
null,820002,3,learned_probe,0.2545513370021575,0.25773832975024324,2802679,3.128103497619146e-07,0.0019069204782212101,experiments/confirmation/results/null_820002.json
null,820002,3,random_matched138,0.2545513370021575,0.2575136831680395,1999847,0.00012390847973687026,0.0019069204782212101,experiments/confirmation/results/null_820002.json
null,820002,4,historical_moment,0.2575136831680395,0.26557502423593593,2816580,0.0024313416233960002,0.0031436592932787204,experiments/confirmation/results/null_820002.json
null,820002,4,reservoir_residual,0.2575136831680395,0.25892365574297577,2047044,1.9822997258112016e-06,0.0031436592932787204,experiments/confirmation/results/null_820002.json
null,820002,4,fresh_residual,0.2575136831680395,0.263148810831645,2238420,0.0014810311329854966,0.0031436592932787204,experiments/confirmation/results/null_820002.json
null,820002,4,learned_probe,0.2575136831680395,0.26322667652512866,2835164,7.485287085860327e-05,0.0031436592932787204,experiments/confirmation/results/null_820002.json
null,820002,4,random_matched138,0.2575136831680395,0.26214186723953725,1999956,0.0003612428413193806,0.0031436592932787204,experiments/confirmation/results/null_820002.json
null,820002,5,historical_moment,0.26214186723953725,0.2668228789613517,2976414,0.005556097731681866,0.00592941907748135,experiments/confirmation/results/null_820002.json
null,820002,5,reservoir_residual,0.26214186723953725,0.26372462141485015,2049048,3.0139111264167903e-05,0.00592941907748135,experiments/confirmation/results/null_820002.json
null,820002,5,fresh_residual,0.26214186723953725,0.26602110114698274,2253714,0.004744943184406443,0.00592941907748135,experiments/confirmation/results/null_820002.json
null,820002,5,learned_probe,0.26214186723953725,0.2629783016857094,2867474,2.4576026450921294e-05,0.00592941907748135,experiments/confirmation/results/null_820002.json
null,820002,5,random_matched138,0.26214186723953725,0.26047799098865637,1999890,0.0007590483829213565,0.00592941907748135,experiments/confirmation/results/null_820002.json
null,820002,6,historical_moment,0.26047799098865637,0.25895158109636157,3136385,0.007479398846322991,0.007950907617642994,experiments/confirmation/results/null_820002.json
null,820002,6,reservoir_residual,0.26047799098865637,0.2561692010492722,2051189,0.0002716596769000081,0.007950907617642994,experiments/confirmation/results/null_820002.json
null,820002,6,fresh_residual,0.26047799098865637,0.2553092612346365,2269145,0.005920688870442798,0.007950907617642994,experiments/confirmation/results/null_820002.json
null,820002,6,learned_probe,0.26047799098865637,0.2548561058838539,2899921,4.912370937177888e-05,0.007950907617642994,experiments/confirmation/results/null_820002.json
null,820002,6,random_matched138,0.26047799098865637,0.2559065041729763,1999961,1.3949923591792143e-06,0.007950907617642994,experiments/confirmation/results/null_820002.json
null,820003,1,historical_moment,0.2561929753467941,0.2535415272197944,2336892,0.004312169141202242,0.00585547171223833,experiments/confirmation/results/null_820003.json
null,820003,1,reservoir_residual,0.2561929753467941,0.2526757022949437,2040846,2.866843239149886e-10,0.00585547171223833,experiments/confirmation/results/null_820003.json
null,820003,1,fresh_residual,0.2561929753467941,0.2557138577569589,2192352,0.004364742052490738,0.00585547171223833,experiments/confirmation/results/null_820003.json
null,820003,1,learned_probe,0.2561929753467941,0.2527475241747311,2738048,3.6836320774509786e-07,0.00585547171223833,experiments/confirmation/results/null_820003.json
null,820003,1,random_matched138,0.2561929753467941,0.2579804401095376,1999968,4.820104842435586e-10,0.00585547171223833,experiments/confirmation/results/null_820003.json
null,820003,2,historical_moment,0.2579804401095376,0.2581415062327366,2496804,0.004542863491075042,0.006669817994459739,experiments/confirmation/results/null_820003.json
null,820003,2,reservoir_residual,0.2579804401095376,0.2604358936827993,2042928,0.00035266674617291145,0.006669817994459739,experiments/confirmation/results/null_820003.json
null,820003,2,fresh_residual,0.2579804401095376,0.25862441388014146,2207724,0.0017002121079107361,0.006669817994459739,experiments/confirmation/results/null_820003.json
null,820003,2,learned_probe,0.2579804401095376,0.25803875674561305,2770436,3.6528872606359144e-08,0.006669817994459739,experiments/confirmation/results/null_820003.json
null,820003,2,random_matched138,0.2579804401095376,0.2596800669950834,1999980,2.4395253702799386e-05,0.006669817994459739,experiments/confirmation/results/null_820003.json
null,820003,3,historical_moment,0.2596800669950834,0.2637016949217045,2656571,0.0048800293565605364,0.00599835466467521,experiments/confirmation/results/null_820003.json
null,820003,3,reservoir_residual,0.2596800669950834,0.2580211782471007,2044865,4.5462525400463024e-05,0.00599835466467521,experiments/confirmation/results/null_820003.json
null,820003,3,fresh_residual,0.2596800669950834,0.2590460803958918,2222951,0.00391259930669477,0.00599835466467521,experiments/confirmation/results/null_820003.json
null,820003,3,learned_probe,0.2596800669950834,0.2572671128473291,2802679,0.00025958469869434103,0.00599835466467521,experiments/confirmation/results/null_820003.json
null,820003,3,random_matched138,0.2596800669950834,0.25698513376789717,1999847,3.0153642356290663e-07,0.00599835466467521,experiments/confirmation/results/null_820003.json
null,820003,4,historical_moment,0.25698513376789717,0.2636191060374462,2816580,0.003882500044316808,0.004442139516919093,experiments/confirmation/results/null_820003.json
null,820003,4,reservoir_residual,0.25698513376789717,0.25510727218633084,2047044,5.291505450634584e-05,0.004442139516919093,experiments/confirmation/results/null_820003.json
null,820003,4,fresh_residual,0.25698513376789717,0.2560523203481148,2238420,0.0009138071855336893,0.004442139516919093,experiments/confirmation/results/null_820003.json
null,820003,4,learned_probe,0.25698513376789717,0.2608539128416117,2835164,2.3480067956231773e-05,0.004442139516919093,experiments/confirmation/results/null_820003.json
null,820003,4,random_matched138,0.25698513376789717,0.2575238142118653,1999956,2.6077243144400438e-05,0.004442139516919093,experiments/confirmation/results/null_820003.json
null,820003,5,historical_moment,0.2575238142118653,0.26058360698124994,2976414,0.0014990923460893165,0.002819096461970341,experiments/confirmation/results/null_820003.json
null,820003,5,reservoir_residual,0.2575238142118653,0.25919985308502974,2049048,1.40519845006829e-05,0.002819096461970341,experiments/confirmation/results/null_820003.json
null,820003,5,fresh_residual,0.2575238142118653,0.25923572835626,2253714,0.0005227103227053443,0.002819096461970341,experiments/confirmation/results/null_820003.json
null,820003,5,learned_probe,0.2575238142118653,0.26205765076105986,2867474,5.008941818950672e-06,0.002819096461970341,experiments/confirmation/results/null_820003.json
null,820003,5,random_matched138,0.2575238142118653,0.2591096111160839,1999890,7.795870474403184e-05,0.002819096461970341,experiments/confirmation/results/null_820003.json
null,820003,6,historical_moment,0.2591096111160839,0.2548014619023348,3136385,0.0032567800869212848,0.003965688909431766,experiments/confirmation/results/null_820003.json
null,820003,6,reservoir_residual,0.2591096111160839,0.25412522670647264,2051189,0.0007546637857892361,0.003965688909431766,experiments/confirmation/results/null_820003.json
null,820003,6,fresh_residual,0.2591096111160839,0.25414941729531954,2269145,0.001968937867762577,0.003965688909431766,experiments/confirmation/results/null_820003.json
null,820003,6,learned_probe,0.2591096111160839,0.25389082515092,2899921,0.0011664666254383406,0.003965688909431766,experiments/confirmation/results/null_820003.json
null,820003,6,random_matched138,0.2591096111160839,0.25343505607894307,1999961,1.2070813799701297e-05,0.003965688909431766,experiments/confirmation/results/null_820003.json
null,820004,1,historical_moment,0.2544223464473655,0.25525485143331356,2336892,3.3518262843097146e-10,0.0043968448931220455,experiments/confirmation/results/null_820004.json
null,820004,1,reservoir_residual,0.2544223464473655,0.25779185440553903,2040846,3.4034815159603304e-05,0.0043968448931220455,experiments/confirmation/results/null_820004.json
null,820004,1,fresh_residual,0.2544223464473655,0.25252696105970496,2192352,0.0018749001603316046,0.0043968448931220455,experiments/confirmation/results/null_820004.json
null,820004,1,learned_probe,0.2544223464473655,0.25529674883296344,2738048,1.6454102411774475e-11,0.0043968448931220455,experiments/confirmation/results/null_820004.json
null,820004,1,random_matched138,0.2544223464473655,0.25959085418703864,1999968,2.8277922173286974e-06,0.0043968448931220455,experiments/confirmation/results/null_820004.json
null,820004,2,historical_moment,0.25959085418703864,0.264015353040847,2496804,0.006813386055413569,0.0075673665560292095,experiments/confirmation/results/null_820004.json
null,820004,2,reservoir_residual,0.25959085418703864,0.2589381112843935,2042928,1.5400490276373238e-06,0.0075673665560292095,experiments/confirmation/results/null_820004.json
null,820004,2,fresh_residual,0.25959085418703864,0.2637319390968671,2207724,0.006496071420716102,0.0075673665560292095,experiments/confirmation/results/null_820004.json
null,820004,2,learned_probe,0.25959085418703864,0.2559642884181817,2770436,1.1974144278580715e-05,0.0075673665560292095,experiments/confirmation/results/null_820004.json
null,820004,2,random_matched138,0.25959085418703864,0.25522531274634136,1999980,2.0857833069826782e-07,0.0075673665560292095,experiments/confirmation/results/null_820004.json
null,820004,3,historical_moment,0.25522531274634136,0.26129073425098515,2656571,0.002056943665288555,0.0029623813333814375,experiments/confirmation/results/null_820004.json
null,820004,3,reservoir_residual,0.25522531274634136,0.2609521121251027,2044865,1.9580443716862706e-06,0.0029623813333814375,experiments/confirmation/results/null_820004.json
null,820004,3,fresh_residual,0.25522531274634136,0.2619640737375295,2222951,0.0026745978958952832,0.0029623813333814375,experiments/confirmation/results/null_820004.json
null,820004,3,learned_probe,0.25522531274634136,0.26411503633399014,2802679,6.661488862430338e-06,0.0029623813333814375,experiments/confirmation/results/null_820004.json
null,820004,3,random_matched138,0.25522531274634136,0.2622714784802066,1999847,9.579928315064244e-07,0.0029623813333814375,experiments/confirmation/results/null_820004.json
null,820004,4,historical_moment,0.2622714784802066,0.25279110934651416,2816580,0.0061471656714128155,0.0071947245316932905,experiments/confirmation/results/null_820004.json
null,820004,4,reservoir_residual,0.2622714784802066,0.2578604748976168,2047044,4.906230193821059e-05,0.0071947245316932905,experiments/confirmation/results/null_820004.json
null,820004,4,fresh_residual,0.2622714784802066,0.2579569703964026,2238420,0.004530777451440856,0.0071947245316932905,experiments/confirmation/results/null_820004.json
null,820004,4,learned_probe,0.2622714784802066,0.2585500428258807,2835164,0.0009393128359084056,0.0071947245316932905,experiments/confirmation/results/null_820004.json
null,820004,4,random_matched138,0.2622714784802066,0.2574522969299195,1999956,0.00022273252531077189,0.0071947245316932905,experiments/confirmation/results/null_820004.json
null,820004,5,historical_moment,0.2574522969299195,0.2547134651348708,2976414,0.0052078086198935674,0.005750207554999998,experiments/confirmation/results/null_820004.json
null,820004,5,reservoir_residual,0.2574522969299195,0.2552737927697909,2049048,4.850671367234671e-05,0.005750207554999998,experiments/confirmation/results/null_820004.json
null,820004,5,fresh_residual,0.2574522969299195,0.25463854522901636,2253714,0.003812017551019572,0.005750207554999998,experiments/confirmation/results/null_820004.json
null,820004,5,learned_probe,0.2574522969299195,0.254573490059712,2867474,3.958800493671277e-06,0.005750207554999998,experiments/confirmation/results/null_820004.json
null,820004,5,random_matched138,0.2574522969299195,0.25489283406590846,1999890,6.611643772804106e-05,0.005750207554999998,experiments/confirmation/results/null_820004.json
null,820004,6,historical_moment,0.25489283406590846,0.2538018303344267,3136385,0.002547159559466987,0.003205108920368986,experiments/confirmation/results/null_820004.json
null,820004,6,reservoir_residual,0.25489283406590846,0.2521917393652426,2051189,1.1026492261346959e-05,0.003205108920368986,experiments/confirmation/results/null_820004.json
null,820004,6,fresh_residual,0.25489283406590846,0.25347413815394737,2269145,0.002242544937972759,0.003205108920368986,experiments/confirmation/results/null_820004.json
null,820004,6,learned_probe,0.25489283406590846,0.25185185971619434,2899921,9.376550911828028e-05,0.003205108920368986,experiments/confirmation/results/null_820004.json
null,820004,6,random_matched138,0.25489283406590846,0.25201648140134564,1999961,3.6050614850691077e-06,0.003205108920368986,experiments/confirmation/results/null_820004.json
null,820005,1,historical_moment,0.2585239182224851,0.2564233071238675,2336892,0.005088405018220197,0.007728084493326224,experiments/confirmation/results/null_820005.json
null,820005,1,reservoir_residual,0.2585239182224851,0.2552497042779005,2040846,6.963186540932033e-05,0.007728084493326224,experiments/confirmation/results/null_820005.json
null,820005,1,fresh_residual,0.2585239182224851,0.2562246294265193,2192352,0.003731773042850832,0.007728084493326224,experiments/confirmation/results/null_820005.json
null,820005,1,learned_probe,0.2585239182224851,0.2549741443143498,2738048,4.31098736861386e-06,0.007728084493326224,experiments/confirmation/results/null_820005.json
null,820005,1,random_matched138,0.2585239182224851,0.25557788295175754,1999968,0.0008474432309727273,0.007728084493326224,experiments/confirmation/results/null_820005.json
null,820005,2,historical_moment,0.25557788295175754,0.2556006438240428,2496804,2.3531201713487116e-06,0.004017983235828628,experiments/confirmation/results/null_820005.json
null,820005,2,reservoir_residual,0.25557788295175754,0.25406828853901725,2042928,1.6702354843561417e-06,0.004017983235828628,experiments/confirmation/results/null_820005.json
null,820005,2,fresh_residual,0.25557788295175754,0.2548248054966337,2207724,0.0021509023154035233,0.004017983235828628,experiments/confirmation/results/null_820005.json
null,820005,2,learned_probe,0.25557788295175754,0.2534882683436046,2770436,9.405669733967393e-07,0.004017983235828628,experiments/confirmation/results/null_820005.json
null,820005,2,random_matched138,0.25557788295175754,0.25474032178855893,1999980,0.0004303910903346356,0.004017983235828628,experiments/confirmation/results/null_820005.json
null,820005,3,historical_moment,0.25474032178855893,0.25377217885061626,2656571,0.002436253999281232,0.0031790688072365313,experiments/confirmation/results/null_820005.json
null,820005,3,reservoir_residual,0.25474032178855893,0.2543861480017998,2044865,0.00020894880237802324,0.0031790688072365313,experiments/confirmation/results/null_820005.json
null,820005,3,fresh_residual,0.25474032178855893,0.25363379457008134,2222951,0.0008240682579256342,0.0031790688072365313,experiments/confirmation/results/null_820005.json
null,820005,3,learned_probe,0.25474032178855893,0.2607688735447716,2802679,9.688777008880308e-08,0.0031790688072365313,experiments/confirmation/results/null_820005.json
null,820005,3,random_matched138,0.25474032178855893,0.25384084164424303,1999847,1.307798496609317e-06,0.0031790688072365313,experiments/confirmation/results/null_820005.json
null,820005,4,historical_moment,0.25384084164424303,0.2547665031733732,2816580,0.0010133625726455697,0.002878271150584519,experiments/confirmation/results/null_820005.json
null,820005,4,reservoir_residual,0.25384084164424303,0.2570426426877424,2047044,2.4304548898551573e-07,0.002878271150584519,experiments/confirmation/results/null_820005.json
null,820005,4,fresh_residual,0.25384084164424303,0.2538800815656597,2238420,0.0005493573071463626,0.002878271150584519,experiments/confirmation/results/null_820005.json
null,820005,4,learned_probe,0.25384084164424303,0.2530953190611997,2835164,1.7119925884766365e-05,0.002878271150584519,experiments/confirmation/results/null_820005.json
null,820005,4,random_matched138,0.25384084164424303,0.2552163992913863,1999956,3.627011070122039e-05,0.002878271150584519,experiments/confirmation/results/null_820005.json
null,820005,5,historical_moment,0.2552163992913863,0.2563946172844115,2976414,0.0019624851614974204,0.002598585746533522,experiments/confirmation/results/null_820005.json
null,820005,5,reservoir_residual,0.2552163992913863,0.2568343354071039,2049048,0.00018398333870316564,0.002598585746533522,experiments/confirmation/results/null_820005.json
null,820005,5,fresh_residual,0.2552163992913863,0.25751016108873953,2253714,0.0002000070172950513,0.002598585746533522,experiments/confirmation/results/null_820005.json
null,820005,5,learned_probe,0.2552163992913863,0.2596999306303866,2867474,3.897047684803942e-05,0.002598585746533522,experiments/confirmation/results/null_820005.json
null,820005,5,random_matched138,0.2552163992913863,0.2589791978205575,1999890,2.1564661104855395e-05,0.002598585746533522,experiments/confirmation/results/null_820005.json
null,820005,6,historical_moment,0.2589791978205575,0.2595118475882675,3136385,0.0034344856073336427,0.003741912447300003,experiments/confirmation/results/null_820005.json
null,820005,6,reservoir_residual,0.2589791978205575,0.2592177644602048,2051189,2.094430248259282e-05,0.003741912447300003,experiments/confirmation/results/null_820005.json
null,820005,6,fresh_residual,0.2589791978205575,0.26155388174282185,2269145,0.0016816142892371818,0.003741912447300003,experiments/confirmation/results/null_820005.json
null,820005,6,learned_probe,0.2589791978205575,0.2650562435492015,2899921,0.00014262983234146026,0.003741912447300003,experiments/confirmation/results/null_820005.json
null,820005,6,random_matched138,0.2589791978205575,0.2637295490604668,1999961,0.00010189155977512315,0.003741912447300003,experiments/confirmation/results/null_820005.json
null,820006,1,historical_moment,0.25488758146445106,0.2561233180758092,2336892,5.862387204175977e-07,0.00445772819196197,experiments/confirmation/results/null_820006.json
null,820006,1,reservoir_residual,0.25488758146445106,0.25218266921047866,2040846,2.6844803559252594e-05,0.00445772819196197,experiments/confirmation/results/null_820006.json
null,820006,1,fresh_residual,0.25488758146445106,0.25919984160063686,2192352,5.674850255767275e-05,0.00445772819196197,experiments/confirmation/results/null_820006.json
null,820006,1,learned_probe,0.25488758146445106,0.25736716885660194,2738048,0.00043332019874922964,0.00445772819196197,experiments/confirmation/results/null_820006.json
null,820006,1,random_matched138,0.25488758146445106,0.2527533696643852,1999968,5.3866120834704915e-05,0.00445772819196197,experiments/confirmation/results/null_820006.json
null,820006,2,historical_moment,0.2527533696643852,0.25323676844073745,2496804,0.000562294630399287,0.0012777824476930529,experiments/confirmation/results/null_820006.json
null,820006,2,reservoir_residual,0.2527533696643852,0.26235936144425964,2042928,0.00011678593138221028,0.0012777824476930529,experiments/confirmation/results/null_820006.json
null,820006,2,fresh_residual,0.2527533696643852,0.25249532299102945,2207724,0.00031119285258069285,0.0012777824476930529,experiments/confirmation/results/null_820006.json
null,820006,2,learned_probe,0.2527533696643852,0.2617774553377259,2770436,3.783588001695414e-09,0.0012777824476930529,experiments/confirmation/results/null_820006.json
null,820006,2,random_matched138,0.2527533696643852,0.26302148097835204,1999980,8.856489088632818e-07,0.0012777824476930529,experiments/confirmation/results/null_820006.json
null,820006,3,historical_moment,0.26302148097835204,0.25409073623953954,2656571,0.010998372167239581,0.011590791929347364,experiments/confirmation/results/null_820006.json
null,820006,3,reservoir_residual,0.26302148097835204,0.2531096018602856,2044865,8.670619890779407e-07,0.011590791929347364,experiments/confirmation/results/null_820006.json
null,820006,3,fresh_residual,0.26302148097835204,0.25245159805145423,2222951,0.008432515975035703,0.011590791929347364,experiments/confirmation/results/null_820006.json
null,820006,3,learned_probe,0.26302148097835204,0.2532091497194347,2802679,1.8187817079763407e-05,0.011590791929347364,experiments/confirmation/results/null_820006.json
null,820006,3,random_matched138,0.26302148097835204,0.25280638305003544,1999847,3.0698823198916093e-06,0.011590791929347364,experiments/confirmation/results/null_820006.json
null,820006,4,historical_moment,0.25280638305003544,0.2597370765685182,2816580,0.0010376821418284017,0.0013999627051070917,experiments/confirmation/results/null_820006.json
null,820006,4,reservoir_residual,0.25280638305003544,0.2622391807475849,2047044,2.4720709434115875e-05,0.0013999627051070917,experiments/confirmation/results/null_820006.json
null,820006,4,fresh_residual,0.25280638305003544,0.2599359047515708,2238420,0.0006406910030029031,0.0013999627051070917,experiments/confirmation/results/null_820006.json
null,820006,4,learned_probe,0.25280638305003544,0.2589433208961707,2835164,0.00013980002258899183,0.0013999627051070917,experiments/confirmation/results/null_820006.json
null,820006,4,random_matched138,0.25280638305003544,0.2589337817631357,1999956,6.402577516999579e-07,0.0013999627051070917,experiments/confirmation/results/null_820006.json
null,820006,5,historical_moment,0.2589337817631357,0.2519820398393863,2976414,0.005447145062182944,0.0059072214744787166,experiments/confirmation/results/null_820006.json
null,820006,5,reservoir_residual,0.2589337817631357,0.2520734466230704,2049048,0.00016367266458355305,0.0059072214744787166,experiments/confirmation/results/null_820006.json
null,820006,5,fresh_residual,0.2589337817631357,0.25167315546904845,2253714,0.0049471383146665404,0.0059072214744787166,experiments/confirmation/results/null_820006.json
null,820006,5,learned_probe,0.2589337817631357,0.2542341896753234,2867474,4.6942830691047015e-05,0.0059072214744787166,experiments/confirmation/results/null_820006.json
null,820006,5,random_matched138,0.2589337817631357,0.25224460828100054,1999890,3.389067032323319e-05,0.0059072214744787166,experiments/confirmation/results/null_820006.json
null,820006,6,historical_moment,0.25224460828100054,0.2588924940898374,3136385,0.00047835961419774516,0.0008387284607664382,experiments/confirmation/results/null_820006.json
null,820006,6,reservoir_residual,0.25224460828100054,0.2596641656205919,2051189,2.10334603762053e-05,0.0008387284607664382,experiments/confirmation/results/null_820006.json
null,820006,6,fresh_residual,0.25224460828100054,0.26063515658619385,2269145,4.6484512195785775e-05,0.0008387284607664382,experiments/confirmation/results/null_820006.json
null,820006,6,learned_probe,0.25224460828100054,0.25898514505414555,2899921,5.63960474622283e-05,0.0008387284607664382,experiments/confirmation/results/null_820006.json
null,820006,6,random_matched138,0.25224460828100054,0.2584725474445489,1999961,4.83669438220675e-06,0.0008387284607664382,experiments/confirmation/results/null_820006.json
null,820007,1,historical_moment,0.25574677260132495,0.2527048459397791,2336892,2.4712625239698384e-06,0.0055090210315232625,experiments/confirmation/results/null_820007.json
null,820007,1,reservoir_residual,0.25574677260132495,0.2527421305563586,2040846,0.0001535045858629662,0.0055090210315232625,experiments/confirmation/results/null_820007.json
null,820007,1,fresh_residual,0.25574677260132495,0.2515703143204309,2192352,0.0022885033455501734,0.0055090210315232625,experiments/confirmation/results/null_820007.json
null,820007,1,learned_probe,0.25574677260132495,0.2533367552079364,2738048,2.15656977698837e-09,0.0055090210315232625,experiments/confirmation/results/null_820007.json
null,820007,1,random_matched138,0.25574677260132495,0.25256139033733,1999968,5.431755111823006e-06,0.0055090210315232625,experiments/confirmation/results/null_820007.json
null,820007,2,historical_moment,0.25256139033733,0.257068532826794,2496804,0.00020539288365392476,0.0018142696099998573,experiments/confirmation/results/null_820007.json
null,820007,2,reservoir_residual,0.25256139033733,0.25828438126720815,2042928,9.927537952211987e-06,0.0018142696099998573,experiments/confirmation/results/null_820007.json
null,820007,2,fresh_residual,0.25256139033733,0.25841917027815225,2207724,0.0006504788845969671,0.0018142696099998573,experiments/confirmation/results/null_820007.json
null,820007,2,learned_probe,0.25256139033733,0.2604128898922973,2770436,7.315733555078802e-05,0.0018142696099998573,experiments/confirmation/results/null_820007.json
null,820007,2,random_matched138,0.25256139033733,0.2578626053546541,1999980,2.0277940017440073e-05,0.0018142696099998573,experiments/confirmation/results/null_820007.json
null,820007,3,historical_moment,0.2578626053546541,0.25992147244202646,2656571,0.003845507644761895,0.00427588500309654,experiments/confirmation/results/null_820007.json
null,820007,3,reservoir_residual,0.2578626053546541,0.2584744288374262,2044865,1.1526593162489234e-05,0.00427588500309654,experiments/confirmation/results/null_820007.json
null,820007,3,fresh_residual,0.2578626053546541,0.2598099169138358,2222951,0.0025315565829979606,0.00427588500309654,experiments/confirmation/results/null_820007.json
null,820007,3,learned_probe,0.2578626053546541,0.2586180652500863,2802679,6.430976244673964e-05,0.00427588500309654,experiments/confirmation/results/null_820007.json
null,820007,3,random_matched138,0.2578626053546541,0.2583087954431467,1999847,7.094441317406461e-05,0.00427588500309654,experiments/confirmation/results/null_820007.json
null,820007,4,historical_moment,0.2583087954431467,0.2520272334180293,2816580,0.0024168199274868982,0.0028230883505461664,experiments/confirmation/results/null_820007.json
null,820007,4,reservoir_residual,0.2583087954431467,0.2535854870114658,2047044,1.2064129566995997e-05,0.0028230883505461664,experiments/confirmation/results/null_820007.json
null,820007,4,fresh_residual,0.2583087954431467,0.25900055693855556,2238420,0.002129136017165795,0.0028230883505461664,experiments/confirmation/results/null_820007.json
null,820007,4,learned_probe,0.2583087954431467,0.2563846175200602,2835164,4.381043209243615e-06,0.0028230883505461664,experiments/confirmation/results/null_820007.json
null,820007,4,random_matched138,0.2583087954431467,0.2520774151699442,1999956,5.276434111472224e-06,0.0028230883505461664,experiments/confirmation/results/null_820007.json
null,820007,5,historical_moment,0.2520774151699442,0.2569055173441944,2976414,0.0002502248394999208,0.0006876075410120802,experiments/confirmation/results/null_820007.json
null,820007,5,reservoir_residual,0.2520774151699442,0.25559658645416594,2049048,1.788615362875007e-07,0.0006876075410120802,experiments/confirmation/results/null_820007.json
null,820007,5,fresh_residual,0.2520774151699442,0.2546279917812803,2253714,0.00012996838914210274,0.0006876075410120802,experiments/confirmation/results/null_820007.json
null,820007,5,learned_probe,0.2520774151699442,0.2557152100369012,2867474,2.531864339058894e-05,0.0006876075410120802,experiments/confirmation/results/null_820007.json
null,820007,5,random_matched138,0.2520774151699442,0.25449155763894343,1999890,7.744647836080117e-06,0.0006876075410120802,experiments/confirmation/results/null_820007.json
null,820007,6,historical_moment,0.25449155763894343,0.255114678225041,3136385,0.0032988968597876425,0.003763245273811957,experiments/confirmation/results/null_820007.json
null,820007,6,reservoir_residual,0.25449155763894343,0.25362886428551507,2051189,1.1523710036386765e-06,0.003763245273811957,experiments/confirmation/results/null_820007.json
null,820007,6,fresh_residual,0.25449155763894343,0.254404193360815,2269145,0.002512882407077759,0.003763245273811957,experiments/confirmation/results/null_820007.json
null,820007,6,learned_probe,0.25449155763894343,0.2529001527255799,2899921,1.0213734872654615e-05,0.003763245273811957,experiments/confirmation/results/null_820007.json
null,820007,6,random_matched138,0.25449155763894343,0.25467057024184664,1999961,5.223080874555946e-07,0.003763245273811957,experiments/confirmation/results/null_820007.json
null,820008,1,historical_moment,0.2555067028448165,0.25340074411797625,2336892,0.0001901904499548845,0.005505055505402249,experiments/confirmation/results/null_820008.json
null,820008,1,reservoir_residual,0.2555067028448165,0.2521588170293217,2040846,2.135000538407775e-08,0.005505055505402249,experiments/confirmation/results/null_820008.json
null,820008,1,fresh_residual,0.2555067028448165,0.25347741828546494,2192352,0.0007541308051734204,0.005505055505402249,experiments/confirmation/results/null_820008.json
null,820008,1,learned_probe,0.2555067028448165,0.25220762527134866,2738048,1.206516661954965e-06,0.005505055505402249,experiments/confirmation/results/null_820008.json
null,820008,1,random_matched138,0.2555067028448165,0.25341323160348184,1999968,1.4854396775047665e-05,0.005505055505402249,experiments/confirmation/results/null_820008.json
null,820008,2,historical_moment,0.25341323160348184,0.25931431529292703,2496804,2.019251492176168e-06,0.0026820249231515525,experiments/confirmation/results/null_820008.json
null,820008,2,reservoir_residual,0.25341323160348184,0.25957943645242126,2042928,4.0784521529252816e-05,0.0026820249231515525,experiments/confirmation/results/null_820008.json
null,820008,2,fresh_residual,0.25341323160348184,0.26003892800590467,2207724,0.00029216330683143663,0.0026820249231515525,experiments/confirmation/results/null_820008.json
null,820008,2,learned_probe,0.25341323160348184,0.2612874969161333,2770436,3.824675832944502e-05,0.0026820249231515525,experiments/confirmation/results/null_820008.json
null,820008,2,random_matched138,0.25341323160348184,0.25877960038267805,1999980,1.2960234828730716e-06,0.0026820249231515525,experiments/confirmation/results/null_820008.json
null,820008,3,historical_moment,0.25877960038267805,0.2549337038520842,2656571,0.00532394068545635,0.005677836694697166,experiments/confirmation/results/null_820008.json
null,820008,3,reservoir_residual,0.25877960038267805,0.25707331873161865,2044865,7.805218060269826e-05,0.005677836694697166,experiments/confirmation/results/null_820008.json
null,820008,3,fresh_residual,0.25877960038267805,0.2568874844306866,2222951,0.00047529756130667113,0.005677836694697166,experiments/confirmation/results/null_820008.json
null,820008,3,learned_probe,0.25877960038267805,0.2574770518181277,2802679,1.4401278288423284e-05,0.005677836694697166,experiments/confirmation/results/null_820008.json
null,820008,3,random_matched138,0.25877960038267805,0.25491791267956737,1999847,0.0002168138147267824,0.005677836694697166,experiments/confirmation/results/null_820008.json
null,820008,4,historical_moment,0.25491791267956737,0.25832491570124005,2816580,0.00026101226491895827,0.004021836622403287,experiments/confirmation/results/null_820008.json
null,820008,4,reservoir_residual,0.25491791267956737,0.2591762548757204,2047044,3.358924455763007e-07,0.004021836622403287,experiments/confirmation/results/null_820008.json
null,820008,4,fresh_residual,0.25491791267956737,0.25635897326963725,2238420,0.0007617659200859626,0.004021836622403287,experiments/confirmation/results/null_820008.json
null,820008,4,learned_probe,0.25491791267956737,0.257307196700122,2835164,2.8211294053584232e-08,0.004021836622403287,experiments/confirmation/results/null_820008.json
null,820008,4,random_matched138,0.25491791267956737,0.2567199273794441,1999956,2.5304115452172216e-05,0.004021836622403287,experiments/confirmation/results/null_820008.json
null,820008,5,historical_moment,0.2567199273794441,0.2569093198852547,2976414,0.0024741779673691897,0.003319990672279621,experiments/confirmation/results/null_820008.json
null,820008,5,reservoir_residual,0.2567199273794441,0.25803262367225255,2049048,0.0002721915259870946,0.003319990672279621,experiments/confirmation/results/null_820008.json
null,820008,5,fresh_residual,0.2567199273794441,0.25792341984224837,2253714,0.0008958023961395187,0.003319990672279621,experiments/confirmation/results/null_820008.json
null,820008,5,learned_probe,0.2567199273794441,0.25833612178619547,2867474,0.00011050753157816451,0.003319990672279621,experiments/confirmation/results/null_820008.json
null,820008,5,random_matched138,0.2567199273794441,0.25701745911587554,1999890,7.902002595187473e-07,0.003319990672279621,experiments/confirmation/results/null_820008.json
null,820008,6,historical_moment,0.25701745911587554,0.2593203832304365,3136385,0.0035165683936500803,0.0037628383975100623,experiments/confirmation/results/null_820008.json
null,820008,6,reservoir_residual,0.25701745911587554,0.26131649957106257,2051189,1.666276789343403e-05,0.0037628383975100623,experiments/confirmation/results/null_820008.json
null,820008,6,fresh_residual,0.25701745911587554,0.261904676729944,2269145,0.0001471522275963299,0.0037628383975100623,experiments/confirmation/results/null_820008.json
null,820008,6,learned_probe,0.25701745911587554,0.26200829962776495,2899921,0.00013495299306262687,0.0037628383975100623,experiments/confirmation/results/null_820008.json
null,820008,6,random_matched138,0.25701745911587554,0.25977623846190256,1999961,1.3792894441784055e-05,0.0037628383975100623,experiments/confirmation/results/null_820008.json
null,820009,1,historical_moment,0.25730243618138815,0.2588209331254594,2336892,0.005815751083030914,0.0072961724923877,experiments/confirmation/results/null_820009.json
null,820009,1,reservoir_residual,0.25730243618138815,0.25796722389958693,2040846,5.312452398460197e-06,0.0072961724923877,experiments/confirmation/results/null_820009.json
null,820009,1,fresh_residual,0.25730243618138815,0.25836610054862974,2192352,0.006270603211672824,0.0072961724923877,experiments/confirmation/results/null_820009.json
null,820009,1,learned_probe,0.25730243618138815,0.2579020913751176,2738048,4.582699832754917e-08,0.0072961724923877,experiments/confirmation/results/null_820009.json
null,820009,1,random_matched138,0.25730243618138815,0.25727890461765335,1999968,6.461345834365872e-06,0.0072961724923877,experiments/confirmation/results/null_820009.json
null,820009,2,historical_moment,0.25727890461765335,0.2581975559449334,2496804,0.005039876313578645,0.006565034894930214,experiments/confirmation/results/null_820009.json
null,820009,2,reservoir_residual,0.25727890461765335,0.2562751471537853,2042928,2.1101253547385566e-06,0.006565034894930214,experiments/confirmation/results/null_820009.json
null,820009,2,fresh_residual,0.25727890461765335,0.2566662103635054,2207724,0.004017711997430762,0.006565034894930214,experiments/confirmation/results/null_820009.json
null,820009,2,learned_probe,0.25727890461765335,0.2560146382650803,2770436,2.9576857405426267e-06,0.006565034894930214,experiments/confirmation/results/null_820009.json
null,820009,2,random_matched138,0.25727890461765335,0.25692793090503824,1999980,2.1028431939422542e-05,0.006565034894930214,experiments/confirmation/results/null_820009.json
null,820009,3,historical_moment,0.25692793090503824,0.26383147034054355,2656571,0.002718789646499816,0.004093854239334047,experiments/confirmation/results/null_820009.json
null,820009,3,reservoir_residual,0.25692793090503824,0.2604811178121851,2044865,2.1170518191784186e-05,0.004093854239334047,experiments/confirmation/results/null_820009.json
null,820009,3,fresh_residual,0.25692793090503824,0.26488119214323574,2222951,0.002526728994493473,0.004093854239334047,experiments/confirmation/results/null_820009.json
null,820009,3,learned_probe,0.25692793090503824,0.2609328250982612,2802679,0.00017033121330971323,0.004093854239334047,experiments/confirmation/results/null_820009.json
null,820009,3,random_matched138,0.25692793090503824,0.2624062140411953,1999847,0.00039097639279676567,0.004093854239334047,experiments/confirmation/results/null_820009.json
null,820009,4,historical_moment,0.2624062140411953,0.2597865098758001,2816580,0.009610638121750064,0.01054401416245372,experiments/confirmation/results/null_820009.json
null,820009,4,reservoir_residual,0.2624062140411953,0.26178346969488375,2047044,2.948156186285706e-05,0.01054401416245372,experiments/confirmation/results/null_820009.json
null,820009,4,fresh_residual,0.2624062140411953,0.26070384454476553,2238420,0.007970844620298413,0.01054401416245372,experiments/confirmation/results/null_820009.json
null,820009,4,learned_probe,0.2624062140411953,0.2614235499579265,2835164,1.0293359469993417e-05,0.01054401416245372,experiments/confirmation/results/null_820009.json
null,820009,4,random_matched138,0.2624062140411953,0.26122056682468675,1999956,2.6131512695718455e-06,0.01054401416245372,experiments/confirmation/results/null_820009.json
null,820009,5,historical_moment,0.26122056682468675,0.25945971212358154,2976414,0.0036501555271628416,0.003923468808747539,experiments/confirmation/results/null_820009.json
null,820009,5,reservoir_residual,0.26122056682468675,0.25797760164616984,2049048,0.000462976661803325,0.003923468808747539,experiments/confirmation/results/null_820009.json
null,820009,5,fresh_residual,0.26122056682468675,0.2588732394749018,2253714,8.587332090099962e-05,0.003923468808747539,experiments/confirmation/results/null_820009.json
null,820009,5,learned_probe,0.26122056682468675,0.2593691207002713,2867474,1.4179220750457204e-06,0.003923468808747539,experiments/confirmation/results/null_820009.json
null,820009,5,random_matched138,0.26122056682468675,0.2581905208786854,1999890,8.166231710682577e-05,0.003923468808747539,experiments/confirmation/results/null_820009.json
null,820009,6,historical_moment,0.2581905208786854,0.2537375964704781,3136385,0.0056737043578711744,0.006048899688042091,experiments/confirmation/results/null_820009.json
null,820009,6,reservoir_residual,0.2581905208786854,0.2562366459648078,2051189,0.0006486030832558923,0.006048899688042091,experiments/confirmation/results/null_820009.json
null,820009,6,fresh_residual,0.2581905208786854,0.2537920387814154,2269145,0.0033159061475839307,0.006048899688042091,experiments/confirmation/results/null_820009.json
null,820009,6,learned_probe,0.2581905208786854,0.2547594756009481,2899921,7.348574115765934e-05,0.006048899688042091,experiments/confirmation/results/null_820009.json
null,820009,6,random_matched138,0.2581905208786854,0.2572954011873165,1999961,7.4558743836939665e-06,0.006048899688042091,experiments/confirmation/results/null_820009.json
null,820010,1,historical_moment,0.25502872390676445,0.2526143568585317,2336892,0.002163549750223111,0.004866377404545718,experiments/confirmation/results/null_820010.json
null,820010,1,reservoir_residual,0.25502872390676445,0.2539103186677073,2040846,0.0005146864598786345,0.004866377404545718,experiments/confirmation/results/null_820010.json
null,820010,1,fresh_residual,0.25502872390676445,0.25450415889653977,2192352,8.040896190799034e-07,0.004866377404545718,experiments/confirmation/results/null_820010.json
null,820010,1,learned_probe,0.25502872390676445,0.2544196587256126,2738048,4.51708307801322e-06,0.004866377404545718,experiments/confirmation/results/null_820010.json
null,820010,1,random_matched138,0.25502872390676445,0.25221962574907325,1999968,7.297321495345022e-05,0.004866377404545718,experiments/confirmation/results/null_820010.json
null,820010,2,historical_moment,0.25221962574907325,0.2552093465163565,2496804,0.0001996999320101904,0.0015015353298086778,experiments/confirmation/results/null_820010.json
null,820010,2,reservoir_residual,0.25221962574907325,0.25672957676223246,2042928,8.019943844880181e-06,0.0015015353298086778,experiments/confirmation/results/null_820010.json
null,820010,2,fresh_residual,0.25221962574907325,0.2550212265222187,2207724,0.00047386962748614315,0.0015015353298086778,experiments/confirmation/results/null_820010.json
null,820010,2,learned_probe,0.25221962574907325,0.2566729317672963,2770436,2.4634440865451572e-05,0.0015015353298086778,experiments/confirmation/results/null_820010.json
null,820010,2,random_matched138,0.25221962574907325,0.2549599927021916,1999980,7.516364126782996e-05,0.0015015353298086778,experiments/confirmation/results/null_820010.json
null,820010,3,historical_moment,0.2549599927021916,0.2599153534675193,2656571,0.0037684085706952064,0.004546458646063491,experiments/confirmation/results/null_820010.json
null,820010,3,reservoir_residual,0.2549599927021916,0.26528068636131613,2044865,6.277682083305562e-08,0.004546458646063491,experiments/confirmation/results/null_820010.json
null,820010,3,fresh_residual,0.2549599927021916,0.25955365182365264,2222951,0.0009915472821787463,0.004546458646063491,experiments/confirmation/results/null_820010.json
null,820010,3,learned_probe,0.2549599927021916,0.25750428707195716,2802679,2.8477383885159882e-05,0.004546458646063491,experiments/confirmation/results/null_820010.json
null,820010,3,random_matched138,0.2549599927021916,0.25898448169324423,1999847,1.4415275081386086e-08,0.004546458646063491,experiments/confirmation/results/null_820010.json
null,820010,4,historical_moment,0.25898448169324423,0.25950259676373627,2816580,0.002386809644257431,0.0026949638531960575,experiments/confirmation/results/null_820010.json
null,820010,4,reservoir_residual,0.25898448169324423,0.2597700559887501,2047044,5.684267920539095e-05,0.0026949638531960575,experiments/confirmation/results/null_820010.json
null,820010,4,fresh_residual,0.25898448169324423,0.25844980326792816,2238420,9.03860679389988e-06,0.0026949638531960575,experiments/confirmation/results/null_820010.json
null,820010,4,learned_probe,0.25898448169324423,0.2603835309633638,2835164,6.507670032397702e-05,0.0026949638531960575,experiments/confirmation/results/null_820010.json
null,820010,4,random_matched138,0.25898448169324423,0.26055380612288975,1999956,1.695218896362083e-05,0.0026949638531960575,experiments/confirmation/results/null_820010.json
null,820010,5,historical_moment,0.26055380612288975,0.2560769071830804,2976414,0.0036433808500470166,0.00403331655832606,experiments/confirmation/results/null_820010.json
null,820010,5,reservoir_residual,0.26055380612288975,0.2549506725768708,2049048,3.849770733848345e-05,0.00403331655832606,experiments/confirmation/results/null_820010.json
null,820010,5,fresh_residual,0.26055380612288975,0.256865100669181,2253714,0.00016924809109947997,0.00403331655832606,experiments/confirmation/results/null_820010.json
null,820010,5,learned_probe,0.26055380612288975,0.25547768069170407,2867474,4.975709210153954e-06,0.00403331655832606,experiments/confirmation/results/null_820010.json
null,820010,5,random_matched138,0.26055380612288975,0.2536724940592167,1999890,2.1027762116149326e-06,0.00403331655832606,experiments/confirmation/results/null_820010.json
null,820010,6,historical_moment,0.2536724940592167,0.2532949731103078,3136385,0.0007257400633253926,0.001047275822951213,experiments/confirmation/results/null_820010.json
null,820010,6,reservoir_residual,0.2536724940592167,0.2528554916795731,2051189,9.248140864440975e-06,0.001047275822951213,experiments/confirmation/results/null_820010.json
null,820010,6,fresh_residual,0.2536724940592167,0.2528939469964055,2269145,0.00030903289239835285,0.001047275822951213,experiments/confirmation/results/null_820010.json
null,820010,6,learned_probe,0.2536724940592167,0.25405855778335784,2899921,3.364569405822409e-05,0.001047275822951213,experiments/confirmation/results/null_820010.json
null,820010,6,random_matched138,0.2536724940592167,0.2630781708838575,1999961,2.489575718025937e-06,0.001047275822951213,experiments/confirmation/results/null_820010.json
null,820011,1,historical_moment,0.2539635441707404,0.2667311024443366,2336892,6.649715838031508e-10,0.0034564272741004027,experiments/confirmation/results/null_820011.json
null,820011,1,reservoir_residual,0.2539635441707404,0.264868286071697,2040846,4.9934978361947055e-08,0.0034564272741004027,experiments/confirmation/results/null_820011.json
null,820011,1,fresh_residual,0.2539635441707404,0.25917760510878246,2192352,0.001904329995805974,0.0034564272741004027,experiments/confirmation/results/null_820011.json
null,820011,1,learned_probe,0.2539635441707404,0.25902274428428307,2738048,3.3097676090603524e-05,0.0034564272741004027,experiments/confirmation/results/null_820011.json
null,820011,1,random_matched138,0.2539635441707404,0.2613789030243196,1999968,7.69814769430094e-06,0.0034564272741004027,experiments/confirmation/results/null_820011.json
null,820011,2,historical_moment,0.2613789030243196,0.2623902273404174,2496804,0.00827886292218168,0.008797823323180406,experiments/confirmation/results/null_820011.json
null,820011,2,reservoir_residual,0.2613789030243196,0.2717324309653176,2042928,0.00046353562143146987,0.008797823323180406,experiments/confirmation/results/null_820011.json
null,820011,2,fresh_residual,0.2613789030243196,0.26427024849283975,2207724,0.006642173850524655,0.008797823323180406,experiments/confirmation/results/null_820011.json
null,820011,2,learned_probe,0.2613789030243196,0.2738841493586897,2770436,2.085039206546393e-06,0.008797823323180406,experiments/confirmation/results/null_820011.json
null,820011,2,random_matched138,0.2613789030243196,0.2621768394960242,1999980,8.821250526193725e-07,0.008797823323180406,experiments/confirmation/results/null_820011.json
null,820011,3,historical_moment,0.2621768394960242,0.25521389176195847,2656571,0.00796676525817081,0.008324037897602322,experiments/confirmation/results/null_820011.json
null,820011,3,reservoir_residual,0.2621768394960242,0.25398200607669563,2044865,2.432039103564005e-05,0.008324037897602322,experiments/confirmation/results/null_820011.json
null,820011,3,fresh_residual,0.2621768394960242,0.2549230297540384,2222951,0.0065821344689388816,0.008324037897602322,experiments/confirmation/results/null_820011.json
null,820011,3,learned_probe,0.2621768394960242,0.2549352679535234,2802679,3.5485664003132985e-05,0.008324037897602322,experiments/confirmation/results/null_820011.json
null,820011,3,random_matched138,0.2621768394960242,0.25614650566077435,1999847,3.2867607663087e-05,0.008324037897602322,experiments/confirmation/results/null_820011.json
null,820011,4,historical_moment,0.25614650566077435,0.25768099227355523,2816580,0.0023888241131926414,0.0029021707868895916,experiments/confirmation/results/null_820011.json
null,820011,4,reservoir_residual,0.25614650566077435,0.25887535802489664,2047044,2.4177924319608174e-05,0.0029021707868895916,experiments/confirmation/results/null_820011.json
null,820011,4,fresh_residual,0.25614650566077435,0.26512065377494737,2238420,0.00014563595094689718,0.0029021707868895916,experiments/confirmation/results/null_820011.json
null,820011,4,learned_probe,0.25614650566077435,0.2668110411859621,2835164,3.736243268647081e-05,0.0029021707868895916,experiments/confirmation/results/null_820011.json
null,820011,4,random_matched138,0.25614650566077435,0.25852826801252266,1999956,5.930693354691071e-06,0.0029021707868895916,experiments/confirmation/results/null_820011.json
null,820011,5,historical_moment,0.25852826801252266,0.251529118409324,2976414,0.0029410739088238783,0.0031196690326018416,experiments/confirmation/results/null_820011.json
null,820011,5,reservoir_residual,0.25852826801252266,0.2529250841674603,2049048,2.1170202119259594e-05,0.0031196690326018416,experiments/confirmation/results/null_820011.json
null,820011,5,fresh_residual,0.25852826801252266,0.25222778170022186,2253714,0.0013980606859180828,0.0031196690326018416,experiments/confirmation/results/null_820011.json
null,820011,5,learned_probe,0.25852826801252266,0.2533430115326061,2867474,7.715432976295117e-08,0.0031196690326018416,experiments/confirmation/results/null_820011.json
null,820011,5,random_matched138,0.25852826801252266,0.25409331217278947,1999890,5.7442078318928914e-05,0.0031196690326018416,experiments/confirmation/results/null_820011.json
null,820011,6,historical_moment,0.25409331217278947,0.25353317982369494,3136385,0.0026333722229223214,0.0028420547531179236,experiments/confirmation/results/null_820011.json
null,820011,6,reservoir_residual,0.25409331217278947,0.25530294593197844,2051189,9.964484047294075e-06,0.0028420547531179236,experiments/confirmation/results/null_820011.json
null,820011,6,fresh_residual,0.25409331217278947,0.2569486746118231,2269145,0.0022692135586364335,0.0028420547531179236,experiments/confirmation/results/null_820011.json
null,820011,6,learned_probe,0.25409331217278947,0.25325768401638227,2899921,1.4614993583866488e-06,0.0028420547531179236,experiments/confirmation/results/null_820011.json
null,820011,6,random_matched138,0.25409331217278947,0.25891928053135005,1999961,2.5883983085860547e-05,0.0028420547531179236,experiments/confirmation/results/null_820011.json
